{
  "type": "FeatureCollection",
  "features": [
    {
      "type": "Feature",
      "id": "burton:67th-district-court",
      "geometry": {
        "type": "Point",
        "coordinates": [
          -83.630042,
          42.96554
        ]
      },
      "properties": {
        "name": "67th District Court - Burton Division",
        "category": "Government",
        "address": "4081 Manor Dr, Burton, MI 48519",
        "phone": "(810) 742-1530",
        "hours": "Mon-Fri 8:00 AM - 4:30 PM"
      }
    },
    {
      "type": "Feature",
      "id": "burton:city-hall",
      "geometry": {
        "type": "Point",
        "coordinates": [
          -83.63287786998,
          42.966095346114
        ]
      },
      "properties": {
        "name": "Burton City Hall",
        "category": "Government",
        "address": "4303 S Center Rd, Burton, MI 48519",
        "phone": "(810) 743-1500",
        "website": "https://www.burtonmi.gov",
        "hours": "Mon-Fri 8:00 AM - 5:00 PM",
        "description": "City administrative offices, clerk, treasurer, and assessing. Resident dump permits are also issued here (for use at Brent Run Landfill)."
      }
    },
    {
      "type": "Feature",
      "id": "burton:county-health",
      "geometry": {
        "type": "Point",
        "coordinates": [
          -83.673206,
          42.979637
        ]
      },
      "properties": {
        "name": "Genesee County Health Department (Burton)",
        "category": "Health & Medical",
        "address": "3373 S Saginaw St, Burton, MI 48529",
        "description": "Genesee County public-health office serving Burton. Coordinates verified 2026-06-05 (within ~13 m of the Google Maps place point)."
      }
    },
    {
      "type": "Feature",
      "id": "burton:dpw",
      "geometry": {
        "type": "Point",
        "coordinates": [
          -83.6322,
          42.9659
        ]
      },
      "properties": {
        "name": "Department of Public Works",
        "category": "Public Works",
        "address": "4093 Manor Dr, Burton, MI 48519",
        "phone": "(810) 742-9230",
        "hours": "Mon-Fri 8:00 AM - 4:00 PM",
        "description": "Roads, water and sewer maintenance, and public infrastructure."
      }
    },
    {
      "type": "Feature",
      "id": "burton:dump-permit",
      "geometry": {
        "type": "Point",
        "coordinates": [
          -83.842093,
          43.176879
        ]
      },
      "properties": {
        "name": "Dump Permits (Brent Run Landfill)",
        "category": "Government",
        "address": "8335 Vienna Rd, Montrose, MI 48457",
        "phone": "(810) 639-3077",
        "hours": "Brent Run Landfill: Mon-Fri 7:00 AM - 3:00 PM",
        "description": "Resident dump permits are obtained free at Burton City Hall - one per household per month, with proof of residency (valid ID or water bill). A permit covers one standard pickup-truck load (under 1,000 lbs) of household materials and is used at Brent Run Landfill in Montrose, which is outside the city limits and so is not pinned on the map. Use Get Directions for the landfill location; the phone number is the landfill's questions line."
      },
      "offMap": true
    },
    {
      "type": "Feature",
      "id": "burton:fire-station-1",
      "geometry": {
        "type": "Point",
        "coordinates": [
          -83.6715315,
          42.9745299
        ]
      },
      "properties": {
        "name": "Burton Fire Station 1",
        "category": "Public Safety",
        "address": "2031 E Bristol Rd, Burton, MI 48519",
        "phone": "(810) 743-1550",
        "hours": "24 hours"
      }
    },
    {
      "type": "Feature",
      "id": "burton:fire-station-2",
      "geometry": {
        "type": "Point",
        "coordinates": [
          -83.595211,
          43.009546
        ]
      },
      "properties": {
        "name": "Burton Fire Station 2 (Headquarters)",
        "category": "Public Safety",
        "address": "1320 S Belsay Rd, Burton, MI 48519",
        "hours": "24 hours"
      }
    },
    {
      "type": "Feature",
      "id": "burton:fire-station-3",
      "geometry": {
        "type": "Point",
        "coordinates": [
          -83.6199389,
          43.0331509
        ]
      },
      "properties": {
        "name": "Burton Fire Station 3",
        "category": "Public Safety",
        "address": "4515 Davison Rd, Burton, MI 48509",
        "hours": "24 hours"
      }
    },
    {
      "type": "Feature",
      "id": "burton:for-mar",
      "geometry": {
        "type": "Point",
        "coordinates": [
          -83.615479569627,
          43.036448390547
        ]
      },
      "properties": {
        "name": "For-Mar Nature Preserve & Arboretum",
        "category": "Parks & Recreation",
        "address": "2142 N Genesee Rd, Burton, MI 48509",
        "phone": "(810) 789-8567",
        "hours": "Tue-Sat 8:00 AM - sunset",
        "website": "https://www.geneseecountyparks.org",
        "description": "380-acre nature preserve with trails and an arboretum."
      }
    },
    {
      "type": "Feature",
      "id": "burton:gdl-burton",
      "geometry": {
        "type": "Point",
        "coordinates": [
          -83.6333106,
          42.9891741
        ]
      },
      "properties": {
        "name": "Burton Memorial Library",
        "category": "Community Services",
        "address": "4012 E Atherton Rd, Burton, MI 48519",
        "phone": "(810) 742-0674",
        "hours": "Mon 9:00 AM - 9:00 PM, Tue/Thu 10:00 AM - 6:00 PM, Wed 12:00 PM - 8:00 PM, Sat 9:00 AM - 5:00 PM, closed Fri & Sun",
        "website": "https://www.thegdl.org"
      }
    },
    {
      "type": "Feature",
      "id": "burton:kelly-lake-park",
      "geometry": {
        "type": "Point",
        "coordinates": [
          -83.6199568,
          43.0143183
        ]
      },
      "properties": {
        "name": "Kelly Lake Park",
        "category": "Parks & Recreation",
        "address": "Kelly Lake Rd, Burton, MI 48509",
        "hours": "Dawn to dusk",
        "description": "40-acre park off Lapeer Rd with lake access, nature trails, picnic pavilion, and a bike path."
      }
    },
    {
      "type": "Feature",
      "id": "burton:lovedale-cemetery",
      "geometry": {
        "type": "Point",
        "coordinates": [
          -83.60619393,
          42.97673553
        ]
      },
      "properties": {
        "name": "Lovedale Memorial Cemetery",
        "category": "Community Services",
        "address": "5175 E Bristol Rd, Burton, MI 48519",
        "description": "Cemetery (also known as Peace Memory Gardens). Coordinates verified 2026-06-05 (within ~22 m of the OSM cemetery polygon centroid)."
      }
    },
    {
      "type": "Feature",
      "id": "burton:parks-rec-office",
      "geometry": {
        "type": "Point",
        "coordinates": [
          -83.63287786998,
          42.966095346114
        ]
      },
      "properties": {
        "name": "Parks & Recreation Office",
        "category": "Parks & Recreation",
        "address": "4303 S Center Rd, Burton, MI 48519",
        "phone": "(810) 743-1500",
        "hours": "Mon-Fri 8:00 AM - 5:00 PM"
      }
    },
    {
      "type": "Feature",
      "id": "burton:police-dept",
      "geometry": {
        "type": "Point",
        "coordinates": [
          -83.63181,
          42.965477
        ]
      },
      "properties": {
        "name": "Burton Police Department",
        "category": "Public Safety",
        "address": "4090 Manor Dr, Burton, MI 48519",
        "phone": "(810) 742-2542",
        "hours": "24 hours",
        "description": "Police headquarters and records. Call 911 for emergencies."
      }
    },
    {
      "type": "Feature",
      "id": "burton:post-office-davison",
      "geometry": {
        "type": "Point",
        "coordinates": [
          -83.620453,
          43.03313
        ]
      },
      "properties": {
        "name": "U.S. Post Office",
        "category": "Government",
        "address": "4465 Davison Rd, Burton, MI 48509",
        "website": "https://tools.usps.com/find-location.htm",
        "description": "USPS retail post office. Coordinates verified 2026-06-05 (US Census + Nominatim agree within ~5 m; consistent with neighboring Fire Station 3 at 4515 Davison Rd)."
      }
    },
    {
      "type": "Feature",
      "id": "burton:senior-center",
      "geometry": {
        "type": "Point",
        "coordinates": [
          -83.6833,
          42.9775
        ]
      },
      "properties": {
        "name": "Burton Senior Center",
        "category": "Community Services",
        "address": "3410 S Grand Traverse St, Burton, MI 48529",
        "phone": "(810) 744-0960",
        "hours": "Mon-Fri 9:00 AM - 3:00 PM",
        "description": "Senior programs, meals, and activities."
      }
    },
    {
      "type": "Feature",
      "id": "burton:settlement-park",
      "geometry": {
        "type": "Point",
        "coordinates": [
          -83.6373579,
          42.9869558
        ]
      },
      "properties": {
        "name": "Settlement Park",
        "category": "Parks & Recreation",
        "address": "Thread Creek Blvd, Burton, MI 48519",
        "hours": "Dawn to dusk",
        "description": "Passive linear park along Thread Creek with fishing and picnic areas."
      }
    },
    {
      "type": "Feature",
      "id": "burton:water-sewer",
      "geometry": {
        "type": "Point",
        "coordinates": [
          -83.63287786998,
          42.966095346114
        ]
      },
      "properties": {
        "name": "Water & Sewer Billing",
        "category": "Government",
        "address": "4303 S Center Rd, Burton, MI 48519",
        "phone": "(810) 743-1500",
        "hours": "Mon-Fri 8:00 AM - 5:00 PM",
        "description": "Utility billing and payments at City Hall."
      }
    },
    {
      "type": "Feature",
      "id": "osm:node/11165162561",
      "geometry": {
        "type": "Point",
        "coordinates": [
          -83.5953072,
          42.9984988
        ]
      },
      "properties": {
        "name": "Solid Rock Community Church",
        "category": "Faith",
        "address": "2222 Belsay Road, Burton, MI",
        "website": "https://www.solidrockcommunity.org",
        "phone": "(810) 715-2600"
      }
    },
    {
      "type": "Feature",
      "id": "osm:node/12078925407",
      "geometry": {
        "type": "Point",
        "coordinates": [
          -83.6343513,
          42.974626
        ]
      },
      "properties": {
        "name": "Puzzler's Pub",
        "category": "Dining",
        "address": "3498 E Bristol Rd, Burton, MI 48529-1408",
        "phone": "(810) 744-9999",
        "website": "http://www.puzzlerspubmi.com"
      }
    },
    {
      "type": "Feature",
      "id": "osm:node/12078925449",
      "geometry": {
        "type": "Point",
        "coordinates": [
          -83.6345492,
          42.9735
        ]
      },
      "properties": {
        "name": "Sharky's Sports Bar",
        "category": "Dining",
        "address": "4050 S Center Rd, Burton, MI 48519-1454",
        "phone": "(810) 742-6185"
      }
    },
    {
      "type": "Feature",
      "id": "osm:node/12078958475",
      "geometry": {
        "type": "Point",
        "coordinates": [
          -83.630714,
          42.9664858
        ]
      },
      "properties": {
        "name": "U.S. Post Office",
        "category": "Government",
        "address": "4065 Manor Dr, Burton, MI 48519",
        "website": "https://tools.usps.com/find-location.htm"
      }
    },
    {
      "type": "Feature",
      "id": "osm:node/12138646603",
      "geometry": {
        "type": "Point",
        "coordinates": [
          -83.6671366,
          42.9602064
        ]
      },
      "properties": {
        "name": "Liberty Missionary Baptist Church",
        "category": "Faith",
        "address": "4555 Saginaw Rd, Burton, MI 48529",
        "phone": "(810) 715-0236",
        "website": "http://libertymissionarybaptistchurch.weebly.com/"
      }
    },
    {
      "type": "Feature",
      "id": "osm:node/12138646643",
      "geometry": {
        "type": "Point",
        "coordinates": [
          -83.6667423,
          42.962455
        ]
      },
      "properties": {
        "name": "Christ United Methodist Church",
        "category": "Faith",
        "address": "4428 Columbine Ave, Burton, MI 48529-2160",
        "phone": "(810) 743-1770",
        "website": "http://www.umc.org/"
      }
    },
    {
      "type": "Feature",
      "id": "osm:node/12138646776",
      "geometry": {
        "type": "Point",
        "coordinates": [
          -83.6748118,
          42.9604458
        ]
      },
      "properties": {
        "name": "South Flint Seventh-Day Adventist Church",
        "category": "Faith",
        "address": "1467 E Maple Ave, Burton, MI 48529-2059",
        "phone": "(810) 743-9340",
        "website": "http://www.adventist.org/"
      }
    },
    {
      "type": "Feature",
      "id": "osm:node/353915434",
      "geometry": {
        "type": "Point",
        "coordinates": [
          -83.5913416,
          43.0075273
        ]
      },
      "properties": {
        "name": "Barhitte School",
        "category": "Education",
        "address": "6080 Roberta St, Burton, MI 48509-2223",
        "phone": "(810) 591-9661",
        "website": "http://www.bentleyschools.org/cms/One.aspx"
      }
    },
    {
      "type": "Feature",
      "id": "osm:node/353915978",
      "geometry": {
        "type": "Point",
        "coordinates": [
          -83.5943973,
          43.0133801
        ]
      },
      "properties": {
        "name": "Belsay School",
        "category": "Education"
      }
    },
    {
      "type": "Feature",
      "id": "osm:node/353915980",
      "geometry": {
        "type": "Point",
        "coordinates": [
          -83.6571765,
          42.9814164
        ]
      },
      "properties": {
        "name": "Bendle East School",
        "category": "Education"
      }
    },
    {
      "type": "Feature",
      "id": "osm:node/353915983",
      "geometry": {
        "type": "Point",
        "coordinates": [
          -83.6621762,
          42.9650276
        ]
      },
      "properties": {
        "name": "Bendle South School",
        "category": "Education"
      }
    },
    {
      "type": "Feature",
      "id": "osm:node/353915985",
      "geometry": {
        "type": "Point",
        "coordinates": [
          -83.6621764,
          42.9736387
        ]
      },
      "properties": {
        "name": "Bendle High School",
        "category": "Education"
      }
    },
    {
      "type": "Feature",
      "id": "osm:node/353916689",
      "geometry": {
        "type": "Point",
        "coordinates": [
          -83.5824524,
          43.0083605
        ]
      },
      "properties": {
        "name": "Blessed Sacrament School",
        "category": "Education"
      }
    },
    {
      "type": "Feature",
      "id": "osm:node/353917668",
      "geometry": {
        "type": "Point",
        "coordinates": [
          -83.6127301,
          42.9641942
        ]
      },
      "properties": {
        "name": "Burton Church",
        "category": "Faith"
      }
    },
    {
      "type": "Feature",
      "id": "osm:node/353926892",
      "geometry": {
        "type": "Point",
        "coordinates": [
          -83.686066,
          42.969472
        ]
      },
      "properties": {
        "name": "Dillon School",
        "category": "Education",
        "address": "1197 E Schumacher St, Burton, MI 48529-1558",
        "phone": "(810) 591-3590",
        "website": "http://www.carman.k12.mi.us/site/default.aspx"
      }
    },
    {
      "type": "Feature",
      "id": "osm:node/353931480",
      "geometry": {
        "type": "Point",
        "coordinates": [
          -83.628564,
          42.9655831
        ]
      },
      "properties": {
        "name": "Fisk School",
        "category": "Education"
      }
    },
    {
      "type": "Feature",
      "id": "osm:node/353932853",
      "geometry": {
        "type": "Point",
        "coordinates": [
          -83.6777322,
          42.9614165
        ]
      },
      "properties": {
        "name": "Friel Street School",
        "category": "Education",
        "address": "4469 Greenly St, Burton, MI 48529-2058",
        "phone": "(810) 591-8655"
      }
    },
    {
      "type": "Feature",
      "id": "osm:node/353935841",
      "geometry": {
        "type": "Point",
        "coordinates": [
          -83.6677323,
          42.9775275
        ]
      },
      "properties": {
        "name": "Griffith Court School",
        "category": "Education"
      }
    },
    {
      "type": "Feature",
      "id": "osm:node/353939485",
      "geometry": {
        "type": "Point",
        "coordinates": [
          -83.5763403,
          42.9753052
        ]
      },
      "properties": {
        "name": "St. Thomas More Academy",
        "category": "Education",
        "address": "6456 E. Bristol Rd, Burton, MI",
        "phone": "+1-810-742-2411",
        "website": "https://www.stma-mi.org/"
      }
    },
    {
      "type": "Feature",
      "id": "osm:node/353940371",
      "geometry": {
        "type": "Point",
        "coordinates": [
          -83.6843995,
          42.9761387
        ]
      },
      "properties": {
        "name": "Holy Redeemer School",
        "category": "Education"
      }
    },
    {
      "type": "Feature",
      "id": "osm:node/353944273",
      "geometry": {
        "type": "Point",
        "coordinates": [
          -83.615787,
          43.0158605
        ]
      },
      "properties": {
        "name": "Johnson School",
        "category": "Education"
      }
    },
    {
      "type": "Feature",
      "id": "osm:node/7054777244",
      "geometry": {
        "type": "Point",
        "coordinates": [
          -83.5947942,
          43.0235953
        ]
      },
      "properties": {
        "name": "Subway",
        "category": "Dining",
        "address": "1166 Belsay Road, Burton, MI 48509",
        "phone": "+1 810-407-8445",
        "website": "https://restaurants.subway.com/united-states/mi/burton/1166-belsay-road",
        "hours": "09:00-21:00"
      }
    },
    {
      "type": "Feature",
      "id": "osm:node/7054777245",
      "geometry": {
        "type": "Point",
        "coordinates": [
          -83.5948012,
          43.0236687
        ]
      },
      "properties": {
        "name": "Halo Burger",
        "category": "Dining",
        "address": "1166 N Belsay Rd, Burton, MI 48509-1659",
        "phone": "(810) 875-9600",
        "website": "http://www.haloburger.com/"
      }
    },
    {
      "type": "Feature",
      "id": "osm:node/7054835941",
      "geometry": {
        "type": "Point",
        "coordinates": [
          -83.6333455,
          42.9923175
        ]
      },
      "properties": {
        "name": "Meijer",
        "category": "Automotive",
        "address": "2333 South Center Road, Burton, MI 48519"
      }
    },
    {
      "type": "Feature",
      "id": "osm:node/7054836045",
      "geometry": {
        "type": "Point",
        "coordinates": [
          -83.6346739,
          42.9914942
        ]
      },
      "properties": {
        "name": "Batteries Plus Bulbs",
        "category": "Retail & Shopping"
      }
    },
    {
      "type": "Feature",
      "id": "osm:node/7054836046",
      "geometry": {
        "type": "Point",
        "coordinates": [
          -83.6346739,
          42.9912117
        ]
      },
      "properties": {
        "name": "Biggby Coffee",
        "category": "Dining",
        "address": "2458 S Center Rd, Burton, MI 48519",
        "phone": "(810) 407-6410",
        "website": "http://biggby.com/"
      }
    },
    {
      "type": "Feature",
      "id": "osm:node/7054836047",
      "geometry": {
        "type": "Point",
        "coordinates": [
          -83.6346712,
          42.9911293
        ]
      },
      "properties": {
        "name": "Miracle-Ear",
        "category": "Retail & Shopping"
      }
    },
    {
      "type": "Feature",
      "id": "osm:node/7054836048",
      "geometry": {
        "type": "Point",
        "coordinates": [
          -83.6346739,
          42.9910548
        ]
      },
      "properties": {
        "name": "Hungry Howie's",
        "category": "Dining",
        "address": "2466 S Center Rd, Burton, MI 48519-1152",
        "phone": "(810) 742-1122",
        "website": "https://www.hungryhowies.com/stores/mi/burton/2466-south-center"
      }
    },
    {
      "type": "Feature",
      "id": "osm:node/7054836049",
      "geometry": {
        "type": "Point",
        "coordinates": [
          -83.6346551,
          42.9909468
        ]
      },
      "properties": {
        "name": "Cash Advance",
        "category": "Retail & Shopping"
      }
    },
    {
      "type": "Feature",
      "id": "osm:node/7055460433",
      "geometry": {
        "type": "Point",
        "coordinates": [
          -83.6285312,
          43.0172907
        ]
      },
      "properties": {
        "name": "Staples",
        "category": "Retail & Shopping"
      }
    },
    {
      "type": "Feature",
      "id": "osm:node/7055460435",
      "geometry": {
        "type": "Point",
        "coordinates": [
          -83.6293198,
          43.0173083
        ]
      },
      "properties": {
        "name": "Dunham's Sports",
        "category": "Retail & Shopping",
        "address": "4190 E Court St, Burton, MI 48509-1732",
        "phone": "(810) 742-7100",
        "website": "https://www.dunhamssports.com/store-details"
      }
    },
    {
      "type": "Feature",
      "id": "osm:node/7055460436",
      "geometry": {
        "type": "Point",
        "coordinates": [
          -83.6334316,
          43.0170867
        ]
      },
      "properties": {
        "name": "JCPenney",
        "category": "Retail & Shopping",
        "address": "4190 E Court St, Burton, MI 48509-1732",
        "phone": "(810) 275-9178",
        "website": "https://stores.jcpenney.com/mi/burton/clothing-stores-burton-mi-2992.html"
      }
    },
    {
      "type": "Feature",
      "id": "osm:node/7055460450",
      "geometry": {
        "type": "Point",
        "coordinates": [
          -83.6299712,
          43.0169847
        ]
      },
      "properties": {
        "name": "GNC",
        "category": "Retail & Shopping",
        "address": "4190 E Court St, Site 221, Burton, MI 48509",
        "phone": "(810) 744-0332",
        "website": "https://www.gnc.com/store-details"
      }
    },
    {
      "type": "Feature",
      "id": "osm:node/7055460451",
      "geometry": {
        "type": "Point",
        "coordinates": [
          -83.6300865,
          43.017171
        ]
      },
      "properties": {
        "name": "Goodwill",
        "category": "Retail & Shopping"
      }
    },
    {
      "type": "Feature",
      "id": "osm:node/7055460452",
      "geometry": {
        "type": "Point",
        "coordinates": [
          -83.631787,
          43.0175574
        ]
      },
      "properties": {
        "name": "El Cozumel",
        "category": "Dining"
      }
    },
    {
      "type": "Feature",
      "id": "osm:node/7055460453",
      "geometry": {
        "type": "Point",
        "coordinates": [
          -83.6317254,
          43.017226
        ]
      },
      "properties": {
        "name": "Kay Jewelers",
        "category": "Retail & Shopping",
        "address": "4190 E Court St Unit 737, Burton, MI 48509",
        "phone": "(810) 744-2250",
        "website": "http://www.kay.com/"
      }
    },
    {
      "type": "Feature",
      "id": "osm:node/7055460454",
      "geometry": {
        "type": "Point",
        "coordinates": [
          -83.631948,
          43.0169318
        ]
      },
      "properties": {
        "name": "Planet Fitness",
        "category": "Professional & Personal Services",
        "address": "4190 E Court St, Burton, MI 48509-1732",
        "phone": "(810) 715-1950",
        "website": "https://www.planetfitness.com/gyms/burton-mi"
      }
    },
    {
      "type": "Feature",
      "id": "osm:node/7055480267",
      "geometry": {
        "type": "Point",
        "coordinates": [
          -83.6277374,
          43.020852
        ]
      },
      "properties": {
        "name": "Empire Wok",
        "category": "Dining",
        "address": "4211 East Ct St, Burton, MI 48509",
        "phone": "(810) 715-8888",
        "website": "https://empirewokmi.com/"
      }
    },
    {
      "type": "Feature",
      "id": "osm:node/7055480268",
      "geometry": {
        "type": "Point",
        "coordinates": [
          -83.6279276,
          43.0208824
        ]
      },
      "properties": {
        "name": "Sally Beauty",
        "category": "Retail & Shopping",
        "address": "4195 E Court St, Burton, MI 48509-1717",
        "phone": "(810) 743-1849",
        "website": "http://stores.sallybeauty.com/mi/burton/beauty-supply-burton-mi-693.html"
      }
    },
    {
      "type": "Feature",
      "id": "osm:node/7055480269",
      "geometry": {
        "type": "Point",
        "coordinates": [
          -83.6281532,
          43.0208988
        ]
      },
      "properties": {
        "name": "Sprint",
        "category": "Retail & Shopping",
        "address": "4163 E Ct, Burton, MI 48509",
        "phone": "(810) 743-6479"
      }
    },
    {
      "type": "Feature",
      "id": "osm:node/7055480270",
      "geometry": {
        "type": "Point",
        "coordinates": [
          -83.6282732,
          43.0208839
        ]
      },
      "properties": {
        "name": "Great Clips",
        "category": "Professional & Personal Services",
        "address": "4161 E Court St, Burton, MI 48509-1717",
        "phone": "(810) 744-1560",
        "website": "https://salons.greatclips.com/us/mi/burton/4161-e-court-st"
      }
    },
    {
      "type": "Feature",
      "id": "osm:node/7055480271",
      "geometry": {
        "type": "Point",
        "coordinates": [
          -83.6284114,
          43.0208854
        ]
      },
      "properties": {
        "name": "H&R Block",
        "category": "Professional & Personal Services",
        "address": "4159 E Court St, Burton, MI 48509-1717",
        "phone": "(810) 715-0601",
        "website": "https://www.hrblock.com/tax-office-near-me/michigan/burton/21391"
      }
    },
    {
      "type": "Feature",
      "id": "osm:node/7055502481",
      "geometry": {
        "type": "Point",
        "coordinates": [
          -83.6528695,
          42.988373
        ]
      },
      "properties": {
        "name": "Check 'n Go",
        "category": "Retail & Shopping",
        "address": "G-3017 S Dort Highway, Burton, MI 48529",
        "phone": "(810) 715-5555",
        "website": "https://locations.checkngo.com/mi/burton/burton-mi-loans-5925.html"
      }
    },
    {
      "type": "Feature",
      "id": "osm:node/7055502482",
      "geometry": {
        "type": "Point",
        "coordinates": [
          -83.6528775,
          42.9885339
        ]
      },
      "properties": {
        "name": "Boost Mobile",
        "category": "Retail & Shopping"
      }
    },
    {
      "type": "Feature",
      "id": "osm:node/7055653134",
      "geometry": {
        "type": "Point",
        "coordinates": [
          -83.6350694,
          43.0328199
        ]
      },
      "properties": {
        "name": "Marathon",
        "category": "Automotive",
        "address": "4012 Davison Road, Burton, MI 48519",
        "phone": "(810) 422-9818",
        "website": "http://www.marathon.com"
      }
    },
    {
      "type": "Feature",
      "id": "osm:node/7178265742",
      "geometry": {
        "type": "Point",
        "coordinates": [
          -83.6857003,
          42.9738472
        ]
      },
      "properties": {
        "name": "Kroger",
        "category": "Automotive",
        "address": "1204 East Bristol Road, Burton, MI 48529",
        "website": "https://www.kroger.com/stores/grocery/mi/burton/burton/018/00406",
        "phone": "(810) 234-6863"
      }
    },
    {
      "type": "Feature",
      "id": "osm:node/7178265743",
      "geometry": {
        "type": "Point",
        "coordinates": [
          -83.6831824,
          42.9739188
        ]
      },
      "properties": {
        "name": "Speedway",
        "category": "Automotive",
        "address": "1258 East Bristol Road, Burton, MI 48529",
        "website": "https://www.speedway.com/locations/MI/Burton/1258-East-Bristol-Road",
        "phone": "(810) 233-3753"
      }
    },
    {
      "type": "Feature",
      "id": "osm:node/7178265756",
      "geometry": {
        "type": "Point",
        "coordinates": [
          -83.6797033,
          42.9737168
        ]
      },
      "properties": {
        "name": "Subway",
        "category": "Dining",
        "address": "1344 East Bristol Road, Burton, MI 48529",
        "phone": "+1 810-744-3420",
        "website": "https://restaurants.subway.com/united-states/mi/burton/1344-east-bristol-road",
        "hours": "09:00-22:00"
      }
    },
    {
      "type": "Feature",
      "id": "osm:node/7178265757",
      "geometry": {
        "type": "Point",
        "coordinates": [
          -83.6782487,
          42.973766
        ]
      },
      "properties": {
        "name": "Boost Mobile",
        "category": "Retail & Shopping",
        "address": "1384 E Bristol Rd, Burton, MI 48529-2212",
        "phone": "(810) 744-0499",
        "website": "https://www.boostmobile.com/locations/bd/boost-mobile-mi-burton-1384-e-bristol-rd-48529"
      }
    },
    {
      "type": "Feature",
      "id": "osm:node/7178269050",
      "geometry": {
        "type": "Point",
        "coordinates": [
          -83.6732087,
          42.9749615
        ]
      },
      "properties": {
        "name": "Rally's",
        "category": "Dining",
        "address": "3514 South Saginaw Road, Burton, MI 48519",
        "phone": "+1 810 249 3244",
        "website": "https://checkersandrallys.com/location/rally-s-4003-s-saginaw-st-25050258",
        "hours": "10:00-22:00"
      }
    },
    {
      "type": "Feature",
      "id": "osm:node/8132983979",
      "geometry": {
        "type": "Point",
        "coordinates": [
          -83.6525805,
          42.9751647
        ]
      },
      "properties": {
        "name": "Reliance Petroleum",
        "category": "Grocery & Food",
        "address": "3509 South Dort Highway, Burton, MI 48519",
        "phone": "(810) 715-1767",
        "website": "https://mybpstation.com"
      }
    },
    {
      "type": "Feature",
      "id": "osm:node/8132983980",
      "geometry": {
        "type": "Point",
        "coordinates": [
          -83.652555,
          42.9749704
        ]
      },
      "properties": {
        "name": "BP",
        "category": "Automotive",
        "address": "3509 South Dort Highway, Burton, MI 48519",
        "phone": "(810) 715-1767",
        "website": "https://map.bp.com/en-US/US/gas-station/burton/bp/96569576765094852900100000000000"
      }
    },
    {
      "type": "Feature",
      "id": "osm:node/8132983985",
      "geometry": {
        "type": "Point",
        "coordinates": [
          -83.6349014,
          43.0327803
        ]
      },
      "properties": {
        "name": "Liquor Palace Of Burton",
        "category": "Grocery & Food",
        "address": "4012 Davison Road, Burton, MI 48519"
      }
    },
    {
      "type": "Feature",
      "id": "osm:node/8132983990",
      "geometry": {
        "type": "Point",
        "coordinates": [
          -83.5951826,
          43.0332391
        ]
      },
      "properties": {
        "name": "1 Stop Food Store",
        "category": "Grocery & Food",
        "address": "6010 Davison Road, Burton, MI 48519",
        "phone": "(810) 742-7470",
        "website": "http://www.my1stopcard.com"
      }
    },
    {
      "type": "Feature",
      "id": "osm:node/8132983991",
      "geometry": {
        "type": "Point",
        "coordinates": [
          -83.5953757,
          43.0333008
        ]
      },
      "properties": {
        "name": "Mobil",
        "category": "Automotive",
        "address": "6010 Davison Road, Burton, MI 48519",
        "phone": "(810) 742-7470",
        "website": "https://www.exxon.com/en/find-station/200320379"
      }
    },
    {
      "type": "Feature",
      "id": "osm:node/8132983992",
      "geometry": {
        "type": "Point",
        "coordinates": [
          -83.6735547,
          42.9802815
        ]
      },
      "properties": {
        "name": "Marathon",
        "category": "Grocery & Food",
        "address": "3311 South Saginaw Road, Burton, MI 48519",
        "phone": "(810) 743-0580",
        "website": "http://www.marathon.com"
      }
    },
    {
      "type": "Feature",
      "id": "osm:node/8132983994",
      "geometry": {
        "type": "Point",
        "coordinates": [
          -83.6724946,
          42.9681731
        ]
      },
      "properties": {
        "name": "Admiral",
        "category": "Grocery & Food",
        "address": "4232 South Saginaw Road, Burton, MI 48519"
      }
    },
    {
      "type": "Feature",
      "id": "osm:node/8132984008",
      "geometry": {
        "type": "Point",
        "coordinates": [
          -83.6685276,
          42.9603759
        ]
      },
      "properties": {
        "name": "Mobil",
        "category": "Automotive",
        "address": "4532 South Saginaw Road, Burton, MI 48519",
        "hours": "Mo-Sa 05:00-23:00; Su 07:00-22:00",
        "phone": "(810) 484-2127",
        "website": "https://www.exxon.com/en/find-station/mobil-burton-mi-maplepointgasinc-200322737"
      }
    },
    {
      "type": "Feature",
      "id": "osm:node/8132984009",
      "geometry": {
        "type": "Point",
        "coordinates": [
          -83.6687998,
          42.960371
        ]
      },
      "properties": {
        "name": "Maple Pointe Gas",
        "category": "Grocery & Food",
        "address": "4532 South Saginaw Road, Burton, MI 48519",
        "phone": "+1 810 484 2127",
        "hours": "Mo-Sa 05:00-23:00; Su 07:00-22:00",
        "website": "https://www.exxon.com/en/find-station/mobil-burton-mi-maplepointgasinc-200322737"
      }
    },
    {
      "type": "Feature",
      "id": "osm:node/8132984922",
      "geometry": {
        "type": "Point",
        "coordinates": [
          -83.5952108,
          42.990665
        ]
      },
      "properties": {
        "name": "BP Shop",
        "category": "Grocery & Food",
        "address": "2514 South Belsay Road, Burton, MI 48519"
      }
    },
    {
      "type": "Feature",
      "id": "osm:node/8132984923",
      "geometry": {
        "type": "Point",
        "coordinates": [
          -83.594968,
          42.990507
        ]
      },
      "properties": {
        "name": "BP",
        "category": "Automotive",
        "address": "2514 South Belsay Road, Burton, MI 48519",
        "phone": "(810) 743-0070",
        "website": "https://map.bp.com/en-US/US/gas-station/burton/bp/98924114925144851900100000000000"
      }
    },
    {
      "type": "Feature",
      "id": "osm:node/8132984936",
      "geometry": {
        "type": "Point",
        "coordinates": [
          -83.5947186,
          43.0158874
        ]
      },
      "properties": {
        "name": "Sunoco",
        "category": "Automotive",
        "address": "1117 South Belsay Road, Burton, MI 48519",
        "phone": "+1 810-715-2979",
        "website": "https://www.sunoco.com/locations/store/1117-s-belsay-rd-burton-mi-0671482800"
      }
    },
    {
      "type": "Feature",
      "id": "osm:node/8132984954",
      "geometry": {
        "type": "Point",
        "coordinates": [
          -83.5948634,
          43.0231158
        ]
      },
      "properties": {
        "name": "Marathon",
        "category": "Automotive",
        "address": "1138 North Belsay Road, Burton, MI 48519",
        "phone": "(810) 715-1439",
        "website": "http://www.marathonpetroleum.com/"
      }
    },
    {
      "type": "Feature",
      "id": "osm:node/8132984956",
      "geometry": {
        "type": "Point",
        "coordinates": [
          -83.5943417,
          43.0231863
        ]
      },
      "properties": {
        "name": "Wendy's",
        "category": "Dining",
        "address": "1138 North Belsay Road, Burton, MI 48509",
        "phone": "+1 810-715-3810",
        "website": "https://locations.wendys.com/united-states/mi/burton/1138-n-belsay-rd",
        "hours": "07:00-22:00"
      }
    },
    {
      "type": "Feature",
      "id": "osm:node/8132984957",
      "geometry": {
        "type": "Point",
        "coordinates": [
          -83.6337152,
          42.9743728
        ]
      },
      "properties": {
        "name": "Speedway",
        "category": "Grocery & Food",
        "address": "3514 East Bristol Road, Burton, MI 48519",
        "website": "https://www.speedway.com/locations/MI/Burton/3514-East-Bristol-Road",
        "phone": "(810) 743-6570"
      }
    },
    {
      "type": "Feature",
      "id": "osm:node/8132984975",
      "geometry": {
        "type": "Point",
        "coordinates": [
          -83.6342141,
          43.0183819
        ]
      },
      "properties": {
        "name": "Speedway",
        "category": "Grocery & Food",
        "address": "1001 South Center Road, Burton, MI 48519",
        "website": "https://www.speedway.com/locations/MI/Burton/1001-South-Center-Road",
        "phone": "(810) 744-3890"
      }
    },
    {
      "type": "Feature",
      "id": "osm:node/8132985002",
      "geometry": {
        "type": "Point",
        "coordinates": [
          -83.6753377,
          42.9740922
        ]
      },
      "properties": {
        "name": "Speedway",
        "category": "Automotive",
        "address": "1466 East Bristol Road, Burton, MI 48529",
        "website": "https://www.speedway.com/locations/MI/Burton/1466-East-Bristol-Road",
        "phone": "(810) 742-6031"
      }
    },
    {
      "type": "Feature",
      "id": "osm:node/8163100170",
      "geometry": {
        "type": "Point",
        "coordinates": [
          -83.5933316,
          42.9760803
        ]
      },
      "properties": {
        "name": "Nehring's Market",
        "category": "Grocery & Food",
        "address": "3517 South Belsay Road, Burton, MI 48519",
        "phone": "(810) 742-6898"
      }
    },
    {
      "type": "Feature",
      "id": "osm:node/8163114525",
      "geometry": {
        "type": "Point",
        "coordinates": [
          -83.5947909,
          43.013866
        ]
      },
      "properties": {
        "name": "Little Caesars",
        "category": "Dining",
        "address": "1193 South Belsay Road, Burton, MI 48509",
        "website": "https://littlecaesars.com/en-us/store/1248/",
        "phone": "(810) 743-5500"
      }
    },
    {
      "type": "Feature",
      "id": "osm:way/1208118668",
      "geometry": {
        "type": "Point",
        "coordinates": [
          -83.6363815,
          42.9937375
        ]
      },
      "properties": {
        "name": "Van Y School",
        "category": "Education",
        "address": "2400 Clarice Avenue, Burton, MI 48519",
        "phone": "(810) 591-0850",
        "website": "https://www.athertonschools.org/District/1154-Contacts.html"
      }
    },
    {
      "type": "Feature",
      "id": "osm:way/1408925605",
      "geometry": {
        "type": "Point",
        "coordinates": [
          -83.6788327,
          42.97247
        ]
      },
      "properties": {
        "name": "Bendle West School",
        "category": "Education",
        "address": "4020 Cerdan Dr, Burton, MI 48529-1608",
        "phone": "(810) 591-0880",
        "website": "http://www.bendleschools.org"
      }
    },
    {
      "type": "Feature",
      "id": "osm:way/1409214328",
      "geometry": {
        "type": "Point",
        "coordinates": [
          -83.6328438,
          42.9991392
        ]
      },
      "properties": {
        "name": "Lockwood of Burton",
        "category": "Community Services",
        "address": "2173 S Center Rd, Burton, MI 48519",
        "phone": "(810) 744-9400",
        "website": "http://www.lockwoodofburton.com/"
      }
    },
    {
      "type": "Feature",
      "id": "osm:way/1409214331",
      "geometry": {
        "type": "Point",
        "coordinates": [
          -83.6328466,
          43.0016754
        ]
      },
      "properties": {
        "name": "Hampton Manor of Burton",
        "category": "Community Services"
      }
    },
    {
      "type": "Feature",
      "id": "osm:way/1454279070",
      "geometry": {
        "type": "Point",
        "coordinates": [
          -83.6333087,
          43.0002447
        ]
      },
      "properties": {
        "name": "Saint Nicholas Orthodox Church",
        "category": "Faith",
        "address": "2143 South Center Road, Burton, MI 48519",
        "phone": "+1-810-744-0070",
        "website": "https://www.saintnicholasburton.org/"
      }
    },
    {
      "type": "Feature",
      "id": "osm:way/1489550231",
      "geometry": {
        "type": "Point",
        "coordinates": [
          -83.68329,
          42.9810269
        ]
      },
      "properties": {
        "name": "Parkside Dental Associates P.C.",
        "category": "Health & Medical",
        "address": "3280 South Grand Traverse Street, Burton, Michigan 48529",
        "phone": "(810) 744-4400",
        "website": "http://www.parksidedental.net/"
      }
    },
    {
      "type": "Feature",
      "id": "osm:way/603537833",
      "geometry": {
        "type": "Point",
        "coordinates": [
          -83.5898844,
          43.0331555
        ]
      },
      "properties": {
        "name": "Davison Roadside Park",
        "category": "Parks & Recreation",
        "address": "6160 Davison Rd, Burton, MI 48509",
        "phone": "(810) 736-7100",
        "website": "http://www.michigan.org/property/davison-roadside-county-park"
      }
    },
    {
      "type": "Feature",
      "id": "osm:way/626779213",
      "geometry": {
        "type": "Point",
        "coordinates": [
          -83.6775764,
          42.981372
        ]
      },
      "properties": {
        "name": "Pachyderm Pub",
        "category": "Dining",
        "address": "1418 East Hemphill Road, Burton, MI 48529",
        "phone": "(810) 744-4960"
      }
    },
    {
      "type": "Feature",
      "id": "osm:way/628515063",
      "geometry": {
        "type": "Point",
        "coordinates": [
          -83.5986484,
          43.0218936
        ]
      },
      "properties": {
        "name": "McDonald's",
        "category": "Dining",
        "address": "5375 East Court Street, Burton, MI 48509",
        "phone": "+1 810-742-2163",
        "website": "https://www.mcdonalds.com/us/en-us/location/10683.html",
        "hours": "Mo-Sa 05:00-23:00; Su 06:00-23:00"
      }
    },
    {
      "type": "Feature",
      "id": "osm:way/628515087",
      "geometry": {
        "type": "Point",
        "coordinates": [
          -83.6009065,
          43.0229498
        ]
      },
      "properties": {
        "name": "Walmart Supercenter",
        "category": "Grocery & Food",
        "address": "5323 East Court Street North, Burton, MI 48509",
        "phone": "+1 810-744-9690",
        "website": "https://www.walmart.com/store/2273-burton-mi",
        "hours": "24/7"
      }
    },
    {
      "type": "Feature",
      "id": "osm:way/636390334",
      "geometry": {
        "type": "Point",
        "coordinates": [
          -83.5826987,
          43.0083353
        ]
      },
      "properties": {
        "name": "Blessed Sacrament",
        "category": "Faith",
        "address": "6340 Roberta St, Burton, MI 48509-2438",
        "phone": "(810) 742-3151"
      }
    },
    {
      "type": "Feature",
      "id": "osm:way/675099708",
      "geometry": {
        "type": "Point",
        "coordinates": [
          -83.6717394,
          42.9748658
        ]
      },
      "properties": {
        "name": "Water Tower Park",
        "category": "Parks & Recreation",
        "address": "2029 E Bristol Rd, Burton, MI 48529-1318"
      }
    },
    {
      "type": "Feature",
      "id": "osm:way/675099710",
      "geometry": {
        "type": "Point",
        "coordinates": [
          -83.5955183,
          43.0096863
        ]
      },
      "properties": {
        "name": "Fireman's Park",
        "category": "Parks & Recreation"
      }
    },
    {
      "type": "Feature",
      "id": "osm:way/675099711",
      "geometry": {
        "type": "Point",
        "coordinates": [
          -83.6307445,
          42.9655306
        ]
      },
      "properties": {
        "name": "Veteran's Memorial Park",
        "category": "Parks & Recreation"
      }
    },
    {
      "type": "Feature",
      "id": "osm:way/678519309",
      "geometry": {
        "type": "Point",
        "coordinates": [
          -83.5981508,
          43.0223122
        ]
      },
      "properties": {
        "name": "Sovita Credit Union",
        "category": "Financial",
        "address": "5399 E Court St N, Burton, MI 48509-1539",
        "phone": "(810) 720-8300",
        "website": "http://www.sovitacu.org"
      }
    },
    {
      "type": "Feature",
      "id": "osm:way/678519323",
      "geometry": {
        "type": "Point",
        "coordinates": [
          -83.594857,
          43.0241226
        ]
      },
      "properties": {
        "name": "Taco Bell",
        "category": "Dining",
        "address": "1176 North Belsay Road, Burton, MI 48509",
        "phone": "+1 810-744-2780",
        "website": "https://locations.tacobell.com/mi/burton/1176-n-belsay-rd.html",
        "hours": "Mo-We 06:00-03:00; Th 06:00-21:00; Fr 06:00-04:00; Sa 07:00-04:00; Su 07:00-03:00"
      }
    },
    {
      "type": "Feature",
      "id": "osm:way/678727199",
      "geometry": {
        "type": "Point",
        "coordinates": [
          -83.6310811,
          43.0169033
        ]
      },
      "properties": {
        "name": "Courtland Center",
        "category": "Retail & Shopping"
      }
    },
    {
      "type": "Feature",
      "id": "osm:way/678727214",
      "geometry": {
        "type": "Point",
        "coordinates": [
          -83.6260051,
          43.0198585
        ]
      },
      "properties": {
        "name": "The Home Depot",
        "category": "Retail & Shopping",
        "address": "4245 East Court Street, Burton, MI 48509",
        "phone": "+1 810-715-1700",
        "website": "https://www.homedepot.com/l/burton/mi/burton/48509/2717",
        "hours": "Mo-Sa 06:00-22:00; Su 08:00-20:00"
      }
    },
    {
      "type": "Feature",
      "id": "osm:way/678727218",
      "geometry": {
        "type": "Point",
        "coordinates": [
          -83.626784,
          43.0208483
        ]
      },
      "properties": {
        "name": "Big Lots",
        "category": "Retail & Shopping",
        "address": "4157 East Court Street, Burton, MI 48509",
        "phone": "+1 810-742-8037",
        "website": "https://local.biglots.com/mi/burton/4157-e-court-street",
        "hours": "Mo-We 10:00-21:00; Th-Sa 09:00-21:00; Su 10:00-21:00"
      }
    },
    {
      "type": "Feature",
      "id": "osm:way/678727236",
      "geometry": {
        "type": "Point",
        "coordinates": [
          -83.6288125,
          43.0192784
        ]
      },
      "properties": {
        "name": "Applebee's",
        "category": "Dining",
        "phone": "+1 810-744-1977",
        "website": "https://restaurants.applebees.com/en-us/mi/burton/4135-e.-court-street-90086",
        "address": "4135 E. Court Street, Burton, MI 48509"
      }
    },
    {
      "type": "Feature",
      "id": "osm:way/678727239",
      "geometry": {
        "type": "Point",
        "coordinates": [
          -83.6312721,
          43.0196081
        ]
      },
      "properties": {
        "name": "Art Van",
        "category": "Retail & Shopping"
      }
    },
    {
      "type": "Feature",
      "id": "osm:way/678727243",
      "geometry": {
        "type": "Point",
        "coordinates": [
          -83.6345548,
          43.0190815
        ]
      },
      "properties": {
        "name": "Subway",
        "category": "Dining",
        "address": "4013 East Court Street, Burton, MI 48509",
        "phone": "+1 810-742-8660",
        "website": "https://restaurants.subway.com/united-states/mi/burton/4013-east-court-street",
        "hours": "09:00-22:00"
      }
    },
    {
      "type": "Feature",
      "id": "osm:way/678727244",
      "geometry": {
        "type": "Point",
        "coordinates": [
          -83.6340563,
          43.0191205
        ]
      },
      "properties": {
        "name": "Tim Hortons",
        "category": "Dining",
        "address": "4025 East Court Street, Burton, MI 48509-1715",
        "phone": "+1 810-742-3722",
        "hours": "Mo-We 05:00-21:00; Fr-Su 05:00-21:00",
        "website": "https://locations.timhortons.com/mi/burton/4025-e-court-st"
      }
    },
    {
      "type": "Feature",
      "id": "osm:way/678727245",
      "geometry": {
        "type": "Point",
        "coordinates": [
          -83.633664,
          43.0192428
        ]
      },
      "properties": {
        "name": "Aaron's",
        "category": "Retail & Shopping",
        "website": "https://locations.aarons.com/us/mi/burton/4035-e-court-st",
        "hours": "Mo-Th 10:00-19:00; Fr 10:00-20:00; Sa 10:00-18:00; Su closed",
        "address": "4035 E Court St, Burton, MI 48509-1781",
        "phone": "(810) 743-0570"
      }
    },
    {
      "type": "Feature",
      "id": "osm:way/678727248",
      "geometry": {
        "type": "Point",
        "coordinates": [
          -83.6338568,
          43.0206692
        ]
      },
      "properties": {
        "name": "ALDI",
        "category": "Grocery & Food",
        "address": "1054 Center Road, Burton, MI 48509",
        "phone": "+1 855-955-2534",
        "website": "https://stores.aldi.us/mi/burton/1054-center-road",
        "hours": "Mo, We, Fr-Su 09:00-20:00, Tu, Th 08:30-20:00"
      }
    },
    {
      "type": "Feature",
      "id": "osm:way/678727251",
      "geometry": {
        "type": "Point",
        "coordinates": [
          -83.6339001,
          43.0250839
        ]
      },
      "properties": {
        "name": "Magoo's",
        "category": "Retail & Shopping"
      }
    },
    {
      "type": "Feature",
      "id": "osm:way/683978470",
      "geometry": {
        "type": "Point",
        "coordinates": [
          -83.6304702,
          42.9937438
        ]
      },
      "properties": {
        "name": "Meijer",
        "category": "Grocery & Food",
        "address": "2333 South Center Road, Burton, MI 48519",
        "phone": "+1-810-744-4000",
        "website": "https://www.meijer.com/shopping/store-locator/29.html"
      }
    },
    {
      "type": "Feature",
      "id": "osm:way/713392288",
      "geometry": {
        "type": "Point",
        "coordinates": [
          -83.6252201,
          42.989153
        ]
      },
      "properties": {
        "name": "Eastgate Church",
        "category": "Faith",
        "address": "4226 E Atherton Rd, Burton, MI 48519-1438",
        "phone": "(810) 742-5600",
        "website": "http://eastgatebaptist.org/"
      }
    },
    {
      "type": "Feature",
      "id": "osm:way/713671445",
      "geometry": {
        "type": "Point",
        "coordinates": [
          -83.6150098,
          42.9773892
        ]
      },
      "properties": {
        "name": "Atherton Elementary School",
        "category": "Education",
        "address": "3444 South Genesee Road, Burton, MI 48519",
        "phone": "+1 810 591 0604",
        "website": "http://www.athertonschools.org"
      }
    },
    {
      "type": "Feature",
      "id": "osm:way/713671446",
      "geometry": {
        "type": "Point",
        "coordinates": [
          -83.6163719,
          42.9792403
        ]
      },
      "properties": {
        "name": "Atherton Junior / Senior High School",
        "category": "Education",
        "address": "3354 South Genesee Road, Burton, MI 48519",
        "phone": "+1 810 591 9184"
      }
    },
    {
      "type": "Feature",
      "id": "osm:way/713671447",
      "geometry": {
        "type": "Point",
        "coordinates": [
          -83.6164266,
          42.9832979
        ]
      },
      "properties": {
        "name": "Madison Academy - High School",
        "category": "Education",
        "address": "3266 South Genesee Road, Burton, MI 48519",
        "phone": "+1 810 875 9050",
        "website": "https://highschool.madison-academy.org/"
      }
    },
    {
      "type": "Feature",
      "id": "osm:way/738031533",
      "geometry": {
        "type": "Point",
        "coordinates": [
          -83.6296359,
          43.0164654
        ]
      },
      "properties": {
        "name": "Courtland Cinema 6",
        "category": "Arts & Entertainment",
        "address": "4190 E Court St Ste 200, Burton, MI 48509",
        "phone": "(810) 744-0742",
        "website": "https://ncgmovies.com"
      }
    },
    {
      "type": "Feature",
      "id": "osm:way/750487578",
      "geometry": {
        "type": "Point",
        "coordinates": [
          -83.6297735,
          43.0191843
        ]
      },
      "properties": {
        "name": "Starlite’s Original Burger and Coney Shop",
        "category": "Dining",
        "address": "4125 East Court Street, Burton, MI 48509",
        "hours": "Mo-Su 07:00-22:00",
        "phone": "(810) 820-2943",
        "website": "https://www.starlite2.com/"
      }
    },
    {
      "type": "Feature",
      "id": "osm:way/755222688",
      "geometry": {
        "type": "Point",
        "coordinates": [
          -83.6349479,
          42.9993952
        ]
      },
      "properties": {
        "name": "Gordon Food Service",
        "category": "Grocery & Food",
        "address": "2170 S Center Rd, Burton, MI 48519-1151",
        "phone": "(810) 715-1837",
        "website": "https://gfsstore.com/"
      }
    },
    {
      "type": "Feature",
      "id": "osm:way/755222692",
      "geometry": {
        "type": "Point",
        "coordinates": [
          -83.6346447,
          42.9973256
        ]
      },
      "properties": {
        "name": "Security Credit Union",
        "category": "Financial",
        "address": "2230 S Center Rd, Burton, MI 48519-1150",
        "phone": "(810) 235-2322",
        "website": "https://www.securitycu.org"
      }
    },
    {
      "type": "Feature",
      "id": "osm:way/755222694",
      "geometry": {
        "type": "Point",
        "coordinates": [
          -83.6344076,
          42.9962398
        ]
      },
      "properties": {
        "name": "Paul's Coney Island",
        "category": "Dining",
        "address": "2280 S Center Rd, Burton, MI 48519",
        "phone": "(810) 742-8695",
        "website": "http://www.paulsconeyisland.com"
      }
    },
    {
      "type": "Feature",
      "id": "osm:way/755222696",
      "geometry": {
        "type": "Point",
        "coordinates": [
          -83.6332233,
          42.9954149
        ]
      },
      "properties": {
        "name": "Elga Credit Union",
        "category": "Financial",
        "address": "2305 S Center Rd, BURTON, MI 48519",
        "phone": "(810) 715-3542",
        "website": "http://www.elgacu.com/"
      }
    },
    {
      "type": "Feature",
      "id": "osm:way/755222698",
      "geometry": {
        "type": "Point",
        "coordinates": [
          -83.6333207,
          42.9941273
        ]
      },
      "properties": {
        "name": "Fifth Third Bank",
        "category": "Financial",
        "address": "2315 S Center Rd, Burton, MI 48519-1147",
        "phone": "(810) 744-3222",
        "website": "http://www.53.com/"
      }
    },
    {
      "type": "Feature",
      "id": "osm:way/755222699",
      "geometry": {
        "type": "Point",
        "coordinates": [
          -83.634381,
          42.9942359
        ]
      },
      "properties": {
        "name": "AT&T",
        "category": "Retail & Shopping",
        "address": "2350 S Center Rd, Burton, MI 48519-1165",
        "phone": "(810) 743-3151",
        "website": "https://www.att.com"
      }
    },
    {
      "type": "Feature",
      "id": "osm:way/755222703",
      "geometry": {
        "type": "Point",
        "coordinates": [
          -83.6344935,
          42.9938439
        ]
      },
      "properties": {
        "name": "Valvoline",
        "category": "Automotive",
        "website": "https://store.vioc.com/mi/burton/oil-change-030062.html"
      }
    },
    {
      "type": "Feature",
      "id": "osm:way/755222706",
      "geometry": {
        "type": "Point",
        "coordinates": [
          -83.6330456,
          42.9917969
        ]
      },
      "properties": {
        "name": "McDonald's",
        "category": "Dining",
        "address": "2445 Center Road, Burton, MI 48519",
        "phone": "+1 810-742-8529",
        "website": "https://www.mcdonalds.com/us/en-us/location/25762.html",
        "hours": "07:00-22:00"
      }
    },
    {
      "type": "Feature",
      "id": "osm:way/755222707",
      "geometry": {
        "type": "Point",
        "coordinates": [
          -83.6332358,
          42.9910996
        ]
      },
      "properties": {
        "name": "Belle Tire",
        "category": "Automotive",
        "phone": "+1 810-471-4019",
        "website": "https://www.belletire.com/stores/detail/81/belle-tire-burton-mi",
        "hours": "Mo 08:00-20:00; Tu-We 08:00-18:00; Th 08:00-20:00; Fr 08:00-18:00; Sa 08:00-17:00; Su closed",
        "address": "2469 S Center Rd, Burton, MI 48519-1145"
      }
    },
    {
      "type": "Feature",
      "id": "osm:way/755222708",
      "geometry": {
        "type": "Point",
        "coordinates": [
          -83.6333311,
          42.9907173
        ]
      },
      "properties": {
        "name": "The Red Baron",
        "category": "Dining",
        "address": "2495 South Center Road, Burton, MI",
        "phone": "+1 810-744-1310",
        "website": "https://www.baronburger.com/"
      }
    },
    {
      "type": "Feature",
      "id": "osm:way/755222709",
      "geometry": {
        "type": "Point",
        "coordinates": [
          -83.6329739,
          42.989897
        ]
      },
      "properties": {
        "name": "Poco Loco",
        "category": "Dining",
        "address": "4021 E Atherton Rd, Burton, MI 48519",
        "phone": "(810) 766-9415",
        "website": "http://www.pocolocotaco.com"
      }
    },
    {
      "type": "Feature",
      "id": "osm:way/755222719",
      "geometry": {
        "type": "Point",
        "coordinates": [
          -83.6344312,
          42.9917954
        ]
      },
      "properties": {
        "name": "DQ Grill & Chill",
        "category": "Dining",
        "address": "2444 South Center Road, Burton, MI 48519-1152",
        "phone": "+1 810-742-3250",
        "website": "https://www.dairyqueen.com/locations/mi/burton/2444-s-center-rd/977"
      }
    },
    {
      "type": "Feature",
      "id": "osm:way/755223100",
      "geometry": {
        "type": "Point",
        "coordinates": [
          -83.6343818,
          42.9921854
        ]
      },
      "properties": {
        "name": "Subway",
        "category": "Dining",
        "address": "2424 South Center Road, Burton, MI 48519",
        "phone": "+1 810-742-4937",
        "website": "https://restaurants.subway.com/united-states/mi/burton/2424-s-center-rd",
        "hours": "09:00-22:00"
      }
    },
    {
      "type": "Feature",
      "id": "osm:way/755302818",
      "geometry": {
        "type": "Point",
        "coordinates": [
          -83.6261485,
          43.0181465
        ]
      },
      "properties": {
        "name": "Huntington Bank",
        "category": "Financial",
        "address": "4280 E Court St, Burton, MI 48509-1816",
        "phone": "(810) 715-1868",
        "website": "https://www.huntington.com/Community/branch-info"
      }
    },
    {
      "type": "Feature",
      "id": "osm:way/755302819",
      "geometry": {
        "type": "Point",
        "coordinates": [
          -83.627598,
          43.017919
        ]
      },
      "properties": {
        "name": "Discount Tire",
        "category": "Automotive",
        "address": "4210 E Court St, Burton, MI 48509-1720",
        "phone": "(810) 743-0200",
        "website": "https://www.discounttire.com/store/mi/burton/s/1139"
      }
    },
    {
      "type": "Feature",
      "id": "osm:way/755306596",
      "geometry": {
        "type": "Point",
        "coordinates": [
          -83.653351,
          42.9714381
        ]
      },
      "properties": {
        "name": "Diamond Jim's Auto Service",
        "category": "Automotive",
        "address": "G-4112 South Dort Highway, Burton, MI 48529",
        "phone": "+1 810-743-4210",
        "website": "https://www.djtire.net/",
        "hours": "Tu-Fr 08:30-18:30; Mo 08:30-18:00; PH closed"
      }
    },
    {
      "type": "Feature",
      "id": "osm:way/755306640",
      "geometry": {
        "type": "Point",
        "coordinates": [
          -83.6417575,
          42.97232
        ]
      },
      "properties": {
        "name": "PM Trailer Service LLC",
        "category": "Retail & Shopping",
        "address": "4101 Flint Asphalt Drive, Burton, MI 48529",
        "phone": "+1-810-744-2852",
        "website": "http://pmtrailerservicellc.com"
      }
    },
    {
      "type": "Feature",
      "id": "osm:way/755310650",
      "geometry": {
        "type": "Point",
        "coordinates": [
          -83.6511683,
          42.9889238
        ]
      },
      "properties": {
        "name": "Little Caesars",
        "category": "Dining",
        "website": "https://littlecaesars.com/en-us/store/1240/",
        "address": "3064 E Atherton Rd, Burton, MI 48529-1039",
        "phone": "(810) 743-2124"
      }
    },
    {
      "type": "Feature",
      "id": "osm:way/755329776",
      "geometry": {
        "type": "Point",
        "coordinates": [
          -83.6343055,
          43.0327365
        ]
      },
      "properties": {
        "name": "Burger King",
        "category": "Dining",
        "address": "4024 Davison Road, Burton, MI 48509",
        "phone": "+1 810-744-0734",
        "website": "https://www.bk.com/store-locator/store/restaurant_178",
        "hours": "Mo-Sa 06:00-23:00; Su 07:00-23:00"
      }
    },
    {
      "type": "Feature",
      "id": "osm:way/755329778",
      "geometry": {
        "type": "Point",
        "coordinates": [
          -83.634961,
          43.0324915
        ]
      },
      "properties": {
        "name": "Starlite Coney Island",
        "category": "Dining",
        "address": "1500 N Center Rd, Burton, MI 48509-1430",
        "phone": "(810) 742-4955",
        "website": "http://www.starlite1966.com/"
      }
    },
    {
      "type": "Feature",
      "id": "osm:way/755329779",
      "geometry": {
        "type": "Point",
        "coordinates": [
          -83.634591,
          43.03175
        ]
      },
      "properties": {
        "name": "Advance Auto Parts",
        "category": "Automotive",
        "website": "https://stores.advanceautoparts.com/mi/burton/1474-n-center-rd",
        "address": "1474 N Center Rd, Burton, MI 48509-1429",
        "phone": "(810) 715-4456"
      }
    },
    {
      "type": "Feature",
      "id": "osm:way/755329796",
      "geometry": {
        "type": "Point",
        "coordinates": [
          -83.632947,
          43.033464
        ]
      },
      "properties": {
        "name": "Taco Bell",
        "category": "Dining",
        "address": "4071 Davison Road, Burton, MI 48509",
        "phone": "+1 810-743-6013",
        "website": "https://locations.tacobell.com/mi/burton/4071-davison-rd.html",
        "hours": "07:00-03:00"
      }
    },
    {
      "type": "Feature",
      "id": "osm:way/755329799",
      "geometry": {
        "type": "Point",
        "coordinates": [
          -83.6294975,
          43.03356
        ]
      },
      "properties": {
        "name": "Brian's",
        "category": "Dining"
      }
    },
    {
      "type": "Feature",
      "id": "osm:way/755329800",
      "geometry": {
        "type": "Point",
        "coordinates": [
          -83.6295888,
          43.0324322
        ]
      },
      "properties": {
        "name": "Chase",
        "category": "Financial",
        "address": "4154 Davison Rd, Burton, MI 48509",
        "phone": "(810) 742-4005",
        "website": "https://locator.chase.com/mi/burton/4154-davison-rd"
      }
    },
    {
      "type": "Feature",
      "id": "osm:way/755329802",
      "geometry": {
        "type": "Point",
        "coordinates": [
          -83.627836,
          43.032093
        ]
      },
      "properties": {
        "name": "People's Furniture",
        "category": "Retail & Shopping",
        "address": "4204 Davison Rd, Burton, MI 48509-1463",
        "phone": "(810) 744-2166",
        "website": "https://trishamatson1979.wixsite.com/peopl"
      }
    },
    {
      "type": "Feature",
      "id": "osm:way/755542456",
      "geometry": {
        "type": "Point",
        "coordinates": [
          -83.692281,
          42.97532
        ]
      },
      "properties": {
        "name": "Big John Steak & Onion",
        "category": "Dining",
        "address": "3485 Fenton Rd, Burton, MI 48529",
        "phone": "(810) 235-5031",
        "website": "https://bigjohnsteakandonion.net/location"
      }
    },
    {
      "type": "Feature",
      "id": "osm:way/755542458",
      "geometry": {
        "type": "Point",
        "coordinates": [
          -83.692382,
          42.9744495
        ]
      },
      "properties": {
        "name": "Metro by T-Mobile",
        "category": "Retail & Shopping",
        "website": "https://www.metrobyt-mobile.com/stores/bd/metro-by-t-mobile-burton-mi-10211715/",
        "address": "3525 Fenton Rd, Burton, MI 48529",
        "phone": "(810) 768-9999"
      }
    },
    {
      "type": "Feature",
      "id": "osm:way/755542465",
      "geometry": {
        "type": "Point",
        "coordinates": [
          -83.68711,
          42.974518
        ]
      },
      "properties": {
        "name": "University of Michigan Credit Union",
        "category": "Financial",
        "address": "1149 E Bristol Rd, Burton, MI 48529",
        "phone": "(800) 968-8628",
        "website": "http://www.umcu.org/"
      }
    },
    {
      "type": "Feature",
      "id": "osm:way/755542466",
      "geometry": {
        "type": "Point",
        "coordinates": [
          -83.686307,
          42.9749915
        ]
      },
      "properties": {
        "name": "Dollar General",
        "category": "Retail & Shopping",
        "website": "https://www.dollargeneral.com/store-directory/mi/burton/19148",
        "address": "1181 E Bristol Rd, Burton, MI 48529-1128",
        "phone": "(810) 309-9555"
      }
    },
    {
      "type": "Feature",
      "id": "osm:way/755542469",
      "geometry": {
        "type": "Point",
        "coordinates": [
          -83.6847625,
          42.973527
        ]
      },
      "properties": {
        "name": "Tim Hortons",
        "category": "Dining",
        "address": "1230 East Bristol Road, Burton, MI 48529-2522",
        "phone": "+1 810-760-9770",
        "hours": "Mo-We 07:00-18:00; Fr-Su 07:00-18:00",
        "website": "https://locations.timhortons.com/mi/burton/1230-e-bristol-rd"
      }
    },
    {
      "type": "Feature",
      "id": "osm:way/755542472",
      "geometry": {
        "type": "Point",
        "coordinates": [
          -83.683722,
          42.974916
        ]
      },
      "properties": {
        "name": "Holy Redeemer Church",
        "category": "Faith",
        "address": "1227 E Bristol Rd, Burton, MI 48529-1128",
        "phone": "(810) 743-3050",
        "website": "http://holyredeemerburton.org/"
      }
    },
    {
      "type": "Feature",
      "id": "osm:way/755542479",
      "geometry": {
        "type": "Point",
        "coordinates": [
          -83.683277,
          42.9775225
        ]
      },
      "properties": {
        "name": "Barker Park Library",
        "category": "Community Services",
        "address": "G3410 S Grand Traverse St, Burton, MI 48529-1150",
        "phone": "(810) 742-7860",
        "website": "http://www.thegdl.org/branches/bp"
      }
    },
    {
      "type": "Feature",
      "id": "osm:way/755542482",
      "geometry": {
        "type": "Point",
        "coordinates": [
          -83.6805375,
          42.973969
        ]
      },
      "properties": {
        "name": "Huntington Bank",
        "category": "Financial",
        "address": "1318 E Bristol Rd, Burton, MI 48529-2212",
        "phone": "(800) 480-2265",
        "website": "https://www.huntington.com/Community/branch-info"
      }
    },
    {
      "type": "Feature",
      "id": "osm:way/755542702",
      "geometry": {
        "type": "Point",
        "coordinates": [
          -83.673328,
          42.973814
        ]
      },
      "properties": {
        "name": "Rocky's Great Outdoors",
        "category": "Retail & Shopping",
        "address": "G4014 S Saginaw St, Burton, MI 48529-1618",
        "phone": "(810) 742-5420",
        "website": "https://rockysoutdoors.com/"
      }
    },
    {
      "type": "Feature",
      "id": "osm:way/755542710",
      "geometry": {
        "type": "Point",
        "coordinates": [
          -83.672777,
          42.9724505
        ]
      },
      "properties": {
        "name": "Tia Helita's",
        "category": "Dining",
        "address": "G4070 S Saginaw St, Burton, MI 48529",
        "phone": "(810) 742-5525",
        "website": "http://tiahelitas.com/"
      }
    },
    {
      "type": "Feature",
      "id": "osm:way/755542727",
      "geometry": {
        "type": "Point",
        "coordinates": [
          -83.672988,
          42.978196
        ]
      },
      "properties": {
        "name": "McDonald's",
        "category": "Dining",
        "address": "G3391 South Saginaw Street, Burton, MI 48529-1244",
        "phone": "+1 810-743-1120",
        "website": "https://www.mcdonalds.com/us/en-us/location/210.html",
        "hours": "05:00-23:00"
      }
    },
    {
      "type": "Feature",
      "id": "osm:way/768968560",
      "geometry": {
        "type": "Point",
        "coordinates": [
          -83.6922576,
          42.9750827
        ]
      },
      "properties": {
        "name": "O'Reilly Auto Parts",
        "category": "Automotive",
        "website": "https://locations.oreillyauto.com/mi/burton/autoparts-5779.html",
        "address": "3493 Fenton Rd, Burton, MI 48529",
        "phone": "(810) 471-3064"
      }
    },
    {
      "type": "Feature",
      "id": "osm:way/768969583",
      "geometry": {
        "type": "Point",
        "coordinates": [
          -83.6903667,
          42.9743983
        ]
      },
      "properties": {
        "name": "Little Caesars",
        "category": "Dining",
        "website": "https://littlecaesars.com/en-us/store/1230/",
        "address": "1063 E Bristol Rd, Burton, MI 48529-1126",
        "phone": "(810) 232-6121"
      }
    },
    {
      "type": "Feature",
      "id": "osm:way/768969836",
      "geometry": {
        "type": "Point",
        "coordinates": [
          -83.6717948,
          42.9705879
        ]
      },
      "properties": {
        "name": "DQ Grill & Chill",
        "category": "Dining",
        "address": "G4145 South Saginaw Street, Burton, MI 48529-1641",
        "phone": "+1 810-744-3590",
        "website": "https://www.dairyqueen.com/locations/mi/burton/g4145-s-saginaw-st/293"
      }
    },
    {
      "type": "Feature",
      "id": "osm:way/768970378",
      "geometry": {
        "type": "Point",
        "coordinates": [
          -83.6923653,
          42.9756859
        ]
      },
      "properties": {
        "name": "Autumn Lounge",
        "category": "Dining",
        "address": "3473 Fenton Rd, Burton, MI 48529",
        "phone": "(810) 232-8811",
        "website": "http://www.yellowpages.com/burton-mi/mip/autumn-lounge-10303803"
      }
    },
    {
      "type": "Feature",
      "id": "osm:way/768970380",
      "geometry": {
        "type": "Point",
        "coordinates": [
          -83.6924595,
          42.9762066
        ]
      },
      "properties": {
        "name": "Mel's Diner",
        "category": "Dining"
      }
    },
    {
      "type": "Feature",
      "id": "osm:way/768972650",
      "geometry": {
        "type": "Point",
        "coordinates": [
          -83.691981,
          42.9604125
        ]
      },
      "properties": {
        "name": "Hungry Howie's",
        "category": "Dining",
        "address": "4495 Fenton Rd, Burton, MI 48507",
        "phone": "(810) 767-8300",
        "website": "https://www.hungryhowies.com/stores/mi/burton/g4495-fenton-road"
      }
    },
    {
      "type": "Feature",
      "id": "osm:way/911686882",
      "geometry": {
        "type": "Point",
        "coordinates": [
          -83.5945085,
          43.016534
        ]
      },
      "properties": {
        "name": "Sparky Bubble",
        "category": "Automotive"
      }
    },
    {
      "type": "Feature",
      "id": "osm:way/911687413",
      "geometry": {
        "type": "Point",
        "coordinates": [
          -83.5955455,
          43.0112005
        ]
      },
      "properties": {
        "name": "Dancing Sandwiches",
        "category": "Dining"
      }
    },
    {
      "type": "Feature",
      "id": "osm:way/911687414",
      "geometry": {
        "type": "Point",
        "coordinates": [
          -83.595611,
          43.011601
        ]
      },
      "properties": {
        "name": "Bentley Florist",
        "category": "Retail & Shopping",
        "address": "1270 S Belsay Rd, Burton, MI 48509-1918",
        "phone": "(810) 742-3174",
        "website": "http://bovanfloralgroup.com/"
      }
    },
    {
      "type": "Feature",
      "id": "osm:way/911687415",
      "geometry": {
        "type": "Point",
        "coordinates": [
          -83.5958025,
          43.011925
        ]
      },
      "properties": {
        "name": "Finish Line Auto and Tire Service",
        "category": "Automotive",
        "address": "1256 S Belsay Rd, Burton, MI 48509-1918",
        "phone": "(810) 742-7005",
        "website": "http://finishlineautotire.com/"
      }
    },
    {
      "type": "Feature",
      "id": "osm:way/911687422",
      "geometry": {
        "type": "Point",
        "coordinates": [
          -83.596082,
          43.01291
        ]
      },
      "properties": {
        "name": "Chase",
        "category": "Financial",
        "phone": "+1 810-742-4290",
        "website": "https://locator.chase.com/mi/burton/1232-s-belsay-rd",
        "hours": "Mo-Fr 09:00-17:00; Sa-Su closed",
        "address": "1232 S Belsay Rd, Burton, MI 48509-1918"
      }
    },
    {
      "type": "Feature",
      "id": "osm:way/911687423",
      "geometry": {
        "type": "Point",
        "coordinates": [
          -83.5959115,
          43.0139835
        ]
      },
      "properties": {
        "name": "Men's Grooming Garage",
        "category": "Professional & Personal Services"
      }
    },
    {
      "type": "Feature",
      "id": "osm:way/911687427",
      "geometry": {
        "type": "Point",
        "coordinates": [
          -83.5959865,
          43.0112595
        ]
      },
      "properties": {
        "name": "Johnny's Hardware",
        "category": "Retail & Shopping",
        "address": "5507 Lapeer Rd, Burton, MI 48509-2237",
        "phone": "(810) 742-2720"
      }
    },
    {
      "type": "Feature",
      "id": "osm:way/911687431",
      "geometry": {
        "type": "Point",
        "coordinates": [
          -83.5955565,
          43.0106315
        ]
      },
      "properties": {
        "name": "Scotti's Coney Island",
        "category": "Dining",
        "address": "5522 Lapeer Rd, Burton, MI 48509",
        "phone": "(810) 743-1212",
        "website": "http://scottis-coney-island.poi.place"
      }
    },
    {
      "type": "Feature",
      "id": "osm:way/911687433",
      "geometry": {
        "type": "Point",
        "coordinates": [
          -83.597205,
          43.010657
        ]
      },
      "properties": {
        "name": "Redline Brewing Company",
        "category": "Dining",
        "address": "5470 Lapeer Road, Burton, MI",
        "phone": "+1 810-259-2009",
        "website": "https://www.therealredline.com/",
        "hours": "Mo,We-Th 15:00-23:00; Tu,Sa 12:00-24:00; Fr 03:00-24:00; Su 12:00-19:00"
      }
    },
    {
      "type": "Feature",
      "id": "osm:way/911687436",
      "geometry": {
        "type": "Point",
        "coordinates": [
          -83.594336,
          43.0100045
        ]
      },
      "properties": {
        "name": "Family Dollar",
        "category": "Retail & Shopping",
        "address": "6000 Lapeer Rd, Burton, MI 48509-2215",
        "phone": "(810) 243-5122",
        "website": "https://locations.familydollar.com/mi/burton/6000-lapeer-rd"
      }
    },
    {
      "type": "Feature",
      "id": "osm:way/911687438",
      "geometry": {
        "type": "Point",
        "coordinates": [
          -83.594,
          43.011425
        ]
      },
      "properties": {
        "name": "Bethel Assembly of God",
        "category": "Faith",
        "address": "6029 Lapeer Rd, Burton, MI 48509-2214",
        "phone": "(810) 742-5274",
        "website": "http://www.bethelfamily.live/"
      }
    },
    {
      "type": "Feature",
      "id": "osm:way/914277550",
      "geometry": {
        "type": "Point",
        "coordinates": [
          -83.5898372,
          43.010649
        ]
      },
      "properties": {
        "name": "Encounter Church",
        "category": "Faith",
        "address": "6150 Lapeer Rd, Burton, MI 48509",
        "phone": "(810) 743-0552",
        "website": "http://www.encounterchurchmi.com"
      }
    },
    {
      "type": "Feature",
      "id": "osm:way/914277552",
      "geometry": {
        "type": "Point",
        "coordinates": [
          -83.5870865,
          43.0097475
        ]
      },
      "properties": {
        "name": "Grace Harvest Church",
        "category": "Faith",
        "address": "1350 S Packard Ave, Burton, MI 48509-2410",
        "phone": "(810) 743-5370"
      }
    },
    {
      "type": "Feature",
      "id": "osm:way/914280555",
      "geometry": {
        "type": "Point",
        "coordinates": [
          -83.5934442,
          43.0107408
        ]
      },
      "properties": {
        "name": "Flint Sail & Power Squadron",
        "category": "Retail & Shopping",
        "address": "6044 Lapeer Rd, Burton, MI 48509-2215",
        "phone": "(810) 744-0474",
        "website": "http://flintsailandpowersquadron.com/"
      }
    },
    {
      "type": "Feature",
      "id": "osm:way/914903653",
      "geometry": {
        "type": "Point",
        "coordinates": [
          -83.5774505,
          42.990579
        ]
      },
      "properties": {
        "name": "GNS Medical Supplies",
        "category": "Retail & Shopping"
      }
    },
    {
      "type": "Feature",
      "id": "overture:0031930f-c467-4536-a8dc-86201ca5c9b3",
      "geometry": {
        "type": "Point",
        "coordinates": [
          -83.58533745,
          43.00622761
        ]
      },
      "properties": {
        "name": "Splish-Splash Powerwashing and Deck Maintenance",
        "category": "Professional & Personal Services",
        "address": "1471 S Packard Ave, Burton, MI 48509-2411",
        "phone": "+18105699631"
      }
    },
    {
      "type": "Feature",
      "id": "overture:003fe3ac-da16-4a95-b3c7-9afb30995051",
      "geometry": {
        "type": "Point",
        "coordinates": [
          -83.6008901,
          43.0223071
        ]
      },
      "properties": {
        "name": "minuteKEY",
        "category": "Professional & Personal Services",
        "address": "Walmart Supercenter, 5323 E Ct St N, BURTON, MI 48509",
        "phone": "8107449690",
        "website": "https://www.minutekey.com/"
      }
    },
    {
      "type": "Feature",
      "id": "overture:007ebdcb-9d49-4074-b0b4-1de57cc79e6c",
      "geometry": {
        "type": "Point",
        "coordinates": [
          -83.6897677,
          42.9741022
        ]
      },
      "properties": {
        "name": "Liberty Tax Service",
        "category": "Financial",
        "address": "1069 E Bristol Rd, Burton, MI 48529",
        "phone": "8103394470",
        "website": "https://www.libertytax.com/income-tax-preparation-locations/15941.html"
      }
    },
    {
      "type": "Feature",
      "id": "overture:00a2d5a5-52f4-41c4-b255-f623f432273a",
      "geometry": {
        "type": "Point",
        "coordinates": [
          -83.65226708,
          42.96231065
        ]
      },
      "properties": {
        "name": "Century Roll",
        "category": "Professional & Personal Services",
        "address": "G4463 S Dort Hwy, Burton, MI 48529-1836",
        "phone": "+18107435065",
        "website": "http://www.centuryroll.com/"
      }
    },
    {
      "type": "Feature",
      "id": "overture:00d48877-9c97-468c-8c05-e0c5a169421c",
      "geometry": {
        "type": "Point",
        "coordinates": [
          -83.63143286,
          42.97454105
        ]
      },
      "properties": {
        "name": "Fast Home Sale",
        "category": "Professional & Personal Services",
        "address": "4040 E Bristol Rd, Burton, MI 48519-1402",
        "phone": "+18108208028",
        "website": "https://fasthomesale.managebuilding.com/Resident/public/home"
      }
    },
    {
      "type": "Feature",
      "id": "overture:01a01cec-b819-4eae-bbaf-66a1860f09ca",
      "geometry": {
        "type": "Point",
        "coordinates": [
          -83.64700943,
          42.96069719
        ]
      },
      "properties": {
        "name": "Ecker Mechanical Contractors",
        "category": "Professional & Personal Services",
        "address": "3149 E Maple Ave, Burton, MI 48529-1802",
        "phone": "+18107428652",
        "website": "http://eckermechanical.com/"
      }
    },
    {
      "type": "Feature",
      "id": "overture:01a29c0a-4a5d-436e-bbff-32bfe61f7d07",
      "geometry": {
        "type": "Point",
        "coordinates": [
          -83.6529425,
          42.9603955
        ]
      },
      "properties": {
        "name": "DENAM Auto Brokers & Trailer Sales",
        "category": "Parks & Recreation",
        "address": "G4510 South Dort Highway, Burton, MI 48529",
        "phone": "8102446100",
        "website": "http://denamauto.com/"
      }
    },
    {
      "type": "Feature",
      "id": "overture:01a940a8-aac9-4f08-bd2d-7490f590fda3",
      "geometry": {
        "type": "Point",
        "coordinates": [
          -83.6313766,
          43.0187137
        ]
      },
      "properties": {
        "name": "Art Van Furniture",
        "category": "Retail & Shopping",
        "address": "4095 E Court St, Burton, MI 48509",
        "phone": "8107429120"
      }
    },
    {
      "type": "Feature",
      "id": "overture:01be762b-6307-4e2d-8e96-64c33d1b1848",
      "geometry": {
        "type": "Point",
        "coordinates": [
          -83.59336054,
          43.01087253
        ]
      },
      "properties": {
        "name": "Flint Power Squandron",
        "category": "Community Services",
        "address": "6044 Lapeer Rd, Burton, MI 48509-2215",
        "phone": "+18107440474",
        "website": "http://flintsailandpowersquadron.com/"
      }
    },
    {
      "type": "Feature",
      "id": "overture:01c8286c-8e2e-409a-b60e-ac3b2811d327",
      "geometry": {
        "type": "Point",
        "coordinates": [
          -83.59691751,
          43.01112299
        ]
      },
      "properties": {
        "name": "Communications Technologies Incorporated",
        "category": "Professional & Personal Services",
        "address": "5479 Lapeer Rd, Burton, MI 48509-2233",
        "phone": "+18107436900",
        "website": "http://www.cti4u.com/"
      }
    },
    {
      "type": "Feature",
      "id": "overture:028d2172-6421-48a0-8256-efd9ebf1f1ac",
      "geometry": {
        "type": "Point",
        "coordinates": [
          -83.668331,
          42.981374
        ]
      },
      "properties": {
        "name": "Johnson & Wood",
        "category": "Professional & Personal Services",
        "address": "3234 Associates Dr, Burton, MI 48529-1302",
        "phone": "+18107150700",
        "website": "https://www.johnsonwoodllc.com/index.cfm"
      }
    },
    {
      "type": "Feature",
      "id": "overture:029360b9-3a03-4c96-88b1-800424670182",
      "geometry": {
        "type": "Point",
        "coordinates": [
          -83.6005827,
          43.0229773
        ]
      },
      "properties": {
        "name": "Minute Key",
        "category": "Professional & Personal Services",
        "address": "5323 E Court St N, Burton, MI 48509",
        "phone": "8102413102",
        "website": "https://www.minutekey.com/key-services/michigan/burton/locksmith-key-copy-duplication-5323-e-court-st-n/30784/?utm_source=Synup&utm_medium=Bing&utm_campaign=WSW02273"
      }
    },
    {
      "type": "Feature",
      "id": "overture:02b57a13-e9b5-4449-a6b7-340cbcd03179",
      "geometry": {
        "type": "Point",
        "coordinates": [
          -83.594605922699,
          42.989800739226
        ]
      },
      "properties": {
        "name": "Eight Ten Wholesale",
        "category": "Retail & Shopping",
        "address": "5516 E Atherton Rd, Burton, MI 48519-1560",
        "phone": "+18102432605"
      }
    },
    {
      "type": "Feature",
      "id": "overture:02c3fead-1119-490a-9a9c-894282f43bdc",
      "geometry": {
        "type": "Point",
        "coordinates": [
          -83.665817,
          42.974009
        ]
      },
      "properties": {
        "name": "Godfather Web Solutions",
        "category": "Professional & Personal Services",
        "address": "2181 E Whittemore Ave, Burton, MI 48529",
        "phone": "8104424668",
        "website": "http://www.godfatherwebsolutions.com/"
      }
    },
    {
      "type": "Feature",
      "id": "overture:03696c56-1160-485e-864c-65bff45f543e",
      "geometry": {
        "type": "Point",
        "coordinates": [
          -83.59519767,
          43.02689623
        ]
      },
      "properties": {
        "name": "Pampering Palms Massage",
        "category": "Professional & Personal Services",
        "address": "1284 N Belsay Rd, Burton, MI 48509-1660",
        "phone": "+18109318155",
        "website": "http://www.pamperingpalmsmassage.net/"
      }
    },
    {
      "type": "Feature",
      "id": "overture:03c5bfb5-d39b-43ca-bbca-7f028c58161e",
      "geometry": {
        "type": "Point",
        "coordinates": [
          -83.59447715,
          43.02314068
        ]
      },
      "properties": {
        "name": "Marathon Gas",
        "category": "Automotive",
        "address": "1138 N Belsay Rd, Burton, MI 48509-1600",
        "phone": "+18107151439",
        "website": "http://www.marathonpetroleum.com/"
      }
    },
    {
      "type": "Feature",
      "id": "overture:040ad1d7-73c1-4f7e-801b-e3b86a46d396",
      "geometry": {
        "type": "Point",
        "coordinates": [
          -83.615855,
          43.033408
        ]
      },
      "properties": {
        "name": "Burton Fire Department Station 3",
        "category": "Professional & Personal Services",
        "address": "4515 Davison Rd, Burton, MI 48509-1411",
        "phone": "+18107449052",
        "website": "http://www.homefacts.com/.../Burton/Tanks-Fire-Station-3-Mi00014866.html"
      }
    },
    {
      "type": "Feature",
      "id": "overture:046e0e33-b1eb-478a-9d33-37444cc8cf8c",
      "geometry": {
        "type": "Point",
        "coordinates": [
          -83.692447,
          42.970781
        ]
      },
      "properties": {
        "name": "Carquest Auto Parts",
        "category": "Automotive",
        "address": "4119 Fenton Rd, Burton, MI 48529-1502",
        "phone": "+18102348491",
        "website": "http://locations.carquest.com/MI/BURTON/2820/"
      }
    },
    {
      "type": "Feature",
      "id": "overture:04bc8294-8aa7-40a2-95b1-29f88afa6d52",
      "geometry": {
        "type": "Point",
        "coordinates": [
          -83.69230353,
          42.97016241
        ]
      },
      "properties": {
        "name": "Burton City Basses",
        "category": "Retail & Shopping",
        "address": "4137 Fenton Rd, Burton, MI 48529-1501",
        "phone": "+18104229720",
        "website": "http://www.burtoncitybasses.com/"
      }
    },
    {
      "type": "Feature",
      "id": "overture:04efc11a-e7d1-402e-aab0-e487c468ae82",
      "geometry": {
        "type": "Point",
        "coordinates": [
          -83.69246086,
          42.97031328
        ]
      },
      "properties": {
        "name": "Mary's Bouquet & Gifts",
        "category": "Retail & Shopping",
        "address": "4137 Fenton Rd, Burton, MI 48529-1501",
        "phone": "+18102353822",
        "website": "https://marys-bouquet-gifts.hub.biz/"
      }
    },
    {
      "type": "Feature",
      "id": "overture:056d532f-2da4-4ef9-8a4f-849cb557c9ab",
      "geometry": {
        "type": "Point",
        "coordinates": [
          -83.63468068,
          42.97525798
        ]
      },
      "properties": {
        "name": "The Barn",
        "category": "Health & Medical",
        "address": "3491 E Bristol Rd, Burton, MI 48529-1451",
        "phone": "+18107421500",
        "website": "https://dutchie.com/stores/burton"
      }
    },
    {
      "type": "Feature",
      "id": "overture:065b79ab-9503-4f44-a2e2-0a9e455e6bd8",
      "geometry": {
        "type": "Point",
        "coordinates": [
          -83.59597015,
          43.02436472
        ]
      },
      "properties": {
        "name": "KFC",
        "category": "Dining",
        "address": "1195 N Belsay Rd, Burton, MI 48509-1653",
        "phone": "+18103099208",
        "website": "https://locations.kfc.com/mi/burton/1195-north-belsay-road"
      }
    },
    {
      "type": "Feature",
      "id": "overture:06911ded-c91b-492b-9468-4319201a6774",
      "geometry": {
        "type": "Point",
        "coordinates": [
          -83.65262695,
          42.98172873
        ]
      },
      "properties": {
        "name": "Liquor Corner Stop",
        "category": "Grocery & Food",
        "address": "G3271 S Dort Hwy, Burton, MI 48529-1446",
        "phone": "+18103371155",
        "website": "https://k-p-corner-stop.hub.biz/"
      }
    },
    {
      "type": "Feature",
      "id": "overture:06db1b52-e070-44a5-ad00-2d50f511f693",
      "geometry": {
        "type": "Point",
        "coordinates": [
          -83.59531255,
          43.0289186
        ]
      },
      "properties": {
        "name": "Abby Rose Salon and Boutique",
        "category": "Professional & Personal Services",
        "address": "1360 N Belsay Rd, Burton, MI 48509-1603",
        "phone": "+18103948935"
      }
    },
    {
      "type": "Feature",
      "id": "overture:0708006e-a84f-404c-b829-48b83658b394",
      "geometry": {
        "type": "Point",
        "coordinates": [
          -83.66166074,
          42.97224201
        ]
      },
      "properties": {
        "name": "American football field",
        "category": "Arts & Entertainment",
        "address": "2283 E Scottwood Ave, Burton, MI 48529-1721"
      }
    },
    {
      "type": "Feature",
      "id": "overture:0737ba7d-8fc5-4bce-8390-2fe1c8e536fa",
      "geometry": {
        "type": "Point",
        "coordinates": [
          -83.6314134,
          43.0178027
        ]
      },
      "properties": {
        "name": "Staples",
        "category": "Retail & Shopping",
        "address": "4190 E Court St Ste 100, Burton, MI 48509",
        "phone": "8107151564"
      }
    },
    {
      "type": "Feature",
      "id": "overture:076ece19-426f-4959-b56e-b2be4c96b41f",
      "geometry": {
        "type": "Point",
        "coordinates": [
          -83.67286203,
          42.96029598
        ]
      },
      "properties": {
        "name": "AmeriGuard Storage Centers",
        "category": "Professional & Personal Services",
        "address": "1475 E Maple Ave, Burton, MI 48529-2059",
        "phone": "+18107424242",
        "website": "http://www.ameriguard.net/"
      }
    },
    {
      "type": "Feature",
      "id": "overture:08117556-aa7c-42bf-8a1e-e0298e4a2556",
      "geometry": {
        "type": "Point",
        "coordinates": [
          -83.63339828,
          42.99795573
        ]
      },
      "properties": {
        "name": "ProStyle Auto & Truck Accessories",
        "category": "Automotive",
        "address": "2229 S Center Rd, Burton, MI 48519-1149",
        "phone": "+18107420300",
        "website": "http://www.prostyleautoandtruck.net/"
      }
    },
    {
      "type": "Feature",
      "id": "overture:08699a90-8294-4e38-894a-35b50718130a",
      "geometry": {
        "type": "Point",
        "coordinates": [
          -83.6344973583355,
          43.03117443849235
        ]
      },
      "properties": {
        "name": "Urgent Care",
        "category": "Health & Medical",
        "address": "1501 S Center Rd, Burton, MI 48509",
        "phone": "(810) 780-4520",
        "website": "http://www.burtonuc.com"
      }
    },
    {
      "type": "Feature",
      "id": "overture:087fca31-fe1d-45f2-80c0-e9a566b7a800",
      "geometry": {
        "type": "Point",
        "coordinates": [
          -83.67177263,
          42.96741649
        ]
      },
      "properties": {
        "name": "PJ's Beads & Boutique",
        "category": "Professional & Personal Services",
        "address": "G4257 S Saginaw St, Burton, MI 48529-1607",
        "phone": "+18107435441",
        "website": "http://www.pjsbeads.net"
      }
    },
    {
      "type": "Feature",
      "id": "overture:0946c116-e407-4484-978c-1efda5b8ebf7",
      "geometry": {
        "type": "Point",
        "coordinates": [
          -83.671844,
          42.9676161
        ]
      },
      "properties": {
        "name": "BAJ Glass and Contracting",
        "category": "Professional & Personal Services",
        "address": "G-4258 South Saginaw St Ste 1, Flushing, MI 48529",
        "phone": "8104871006",
        "website": "https://www.bajglassandcontracting.com/"
      }
    },
    {
      "type": "Feature",
      "id": "overture:09cf7f77-789d-4679-b0d5-d831c6c6d30a",
      "geometry": {
        "type": "Point",
        "coordinates": [
          -83.6253178,
          43.0199737
        ]
      },
      "properties": {
        "name": "Experts Garage Door Repair Installation Process",
        "category": "Professional & Personal Services",
        "address": "4245 E Court St, Burton, MI 48509",
        "phone": "8884920538",
        "website": "https://www.homedepot.com/services/c/garage-door-opener-installation/685fddfb6?vfrom=global-menu"
      }
    },
    {
      "type": "Feature",
      "id": "overture:09dd6770-9dcc-41a1-b2cf-fcf87d670d42",
      "geometry": {
        "type": "Point",
        "coordinates": [
          -83.6431,
          43.00366
        ]
      },
      "properties": {
        "name": "Happy Days Deli",
        "category": "Professional & Personal Services",
        "address": "3280 Lippincott Blvd, Burton, MI 48519-1022",
        "phone": "+18102657707"
      }
    },
    {
      "type": "Feature",
      "id": "overture:0ac2ebc2-30da-461a-8a02-03cacf502d8d",
      "geometry": {
        "type": "Point",
        "coordinates": [
          -83.64195324,
          42.97913129
        ]
      },
      "properties": {
        "name": "Landaal Packaging Systems",
        "category": "Professional & Personal Services",
        "address": "3256 Iron St, Burton, MI 48529-1425",
        "phone": "+18006166619",
        "website": "http://www.landaal.com/"
      }
    },
    {
      "type": "Feature",
      "id": "overture:0c85d1f2-4b2f-4f2c-8492-f989e79d628d",
      "geometry": {
        "type": "Point",
        "coordinates": [
          -83.665817,
          42.974009
        ]
      },
      "properties": {
        "name": "Shagtastic Carpet Cleaning",
        "category": "Professional & Personal Services",
        "address": "2181 E Whittemore Ave, Burton, MI 48529",
        "phone": "8103799096",
        "website": "http://www.shagtasticcarpetcleaning.com/"
      }
    },
    {
      "type": "Feature",
      "id": "overture:0ca4bc57-6c74-4747-9174-2dcb05fdc24d",
      "geometry": {
        "type": "Point",
        "coordinates": [
          -83.65992787,
          42.97495489
        ]
      },
      "properties": {
        "name": "Fisher Power Supply LLC",
        "category": "Automotive",
        "address": "2347 E Bristol Rd, Burton, MI 48529-1304",
        "phone": "+18102217181",
        "website": "http://www.Fisherdieselrebuilding.com/"
      }
    },
    {
      "type": "Feature",
      "id": "overture:0ca6a19c-9f49-4e75-a752-bb3471e2f493",
      "geometry": {
        "type": "Point",
        "coordinates": [
          -83.66761565208436,
          42.96032489933128
        ]
      },
      "properties": {
        "name": "Up To The Corner Ice Cream Shop",
        "category": "Dining",
        "address": "G-4549 Saginaw St, Burton, MI 48529",
        "phone": "+18105251891"
      }
    },
    {
      "type": "Feature",
      "id": "overture:0d5af2c4-9e14-4702-9123-b01cd3a62f78",
      "geometry": {
        "type": "Point",
        "coordinates": [
          -83.61575224,
          43.03383278
        ]
      },
      "properties": {
        "name": "David Hoist Financial Services",
        "category": "Financial",
        "address": "2025 N Genesee Rd, Burton, MI 48509-1258",
        "phone": "+18107428100",
        "website": "http://www.hoistfinancial.com"
      }
    },
    {
      "type": "Feature",
      "id": "overture:0d7bb355-0244-47cc-866d-b2ab83c7214d",
      "geometry": {
        "type": "Point",
        "coordinates": [
          -83.64302358,
          42.97461125
        ]
      },
      "properties": {
        "name": "Flint New Holland",
        "category": "Professional & Personal Services",
        "address": "3266 E Bristol Rd, Burton, MI 48529-1410",
        "phone": "+18107442030",
        "website": "https://www.flintnewhollandinc.com/"
      }
    },
    {
      "type": "Feature",
      "id": "overture:0d837511-57e5-4596-80d3-643592f80198",
      "geometry": {
        "type": "Point",
        "coordinates": [
          -83.62882534,
          43.0209067
        ]
      },
      "properties": {
        "name": "Burlington",
        "category": "Retail & Shopping",
        "address": "4153 E Court St, Burton, MI 48509-1717",
        "phone": "+18108808265",
        "website": "https://stores.burlington.com/mi/burton/1708/"
      }
    },
    {
      "type": "Feature",
      "id": "overture:0d953a19-6071-48c1-bb34-a148b62b090f",
      "geometry": {
        "type": "Point",
        "coordinates": [
          -83.59020901,
          43.03753808
        ]
      },
      "properties": {
        "name": "IMA Brookwood Golf Club",
        "category": "Arts & Entertainment",
        "address": "6045 Davison Rd, Burton, MI 48509-1606",
        "phone": "+18107424930",
        "website": "http://imarecreation.org"
      }
    },
    {
      "type": "Feature",
      "id": "overture:0dc4a0e7-defd-4d73-ada8-ca0b26b306e0",
      "geometry": {
        "type": "Point",
        "coordinates": [
          -83.6680126190186,
          42.9610079881199
        ]
      },
      "properties": {
        "name": "Napa Burton Auto Parts",
        "category": "Automotive",
        "address": "G4523 S Saginaw St, Burton, MI 48529",
        "phone": "8107431100"
      }
    },
    {
      "type": "Feature",
      "id": "overture:0e9c7836-5d71-4386-a7d9-225f82aba2f9",
      "geometry": {
        "type": "Point",
        "coordinates": [
          -83.67387587,
          42.97919923
        ]
      },
      "properties": {
        "name": "Wonderland Smoke Shop",
        "category": "Retail & Shopping",
        "address": "G3366 S Saginaw St, Burton, MI 48529-1236",
        "phone": "+18104078962",
        "website": "http://www.SmokeShopWonderland.com/"
      }
    },
    {
      "type": "Feature",
      "id": "overture:0ea01fa6-02e7-448d-8cf0-fc230bb26ab7",
      "geometry": {
        "type": "Point",
        "coordinates": [
          -83.66804782,
          42.96878413
        ]
      },
      "properties": {
        "name": "All About Docks and Hoist Company",
        "category": "Professional & Personal Services",
        "address": "2121 E Schumacher Ave, Burton, MI 48529-2437",
        "phone": "+18102215327",
        "website": "https://g.co/kgs/mqvCKs"
      }
    },
    {
      "type": "Feature",
      "id": "overture:0edf1d57-ab47-4a8d-88dd-818ed574230b",
      "geometry": {
        "type": "Point",
        "coordinates": [
          -83.600583,
          43.022977
        ]
      },
      "properties": {
        "name": "Regal Nails, Salon & Spa",
        "category": "Professional & Personal Services",
        "address": "5323 E COURT ST N, Burton, MI 48509"
      }
    },
    {
      "type": "Feature",
      "id": "overture:0f2a8dcf-33fc-4254-a648-f6dc10d924ec",
      "geometry": {
        "type": "Point",
        "coordinates": [
          -83.59387234,
          43.0345283
        ]
      },
      "properties": {
        "name": "First Tee Eastern Michigan",
        "category": "Professional & Personal Services",
        "address": "6045 Davison Rd, Burton, MI 48509-1606",
        "phone": "+18102497060",
        "website": "http://www.firstteeeasternmichigan.org/"
      }
    },
    {
      "type": "Feature",
      "id": "overture:0f329da0-d579-4c84-879f-a99b944e9027",
      "geometry": {
        "type": "Point",
        "coordinates": [
          -83.653001,
          42.988387
        ]
      },
      "properties": {
        "name": "H&R Block Tax Preparation Office",
        "category": "Financial",
        "address": "G3021 S Dort Hwy, Burton, MI 48529",
        "website": "https://www.hrblock.com/tax-office-near-me/michigan/burton/20982/"
      }
    },
    {
      "type": "Feature",
      "id": "overture:0f9ed449-a204-48a3-b26c-0c03d10a66bc",
      "geometry": {
        "type": "Point",
        "coordinates": [
          -83.63516025,
          43.03283827
        ]
      },
      "properties": {
        "name": "Marathon Gas",
        "category": "Automotive",
        "address": "4012 Davison Rd, Burton, MI 48509-1457",
        "phone": "+18104229818",
        "website": "http://www.marathon.com"
      }
    },
    {
      "type": "Feature",
      "id": "overture:0fb01ae9-75f2-4a48-adcc-28262ebcccce",
      "geometry": {
        "type": "Point",
        "coordinates": [
          -83.63425814,
          42.99098791
        ]
      },
      "properties": {
        "name": "LADS",
        "category": "Professional & Personal Services",
        "address": "2468 S Center Rd, Burton, MI 48519-1152",
        "phone": "+18108207286",
        "website": "http://www.ladsdrugtesting.com/"
      }
    },
    {
      "type": "Feature",
      "id": "overture:0fb4c38f-484b-4706-aaef-e9762fa82482",
      "geometry": {
        "type": "Point",
        "coordinates": [
          -83.63498386,
          43.03254997
        ]
      },
      "properties": {
        "name": "Starlite Diner & Coney Island",
        "category": "Dining",
        "address": "1500 N Center Rd, Burton, MI 48509-1430",
        "phone": "+18107424955",
        "website": "http://www.starlite1966.com/"
      }
    },
    {
      "type": "Feature",
      "id": "overture:0fb7abd5-061d-4909-9090-bb10ca760928",
      "geometry": {
        "type": "Point",
        "coordinates": [
          -83.67225693,
          42.97356115
        ]
      },
      "properties": {
        "name": "A & M Transmission Wizard",
        "category": "Automotive",
        "address": "G4031 S Saginaw St, Burton, MI 48529-1647",
        "phone": "+18107431240",
        "website": "http://amtransmissionwizards.com/"
      }
    },
    {
      "type": "Feature",
      "id": "overture:101e677e-2c83-4b5e-80e7-85085e502184",
      "geometry": {
        "type": "Point",
        "coordinates": [
          -83.607775,
          42.966656
        ]
      },
      "properties": {
        "name": "Caring Transitions",
        "category": "Professional & Personal Services",
        "address": "4308 Meadows Ave, Grand Blanc, MI 48439",
        "phone": "8107422154",
        "website": "http://www.caringtransitions.net/"
      }
    },
    {
      "type": "Feature",
      "id": "overture:1021573f-7749-4070-a3df-9682f953c8fa",
      "geometry": {
        "type": "Point",
        "coordinates": [
          -83.6659456,
          42.9771264
        ]
      },
      "properties": {
        "name": "Junk Eliminators",
        "category": "Professional & Personal Services",
        "address": "3443 Columbine Ave, Burton, MI 48529",
        "phone": "5862607160"
      }
    },
    {
      "type": "Feature",
      "id": "overture:118f7ab5-045a-455a-9696-e27c48ce7f55",
      "geometry": {
        "type": "Point",
        "coordinates": [
          -83.63254391,
          42.96114739
        ]
      },
      "properties": {
        "name": "Forr Chiropractic Clinic",
        "category": "Health & Medical",
        "address": "4499 S Center Rd, Burton, MI 48519-1417",
        "phone": "+18107438033",
        "website": "http://www.chirouk.com"
      }
    },
    {
      "type": "Feature",
      "id": "overture:11c55467-23d4-4b5b-8f5f-5d3ea25bac6e",
      "geometry": {
        "type": "Point",
        "coordinates": [
          -83.6326337,
          42.97261875
        ]
      },
      "properties": {
        "name": "Law Office of Patrick L. Chatterton",
        "category": "Professional & Personal Services",
        "address": "4085 S Center Rd, Burton, MI 48519-1957",
        "phone": "+18107670407",
        "website": "https://www.chattertonlaw.com/"
      }
    },
    {
      "type": "Feature",
      "id": "overture:11e3edd9-9488-493f-b913-9cd36630e4a3",
      "geometry": {
        "type": "Point",
        "coordinates": [
          -83.65332544,
          42.97975785
        ]
      },
      "properties": {
        "name": "Mid Michigan Metal Sales",
        "category": "Retail & Shopping",
        "address": "G3336 S Dort Hwy, Burton, MI 48529-1447",
        "phone": "+18107440344",
        "website": "https://www.midmichiganmetalsales.com/"
      }
    },
    {
      "type": "Feature",
      "id": "overture:11ede11e-110d-4cfa-89f2-3d966bc26d09",
      "geometry": {
        "type": "Point",
        "coordinates": [
          -83.64230094,
          42.98176102
        ]
      },
      "properties": {
        "name": "Anchor Community Free Will Baptist Church",
        "category": "Faith",
        "address": "3284 E Hemphill Rd, Burton, MI 48529-1435",
        "phone": "+18107430930"
      }
    },
    {
      "type": "Feature",
      "id": "overture:11f9c7b0-a8a3-4b5b-907d-a0afa52eab66",
      "geometry": {
        "type": "Point",
        "coordinates": [
          -83.63403694993777,
          43.004910455617896
        ]
      },
      "properties": {
        "name": "Renaissance Chiropractic",
        "category": "Health & Medical",
        "address": "1501 S Center Rd Bldg A, Burton, MI 48509",
        "phone": "(810) 715-7746",
        "website": "https://www.chirorenaissance.com"
      }
    },
    {
      "type": "Feature",
      "id": "overture:122dbffb-cf32-47d1-a409-ddb2e9b82375",
      "geometry": {
        "type": "Point",
        "coordinates": [
          -83.62968542,
          43.01658374
        ]
      },
      "properties": {
        "name": "Jackson Hewitt Tax Service",
        "category": "Financial",
        "address": "4190 E Court St, Burton, MI 48509-1732",
        "phone": "+18107363337",
        "website": "https://office.jacksonhewitt.com/tax-preparation-services-locations/en/mi/burton/4190-east-court-st/11028?utm_source=facebook&utm_medium=local&utm_campaign=localmaps&utm_content=11028"
      }
    },
    {
      "type": "Feature",
      "id": "overture:122dd341-61fa-4186-a541-86f8ffc731a6",
      "geometry": {
        "type": "Point",
        "coordinates": [
          -83.63286456,
          42.97745062
        ]
      },
      "properties": {
        "name": "Bundschuh Landscape Center",
        "category": "Professional & Personal Services",
        "address": "3425 S Center Rd, Burton, MI 48519-1455",
        "phone": "+18107436941",
        "website": "http://www.blclandscape.com/"
      }
    },
    {
      "type": "Feature",
      "id": "overture:129152df-90fc-4314-bf48-f595a0689e6d",
      "geometry": {
        "type": "Point",
        "coordinates": [
          -83.665886,
          42.974681
        ]
      },
      "properties": {
        "name": "Western Union",
        "category": "Financial",
        "address": "2185 E Bristol Rd, Burton, MI 48529",
        "phone": "8107441509",
        "website": "http://locations.westernunion.com/us/mi/burton/62307060630d7e1469e9c8ab794f51a0?utm_source=bing&utm_medium=distrib&utm_campaign=bing-distrib"
      }
    },
    {
      "type": "Feature",
      "id": "overture:12aeb294-1df2-46ea-8fc0-cf813e5a7fd4",
      "geometry": {
        "type": "Point",
        "coordinates": [
          -83.670594,
          42.974599
        ]
      },
      "properties": {
        "name": "Bristolwood Barber Shop",
        "category": "Professional & Personal Services",
        "address": "2057 E Bristol Rd, Burton, MI 48529-1318",
        "phone": "+18107429008",
        "website": "http://bristolwood.net"
      }
    },
    {
      "type": "Feature",
      "id": "overture:12d316b9-0242-40e8-a498-349272c685c6",
      "geometry": {
        "type": "Point",
        "coordinates": [
          -83.63451286,
          43.01169609
        ]
      },
      "properties": {
        "name": "CenterPoint Child Care",
        "category": "Education",
        "address": "1225 S Center Rd, Burton, MI 48509-1723",
        "phone": "+18107430252",
        "website": "https://centerpointflint.com/home/centerpoint-childcare-center/"
      }
    },
    {
      "type": "Feature",
      "id": "overture:12f03f3e-4142-4662-9955-a10573008b07",
      "geometry": {
        "type": "Point",
        "coordinates": [
          -83.634005,
          42.9962417
        ]
      },
      "properties": {
        "name": "Burton Place",
        "category": "Professional & Personal Services",
        "address": "2287 S Center Rd, Burton, MI 48519",
        "phone": "8107422030",
        "website": "https://www.burtonplaceapts.com/"
      }
    },
    {
      "type": "Feature",
      "id": "overture:1310fd63-9af4-4930-ba49-eb36f50c3e72",
      "geometry": {
        "type": "Point",
        "coordinates": [
          -83.594136,
          43.01048
        ]
      },
      "properties": {
        "name": "Western Union",
        "category": "Financial",
        "address": "6026 Lapeer Rd, Burton, MI 48509",
        "phone": "8107423010",
        "website": "http://locations.westernunion.com/us/mi/burton/015be293a6cec16f4f78c8e504640a06?utm_source=bing&utm_medium=distrib&utm_campaign=bing-distrib"
      }
    },
    {
      "type": "Feature",
      "id": "overture:132427fc-c865-4c38-aa19-22eb4ee82695",
      "geometry": {
        "type": "Point",
        "coordinates": [
          -83.60890456,
          43.02004896
        ]
      },
      "properties": {
        "name": "Shale's Case Management",
        "category": "Health & Medical",
        "address": "5161 E Court St N, Burton, MI 48509-1543",
        "phone": "+18106526383",
        "website": "http://Shalescasemanagment.com/"
      }
    },
    {
      "type": "Feature",
      "id": "overture:132b53c0-898c-4cfb-8677-657c97a53aa3",
      "geometry": {
        "type": "Point",
        "coordinates": [
          -83.63350992,
          43.0051709
        ]
      },
      "properties": {
        "name": "Moon Jr William H DDS",
        "category": "Health & Medical",
        "address": "1481 S Center Rd, Burton, MI 48509-1779",
        "phone": "+18107442982",
        "website": "http://moonjrwilliamhdds.placeweb.site"
      }
    },
    {
      "type": "Feature",
      "id": "overture:1334716c-5c12-4198-8561-c08d3236940c",
      "geometry": {
        "type": "Point",
        "coordinates": [
          -83.6317223,
          43.0193844
        ]
      },
      "properties": {
        "name": "Spirit Halloween",
        "category": "Retail & Shopping",
        "address": "4095 E Court St, Burton, MI 48509-1715",
        "phone": "18557042669",
        "website": "https://www.spirithalloween.com"
      }
    },
    {
      "type": "Feature",
      "id": "overture:136c3c02-bf25-4a66-af95-bb3d60f1c72c",
      "geometry": {
        "type": "Point",
        "coordinates": [
          -83.63384908,
          43.01274694
        ]
      },
      "properties": {
        "name": "Alexus Samone Phase II",
        "category": "Professional & Personal Services",
        "address": "1235 S Center Rd, Burton, MI 48509-1700",
        "phone": "+18107205111",
        "website": "http://businessfinder.mlive.com/alexus-samone-phase-ii-flint-mi.html"
      }
    },
    {
      "type": "Feature",
      "id": "overture:13bfcf02-bef1-46b5-bcf8-c39d4ab9e043",
      "geometry": {
        "type": "Point",
        "coordinates": [
          -83.67944663,
          42.97373446
        ]
      },
      "properties": {
        "name": "Chip's Shrimp and Fish Shack",
        "category": "Professional & Personal Services",
        "address": "1352 E Bristol Rd, Burton, MI 48529-2212",
        "phone": "+18107433336",
        "website": "https://chipsshrimpandfishshack.com"
      }
    },
    {
      "type": "Feature",
      "id": "overture:1457db2d-46d4-42db-8693-90c54fe1a4e1",
      "geometry": {
        "type": "Point",
        "coordinates": [
          -83.6346017,
          43.0104927
        ]
      },
      "properties": {
        "name": "Center Crossing - GameStop",
        "category": "Retail & Shopping",
        "address": "1295 S Center Rd Ste 104, Burton, MI 48509",
        "phone": "8107150308",
        "website": "https://www.gamestop.com/store/us/mi/burton/4829/center-crossing-gamestop"
      }
    },
    {
      "type": "Feature",
      "id": "overture:1458f4e7-730a-41f4-b193-13d210f4822c",
      "geometry": {
        "type": "Point",
        "coordinates": [
          -83.594114,
          43.012976
        ]
      },
      "properties": {
        "name": "Bentley Community Schools",
        "category": "Education",
        "address": "1223 S Belsay Rd, Burton, MI 48509-1917",
        "phone": "+18105919100",
        "website": "http://www.bentleyschools.org"
      }
    },
    {
      "type": "Feature",
      "id": "overture:14647b67-b40f-496b-8f51-faca942af21d",
      "geometry": {
        "type": "Point",
        "coordinates": [
          -83.5967036,
          43.0336152
        ]
      },
      "properties": {
        "name": "Snap Fitness",
        "category": "Arts & Entertainment",
        "address": "5515 Davison Rd Ste 10, Burton, MI 48509",
        "phone": "8102136724",
        "website": "http://www.snapfitness.com/gyms/burton-mi-48509/2087"
      }
    },
    {
      "type": "Feature",
      "id": "overture:14742239-c9c6-4f68-a0b8-aaff96327e6e",
      "geometry": {
        "type": "Point",
        "coordinates": [
          -83.595704,
          43.011568
        ]
      },
      "properties": {
        "name": "June's Floral Company",
        "category": "Retail & Shopping",
        "address": "7517 N Dort Hwy, Mount Morris, MI 48458",
        "phone": "8106864950",
        "website": "https://www.junesfloralcompany.com/"
      }
    },
    {
      "type": "Feature",
      "id": "overture:15fe8b3a-0ec0-4fe1-8b8f-2d1005b6a109",
      "geometry": {
        "type": "Point",
        "coordinates": [
          -83.65220308423854,
          42.966548439624106
        ]
      },
      "properties": {
        "name": "AmeriGas Propane",
        "category": "Automotive",
        "address": "G4283 S Dort Hwy, Burton, MI 48529",
        "phone": "(800) 896-3704",
        "website": "https://www.amerigas.com/locations/propane-offices/michigan/burton/g4283-south-dort-hwy"
      }
    },
    {
      "type": "Feature",
      "id": "overture:163f4b24-6e32-40a5-bf24-1a7731d4e678",
      "geometry": {
        "type": "Point",
        "coordinates": [
          -83.61735028,
          43.01852148
        ]
      },
      "properties": {
        "name": "Faithful Pillars llc",
        "category": "Professional & Personal Services",
        "address": "4466 E Court St, Burton, MI 48509-1818",
        "phone": "+18103480093",
        "website": "https://youtube.com/@faithfullpillars?si=HkB_Hi_pkH5RqfZ6"
      }
    },
    {
      "type": "Feature",
      "id": "overture:16f92732-1410-4469-8e1d-ab53477f32a8",
      "geometry": {
        "type": "Point",
        "coordinates": [
          -83.59792139,
          43.02396662
        ]
      },
      "properties": {
        "name": "Phantom Fireworks Tent",
        "category": "Professional & Personal Services",
        "address": "1145 N Belsay Rd, Burton, MI 48509-1653",
        "phone": "+13305590776"
      }
    },
    {
      "type": "Feature",
      "id": "overture:17354916-8bf0-41b5-a07f-fa445fab8145",
      "geometry": {
        "type": "Point",
        "coordinates": [
          -83.68346766,
          42.97755465
        ]
      },
      "properties": {
        "name": "Baker Park Library",
        "category": "Community Services",
        "address": "G3410 S Grand Traverse St, Burton, MI 48529-1150",
        "phone": "+18107427860",
        "website": "http://www.thegdl.org/branches/bp"
      }
    },
    {
      "type": "Feature",
      "id": "overture:178700d2-62ee-48a7-b7d7-f06d28d12cc5",
      "geometry": {
        "type": "Point",
        "coordinates": [
          -83.68578964,
          42.97482961
        ]
      },
      "properties": {
        "name": "Scrub-A-Dub Car Wash",
        "category": "Automotive",
        "address": "1191 E Bristol Rd, Burton, MI 48529-1128",
        "phone": "+18102398877",
        "website": "http://www.scrubadubcarwashes.com/"
      }
    },
    {
      "type": "Feature",
      "id": "overture:17c91df2-1c07-4f8f-bda9-493600f18230",
      "geometry": {
        "type": "Point",
        "coordinates": [
          -83.63218317,
          43.01762004
        ]
      },
      "properties": {
        "name": "Dollar and Party Supplies",
        "category": "Professional & Personal Services",
        "address": "4190 E Court St, Burton, MI 48509-1732",
        "phone": "+18107441525",
        "website": "http://www.midmichiganexporting.com/"
      }
    },
    {
      "type": "Feature",
      "id": "overture:184eebc5-cc2b-497d-a0c7-c5a6aa1d7bde",
      "geometry": {
        "type": "Point",
        "coordinates": [
          -83.6189699,
          42.989333
        ]
      },
      "properties": {
        "name": "Dave's Small Engine Repair",
        "category": "Professional & Personal Services",
        "address": "4394 E Atherton Rd, Burton mi, MI 48519",
        "phone": "2489815547"
      }
    },
    {
      "type": "Feature",
      "id": "overture:185c9a22-db31-4f83-ba9b-c0f12ec2cab4",
      "geometry": {
        "type": "Point",
        "coordinates": [
          -83.6522986,
          42.9679961
        ]
      },
      "properties": {
        "name": "Chemco",
        "category": "Professional & Personal Services",
        "address": "G4247 South Dort Highway Ste 2, Burton, MI 48529",
        "phone": "8107422260",
        "website": "http://www.chemcopool.com/"
      }
    },
    {
      "type": "Feature",
      "id": "overture:190e2bce-7134-4941-a165-2bf1c7c71c62",
      "geometry": {
        "type": "Point",
        "coordinates": [
          -83.62652753,
          43.01592009
        ]
      },
      "properties": {
        "name": "America's Most Wanted 4X4",
        "category": "Automotive",
        "address": "4274 E Court St, Burton, MI 48509-1816",
        "phone": "+18102666262",
        "website": "https://bit.ly/m/AMW4x4"
      }
    },
    {
      "type": "Feature",
      "id": "overture:19164c61-eae7-45b4-ab27-5fba47295775",
      "geometry": {
        "type": "Point",
        "coordinates": [
          -83.63091692,
          42.99377354
        ]
      },
      "properties": {
        "name": "Lee Nails",
        "category": "Professional & Personal Services",
        "address": "2333 S Center Rd, Burton, MI 48519-1147",
        "phone": "+18107428141",
        "website": "http://www.bestleenails.com"
      }
    },
    {
      "type": "Feature",
      "id": "overture:191897c3-090c-4644-8f80-5060489c5689",
      "geometry": {
        "type": "Point",
        "coordinates": [
          -83.59478,
          43.01585
        ]
      },
      "properties": {
        "name": "Krispy Krunchy Chicken & Classic Burgers",
        "category": "Dining",
        "address": "1117 S Belsay Rd, Burton, MI 48509-1915",
        "phone": "+18107435218",
        "website": "http://www.krispykrunchy.com/"
      }
    },
    {
      "type": "Feature",
      "id": "overture:197c48e3-aab7-43a9-9039-80e6ad7a6fce",
      "geometry": {
        "type": "Point",
        "coordinates": [
          -83.59669273,
          43.03423884
        ]
      },
      "properties": {
        "name": "Pivot Point Martial Arts",
        "category": "Arts & Entertainment",
        "address": "5515 Davison Rd, Burton, MI 48509-1555",
        "phone": "+18109082659",
        "website": "http://PivotPointFamily.com/"
      }
    },
    {
      "type": "Feature",
      "id": "overture:1990140c-7646-4e44-a729-4099d3270829",
      "geometry": {
        "type": "Point",
        "coordinates": [
          -83.6393235,
          43.0039302
        ]
      },
      "properties": {
        "name": "Tarik's Market",
        "category": "Retail & Shopping",
        "address": "3386 Lippincott Blvd, Burton, MI 48519-1073",
        "phone": "+18107425320",
        "website": "http://tariksmarket.placeweb.site/"
      }
    },
    {
      "type": "Feature",
      "id": "overture:19995440-24db-4a9a-8265-90abb3d882c9",
      "geometry": {
        "type": "Point",
        "coordinates": [
          -83.633327,
          42.989882
        ]
      },
      "properties": {
        "name": "Magpie",
        "category": "Automotive",
        "address": "4013 E Atherton Rd, Burton, MI 48519-1433",
        "phone": "+18107434580",
        "website": "http://www.magpieoilchange.com/"
      }
    },
    {
      "type": "Feature",
      "id": "overture:19d447e5-2828-4789-a681-cb44d0275ad8",
      "geometry": {
        "type": "Point",
        "coordinates": [
          -83.63255173,
          42.9610058
        ]
      },
      "properties": {
        "name": "Gardin Of Beauty",
        "category": "Professional & Personal Services",
        "address": "4499 S Center Rd, Burton, MI 48519-1417",
        "phone": "+18102697370"
      }
    },
    {
      "type": "Feature",
      "id": "overture:19f3108c-effc-4a00-ba97-ec4493f88115",
      "geometry": {
        "type": "Point",
        "coordinates": [
          -83.65359508,
          42.97874762
        ]
      },
      "properties": {
        "name": "Super Inn",
        "category": "Lodging",
        "address": "G3370 S Dort Hwy, Burton, MI 48529-1418",
        "phone": "+18107434100",
        "website": "http://www.superpages.com/bp/burton-mi/super-inn-L0106093096.htm"
      }
    },
    {
      "type": "Feature",
      "id": "overture:1a3214c2-d742-4420-8f54-b4227551b3be",
      "geometry": {
        "type": "Point",
        "coordinates": [
          -83.6344916392348,
          42.99661361720663
        ]
      },
      "properties": {
        "name": "Safelite AutoGlass",
        "category": "Automotive",
        "address": "2268 S Center Rd, Burton, MI 48519",
        "phone": "(888) 843-2798",
        "website": "https://ad.doubleclick.net/ddm/clk/318369418;146857522;s"
      }
    },
    {
      "type": "Feature",
      "id": "overture:1ad029d6-413d-4cea-9e26-a5ce49c9fdf0",
      "geometry": {
        "type": "Point",
        "coordinates": [
          -83.59661346,
          43.03433872
        ]
      },
      "properties": {
        "name": "RENU Studio",
        "category": "Health & Medical",
        "address": "5515 Davison Rd, Burton, MI 48509-1555",
        "phone": "+18103371143",
        "website": "http://www.renuyourwellness.com/"
      }
    },
    {
      "type": "Feature",
      "id": "overture:1ad06ae6-2249-4b12-a427-d3c1f996cc6b",
      "geometry": {
        "type": "Point",
        "coordinates": [
          -83.63941,
          42.98917
        ]
      },
      "properties": {
        "name": "WIlson Auto Body",
        "category": "Automotive",
        "address": "3374 E Atherton Rd, Burton, MI 48529-1008",
        "phone": "+18104237355",
        "website": "http://Www.wilsonautobody.com/"
      }
    },
    {
      "type": "Feature",
      "id": "overture:1af19c50-3b80-4458-85e9-6dd4ac9124f7",
      "geometry": {
        "type": "Point",
        "coordinates": [
          -83.67182234,
          42.97060832
        ]
      },
      "properties": {
        "name": "Dairy Queen Grill & Chill",
        "category": "Dining",
        "address": "G4145 S Saginaw St, Burton, MI 48529-1641",
        "phone": "+18107443590",
        "website": "https://www.dairyqueen.com/en-us/locations/mi/burton/g4145-s-saginaw-st/293/?utm_source=organic&utm_campaign=yext%2F&y_source=1_MTAyNTE1NzU4My01NTktbG9jYXRpb24ud2Vic2l0ZQ%3D%3D"
      }
    },
    {
      "type": "Feature",
      "id": "overture:1aff9395-5480-4203-aaba-aa7f9373c76f",
      "geometry": {
        "type": "Point",
        "coordinates": [
          -83.652474,
          42.977199
        ]
      },
      "properties": {
        "name": "Affordable Tires And Wheels",
        "category": "Automotive",
        "address": "3437 S Dort Hwy, Burton, MI 48529",
        "phone": "(810) 410-4700",
        "website": "http://affordablewheelsandtires-hub.com"
      }
    },
    {
      "type": "Feature",
      "id": "overture:1bc1febc-d5a9-4a69-80c5-86e0e52b89e1",
      "geometry": {
        "type": "Point",
        "coordinates": [
          -83.67768936,
          42.98146996
        ]
      },
      "properties": {
        "name": "Soothing Tunes Room",
        "category": "Professional & Personal Services",
        "address": "1408 W Hemphill Rd, Burton, MI 48507-23ND",
        "phone": "+18104225789"
      }
    },
    {
      "type": "Feature",
      "id": "overture:1be5e08d-5e26-4aed-b3d4-ab56b8157771",
      "geometry": {
        "type": "Point",
        "coordinates": [
          -83.59734,
          42.99782
        ]
      },
      "properties": {
        "name": "The Post Diner",
        "category": "Dining",
        "address": "2260 S Belsay Rd, Burton, MI 48519-1214",
        "phone": "+18107434138"
      }
    },
    {
      "type": "Feature",
      "id": "overture:1ca9d7b5-0223-47f2-9fdd-88ebd8889691",
      "geometry": {
        "type": "Point",
        "coordinates": [
          -83.63534,
          42.99321
        ]
      },
      "properties": {
        "name": "Baby Cafe of Genesee County",
        "category": "Dining",
        "address": "2400 Clarice Ave, Burton, MI 48519-1011",
        "phone": "+18102355613",
        "website": "http://www.bcusa.dreamhosters.com/index.php?option=com_babycafe&task=view&ID=676"
      }
    },
    {
      "type": "Feature",
      "id": "overture:1d15a5c2-f3e3-4a86-ab65-d7ed0fd36142",
      "geometry": {
        "type": "Point",
        "coordinates": [
          -83.63439160098544,
          42.99423093614544
        ]
      },
      "properties": {
        "name": "AT&T Authorized Retailer Burton - Center Rd.",
        "category": "Retail & Shopping",
        "address": "2350 S Center Rd, Burton, MI 48519-1165",
        "phone": "+18107433151",
        "website": "https://www.att.com/stores/michigan/burton/103247"
      }
    },
    {
      "type": "Feature",
      "id": "overture:1d26f376-519c-4868-a484-90ab2d6cedee",
      "geometry": {
        "type": "Point",
        "coordinates": [
          -83.6536475801293,
          42.974295421513176
        ]
      },
      "properties": {
        "name": "Dort Hwy Dispo",
        "category": "Retail & Shopping",
        "address": "2512 E Bristol Rd, Burton, MI 48529",
        "phone": "(810) 337-1420",
        "website": "https://dorthwydispo.com"
      }
    },
    {
      "type": "Feature",
      "id": "overture:1db5603d-ac89-403d-a5de-b67ac285c8b8",
      "geometry": {
        "type": "Point",
        "coordinates": [
          -83.67236244,
          42.96971407
        ]
      },
      "properties": {
        "name": "Trio Paint Inc.",
        "category": "Retail & Shopping",
        "address": "G4172 S Saginaw St, Burton, MI 48529-1650",
        "phone": "+18107425491",
        "website": "http://triopaint.com/"
      }
    },
    {
      "type": "Feature",
      "id": "overture:1e58ec9a-d5a8-4009-a6b8-a2c721ccdee9",
      "geometry": {
        "type": "Point",
        "coordinates": [
          -83.61456,
          43.01929
        ]
      },
      "properties": {
        "name": "Kamae Karate-Do",
        "category": "Arts & Entertainment",
        "address": "4545 E Court St, Burton, MI 48509"
      }
    },
    {
      "type": "Feature",
      "id": "overture:1e85851d-f00e-4415-b8b2-aad05cc9adae",
      "geometry": {
        "type": "Point",
        "coordinates": [
          -83.598087008533,
          43.02235574077537
        ]
      },
      "properties": {
        "name": "Flint Area School Employee Credit Union",
        "category": "Financial",
        "address": "5399 E Court St., Burton, MI 48509",
        "phone": "(810) 720-8300",
        "website": "http://www.sovitacu.org"
      }
    },
    {
      "type": "Feature",
      "id": "overture:1e9fd9d4-6349-4146-9a07-842b61db8ff8",
      "geometry": {
        "type": "Point",
        "coordinates": [
          -83.63299992172698,
          43.01916390029384
        ]
      },
      "properties": {
        "name": "Bigfoot Wellness",
        "category": "Health & Medical",
        "address": "4045 E Court St, Burton, MI 48509",
        "phone": "(810) 744-0998",
        "website": "http://bigfootwellnessmi.com"
      }
    },
    {
      "type": "Feature",
      "id": "overture:1ebb90f2-aec3-4c23-85be-db2757da59af",
      "geometry": {
        "type": "Point",
        "coordinates": [
          -83.69260421,
          42.97252681
        ]
      },
      "properties": {
        "name": "Lisa's Lone Pine",
        "category": "Dining",
        "address": "4061 Fenton Rd, Burton, MI 48529-1502",
        "phone": "+18107671460",
        "website": "https://www.groupon.com/biz/burton-mi/lisas-lone-pine"
      }
    },
    {
      "type": "Feature",
      "id": "overture:1fa49148-b4ea-432d-8ca7-5924d15a5b3a",
      "geometry": {
        "type": "Point",
        "coordinates": [
          -83.63342064,
          43.00521262
        ]
      },
      "properties": {
        "name": "Burton Family Dentistry",
        "category": "Health & Medical",
        "address": "1481 S Center Rd, Burton, MI 48509-1779",
        "phone": "+18107442982",
        "website": "https://www.burtonfamilydentist.com/"
      }
    },
    {
      "type": "Feature",
      "id": "overture:1fb05a49-be71-47d4-9fc1-efc26c4f36fa",
      "geometry": {
        "type": "Point",
        "coordinates": [
          -83.59548400027832,
          43.0106932523944
        ]
      },
      "properties": {
        "name": "J&S Scotti’s Coney Island",
        "category": "Dining",
        "address": "5522 Lapeer Rd, Burton, MI 48509",
        "phone": "(810) 743-1212",
        "website": "http://scottis-coney-island.poi.place"
      }
    },
    {
      "type": "Feature",
      "id": "overture:1fbc4cda-d15a-41a0-ad43-008edbd19384",
      "geometry": {
        "type": "Point",
        "coordinates": [
          -83.6223850185,
          42.9741944875
        ]
      },
      "properties": {
        "name": "Grand Blanc Moose Lodge Poker Room",
        "category": "Arts & Entertainment",
        "address": "4043 Howe Rd, Burton, MI 48439-7908",
        "phone": "+18105533570",
        "website": "http://www.mooseintl.org/"
      }
    },
    {
      "type": "Feature",
      "id": "overture:1fc6e632-a221-4d8e-bec5-abb6344096f0",
      "geometry": {
        "type": "Point",
        "coordinates": [
          -83.67819759507395,
          42.97414571004036
        ]
      },
      "properties": {
        "name": "Benito's Pizza",
        "category": "Dining",
        "address": "1384 E Bristol Rd, Burton, MI 48529",
        "phone": "(810) 715-4400",
        "website": "http://www.benitospizza.com/"
      }
    },
    {
      "type": "Feature",
      "id": "overture:2019114a-030d-4985-8abf-ee97c5513500",
      "geometry": {
        "type": "Point",
        "coordinates": [
          -83.636505280308,
          42.973758575919
        ]
      },
      "properties": {
        "name": "Burton Digital Printing",
        "category": "Professional & Personal Services",
        "address": "G 4270 Saginaw St, Burton, MI 48529",
        "phone": "+18107423210",
        "website": "https://burtonprinting.com/"
      }
    },
    {
      "type": "Feature",
      "id": "overture:20363e70-906b-489d-9ca7-c718bd047268",
      "geometry": {
        "type": "Point",
        "coordinates": [
          -83.6315446,
          43.0178198
        ]
      },
      "properties": {
        "name": "Jcpenney",
        "category": "Retail & Shopping",
        "address": "4190 E Court St  Ste 500, Burton, MI 48509-1761",
        "phone": "18102759178",
        "website": "https://www.jcpenney.com"
      }
    },
    {
      "type": "Feature",
      "id": "overture:20d60934-de99-42a5-b92b-fb5a8242e063",
      "geometry": {
        "type": "Point",
        "coordinates": [
          -83.6776240487574,
          42.98138879507911
        ]
      },
      "properties": {
        "name": "Pachyderm",
        "category": "Professional & Personal Services",
        "address": "G1408 E Hemphill Rd, Burton, MI 48529",
        "phone": "(810) 744-4960"
      }
    },
    {
      "type": "Feature",
      "id": "overture:2252dd69-d40c-46d6-9597-a3cf379aabec",
      "geometry": {
        "type": "Point",
        "coordinates": [
          -83.62610403,
          43.03353992
        ]
      },
      "properties": {
        "name": "All Trinkets and Treasures",
        "category": "Professional & Personal Services",
        "address": "4251 Davison Rd, Burton, MI 48509-1450",
        "phone": "+18107422650",
        "website": "http://www.alltrinkets.com/"
      }
    },
    {
      "type": "Feature",
      "id": "overture:2253bd2b-fa77-4d2d-b3e6-212fb88bbf7e",
      "geometry": {
        "type": "Point",
        "coordinates": [
          -83.6354,
          42.991
        ]
      },
      "properties": {
        "name": "Burton Auto Plaza",
        "category": "Automotive",
        "address": "47396 Burton Dr, Burton, MI 48503",
        "phone": "+18103089066"
      }
    },
    {
      "type": "Feature",
      "id": "overture:230f0cce-ed76-47c1-adb2-6c0944e29350",
      "geometry": {
        "type": "Point",
        "coordinates": [
          -83.63410755168411,
          43.01915331401955
        ]
      },
      "properties": {
        "name": "Cold Stone Creamery",
        "category": "Dining",
        "address": "4025 E Court St, Burton, MI 48509",
        "phone": "(810) 742-3722",
        "website": "http://www.coldstonecreamery.com/stores/23254"
      }
    },
    {
      "type": "Feature",
      "id": "overture:23227074-7fc6-4dc2-9784-89001885c4bd",
      "geometry": {
        "type": "Point",
        "coordinates": [
          -83.62606781,
          43.03335955
        ]
      },
      "properties": {
        "name": "The Yoga Path",
        "category": "Professional & Personal Services",
        "address": "4251 Davison Rd, Burton, MI 48509-1450",
        "phone": "+18109199642",
        "website": "http://theyogapath.org/"
      }
    },
    {
      "type": "Feature",
      "id": "overture:233474e1-3467-4e7b-af93-e5acfc9c92b9",
      "geometry": {
        "type": "Point",
        "coordinates": [
          -83.5946409,
          43.0269569
        ]
      },
      "properties": {
        "name": "Musselman Tax Service",
        "category": "Financial",
        "address": "1284 N Belsay Rd, Burton, MI 48509",
        "phone": "8107361667",
        "website": "https://musselmantax.com/"
      }
    },
    {
      "type": "Feature",
      "id": "overture:23f7d96f-e9e5-4190-925e-b05c5d331c8e",
      "geometry": {
        "type": "Point",
        "coordinates": [
          -83.65678182,
          42.96768974
        ]
      },
      "properties": {
        "name": "Antcliff Windows and Doors",
        "category": "Professional & Personal Services",
        "address": "2417 E Judd Rd, Burton, MI 48529-2456",
        "phone": "+18107425963",
        "website": "https://antcliffwindows.com/"
      }
    },
    {
      "type": "Feature",
      "id": "overture:244c0d13-33da-444b-8c28-b9e08ffb86bb",
      "geometry": {
        "type": "Point",
        "coordinates": [
          -83.5993409321251,
          43.0204526966524
        ]
      },
      "properties": {
        "name": "Walmart Pharmacy",
        "category": "Health & Medical",
        "address": "5323 E Court St N, Burton, MI 48509",
        "phone": "(810) 744-2984",
        "website": "https://www.walmart.com/store/2273-burton-mi"
      }
    },
    {
      "type": "Feature",
      "id": "overture:247fcabc-0d53-44be-a136-fa993c320d00",
      "geometry": {
        "type": "Point",
        "coordinates": [
          -83.66834,
          42.981407
        ]
      },
      "properties": {
        "name": "Armor Tough Coatings",
        "category": "Retail & Shopping",
        "address": "2130 E Hemphill Rd, Burton, MI 48529",
        "phone": "(248) 716-0089",
        "website": "http://www.armortoughcoatings.com"
      }
    },
    {
      "type": "Feature",
      "id": "overture:248a1fb8-ebad-4f53-9df7-27febe0e187e",
      "geometry": {
        "type": "Point",
        "coordinates": [
          -83.63258989,
          42.97244685
        ]
      },
      "properties": {
        "name": "Bri'elle's Learning Center",
        "category": "Education",
        "address": "4087 S Center Rd, Burton, MI 48519-1466",
        "phone": "+18108207723"
      }
    },
    {
      "type": "Feature",
      "id": "overture:24d35a49-ab64-4452-b805-4ef5508da3b6",
      "geometry": {
        "type": "Point",
        "coordinates": [
          -83.60021741,
          43.03223115
        ]
      },
      "properties": {
        "name": "Burton Assisted Living and Memory Care",
        "category": "Health & Medical",
        "address": "5340 Davison Rd, Burton, MI 48509-1519",
        "phone": "+18102283520",
        "website": "https://www.pslgroupllc.com/the-pines-of-burton/"
      }
    },
    {
      "type": "Feature",
      "id": "overture:24e81022-af92-40a0-93d4-ce6d858630ff",
      "geometry": {
        "type": "Point",
        "coordinates": [
          -83.6399676,
          42.9749164
        ]
      },
      "properties": {
        "name": "Pro-Pave Asphalt",
        "category": "Professional & Personal Services",
        "address": "3347 E Bristol Rd, Burton, MI 48529",
        "phone": "8103974685",
        "website": "https://propave-asphalt.com/"
      }
    },
    {
      "type": "Feature",
      "id": "overture:2508c289-dbf8-4cd3-acc0-afbc51fee3b6",
      "geometry": {
        "type": "Point",
        "coordinates": [
          -83.60687,
          43.03255
        ]
      },
      "properties": {
        "name": "Jr's Small Engine Repair",
        "category": "Automotive",
        "address": "5226 Davison Rd, Burton, MI 48509-1517",
        "phone": "+18109621960"
      }
    },
    {
      "type": "Feature",
      "id": "overture:25310a84-fd36-46ba-ab45-80751b694905",
      "geometry": {
        "type": "Point",
        "coordinates": [
          -83.65299125,
          42.96841018
        ]
      },
      "properties": {
        "name": "McDowell's 810 Auto",
        "category": "Automotive",
        "address": "G4232 S Dort Hwy, Burton, MI 48529-1820",
        "phone": "+18108204629"
      }
    },
    {
      "type": "Feature",
      "id": "overture:2534270c-3553-492d-8be9-274cc4d3badc",
      "geometry": {
        "type": "Point",
        "coordinates": [
          -83.59826794,
          43.01082273
        ]
      },
      "properties": {
        "name": "ABC Discount Pharmacy",
        "category": "Health & Medical",
        "address": "5446 Lapeer Rd, Burton, MI 48509-2234",
        "phone": "+18108776446",
        "website": "https://abc-discount-pharmacy.business.site/?utm_source=gmb&utm_medium=referral"
      }
    },
    {
      "type": "Feature",
      "id": "overture:2537bac8-c4b1-448f-98bf-88adc39bf205",
      "geometry": {
        "type": "Point",
        "coordinates": [
          -83.69196967456351,
          42.967564458493726
        ]
      },
      "properties": {
        "name": "Flintstone Motors",
        "category": "Automotive",
        "address": "4235 Fenton Rd, Flint, MI 48507",
        "phone": "(810) 265-7351",
        "website": "https://www.hugedomains.com"
      }
    },
    {
      "type": "Feature",
      "id": "overture:25c01bbd-72e0-4269-85a8-70e75f75383f",
      "geometry": {
        "type": "Point",
        "coordinates": [
          -83.64243657368515,
          42.980980336312676
        ]
      },
      "properties": {
        "name": "Crystal Water Company",
        "category": "Retail & Shopping",
        "address": "3288 Alpena St, Burton, MI 48529",
        "phone": "(810) 742-5900",
        "website": "http://crystalwatercompanymi.com"
      }
    },
    {
      "type": "Feature",
      "id": "overture:25cace92-9b17-4ead-8d0f-b8a9042a08f3",
      "geometry": {
        "type": "Point",
        "coordinates": [
          -83.63408046,
          43.00494613
        ]
      },
      "properties": {
        "name": "Genesee ENT Associates",
        "category": "Professional & Personal Services",
        "address": "1501 S Center Rd, Burton, MI 48509-1731",
        "phone": "+18107420225"
      }
    },
    {
      "type": "Feature",
      "id": "overture:25cf3cf4-ab9f-4f88-a3bd-a1dd8c2b8668",
      "geometry": {
        "type": "Point",
        "coordinates": [
          -83.65272084,
          42.97381423
        ]
      },
      "properties": {
        "name": "Bortons Doggy Play and Stay",
        "category": "Professional & Personal Services",
        "address": "G4033 S Dort Hwy, Burton, MI 48529",
        "phone": "+18108776035",
        "website": "http://www.bortonsdoggyplay.com/"
      }
    },
    {
      "type": "Feature",
      "id": "overture:25f83933-4bd9-4296-8ed3-b4b5ef54f4e5",
      "geometry": {
        "type": "Point",
        "coordinates": [
          -83.6344785,
          43.004939
        ]
      },
      "properties": {
        "name": "HearUSA",
        "category": "Professional & Personal Services",
        "address": "1501 S Center Rd, Burton, MI 48509",
        "phone": "8107438470",
        "website": "http://www.hearusa.com/"
      }
    },
    {
      "type": "Feature",
      "id": "overture:2675c73d-4fe9-48b6-aa6a-ec126be68b64",
      "geometry": {
        "type": "Point",
        "coordinates": [
          -83.65795701,
          42.9675021
        ]
      },
      "properties": {
        "name": "Burton Self Storage",
        "category": "Professional & Personal Services",
        "address": "2395 E Judd Rd, Burton, MI 48529-2456",
        "phone": "+15178834504",
        "website": "https://www.homegrownstorage.com/storage-units/michigan/burton/burton-self-storage-3502444/"
      }
    },
    {
      "type": "Feature",
      "id": "overture:26a39fb1-df8a-4c37-8ce1-7474b27de2a0",
      "geometry": {
        "type": "Point",
        "coordinates": [
          -83.69258957,
          42.9697971
        ]
      },
      "properties": {
        "name": "Studio",
        "category": "Professional & Personal Services",
        "address": "4155 Fenton Rd, Burton, MI 48529-1501",
        "phone": "+18105695757"
      }
    },
    {
      "type": "Feature",
      "id": "overture:26c8afec-1f45-4d9e-b406-440a70e04a67",
      "geometry": {
        "type": "Point",
        "coordinates": [
          -83.647075,
          42.97494
        ]
      },
      "properties": {
        "name": "Lyon's Well Drilling",
        "category": "Professional & Personal Services",
        "address": "3159 E Bristol Rd, Burton, MI 48529",
        "phone": "8106405091",
        "website": "https://lyonswelldrilling.com/"
      }
    },
    {
      "type": "Feature",
      "id": "overture:273885ca-f2ad-4a09-99f8-9f66ca2f6ae7",
      "geometry": {
        "type": "Point",
        "coordinates": [
          -83.6699104,
          42.96218874
        ]
      },
      "properties": {
        "name": "MCLR Financial Center",
        "category": "Financial",
        "address": "G4454 S Saginaw St, Burton, MI 48529-2067",
        "phone": "+18107443541",
        "website": "https://www.mclr.net/"
      }
    },
    {
      "type": "Feature",
      "id": "overture:2738aa07-64d9-45f8-ae16-094c1521be6e",
      "geometry": {
        "type": "Point",
        "coordinates": [
          -83.63395158,
          43.00493635
        ]
      },
      "properties": {
        "name": "Dr. Samir Basata",
        "category": "Professional & Personal Services",
        "address": "1501 S Center Rd, Burton, MI 48509-1731",
        "phone": "+18107423400"
      }
    },
    {
      "type": "Feature",
      "id": "overture:27508f25-3b83-4d42-a892-02680d15145d",
      "geometry": {
        "type": "Point",
        "coordinates": [
          -83.6005827,
          43.0229773
        ]
      },
      "properties": {
        "name": "Quest Diagnostics - Employer Drug Testing Not Offered - Inside Walmart Burton",
        "category": "Professional & Personal Services",
        "address": "5323 E Court St N, Burton, MI, 48509, MI",
        "website": "https://www.questdiagnostics.com/locations/detail.html/A6U/48509/75/1"
      }
    },
    {
      "type": "Feature",
      "id": "overture:27e73b33-46c3-4324-84ee-49c2d277a8ad",
      "geometry": {
        "type": "Point",
        "coordinates": [
          -83.632425,
          42.990055
        ]
      },
      "properties": {
        "name": "Suski Chevrolet Buick",
        "category": "Automotive",
        "address": "4035 E Atherton Rd, Burton, MI 48519-1433",
        "phone": "+18107427650",
        "website": "http://www.chevrolet.com/"
      }
    },
    {
      "type": "Feature",
      "id": "overture:27f6d719-51ab-436b-8112-6c38044e508a",
      "geometry": {
        "type": "Point",
        "coordinates": [
          -83.67071012,
          42.96343059
        ]
      },
      "properties": {
        "name": "Happy Harvesters Hydroponics",
        "category": "Retail & Shopping",
        "address": "G4410 S Saginaw St, Burton, MI 48529-2087",
        "phone": "+18104963005",
        "website": "http://happyharvestershydro.com/"
      }
    },
    {
      "type": "Feature",
      "id": "overture:2839f9f4-3dd4-4cce-8c16-47a0937b9ace",
      "geometry": {
        "type": "Point",
        "coordinates": [
          -83.583527,
          43.01596
        ]
      },
      "properties": {
        "name": "Aquatic Underground",
        "category": "Retail & Shopping",
        "address": "1114 Carlson Dr, Burton, MI 48509-2343",
        "phone": "+18103080383"
      }
    },
    {
      "type": "Feature",
      "id": "overture:285b313e-3390-45d2-91aa-d524b8f300ee",
      "geometry": {
        "type": "Point",
        "coordinates": [
          -83.63411852,
          43.00226951
        ]
      },
      "properties": {
        "name": "Holistic Health Center",
        "category": "Professional & Personal Services",
        "address": "2065 S Center Rd, Burton, MI 48519-1101",
        "phone": "+18103379594",
        "website": "http://holistichealthmi.com/"
      }
    },
    {
      "type": "Feature",
      "id": "overture:2894c683-5af4-4e76-a400-45a0f0c4f547",
      "geometry": {
        "type": "Point",
        "coordinates": [
          -83.60115175,
          43.02267556
        ]
      },
      "properties": {
        "name": "Walmart",
        "category": "Professional & Personal Services",
        "address": "5323 E Court St N, Burton, MI 48509-1539",
        "phone": "+18107449690",
        "website": "https://www.walmart.com/store/2273"
      }
    },
    {
      "type": "Feature",
      "id": "overture:28d85e63-1f6c-4d43-bb8d-1b574f8e8edb",
      "geometry": {
        "type": "Point",
        "coordinates": [
          -83.61702845,
          43.03343779
        ]
      },
      "properties": {
        "name": "UNEEK Auto Group",
        "category": "Automotive",
        "address": "4507 Davison Rd, Burton, MI 48509-1411",
        "phone": "+18107426289",
        "website": "http://uneekautogroup.com/"
      }
    },
    {
      "type": "Feature",
      "id": "overture:2909477c-c2b7-411d-8810-6f7684d506f1",
      "geometry": {
        "type": "Point",
        "coordinates": [
          -83.59553215,
          43.01398677
        ]
      },
      "properties": {
        "name": "Vanity Fur",
        "category": "Professional & Personal Services",
        "address": "1184 S Belsay Rd, Burton, MI 48509-1921",
        "phone": "+18107443000",
        "website": "http://www.vanityfurpetstyling.com"
      }
    },
    {
      "type": "Feature",
      "id": "overture:29bdf3d8-ace8-4b48-b4b0-d23f005c2e61",
      "geometry": {
        "type": "Point",
        "coordinates": [
          -83.59499053294549,
          43.03324693009656
        ]
      },
      "properties": {
        "name": "Gotta Have It",
        "category": "Retail & Shopping",
        "address": "6020 Davison Rd, Burton, MI 48509",
        "phone": "(810) 875-9096",
        "website": "https://www.gottahaveitconsignments.com"
      }
    },
    {
      "type": "Feature",
      "id": "overture:29c45f79-daf9-465a-a546-372ed6097e78",
      "geometry": {
        "type": "Point",
        "coordinates": [
          -83.66578807,
          42.97466843
        ]
      },
      "properties": {
        "name": "Bernie's Market",
        "category": "Grocery & Food",
        "address": "2185 E Bristol Rd, Burton, MI 48529-1322",
        "phone": "+18107441509"
      }
    },
    {
      "type": "Feature",
      "id": "overture:2a3202e2-9cd2-4417-b350-4eedb804de09",
      "geometry": {
        "type": "Point",
        "coordinates": [
          -83.6341066,
          43.0077611
        ]
      },
      "properties": {
        "name": "Noble Appliance",
        "category": "Retail & Shopping",
        "address": "1399 S Center Rd, Burton, MI 48509-1722",
        "phone": "18102588158",
        "website": "https://www.nobleappliance.com"
      }
    },
    {
      "type": "Feature",
      "id": "overture:2a4415af-f8ab-4bdc-b754-40d15f2d701c",
      "geometry": {
        "type": "Point",
        "coordinates": [
          -83.63371844866272,
          43.01246356927126
        ]
      },
      "properties": {
        "name": "Smoker's Kastle",
        "category": "Retail & Shopping",
        "address": "1235 S Center Rd, Burton, MI 48509",
        "phone": "(810) 743-6050",
        "website": "http://www.smokerskastle.com"
      }
    },
    {
      "type": "Feature",
      "id": "overture:2a9babbe-d796-45b9-a39a-e0a7766c6f0c",
      "geometry": {
        "type": "Point",
        "coordinates": [
          -83.61560987282485,
          42.98238361776537
        ]
      },
      "properties": {
        "name": "Atherton High School",
        "category": "Education",
        "address": "3354 S Genesee Rd, Burton, MI 48519",
        "phone": "(810) 591-9184",
        "website": "http://www.madison-academy.org"
      }
    },
    {
      "type": "Feature",
      "id": "overture:2aa99baf-a16c-4f34-8edd-dac72fb3ad67",
      "geometry": {
        "type": "Point",
        "coordinates": [
          -83.61033554,
          43.03289467
        ]
      },
      "properties": {
        "name": "Burton Family Dental",
        "category": "Health & Medical",
        "address": "5136 Davison Rd, Burton, MI 48509-1569",
        "phone": "+18107426060",
        "website": "http://www.burtonfamilydentalmi.com/"
      }
    },
    {
      "type": "Feature",
      "id": "overture:2ae3d643-02ce-4f4a-87a2-add562078a12",
      "geometry": {
        "type": "Point",
        "coordinates": [
          -83.63118758123558,
          42.966258434153865
        ]
      },
      "properties": {
        "name": "Mid-Michigan Mailing & Printing",
        "category": "Professional & Personal Services",
        "address": "4065 Manor Dr, Burton, MI 48439",
        "phone": "(810) 620-7628",
        "website": "https://midmichiganmailer.com"
      }
    },
    {
      "type": "Feature",
      "id": "overture:2af779ce-ab5b-47fd-9ccb-600c03fb0d3f",
      "geometry": {
        "type": "Point",
        "coordinates": [
          -83.6863648,
          42.9731692
        ]
      },
      "properties": {
        "name": "Redbox",
        "category": "Professional & Personal Services",
        "address": "1200 E Bristol Rd, Burton, MI 48529",
        "phone": "8667332693",
        "website": "https://www.redbox.com/locations/michigan/burton/48529/33282"
      }
    },
    {
      "type": "Feature",
      "id": "overture:2b0b02d8-d300-453a-be95-bfcea161a568",
      "geometry": {
        "type": "Point",
        "coordinates": [
          -83.63377593,
          43.00865179
        ]
      },
      "properties": {
        "name": "Burton Inn and Suites",
        "category": "Lodging",
        "address": "1343 S Center Rd, Burton, MI 48509-1722",
        "phone": "+18107438850",
        "website": "https://www.burtoninnandsuites.com"
      }
    },
    {
      "type": "Feature",
      "id": "overture:2b1e5d1e-473d-49fb-a414-0190d423984e",
      "geometry": {
        "type": "Point",
        "coordinates": [
          -83.651803,
          42.971115
        ]
      },
      "properties": {
        "name": "Genesee Polymers Corporation",
        "category": "Professional & Personal Services",
        "address": "G4099 S Dort Hwy, Burton, MI 48529",
        "phone": "8107155018",
        "website": "https://www.gpcsilicones.com/"
      }
    },
    {
      "type": "Feature",
      "id": "overture:2b22fb78-dc14-4be5-8bed-2c837949aa3e",
      "geometry": {
        "type": "Point",
        "coordinates": [
          -83.6290303416951,
          43.01710824845861
        ]
      },
      "properties": {
        "name": "Viking Sewing Gallery",
        "category": "Retail & Shopping",
        "address": "G-4220 E Court St, Unit 101, Burton, MI 48509",
        "phone": "8107437232",
        "website": "https://www.singer.com/pages/viking-sewing-gallery"
      }
    },
    {
      "type": "Feature",
      "id": "overture:2b67dbfc-874f-4905-847a-6dfb14bb47df",
      "geometry": {
        "type": "Point",
        "coordinates": [
          -83.596151,
          43.01619
        ]
      },
      "properties": {
        "name": "Genesys Diagnostics",
        "category": "Health & Medical",
        "address": "1096 S Belsay Rd, Burton, MI 48509",
        "phone": "(810) 715-0803",
        "website": "http://integratedproviders.com"
      }
    },
    {
      "type": "Feature",
      "id": "overture:2c0462a0-f92b-4e88-9d77-ba80ad0d64a6",
      "geometry": {
        "type": "Point",
        "coordinates": [
          -83.66774,
          42.96759
        ]
      },
      "properties": {
        "name": "Faith ministry church/counseling center",
        "category": "Professional & Personal Services",
        "address": "2128 E Williamson St, Burton, MI 48529-2444",
        "phone": "+18104231320"
      }
    },
    {
      "type": "Feature",
      "id": "overture:2c0b736f-1726-4729-9b2b-52ccd51279c6",
      "geometry": {
        "type": "Point",
        "coordinates": [
          -83.634646,
          43.031214
        ]
      },
      "properties": {
        "name": "Dort Medical Group",
        "category": "Professional & Personal Services",
        "address": "1460 N Center Rd, Burton, MI 48509-1429",
        "phone": "+18107154300",
        "website": "http://www.genesys.org"
      }
    },
    {
      "type": "Feature",
      "id": "overture:2cb32d0c-2e53-45b9-ad4c-c0b7a62be55f",
      "geometry": {
        "type": "Point",
        "coordinates": [
          -83.6531142890453,
          42.9798580706119
        ]
      },
      "properties": {
        "name": "MAACO Franchising Inc",
        "category": "Automotive",
        "address": "G3345 S Dort Hwy, Burton, MI 48529",
        "phone": "8107433400",
        "website": "http://burton.maaco.com/"
      }
    },
    {
      "type": "Feature",
      "id": "overture:2cb661b0-5c41-4a99-a4f1-963ea1d2ae53",
      "geometry": {
        "type": "Point",
        "coordinates": [
          -83.6087073,
          43.02155132
        ]
      },
      "properties": {
        "name": "Creekwood Architecture",
        "category": "Professional & Personal Services",
        "address": "1111 Creekwood Trl, Burton, MI 48509-1563",
        "phone": "+18107420480",
        "website": "http://www.creekwoodarch.com/"
      }
    },
    {
      "type": "Feature",
      "id": "overture:2cc18b81-89f1-4bf7-b237-5f573a9ade35",
      "geometry": {
        "type": "Point",
        "coordinates": [
          -83.632606,
          42.972593
        ]
      },
      "properties": {
        "name": "Trina D Floyd P C",
        "category": "Health & Medical",
        "address": "4085 S Center Rd Ste 2, Burton, MI 48519",
        "phone": "(810) 742-4320",
        "website": "http://www.drtrinafloyd.com"
      }
    },
    {
      "type": "Feature",
      "id": "overture:2d1b2c43-3453-4474-8dcf-908176f31567",
      "geometry": {
        "type": "Point",
        "coordinates": [
          -83.6787186,
          42.9741859
        ]
      },
      "properties": {
        "name": "Simply Prepaid T-Mobile of Burton",
        "category": "Retail & Shopping",
        "address": "1372 E Bristol Rd, Burton, MI 48529-2212",
        "phone": "+18107683712"
      }
    },
    {
      "type": "Feature",
      "id": "overture:2dacd8e5-119b-483a-b403-9eda5555d826",
      "geometry": {
        "type": "Point",
        "coordinates": [
          -83.677446,
          42.981356
        ]
      },
      "properties": {
        "name": "Sumtin' 2 Eat",
        "category": "Professional & Personal Services",
        "address": "3208 S Dort Hwy, Flint, MI 48507",
        "phone": "8103696601",
        "website": "http://sumtin2eat.com/"
      }
    },
    {
      "type": "Feature",
      "id": "overture:2e3a3c9a-cede-478d-869b-04225a7578d3",
      "geometry": {
        "type": "Point",
        "coordinates": [
          -83.6282603,
          43.02079063
        ]
      },
      "properties": {
        "name": "Pearle Vision",
        "category": "Health & Medical",
        "address": "4165 E Court St, Burton, MI 48509-1717",
        "phone": "+18107431276",
        "website": "https://www.pearlevision.com/pv-us/stores/mi/burton/1391/?cid=Yext_1391&y_source=1_ODIyNDc1NS01NTktbG9jYXRpb24ud2Vic2l0ZQ%3D%3D"
      }
    },
    {
      "type": "Feature",
      "id": "overture:2e53707e-2557-423c-b329-ddd289cd20f1",
      "geometry": {
        "type": "Point",
        "coordinates": [
          -83.61472269,
          43.01023721
        ]
      },
      "properties": {
        "name": "Thai Nation Bistro",
        "category": "Dining",
        "address": "5006 Lapeer Rd, Burton, MI 48509-2018",
        "phone": "+12313405307",
        "website": "http://www.thainationbistro.com"
      }
    },
    {
      "type": "Feature",
      "id": "overture:2e73fcf5-fedb-4c41-bd00-f3fc577c5936",
      "geometry": {
        "type": "Point",
        "coordinates": [
          -83.6324531,
          42.9759632
        ]
      },
      "properties": {
        "name": "Genesys Physician Access",
        "category": "Health & Medical",
        "address": "3495 S Center Rd, Burton, MI 48519",
        "phone": "8104242270",
        "website": "http://www.genesys.org/LocationFinder/Details.aspx?location=28"
      }
    },
    {
      "type": "Feature",
      "id": "overture:2ea1ad5e-ac9a-43db-bb8a-8febe6e2f0e0",
      "geometry": {
        "type": "Point",
        "coordinates": [
          -83.62953018535958,
          43.03239846663682
        ]
      },
      "properties": {
        "name": "Chase Bank",
        "category": "Financial",
        "address": "4154 Davison Rd, Burton, MI 48509",
        "phone": "(810) 742-4005",
        "website": "https://locator.chase.com/mi/burton/4154-davison-rd?jp_cmp=rb/LocalListings/aff/branch/na"
      }
    },
    {
      "type": "Feature",
      "id": "overture:2ea4ad96-4b4d-4b3b-9fec-e4f1d19d3de7",
      "geometry": {
        "type": "Point",
        "coordinates": [
          -83.66007014335423,
          42.97044122383311
        ]
      },
      "properties": {
        "name": "Bendle Middle School",
        "category": "Education",
        "address": "2294 E Bristol Rd, Burton, MI 48529",
        "phone": "(810) 591-3385",
        "website": "http://bendleschools.org"
      }
    },
    {
      "type": "Feature",
      "id": "overture:2fa1eb39-819d-4700-9748-f8ff807c5abd",
      "geometry": {
        "type": "Point",
        "coordinates": [
          -83.6759176,
          42.9813024
        ]
      },
      "properties": {
        "name": "Limitless Auto",
        "category": "Automotive",
        "address": "G1460 Hemphill Rd Ste B, Burton, MI 48529",
        "phone": "9472470882",
        "website": "https://www.mylimitlessauto.com/"
      }
    },
    {
      "type": "Feature",
      "id": "overture:2fc16eed-fac9-41f3-82de-94d3c03d73f0",
      "geometry": {
        "type": "Point",
        "coordinates": [
          -83.622863,
          43.004942
        ]
      },
      "properties": {
        "name": "Great Lakes First Jurisdiction of Michigan - Department of Women",
        "category": "Faith",
        "address": "4317 Lippincott Blvd, Burton, MI 48519-1159",
        "phone": "+18107436987",
        "website": "http://www.ladydiministries.org/"
      }
    },
    {
      "type": "Feature",
      "id": "overture:2fc9223b-6318-406f-ad40-b1b9cbeb3d69",
      "geometry": {
        "type": "Point",
        "coordinates": [
          -83.627822,
          43.018672
        ]
      },
      "properties": {
        "name": "UPS Alliance Shipping Partner",
        "category": "Professional & Personal Services",
        "address": "4190 E Court St, Burton, MI 48509",
        "phone": "8107438251",
        "website": "https://locations.ups.com/us/en/mi/burton/alliance-shipping-partner-007160.html?utm_source=bing&utm_medium=organic&utm_campaign=rio"
      }
    },
    {
      "type": "Feature",
      "id": "overture:3012352c-849d-44d2-b7ce-161f2613ff3a",
      "geometry": {
        "type": "Point",
        "coordinates": [
          -83.63396654,
          43.00460001
        ]
      },
      "properties": {
        "name": "Kristin V. Nikolakeas",
        "category": "Professional & Personal Services",
        "address": "1513 S Center Rd, Burton, MI 48509-1728",
        "phone": "+18107425700",
        "website": "www.healthgrades.com/physician/dr-kristin-nikolakeas-xdxv7"
      }
    },
    {
      "type": "Feature",
      "id": "overture:303e2295-7e79-49e0-91f5-ea7d2b98381b",
      "geometry": {
        "type": "Point",
        "coordinates": [
          -83.67392399,
          42.98036104
        ]
      },
      "properties": {
        "name": "Marathon Gas",
        "category": "Automotive",
        "address": "G3311 S Saginaw St, Burton, MI 48529-1244",
        "phone": "+18107430580",
        "website": "http://www.marathon.com"
      }
    },
    {
      "type": "Feature",
      "id": "overture:3064c3a7-a2b6-43b2-95a0-97791d5f2932",
      "geometry": {
        "type": "Point",
        "coordinates": [
          -83.5965329,
          43.03442269
        ]
      },
      "properties": {
        "name": "Apex Fitness",
        "category": "Arts & Entertainment",
        "address": "5515 Davison Rd, Burton, MI 48509-1555",
        "phone": "+18109630093",
        "website": "http://www.apexfitness247.com/"
      }
    },
    {
      "type": "Feature",
      "id": "overture:30747997-c43f-4dd1-a9ad-a58dc817fda1",
      "geometry": {
        "type": "Point",
        "coordinates": [
          -83.6219781864439,
          42.991718083102846
        ]
      },
      "properties": {
        "name": "Superior Turf",
        "category": "Professional & Personal Services",
        "address": "2452 Meadowcroft Dr, Flint, MI 48519",
        "phone": "(810) 744-4112",
        "website": "http://www.superiorturfpa.com"
      }
    },
    {
      "type": "Feature",
      "id": "overture:3117ef0c-874d-4b4e-bfc1-102b61589ecd",
      "geometry": {
        "type": "Point",
        "coordinates": [
          -83.65266322,
          42.96738346
        ]
      },
      "properties": {
        "name": "The Personnel Office",
        "category": "Professional & Personal Services",
        "address": "G4267 S Dort Hwy, Burton, MI 48529-1828",
        "phone": "+18103912714",
        "website": "https://thepersonneloffice.com"
      }
    },
    {
      "type": "Feature",
      "id": "overture:31193850-3839-4ded-93f0-ab729d81b0ca",
      "geometry": {
        "type": "Point",
        "coordinates": [
          -83.61940249,
          42.97503507
        ]
      },
      "properties": {
        "name": "Classic Auto Repair Services",
        "category": "Automotive",
        "address": "4370 E Bristol Rd, Burton, MI 48519-1408",
        "phone": "+18107425641"
      }
    },
    {
      "type": "Feature",
      "id": "overture:3134b4ad-f6d7-46b1-a0e9-beba01e964cf",
      "geometry": {
        "type": "Point",
        "coordinates": [
          -83.634458932458,
          43.00520037948403
        ]
      },
      "properties": {
        "name": "Sunrise Pediatrics PC",
        "category": "Professional & Personal Services",
        "address": "1481 S Center Rd, Burton, MI 48509",
        "phone": "8103732261"
      }
    },
    {
      "type": "Feature",
      "id": "overture:3139b65d-bc98-4b80-a854-1de96ee5f2ae",
      "geometry": {
        "type": "Point",
        "coordinates": [
          -83.68879759,
          42.97380311
        ]
      },
      "properties": {
        "name": "Attic to Basement Cleanouts",
        "category": "Professional & Personal Services",
        "address": "1110 E Bristol Rd, Burton, MI 48529-1127",
        "phone": "+18105161181"
      }
    },
    {
      "type": "Feature",
      "id": "overture:31c4a697-be9e-49fd-b893-949f8ff5141b",
      "geometry": {
        "type": "Point",
        "coordinates": [
          -83.60084662378614,
          43.02210674046058
        ]
      },
      "properties": {
        "name": "ATM",
        "category": "Financial",
        "address": "5323 E Court St N, Burton, MI 48509",
        "website": "https://www.star.com"
      }
    },
    {
      "type": "Feature",
      "id": "overture:326d3839-0702-44d8-a9a0-696731ae85ff",
      "geometry": {
        "type": "Point",
        "coordinates": [
          -83.6280296,
          43.0209232
        ]
      },
      "properties": {
        "name": "Greater Flint Scout Shop",
        "category": "Professional & Personal Services",
        "address": "4205 East Ct St, Burton, MI 48509",
        "phone": "8107437926",
        "website": "https://www.facebook.com/GREATERFLINTSCOUTSHOP/"
      }
    },
    {
      "type": "Feature",
      "id": "overture:32be73fb-d193-44a9-b281-121220edb7f2",
      "geometry": {
        "type": "Point",
        "coordinates": [
          -83.59223702,
          43.00747879
        ]
      },
      "properties": {
        "name": "Barhitte Elementary School",
        "category": "Education",
        "address": "6080 Roberta St, Burton, MI 48509-2223",
        "phone": "+18105919661",
        "website": "http://www.bentleyschools.org/cms/One.aspx?portalId=5347859&pageId=5556296"
      }
    },
    {
      "type": "Feature",
      "id": "overture:32e27ca3-6e7b-4069-9eb5-7c41b4d44dd3",
      "geometry": {
        "type": "Point",
        "coordinates": [
          -83.6876344,
          42.9814303
        ]
      },
      "properties": {
        "name": "Royal A Taxes & Bookkeeping Inc",
        "category": "Financial",
        "address": "1146 E Hemphill Rd, Burton, MI 48529",
        "phone": "8107683057"
      }
    },
    {
      "type": "Feature",
      "id": "overture:330892fb-395e-4e00-a55d-ad3070868be8",
      "geometry": {
        "type": "Point",
        "coordinates": [
          -83.6303253173828,
          42.9743957519531
        ]
      },
      "properties": {
        "name": "Bristol Storage",
        "category": "Professional & Personal Services",
        "address": "4070 E Bristol Rd, Burton, MI 48519",
        "phone": "8102507761"
      }
    },
    {
      "type": "Feature",
      "id": "overture:3349ad9e-e296-4e1b-af56-2da6e7c21a44",
      "geometry": {
        "type": "Point",
        "coordinates": [
          -83.63954201,
          42.97276188
        ]
      },
      "properties": {
        "name": "Cars 108",
        "category": "Professional & Personal Services",
        "address": "3338 E Bristol Rd, Burton, MI 48529-1408",
        "phone": "+18102391079",
        "website": "http://wcrz.com/"
      }
    },
    {
      "type": "Feature",
      "id": "overture:33509252-17ee-4fdc-a4ae-77d1646fcb6f",
      "geometry": {
        "type": "Point",
        "coordinates": [
          -83.6315,
          43.032685
        ]
      },
      "properties": {
        "name": "American Electric Motor Corp.",
        "category": "Automotive",
        "address": "4102 Davison Rd, Burton, MI 48509-1455",
        "phone": "+18107436080",
        "website": "http://www.americanelectricmotors.com"
      }
    },
    {
      "type": "Feature",
      "id": "overture:338970fc-7039-4a4e-8146-562456a945fa",
      "geometry": {
        "type": "Point",
        "coordinates": [
          -83.62648885285496,
          43.01590190267999
        ]
      },
      "properties": {
        "name": "Lowe's Home Improvement",
        "category": "Retail & Shopping",
        "address": "4274 East Court Street, Burton, MI 48509",
        "phone": "(810) 744-2420",
        "website": "https://www.lowes.com/l/store-updates.html"
      }
    },
    {
      "type": "Feature",
      "id": "overture:338f03a8-9961-4c28-ba89-31dfae083b8f",
      "geometry": {
        "type": "Point",
        "coordinates": [
          -83.652862,
          42.988552
        ]
      },
      "properties": {
        "name": "Great Beauty",
        "category": "Professional & Personal Services",
        "address": "G3009 S Dort Hwy, Burton, MI 48529-1081",
        "phone": "18108203849"
      }
    },
    {
      "type": "Feature",
      "id": "overture:339ec660-3d17-4004-b1f9-fc40f4ee089f",
      "geometry": {
        "type": "Point",
        "coordinates": [
          -83.6435454,
          42.9714435
        ]
      },
      "properties": {
        "name": "FTGF Fitness",
        "category": "Arts & Entertainment",
        "address": "4111 Jimbo Dr, Burton, MI 48529",
        "phone": "8106915140",
        "website": "http://ftgfcrossfit.com/"
      }
    },
    {
      "type": "Feature",
      "id": "overture:340aeabb-13cb-4020-a66d-1d5ad9847a14",
      "geometry": {
        "type": "Point",
        "coordinates": [
          -83.61704936092265,
          43.03355653417156
        ]
      },
      "properties": {
        "name": "EZ Auto Vinyl",
        "category": "Retail & Shopping",
        "address": "4499 Davison Rd, Burton, MI 48509",
        "phone": "(810) 223-1264",
        "website": "https://www.ezautovinyl.com"
      }
    },
    {
      "type": "Feature",
      "id": "overture:344434cf-aa98-477a-837d-0be03a351ed6",
      "geometry": {
        "type": "Point",
        "coordinates": [
          -83.5974172,
          43.0231084
        ]
      },
      "properties": {
        "name": "Redbox",
        "category": "Professional & Personal Services",
        "address": "1135 N Belsay Rd, Burton, MI 48509",
        "phone": "8667332693"
      }
    },
    {
      "type": "Feature",
      "id": "overture:345a0023-b213-4c34-ab93-77bb58206c7e",
      "geometry": {
        "type": "Point",
        "coordinates": [
          -83.653126,
          42.9791212
        ]
      },
      "properties": {
        "name": "College Hunks Hauling Junk and Moving Flint",
        "category": "Professional & Personal Services",
        "address": "3360 S Dort Hwy, Burton, MI 48529",
        "phone": "8107353500",
        "website": "https://www.collegehunkshaulingjunk.com/flint/?utm_source=GMB&utm_medium=organic&utm_campaign=mi-flint-89"
      }
    },
    {
      "type": "Feature",
      "id": "overture:3478841f-e31e-4aad-ad5c-5574e0d8bf53",
      "geometry": {
        "type": "Point",
        "coordinates": [
          -83.686281,
          42.975013
        ]
      },
      "properties": {
        "name": "ecoATM",
        "category": "Professional & Personal Services",
        "address": "1181 E Bristol Rd, Burton, MI 48529",
        "phone": "+18583244111",
        "website": "https://www.ecoatm.com/"
      }
    },
    {
      "type": "Feature",
      "id": "overture:348d2c37-fcb6-4077-893a-aa73f05841a7",
      "geometry": {
        "type": "Point",
        "coordinates": [
          -83.58493075372658,
          43.00512741748505
        ]
      },
      "properties": {
        "name": "Dallaire Barracks",
        "category": "Professional & Personal Services",
        "address": "6266 Elro St, Burton, MI 48509",
        "website": "https://prezi.com/h96ruei6xqgm/human-rights-in-canada"
      }
    },
    {
      "type": "Feature",
      "id": "overture:34981853-1fdf-4688-87f3-ae1b1a91a3ec",
      "geometry": {
        "type": "Point",
        "coordinates": [
          -83.66289763796028,
          42.971024269067314
        ]
      },
      "properties": {
        "name": "Bendle High School",
        "category": "Education",
        "address": "2283 E Scottwood Ave, Burton, MI 48529",
        "phone": "(810) 591-5103",
        "website": "http://www.bendleschools.org"
      }
    },
    {
      "type": "Feature",
      "id": "overture:34e054cc-9665-4673-bd09-a00ac909d552",
      "geometry": {
        "type": "Point",
        "coordinates": [
          -83.671987,
          42.970252
        ]
      },
      "properties": {
        "name": "NADO African Hair Braiding and Boutique",
        "category": "Professional & Personal Services",
        "address": "3364 S. Saginaw st, Burton, MI 48601",
        "phone": "+18108827778"
      }
    },
    {
      "type": "Feature",
      "id": "overture:34e8dc1e-a90a-455e-805b-7b2f6be155a8",
      "geometry": {
        "type": "Point",
        "coordinates": [
          -83.6847488,
          42.9735779
        ]
      },
      "properties": {
        "name": "Wendy's",
        "category": "Dining",
        "address": "1230 E Bristol Rd, Burton, MI 48529-2522",
        "phone": "18107600034",
        "website": "https://www.wendys.com"
      }
    },
    {
      "type": "Feature",
      "id": "overture:3503123f-f13e-48fb-9945-a16893cfa7dc",
      "geometry": {
        "type": "Point",
        "coordinates": [
          -83.67536586,
          42.96837356
        ]
      },
      "properties": {
        "name": "NexGen IT Solutions",
        "category": "Professional & Personal Services",
        "address": "1448 E Schumacher Ave, Burton, MI 48529-1622",
        "phone": "+18104208737",
        "website": "https://nexgenitsolutions.net/"
      }
    },
    {
      "type": "Feature",
      "id": "overture:3508e6f7-f7b9-4416-ada9-89c928dbeda0",
      "geometry": {
        "type": "Point",
        "coordinates": [
          -83.60893117,
          43.02003805
        ]
      },
      "properties": {
        "name": "Duraguard Commercial Roofing",
        "category": "Professional & Personal Services",
        "address": "5161 E Court St N, Burton, MI 48509-1543",
        "phone": "+18103912928",
        "website": "http://duraguardroofing.com/"
      }
    },
    {
      "type": "Feature",
      "id": "overture:354e5404-a4a4-412b-ad42-84884493cbbd",
      "geometry": {
        "type": "Point",
        "coordinates": [
          -83.63363485,
          43.03848029
        ]
      },
      "properties": {
        "name": "Hooked Up Sport Fishing",
        "category": "Professional & Personal Services",
        "address": "4051 Risedorph St, Burton, MI 48509-1039",
        "phone": "+18106251839"
      }
    },
    {
      "type": "Feature",
      "id": "overture:35e0e3fd-fb8d-4b3d-8eec-7f4b282714ce",
      "geometry": {
        "type": "Point",
        "coordinates": [
          -83.66861459,
          42.97461489
        ]
      },
      "properties": {
        "name": "No Dents PDR",
        "category": "Professional & Personal Services",
        "address": "2111 E Bristol Rd, Burton, MI 48529-1320",
        "phone": "+18109643368",
        "website": "http://www.nodentspdr.com/"
      }
    },
    {
      "type": "Feature",
      "id": "overture:361b6c7f-cc6a-44c3-81fe-8316469bcde7",
      "geometry": {
        "type": "Point",
        "coordinates": [
          -83.63941,
          42.98917
        ]
      },
      "properties": {
        "name": "Two Guys and a Grow Shop  Burton Location",
        "category": "Automotive",
        "address": "3374 E Atherton Rd, Burton, MI 48529-1008"
      }
    },
    {
      "type": "Feature",
      "id": "overture:36ba3b90-7858-4c84-9df0-a65bfca03fee",
      "geometry": {
        "type": "Point",
        "coordinates": [
          -83.63137145,
          43.03345355
        ]
      },
      "properties": {
        "name": "Muffler Man",
        "category": "Automotive",
        "address": "4105 Davison Rd, Burton, MI 48509-1403",
        "phone": "+18107429430",
        "website": "http://www.mufflermanflint.com"
      }
    },
    {
      "type": "Feature",
      "id": "overture:37096144-decc-412f-9225-e1f5ebaaf400",
      "geometry": {
        "type": "Point",
        "coordinates": [
          -83.674809,
          42.974635
        ]
      },
      "properties": {
        "name": "New Haven Baptist Church",
        "category": "Faith",
        "address": "1477 E Bristol Rd, Burton, MI 48529-2214",
        "phone": "+18107440340",
        "website": "http://newhavenbaptist.com"
      }
    },
    {
      "type": "Feature",
      "id": "overture:372245d3-cf3e-4143-b7e6-1b28e9126e3e",
      "geometry": {
        "type": "Point",
        "coordinates": [
          -83.63898153350814,
          42.98304629687907
        ]
      },
      "properties": {
        "name": "Heat Wave Pools",
        "category": "Professional & Personal Services",
        "address": "3231 Christner St, Burton, MI 48529",
        "phone": "(810) 516-6882",
        "website": "http://www.heatwavepools.com"
      }
    },
    {
      "type": "Feature",
      "id": "overture:37491ccb-e093-4e03-bb57-758e9a4f32af",
      "geometry": {
        "type": "Point",
        "coordinates": [
          -83.63291543,
          42.97261173
        ]
      },
      "properties": {
        "name": "Back To Health Chiropractic",
        "category": "Health & Medical",
        "address": "4085 S Center Rd, Burton, MI 48519-1957",
        "phone": "+18107444251",
        "website": "https://backtohealthmi.square.site/"
      }
    },
    {
      "type": "Feature",
      "id": "overture:374c169b-fced-4f36-8dce-199cc227f23d",
      "geometry": {
        "type": "Point",
        "coordinates": [
          -83.6538,
          42.98191
        ]
      },
      "properties": {
        "name": "Reese Veterinary Clinic",
        "category": "Professional & Personal Services",
        "address": "E Hemphill Rd, Burton, MI 48529",
        "phone": "+18107437070"
      }
    },
    {
      "type": "Feature",
      "id": "overture:37516dee-dd36-4a60-94d1-01be1e3ab9ee",
      "geometry": {
        "type": "Point",
        "coordinates": [
          -83.59621458,
          43.01115622
        ]
      },
      "properties": {
        "name": "Mens Grooming Garage",
        "category": "Professional & Personal Services",
        "address": "5501 Lapeer Rd, Burton, MI 48509-2237",
        "phone": "+18105151535",
        "website": "http://mensgroominggarage.blogspot.com/2013/03/new-mens-grooming-garage-in-burton-mi.html"
      }
    },
    {
      "type": "Feature",
      "id": "overture:375a8bf2-7048-43d8-ae01-5ebf071c49cd",
      "geometry": {
        "type": "Point",
        "coordinates": [
          -83.65133517,
          42.98177705
        ]
      },
      "properties": {
        "name": "C & B Air Compressors",
        "category": "Professional & Personal Services",
        "address": "3048 E Hemphill Rd, Burton, MI 48529-1439",
        "phone": "+18104077487",
        "website": "http://www.cbaircomp.com/"
      }
    },
    {
      "type": "Feature",
      "id": "overture:378e89bf-27d1-4f3a-b00d-e8ef81b695ac",
      "geometry": {
        "type": "Point",
        "coordinates": [
          -83.59759143,
          43.02434675
        ]
      },
      "properties": {
        "name": "Family Farm and Home",
        "category": "Professional & Personal Services",
        "address": "1145 N Belsay Rd, Burton, MI 48509-1653",
        "phone": "+18103010100",
        "website": "http://www.familyfarmandhome.com/"
      }
    },
    {
      "type": "Feature",
      "id": "overture:37976bfd-8594-423b-b8ae-49ad417fd331",
      "geometry": {
        "type": "Point",
        "coordinates": [
          -83.67640649,
          42.96796176
        ]
      },
      "properties": {
        "name": "ASB Lawncare",
        "category": "Professional & Personal Services",
        "address": "1421 E Williamson St, Burton, MI 48529-1639",
        "phone": "+18106912622",
        "website": "http://asblawnandsnow.com/"
      }
    },
    {
      "type": "Feature",
      "id": "overture:37fee4ed-6884-49a1-9862-cb674d9c11b5",
      "geometry": {
        "type": "Point",
        "coordinates": [
          -83.63408577,
          43.00250553
        ]
      },
      "properties": {
        "name": "Hurley Urgent Care",
        "category": "Health & Medical",
        "address": "2065 S Center Rd, Burton, MI 48519-1101",
        "phone": "+18102622360"
      }
    },
    {
      "type": "Feature",
      "id": "overture:38a266ee-3a14-429d-9171-f0349532949c",
      "geometry": {
        "type": "Point",
        "coordinates": [
          -83.6313429,
          42.9936607
        ]
      },
      "properties": {
        "name": "Huntington Bank",
        "category": "Financial",
        "address": "G-2333 S Center Rd, Burton, MI 48519",
        "phone": "8107426765",
        "website": "https://www.huntington.com/Community/branch-info?locationId=18206"
      }
    },
    {
      "type": "Feature",
      "id": "overture:397bc8cc-2661-4474-bdc8-13d3afb861fd",
      "geometry": {
        "type": "Point",
        "coordinates": [
          -83.616006,
          43.0186497
        ]
      },
      "properties": {
        "name": "Jeffery Zilinski",
        "category": "Professional & Personal Services",
        "address": "4500 E Court St, Burton, MI 48509",
        "phone": "8107432211",
        "website": "http://jefferyzilinski.com/"
      }
    },
    {
      "type": "Feature",
      "id": "overture:3983388f-5076-479a-899a-25dd614ac36a",
      "geometry": {
        "type": "Point",
        "coordinates": [
          -83.6526679,
          42.97903155
        ]
      },
      "properties": {
        "name": "Allied Rent-All",
        "category": "Professional & Personal Services",
        "address": "G3371 S Dort Hwy, Burton, MI 48529-1417",
        "phone": "+18107420409",
        "website": "https://www.alliedrentall.com/"
      }
    },
    {
      "type": "Feature",
      "id": "overture:39a6eb72-999e-4be1-8f44-02bc20b808fa",
      "geometry": {
        "type": "Point",
        "coordinates": [
          -83.652919,
          42.982957
        ]
      },
      "properties": {
        "name": "Burton auto and tire center",
        "category": "Automotive",
        "address": "G3223 S Dort Hwy, Burton, MI 48529-1013",
        "phone": "+18107431664"
      }
    },
    {
      "type": "Feature",
      "id": "overture:39b68b4f-6831-4a9f-89d9-d37497c3ef39",
      "geometry": {
        "type": "Point",
        "coordinates": [
          -83.6925388,
          42.9720463
        ]
      },
      "properties": {
        "name": "Delta Mobile Home Park",
        "category": "Parks & Recreation",
        "address": "G4071 Fenton Rd, Burton, MI 48529-1502",
        "phone": "+18102381800"
      }
    },
    {
      "type": "Feature",
      "id": "overture:39bc9cba-a103-4781-86d5-dafea6a0f0a6",
      "geometry": {
        "type": "Point",
        "coordinates": [
          -83.596702,
          43.034348
        ]
      },
      "properties": {
        "name": "Ron James & Associates",
        "category": "Professional & Personal Services",
        "address": "5515 Davison Rd, Burton, MI 48509-1555",
        "phone": "+18107444444",
        "website": "http://ronjamesrealtors.com/"
      }
    },
    {
      "type": "Feature",
      "id": "overture:3aa7a708-f12a-4044-a8af-7ebb91a094b8",
      "geometry": {
        "type": "Point",
        "coordinates": [
          -83.67613,
          42.981331
        ]
      },
      "properties": {
        "name": "Electric Motor Warehouse",
        "category": "Retail & Shopping",
        "address": "1408 W Hemphill Rd, Burton, MI 48529-1205",
        "phone": "+18107441240",
        "website": "http://www.electricmotorwarehouse.com"
      }
    },
    {
      "type": "Feature",
      "id": "overture:3aae175c-cb2e-49ca-87ec-dd497d0ea947",
      "geometry": {
        "type": "Point",
        "coordinates": [
          -83.64614945,
          42.974456
        ]
      },
      "properties": {
        "name": "Carter Lumber",
        "category": "Retail & Shopping",
        "address": "3178 E Bristol Rd, Burton, MI 48529-1412",
        "phone": "+18107428250",
        "website": "http://www.carterlumber.com/"
      }
    },
    {
      "type": "Feature",
      "id": "overture:3ac2417c-0be1-4b9c-97be-d367f71e9394",
      "geometry": {
        "type": "Point",
        "coordinates": [
          -83.6314134,
          43.0178027
        ]
      },
      "properties": {
        "name": "Sephora Inside JCPenney",
        "category": "Professional & Personal Services",
        "address": "4190 E Court St Ste 500, Burton, MI 48509",
        "phone": "8102759178"
      }
    },
    {
      "type": "Feature",
      "id": "overture:3b3328d9-f214-4f45-b352-842b2bc0e25a",
      "geometry": {
        "type": "Point",
        "coordinates": [
          -83.608549,
          43.0211948
        ]
      },
      "properties": {
        "name": "Learning Dreams LLC",
        "category": "Professional & Personal Services",
        "address": "1091 Creekwood Trl, Burton, MI 48509",
        "phone": "8103912923",
        "website": "http://www.learningdreamsllc.com/#!contact/c24vq"
      }
    },
    {
      "type": "Feature",
      "id": "overture:3b3a20a4-4c8f-4172-9dc5-1a879e2bdf9b",
      "geometry": {
        "type": "Point",
        "coordinates": [
          -83.62969,
          43.01659
        ]
      },
      "properties": {
        "name": "Bath & Body Works",
        "category": "Retail & Shopping",
        "address": "4190 E Court St, Burton, MI 48509",
        "phone": "8107441302",
        "website": "https://www.bathandbodyworks.com/?cm_mmc=local_BBW01773"
      }
    },
    {
      "type": "Feature",
      "id": "overture:3b46169e-a370-4369-b76f-0c17b40fb918",
      "geometry": {
        "type": "Point",
        "coordinates": [
          -83.66765991,
          42.98061324
        ]
      },
      "properties": {
        "name": "Cannabis King",
        "category": "Health & Medical",
        "address": "3309 Associates Dr, Burton, MI 48529-1301",
        "phone": "+18107159925",
        "website": "https://www.cannabiskingmi.com/"
      }
    },
    {
      "type": "Feature",
      "id": "overture:3bc4ebee-f09d-44ae-b7e5-31c7b9bf3aed",
      "geometry": {
        "type": "Point",
        "coordinates": [
          -83.637657,
          42.97478797
        ]
      },
      "properties": {
        "name": "Bristol Collision Service",
        "category": "Automotive",
        "address": "3412 E Bristol Rd, Burton, MI 48529-1408",
        "phone": "+18105055753",
        "website": "https://www.bristolcollision.com/"
      }
    },
    {
      "type": "Feature",
      "id": "overture:3bebe4ae-7b79-4573-9ffd-8e662e9e15fc",
      "geometry": {
        "type": "Point",
        "coordinates": [
          -83.69258164,
          42.96979457
        ]
      },
      "properties": {
        "name": "Budget Garage Doors & More",
        "category": "Professional & Personal Services",
        "address": "4155 Fenton Rd, Burton, MI 48529-1501",
        "phone": "+18107435363",
        "website": "http://budgetgaragedoor.net/"
      }
    },
    {
      "type": "Feature",
      "id": "overture:3c2ac971-d2fa-4abc-afd9-07d2bf2ad8fd",
      "geometry": {
        "type": "Point",
        "coordinates": [
          -83.68418244616024,
          42.97558411820186
        ]
      },
      "properties": {
        "name": "Baker College Early Learning Center",
        "category": "Education",
        "address": "1221 E Bristol Rd, Burton, MI 48529-1128",
        "phone": "+18107433991",
        "website": "http://www.baker.edu"
      }
    },
    {
      "type": "Feature",
      "id": "overture:3ce41dd9-64f0-482e-a687-8886cff9b52a",
      "geometry": {
        "type": "Point",
        "coordinates": [
          -83.63263713,
          43.01894198
        ]
      },
      "properties": {
        "name": "The Burton Garage",
        "category": "Automotive",
        "address": "4055 E Court St, Burton, MI 48509-1715",
        "phone": "+18107449555",
        "website": "http://www.burtongarage.com/"
      }
    },
    {
      "type": "Feature",
      "id": "overture:3d03e01d-a5a7-42a4-b8d7-1d40b1665c9c",
      "geometry": {
        "type": "Point",
        "coordinates": [
          -83.6504763,
          42.9754572
        ]
      },
      "properties": {
        "name": "LightSky Farms",
        "category": "Health & Medical",
        "address": "3055 E Bristol Rd, Burton, MI 48529-1436",
        "phone": "+18107777420",
        "website": "http://lightskyfarms.com/"
      }
    },
    {
      "type": "Feature",
      "id": "overture:3d292385-1af7-4934-884d-bd5a3dc87a17",
      "geometry": {
        "type": "Point",
        "coordinates": [
          -83.59554458,
          43.01111779
        ]
      },
      "properties": {
        "name": "BJ's Bar",
        "category": "Dining",
        "address": "5519 Lapeer Rd, Burton, MI 48509-2237",
        "phone": "+18107424770"
      }
    },
    {
      "type": "Feature",
      "id": "overture:3d992cb8-ec13-4bb7-a98d-5a19f4abdffb",
      "geometry": {
        "type": "Point",
        "coordinates": [
          -83.67404,
          42.97907
        ]
      },
      "properties": {
        "name": "A1 Garage Door Service",
        "category": "Professional & Personal Services",
        "address": "3364 Saginaw St, Flint, MI 48529",
        "phone": "8889847050"
      }
    },
    {
      "type": "Feature",
      "id": "overture:3dc0c0b4-29ee-4360-ad1f-ffe1f1dd1a88",
      "geometry": {
        "type": "Point",
        "coordinates": [
          -83.6346476,
          43.0124258
        ]
      },
      "properties": {
        "name": "Planned Parenthood - Burton Health Center",
        "category": "Health & Medical",
        "address": "G-1235 S Center Rd Unit 17, Burton, MI 48509",
        "phone": "8107434490",
        "website": "https://www.plannedparenthood.org/health-center/michigan/burton/48509/burton-health-center-2949-90630?utm_campaign=burton-health-center&utm_medium=organic&utm_source=bing-local-listing"
      }
    },
    {
      "type": "Feature",
      "id": "overture:3de92103-0767-4ae1-9ec7-5af887d69a7e",
      "geometry": {
        "type": "Point",
        "coordinates": [
          -83.61894256,
          43.02035381
        ]
      },
      "properties": {
        "name": "Aluvable Child Care Inc",
        "category": "Education",
        "address": "1061 Pawnee Dr, Burton, MI 48509-1446",
        "phone": "+18107432478"
      }
    },
    {
      "type": "Feature",
      "id": "overture:3ded74bf-4d8c-42c9-8467-c8d1bc2ee1c2",
      "geometry": {
        "type": "Point",
        "coordinates": [
          -83.672235,
          42.970601
        ]
      },
      "properties": {
        "name": "Bitcoin Depot - Bitcoin ATM",
        "category": "Professional & Personal Services",
        "address": "G4330 Saginaw St, Burton, MI 48529",
        "phone": "+16784359604",
        "website": "https://bitcoindepot.com/"
      }
    },
    {
      "type": "Feature",
      "id": "overture:3e1865dd-2941-441b-a994-fe67c3034a5e",
      "geometry": {
        "type": "Point",
        "coordinates": [
          -83.689545,
          42.974789
        ]
      },
      "properties": {
        "name": "Hair 101 Salon & Day Spa",
        "category": "Professional & Personal Services",
        "address": "1079 E Bristol Rd, Burton, MI 48529-1126",
        "phone": "+18107442555",
        "website": "https://www.hair101lenisha.com"
      }
    },
    {
      "type": "Feature",
      "id": "overture:3ea850c6-cc25-42b0-bea0-0200fe24cebc",
      "geometry": {
        "type": "Point",
        "coordinates": [
          -83.6313766,
          43.0187137
        ]
      },
      "properties": {
        "name": "PureSleep Burton Inside Art Van",
        "category": "Retail & Shopping",
        "address": "4095 E Court St, Burton, MI 48509",
        "phone": "8107423699",
        "website": "https://www.artvan.com/pure-sleep/?cid=BING_PLACES&utm_source=BING_PLACES&utm_medium=PureSleep_Inside-AVF"
      }
    },
    {
      "type": "Feature",
      "id": "overture:3ec83051-1add-47e1-8d7e-218d9cd6ad0f",
      "geometry": {
        "type": "Point",
        "coordinates": [
          -83.59489172,
          43.01286389
        ]
      },
      "properties": {
        "name": "Genesee Christian School",
        "category": "Faith",
        "address": "1223 S Belsay Rd, Burton, MI 48509-1917",
        "phone": "+18107433108",
        "website": "http://www.geneseechristianschool.com/"
      }
    },
    {
      "type": "Feature",
      "id": "overture:3f5c7f2d-b032-4b1f-b9b2-40d61eb4a0be",
      "geometry": {
        "type": "Point",
        "coordinates": [
          -83.63239,
          42.97583
        ]
      },
      "properties": {
        "name": "Genesys PHO",
        "category": "Health & Medical",
        "address": "3495 S Center Rd, Burton, MI 48519",
        "phone": "8104242000"
      }
    },
    {
      "type": "Feature",
      "id": "overture:3fe5af26-95dd-4004-8bb9-694a3ee9a937",
      "geometry": {
        "type": "Point",
        "coordinates": [
          -83.6488896,
          42.97917659
        ]
      },
      "properties": {
        "name": "Flint Bumper Mart",
        "category": "Automotive",
        "address": "3114 Joyce St, Burton, MI 48529-1426",
        "phone": "+18107440030",
        "website": "http://www.flintbumpermart.com/"
      }
    },
    {
      "type": "Feature",
      "id": "overture:3fffd087-bcc1-4c4d-9246-d10bd76b2e0d",
      "geometry": {
        "type": "Point",
        "coordinates": [
          -83.65212709,
          42.98170286
        ]
      },
      "properties": {
        "name": "East Hemphill Inn",
        "category": "Lodging",
        "address": "3030 E Hemphill Rd, Burton, MI 48529-1439",
        "phone": "+18107435173",
        "website": "http://www.hamptoninn1.hilton.com"
      }
    },
    {
      "type": "Feature",
      "id": "overture:40128b89-3a82-4fb4-b464-28e8f6b21e7e",
      "geometry": {
        "type": "Point",
        "coordinates": [
          -83.67179884,
          42.97329543
        ]
      },
      "properties": {
        "name": "Amistee Air Duct Cleaning and Insulation",
        "category": "Professional & Personal Services",
        "address": "2017 E Boatfield Ave, Burton, MI 48529-1711",
        "phone": "+18107435377",
        "website": "http://www.amistee.com/"
      }
    },
    {
      "type": "Feature",
      "id": "overture:40282195-9005-476e-9dcb-051623d208d2",
      "geometry": {
        "type": "Point",
        "coordinates": [
          -83.589166,
          42.967251
        ]
      },
      "properties": {
        "name": "Atherton United Methodist Church",
        "category": "Faith",
        "address": "6105 Wilderness Pt, Grand Blanc, MI 48439-9627",
        "phone": "+18107437188",
        "website": "http://athertonumc.com"
      }
    },
    {
      "type": "Feature",
      "id": "overture:4081cae1-e1e1-4b0b-a8ad-c604ec816d49",
      "geometry": {
        "type": "Point",
        "coordinates": [
          -83.638735,
          42.975521
        ]
      },
      "properties": {
        "name": "Flexible Automation Inc",
        "category": "Professional & Personal Services",
        "address": "3387 E Bristol Rd, Burton, MI 48529-1451",
        "phone": "+18107428540",
        "website": "http://flexautoinc.com/"
      }
    },
    {
      "type": "Feature",
      "id": "overture:40a0c90f-3870-4f63-89ee-fb4d7b6a4739",
      "geometry": {
        "type": "Point",
        "coordinates": [
          -83.59299,
          42.99692
        ]
      },
      "properties": {
        "name": "Burton Estates by Century Complete",
        "category": "Professional & Personal Services",
        "address": "Hunter Ln & Burton Estates Dr, Burton, MI 48519",
        "phone": "2486212895",
        "website": "https://www.centurycommunities.com/find-your-new-home/michigan/flint-metro/burton/burton-estates"
      }
    },
    {
      "type": "Feature",
      "id": "overture:40b40a66-ab55-4f18-85e9-efefe4995ca8",
      "geometry": {
        "type": "Point",
        "coordinates": [
          -83.6860463,
          42.9730815
        ]
      },
      "properties": {
        "name": "LibertyX Bitcoin ATM",
        "category": "Financial",
        "address": "1200 E Bristol Rd, Burton, MI 48529",
        "phone": "8005118940"
      }
    },
    {
      "type": "Feature",
      "id": "overture:40fe9158-2a8b-4249-b2e3-a48e2849e07d",
      "geometry": {
        "type": "Point",
        "coordinates": [
          -83.63125263604871,
          43.01700104091326
        ]
      },
      "properties": {
        "name": "Cakery Supplies LLC",
        "category": "Professional & Personal Services",
        "address": "4190 E Court St, Burton, MI 48509",
        "phone": "(810) 715-9823",
        "website": "http://www.cakerysupplies.com"
      }
    },
    {
      "type": "Feature",
      "id": "overture:4126b690-1288-4145-86dc-e00b0e1b8d2b",
      "geometry": {
        "type": "Point",
        "coordinates": [
          -83.65371828,
          42.97736091
        ]
      },
      "properties": {
        "name": "Liberty Glass and Glazing",
        "category": "Professional & Personal Services",
        "address": "G3420 S Dort Hwy, Burton, MI 48529-1418",
        "phone": "+18102323366",
        "website": "http://www.libertyglazing.com/"
      }
    },
    {
      "type": "Feature",
      "id": "overture:41484508-81b5-4914-85d9-a2f8f50e26f9",
      "geometry": {
        "type": "Point",
        "coordinates": [
          -83.64666651,
          42.96914383
        ]
      },
      "properties": {
        "name": "Ace Asphalt and Paving Company",
        "category": "Professional & Personal Services",
        "address": "4190 Jimbo Dr, Burton, MI 48529-1847",
        "phone": "+18107422420",
        "website": "http://aceasphaltpaving.com"
      }
    },
    {
      "type": "Feature",
      "id": "overture:41aeca84-d1ec-4a14-a079-d3c8186d0c10",
      "geometry": {
        "type": "Point",
        "coordinates": [
          -83.58949442,
          43.01086007
        ]
      },
      "properties": {
        "name": "Greater Hope Church",
        "category": "Faith",
        "address": "6150 Lapeer Rd, Burton, MI 48509-2418"
      }
    },
    {
      "type": "Feature",
      "id": "overture:422025d9-4842-454a-aff0-bfd7c6b61f9a",
      "geometry": {
        "type": "Point",
        "coordinates": [
          -83.63336628,
          42.99815265
        ]
      },
      "properties": {
        "name": "Martin's Tire & Service",
        "category": "Automotive",
        "address": "2217 S Center Rd, Burton, MI 48519-1149",
        "phone": "+18105848616",
        "website": "http://www.martinstireandservice.com/"
      }
    },
    {
      "type": "Feature",
      "id": "overture:424f6ad0-ab30-403c-b76d-58c28fc4766a",
      "geometry": {
        "type": "Point",
        "coordinates": [
          -83.68979014,
          42.97420349
        ]
      },
      "properties": {
        "name": "Jag The Haberdasher",
        "category": "Retail & Shopping",
        "address": "1071 E Bristol Rd, Burton, MI 48529-1126",
        "phone": "+18102873050"
      }
    },
    {
      "type": "Feature",
      "id": "overture:42710642-ee99-41c6-b559-7014838a7b4d",
      "geometry": {
        "type": "Point",
        "coordinates": [
          -83.59672,
          43.03431
        ]
      },
      "properties": {
        "name": "Reba Maynard Hair",
        "category": "Professional & Personal Services",
        "address": "5515 Davison Rd, Burton, MI 48509-1555",
        "phone": "+18107429224"
      }
    },
    {
      "type": "Feature",
      "id": "overture:42e6e94a-0967-4603-ae39-ee33cdee882d",
      "geometry": {
        "type": "Point",
        "coordinates": [
          -83.66988982,
          42.96363219
        ]
      },
      "properties": {
        "name": "As-Siddiq Institute and Mosque",
        "category": "Faith",
        "address": "G4417 S Saginaw St, Burton, MI 48529-2085",
        "phone": "+18105931222"
      }
    },
    {
      "type": "Feature",
      "id": "overture:435ef4fa-4ac8-4bde-9995-05eff17431b6",
      "geometry": {
        "type": "Point",
        "coordinates": [
          -83.58165064,
          43.03079182
        ]
      },
      "properties": {
        "name": "YK2 Enterprises",
        "category": "Professional & Personal Services",
        "address": "1376 Kra Nur Dr, Burton, MI 48509-1633",
        "phone": "+18106916043"
      }
    },
    {
      "type": "Feature",
      "id": "overture:43af7475-b31a-43ca-905a-fc4183698c3d",
      "geometry": {
        "type": "Point",
        "coordinates": [
          -83.68390241,
          42.973902
        ]
      },
      "properties": {
        "name": "Scooter's Coffee",
        "category": "Dining",
        "address": "1242 E Bristol Rd, Burton, MI 48529-2522",
        "phone": "+18108203557",
        "website": "https://www.scooterscoffee.com/"
      }
    },
    {
      "type": "Feature",
      "id": "overture:43be4ef3-89b9-4808-8acb-ffc00e40adff",
      "geometry": {
        "type": "Point",
        "coordinates": [
          -83.62731,
          43.020507
        ]
      },
      "properties": {
        "name": "H&R Block Tax Preparation Office",
        "category": "Financial",
        "address": "4159 Court St, Burton, MI 48509",
        "website": "https://www.hrblock.com/tax-office-near-me/michigan/burton/21391/"
      }
    },
    {
      "type": "Feature",
      "id": "overture:44764b12-1db0-4031-a694-d9eb0e95de54",
      "geometry": {
        "type": "Point",
        "coordinates": [
          -83.61495602,
          42.97994553
        ]
      },
      "properties": {
        "name": "Atherton High School",
        "category": "Education",
        "address": "3354 S Genesee Rd, Burton, MI 48519-1426",
        "phone": "+18105919184",
        "website": "http://www.athertonschools.org/"
      }
    },
    {
      "type": "Feature",
      "id": "overture:447b332f-c6c3-4f45-a175-b1739e7ea062",
      "geometry": {
        "type": "Point",
        "coordinates": [
          -83.6731854,
          42.97664711
        ]
      },
      "properties": {
        "name": "Family Dollar",
        "category": "Retail & Shopping",
        "address": "G4386 S Saginaw St, Burton, MI 48529-2001",
        "phone": "+18102438361",
        "website": "https://locations.familydollar.com/mi/burton/g4386-s-saginaw-st"
      }
    },
    {
      "type": "Feature",
      "id": "overture:44ba829d-7161-48db-8d7e-00a48d310c8c",
      "geometry": {
        "type": "Point",
        "coordinates": [
          -83.59485768,
          43.02689132
        ]
      },
      "properties": {
        "name": "Pluto Property Group",
        "category": "Professional & Personal Services",
        "address": "1284 N Belsay Rd, Burton, MI 48509-1660",
        "phone": "+18103446652",
        "website": "https://www.plutopropertygroup.com/"
      }
    },
    {
      "type": "Feature",
      "id": "overture:451eadf0-2fbe-471b-a181-2b95a5fc5468",
      "geometry": {
        "type": "Point",
        "coordinates": [
          -83.63456249,
          42.99081201
        ]
      },
      "properties": {
        "name": "Ojibwa Health Store",
        "category": "Health & Medical",
        "address": "2480 S Center Rd, Burton, MI 48519-1152",
        "phone": "+18107444226",
        "website": "https://ojibwa-health-store.business.site"
      }
    },
    {
      "type": "Feature",
      "id": "overture:4554a9cb-7382-4a67-9761-4851153f57a5",
      "geometry": {
        "type": "Point",
        "coordinates": [
          -83.63345291574575,
          42.99068698230758
        ]
      },
      "properties": {
        "name": "Red Baron",
        "category": "Dining",
        "address": "2495 S Center Rd, Burton, MI 48519",
        "phone": "(810) 744-1310",
        "website": "http://www.baronburger.com"
      }
    },
    {
      "type": "Feature",
      "id": "overture:458e585d-8fd6-4fe5-b777-883e3e1a218c",
      "geometry": {
        "type": "Point",
        "coordinates": [
          -83.65216711578726,
          42.98180708251668
        ]
      },
      "properties": {
        "name": "Hampton Inn",
        "category": "Lodging",
        "address": "3030 E Hemphill Rd, Burton, MI 48529",
        "phone": "(810) 743-2505",
        "website": "http://www.hamptoninn1.hilton.com"
      }
    },
    {
      "type": "Feature",
      "id": "overture:45bbc410-fed9-40a2-841e-3a48831c10a7",
      "geometry": {
        "type": "Point",
        "coordinates": [
          -83.608769,
          43.02123
        ]
      },
      "properties": {
        "name": "Michigan Region Missionary Church",
        "category": "Faith",
        "address": "1091 Creekwood Trl, Burton, MI 48509-1500",
        "phone": "+18107427462",
        "website": "http://www.mcmichigan.org"
      }
    },
    {
      "type": "Feature",
      "id": "overture:45bdf8e9-2ab6-4df5-a2a5-dd9a24cc05d3",
      "geometry": {
        "type": "Point",
        "coordinates": [
          -83.6335611521,
          43.0170750384
        ]
      },
      "properties": {
        "name": "Sephora inside jcpenney",
        "category": "Professional & Personal Services",
        "address": "4190 E Court St Ste 500, Burton, MI 48509",
        "phone": "8102759178",
        "website": "http://www.sephora.com/stores/burton-jcpenney-at-courtland-center"
      }
    },
    {
      "type": "Feature",
      "id": "overture:45dded80-829d-4667-b32b-d4caa7c86d49",
      "geometry": {
        "type": "Point",
        "coordinates": [
          -83.6533608,
          42.9722892
        ]
      },
      "properties": {
        "name": "Nature's ReLeaf Burton",
        "category": "Retail & Shopping",
        "address": "4086 S Dort Hwy, Burton, MI 48529",
        "phone": "8107683397",
        "website": "http://www.naturesreleaf.com/"
      }
    },
    {
      "type": "Feature",
      "id": "overture:461e2d11-236d-4971-bd0b-a5d2664055b0",
      "geometry": {
        "type": "Point",
        "coordinates": [
          -83.63372,
          43.004921
        ]
      },
      "properties": {
        "name": "GBN Pro Logistics",
        "category": "Professional & Personal Services",
        "address": "1501 S Center Rd, BURTON, MI 48509",
        "phone": "8104229940"
      }
    },
    {
      "type": "Feature",
      "id": "overture:462a8dda-63b2-41ac-a7ea-f6d493ba680f",
      "geometry": {
        "type": "Point",
        "coordinates": [
          -83.63384262,
          42.97930781
        ]
      },
      "properties": {
        "name": "Bishop Construction",
        "category": "Professional & Personal Services",
        "address": "3374 S Center Rd, Burton, MI 48519-1958",
        "phone": "+18107444550",
        "website": "http://www.bishopconstructionmi.com/"
      }
    },
    {
      "type": "Feature",
      "id": "overture:462dcaae-7ac2-4821-a76f-1f5140201dd9",
      "geometry": {
        "type": "Point",
        "coordinates": [
          -83.64668155,
          42.98268486
        ]
      },
      "properties": {
        "name": "Moe Sales and Services Inc",
        "category": "Professional & Personal Services",
        "address": "G3228 Kleinpell St, Burton, MI 48529-1006",
        "phone": "+18107443520",
        "website": "http://www.moesales.samsbiz.com"
      }
    },
    {
      "type": "Feature",
      "id": "overture:4655f933-bc7c-4fc7-9f85-74fbdd6a4cea",
      "geometry": {
        "type": "Point",
        "coordinates": [
          -83.65285093,
          42.97344274
        ]
      },
      "properties": {
        "name": "MediaSkapes",
        "category": "Professional & Personal Services",
        "address": "G4047 S Dort Hwy, Burton, MI 48529-1827",
        "phone": "+18104104737",
        "website": "https://www.mediaskapes.com/"
      }
    },
    {
      "type": "Feature",
      "id": "overture:46948809-611b-4709-853a-a1b93dc6304c",
      "geometry": {
        "type": "Point",
        "coordinates": [
          -83.6860463,
          42.9730815
        ]
      },
      "properties": {
        "name": "Western Union",
        "category": "Financial",
        "address": "1200 E Bristol Rd, Burton, MI 48529",
        "phone": "8102346863",
        "website": "https://www.westernunion.com/?utm_source=bingmaps&utm_medium=pml-yext"
      }
    },
    {
      "type": "Feature",
      "id": "overture:4699f9d7-56a3-4d84-a710-a078382315ae",
      "geometry": {
        "type": "Point",
        "coordinates": [
          -83.6282543,
          43.0209117
        ]
      },
      "properties": {
        "name": "Dr. Sarah Lee",
        "category": "Health & Medical",
        "address": "4165 E Court Street, Burton, MI 48509",
        "website": "https://eyedoctors.pearlevision.com/mi/burton/4165-e-court-street.html"
      }
    },
    {
      "type": "Feature",
      "id": "overture:46a17f04-301a-4327-8f96-1ca2cb199567",
      "geometry": {
        "type": "Point",
        "coordinates": [
          -83.63461723,
          43.03129214
        ]
      },
      "properties": {
        "name": "Genesys Family Health Center",
        "category": "Professional & Personal Services",
        "address": "1460 N Center Rd, Burton, MI 48509-1429",
        "phone": "+18107154300",
        "website": "http://www.genesys.org"
      }
    },
    {
      "type": "Feature",
      "id": "overture:470f0e4d-ba61-4bc3-bd37-1255c07ceaa5",
      "geometry": {
        "type": "Point",
        "coordinates": [
          -83.60246110106682,
          42.980641977679625
        ]
      },
      "properties": {
        "name": "Deck Pros",
        "category": "Professional & Personal Services",
        "address": "5298 Sitka St, Grand Blanc, MI 48519",
        "phone": "(810) 444-0476",
        "website": "http://deckprosmichigan.com"
      }
    },
    {
      "type": "Feature",
      "id": "overture:4769c54d-3b47-466f-b010-bb1d81325307",
      "geometry": {
        "type": "Point",
        "coordinates": [
          -83.6728646,
          42.9752258
        ]
      },
      "properties": {
        "name": "Oak Street Health Burton Primary Care Clinic",
        "category": "Health & Medical",
        "address": "G3525 S Saginaw St, Burton, MI 48529",
        "phone": "8102150261",
        "website": "https://www.oakstreethealth.com/locations/burton-mi/burton-doctors-office?utm_source=listings&utm_vpf=yext"
      }
    },
    {
      "type": "Feature",
      "id": "overture:47767d18-39df-4c53-8c53-9cb7783d30f7",
      "geometry": {
        "type": "Point",
        "coordinates": [
          -83.68002546,
          42.97810751
        ]
      },
      "properties": {
        "name": "Just Like Home Family Daycare",
        "category": "Education",
        "address": "1343 Carman St, Burton, MI 48529-1238",
        "phone": "+18108348311",
        "website": "http://www.mydaycarepage.com/"
      }
    },
    {
      "type": "Feature",
      "id": "overture:47800305-813a-4098-a172-735954e2bcfa",
      "geometry": {
        "type": "Point",
        "coordinates": [
          -83.62739,
          43.0370599
        ]
      },
      "properties": {
        "name": "R&R Auto Repair",
        "category": "Automotive",
        "address": "4218 Woodrow Ave, Burton, MI 48509-1054",
        "phone": "+18105695586"
      }
    },
    {
      "type": "Feature",
      "id": "overture:47a378d1-c898-4fa3-8f0b-0ba1109c3287",
      "geometry": {
        "type": "Point",
        "coordinates": [
          -83.63347702,
          43.00666131
        ]
      },
      "properties": {
        "name": "M H Al-Midani",
        "category": "Health & Medical",
        "address": "4050 Walli Strasse Dr, Burton, MI 48509-1727",
        "phone": "+18107430680",
        "website": "http://dralmadani.com/timeline/"
      }
    },
    {
      "type": "Feature",
      "id": "overture:47d0f046-e425-4c5e-98e5-67a65636107a",
      "geometry": {
        "type": "Point",
        "coordinates": [
          -83.68888583,
          42.97966229
        ]
      },
      "properties": {
        "name": "Kings Lane Apartments",
        "category": "Arts & Entertainment",
        "address": "4400 Kings Ln, Burton, MI 48529-1137",
        "phone": "+18103411740",
        "website": "https://www.pipermanagement.com/apartments/mi/burton/kings-lane-apartments/"
      }
    },
    {
      "type": "Feature",
      "id": "overture:48b17a9c-e166-44ef-986c-9774d6f93029",
      "geometry": {
        "type": "Point",
        "coordinates": [
          -83.596075,
          43.016182
        ]
      },
      "properties": {
        "name": "After Hours Clinic",
        "category": "Health & Medical",
        "address": "1096 S Belsay Rd, Burton, MI 48509-1948",
        "phone": "+18107433351",
        "website": "http://www.genesys.org"
      }
    },
    {
      "type": "Feature",
      "id": "overture:49161cf9-42ea-4a88-931e-1266226ccaf2",
      "geometry": {
        "type": "Point",
        "coordinates": [
          -83.62236215,
          43.03349012
        ]
      },
      "properties": {
        "name": "Rooted Journey",
        "category": "Professional & Personal Services",
        "address": "4349 Davison Rd, Burton, MI 48509-1453",
        "phone": "+18106029336",
        "website": "http://www.rootedjourney.co/"
      }
    },
    {
      "type": "Feature",
      "id": "overture:4919c245-de73-464f-94e0-c01ecd187e5d",
      "geometry": {
        "type": "Point",
        "coordinates": [
          -83.6137142,
          43.0325842
        ]
      },
      "properties": {
        "name": "Tall Oaks Realty",
        "category": "Professional & Personal Services",
        "address": "5046 Davison Rd, Burton, MI 48509",
        "phone": "8102304997",
        "website": "http://talloaksrealty.com/"
      }
    },
    {
      "type": "Feature",
      "id": "overture:492f9c0e-aeda-4f77-a219-c7a4289336f1",
      "geometry": {
        "type": "Point",
        "coordinates": [
          -83.63372,
          42.98893
        ]
      },
      "properties": {
        "name": "ELGA Credit Union Administration Bldg",
        "category": "Financial",
        "address": "2305 S Center Rd, Burton, MI 48519",
        "phone": "8107153542",
        "website": "http://www.elgacu.com/"
      }
    },
    {
      "type": "Feature",
      "id": "overture:493eba61-53d1-45cd-b721-6e1fcf10d6d8",
      "geometry": {
        "type": "Point",
        "coordinates": [
          -83.59370232469098,
          43.03456770306714
        ]
      },
      "properties": {
        "name": "I.M.A Brookwood Golf Course",
        "category": "Arts & Entertainment",
        "address": "6045 Davison Rd, Burton, MI 48509",
        "phone": "(810) 742-4930",
        "website": "http://www.imarecreation.org/aboutus/open-to-the-public"
      }
    },
    {
      "type": "Feature",
      "id": "overture:4944e711-57e0-4d46-93c9-98d19aa932ca",
      "geometry": {
        "type": "Point",
        "coordinates": [
          -83.67566680908203,
          42.97395324707031
        ]
      },
      "properties": {
        "name": "ATM SPEEDWAY #8753",
        "category": "Financial",
        "address": "1466 E BRIST OL RD, Burton, MI 48529"
      }
    },
    {
      "type": "Feature",
      "id": "overture:496f27ff-c2bb-4ba1-8d58-49a4f1ca0575",
      "geometry": {
        "type": "Point",
        "coordinates": [
          -83.67241,
          42.96827
        ]
      },
      "properties": {
        "name": "Citgo",
        "category": "Automotive",
        "address": "4232 SAGINAW ST, BURTON, MI 48529",
        "website": "https://www.citgo.com/station-locator/locations/19092056"
      }
    },
    {
      "type": "Feature",
      "id": "overture:49f37719-283a-46ad-bba0-8e0cb669e661",
      "geometry": {
        "type": "Point",
        "coordinates": [
          -83.63376519,
          43.01277638
        ]
      },
      "properties": {
        "name": "General Optical",
        "category": "Health & Medical",
        "address": "1235 S Center Rd, Burton, MI 48509-1700",
        "phone": "+18107441950",
        "website": "https://www.genopt.com/"
      }
    },
    {
      "type": "Feature",
      "id": "overture:4a6b7d3b-669f-449f-be40-f8e3cf99e2d3",
      "geometry": {
        "type": "Point",
        "coordinates": [
          -83.59468166,
          42.97682693
        ]
      },
      "properties": {
        "name": "NTC Church",
        "category": "Faith",
        "address": "3484 S Belsay Rd, Burton, MI 48519-1625",
        "phone": "+18107429420",
        "website": "http://www.ntc.church/"
      }
    },
    {
      "type": "Feature",
      "id": "overture:4aa6f816-0581-4cbf-a183-f3c2c03428e6",
      "geometry": {
        "type": "Point",
        "coordinates": [
          -83.57825627,
          42.99037713
        ]
      },
      "properties": {
        "name": "Barber Shop",
        "category": "Professional & Personal Services",
        "address": "6429 E Atherton Rd, Burton, MI 48519-1600",
        "phone": "+18107438181"
      }
    },
    {
      "type": "Feature",
      "id": "overture:4b8ad317-bc09-4421-b269-b39fcaab0be3",
      "geometry": {
        "type": "Point",
        "coordinates": [
          -83.659936,
          42.975223
        ]
      },
      "properties": {
        "name": "Shamrock Fabricating",
        "category": "Professional & Personal Services",
        "address": "2347 E Bristol Rd, Burton, MI 48529-1304",
        "phone": "+18107440677",
        "website": "http://shamrockfabrication.com"
      }
    },
    {
      "type": "Feature",
      "id": "overture:4bcc74a9-fe51-4381-a1c2-e54532d93cbe",
      "geometry": {
        "type": "Point",
        "coordinates": [
          -83.59766912,
          43.02390348
        ]
      },
      "properties": {
        "name": "Dollar Tree",
        "category": "Retail & Shopping",
        "address": "1145 N Belsay Rd, Burton, MI 48509-1653",
        "phone": "+18107768371",
        "website": "https://locations.dollartree.com/mi/burton/1145-n-belsay-rd-suite-b"
      }
    },
    {
      "type": "Feature",
      "id": "overture:4c343800-9492-4f5c-9840-d0a21c25ab44",
      "geometry": {
        "type": "Point",
        "coordinates": [
          -83.6712858,
          42.9648495
        ]
      },
      "properties": {
        "name": "Dynamic Auto Collision Inc",
        "category": "Automotive",
        "address": "G4352 S Saginaw St, Burton, MI 48529",
        "phone": "8107430210"
      }
    },
    {
      "type": "Feature",
      "id": "overture:4c60a5ee-91e3-4f0d-8a4d-97ec4401502a",
      "geometry": {
        "type": "Point",
        "coordinates": [
          -83.63331194716446,
          42.98917185153417
        ]
      },
      "properties": {
        "name": "Genesee District Library - BM",
        "category": "Community Services",
        "address": "4012 E Atherton Rd, Burton, MI 48519",
        "phone": "(810) 742-0674",
        "website": "http://www.thegdl.org/burton-memorial-library"
      }
    },
    {
      "type": "Feature",
      "id": "overture:4c8bbf9c-a092-4024-8c75-4e1a9ab82e3e",
      "geometry": {
        "type": "Point",
        "coordinates": [
          -83.63244744,
          43.01242118
        ]
      },
      "properties": {
        "name": "CenterPoint Christian Academy",
        "category": "Education",
        "address": "1225 S Center Rd, Burton, MI 48509-1723",
        "phone": "+18107430055",
        "website": "https://centerpointacademy.com/"
      }
    },
    {
      "type": "Feature",
      "id": "overture:4c91d7dd-f5c7-46e0-aa24-cdff96a325e5",
      "geometry": {
        "type": "Point",
        "coordinates": [
          -83.59832,
          43.03234
        ]
      },
      "properties": {
        "name": "Collette's Vintage & Antique Mall",
        "category": "Retail & Shopping",
        "address": "5350 Davison Rd, Burton, MI 48509",
        "phone": "8107151990",
        "website": "http://collettesvintage.com/"
      }
    },
    {
      "type": "Feature",
      "id": "overture:4d01d97a-86f6-4afe-9d62-6e371587ab26",
      "geometry": {
        "type": "Point",
        "coordinates": [
          -83.6739254,
          42.9791183
        ]
      },
      "properties": {
        "name": "Betty’s Tea Room",
        "category": "Professional & Personal Services",
        "address": "G3358 S Saginaw St, Burton, MI 48529-1236",
        "phone": "+18107013659"
      }
    },
    {
      "type": "Feature",
      "id": "overture:4d2b9c4e-7e37-4eec-8414-bb777f83712b",
      "geometry": {
        "type": "Point",
        "coordinates": [
          -83.60187265615029,
          43.025640390076816
        ]
      },
      "properties": {
        "name": "GFHA Learn To Play Hockey",
        "category": "Arts & Entertainment",
        "address": "5371 Daly Farms Dr, Burton, MI 48509",
        "phone": "(248) 210-9155",
        "website": "http://www.youthhockeyflintmichigan.com"
      }
    },
    {
      "type": "Feature",
      "id": "overture:4d47de97-63ab-4bc6-b450-aa974b1378fa",
      "geometry": {
        "type": "Point",
        "coordinates": [
          -83.63395288777127,
          43.00733213643852
        ]
      },
      "properties": {
        "name": "Dr. Manilal Mewada",
        "category": "Health & Medical",
        "address": "4001 Walli Strasse Dr Ste C, Burton, MI 48509",
        "phone": "(810) 743-5400",
        "website": "https://healthcare.ascension.org/doctors/1992899546/manilal-o-mewada-burton-mi"
      }
    },
    {
      "type": "Feature",
      "id": "overture:4d7337ab-d1ea-4101-acb7-69fa030f49bf",
      "geometry": {
        "type": "Point",
        "coordinates": [
          -83.5817971,
          43.0385343
        ]
      },
      "properties": {
        "name": "Safari Club International Flin",
        "category": "Community Services",
        "address": "2226 Ridgemoor Ct, Burton, MI 48509-1391",
        "phone": "+18107432263"
      }
    },
    {
      "type": "Feature",
      "id": "overture:4de8eda6-305a-4c69-89fc-bafc53359ec9",
      "geometry": {
        "type": "Point",
        "coordinates": [
          -83.62832548,
          43.02083659
        ]
      },
      "properties": {
        "name": "T-Mobile",
        "category": "Retail & Shopping",
        "address": "4163 E Court St, Burton, MI 48509-1717",
        "phone": "+18107436479",
        "website": "https://www.t-mobile.com/stores/bd/t-mobile-burton-mi-48509-2srd?utm_source=facebook&utm_medium=lastmile&utm_campaign=2SRD"
      }
    },
    {
      "type": "Feature",
      "id": "overture:4def2c27-c6f9-476b-a8cd-a892bfbce1f4",
      "geometry": {
        "type": "Point",
        "coordinates": [
          -83.63434988,
          42.99312593
        ]
      },
      "properties": {
        "name": "Sparkle Buggy Car Wash",
        "category": "Automotive",
        "address": "2380 S Center Rd, Burton, MI 48519-1165",
        "phone": "+18107423880",
        "website": "https://www.chamberofcommerce.com/.../3862411-sparkle-buggy-car-wash"
      }
    },
    {
      "type": "Feature",
      "id": "overture:4ebd4392-4d77-4adb-8e7a-61bd31bb81e9",
      "geometry": {
        "type": "Point",
        "coordinates": [
          -83.60100720679023,
          43.02293061075925
        ]
      },
      "properties": {
        "name": "da-vi nails",
        "category": "Professional & Personal Services",
        "address": "5323 E Court St, Burton, MI 48509",
        "phone": "(810) 744-1455",
        "website": "http://www.davinails.com"
      }
    },
    {
      "type": "Feature",
      "id": "overture:4f642721-0c7d-45a7-9ada-03ca95878606",
      "geometry": {
        "type": "Point",
        "coordinates": [
          -83.62776285,
          42.99283867
        ]
      },
      "properties": {
        "name": "Burton Glen Charter Academy",
        "category": "Education",
        "address": "4171 E Atherton Rd, Burton, MI 48519-1435",
        "phone": "+18107442300",
        "website": "https://calendly.com/burtonglen/tourburtonglen"
      }
    },
    {
      "type": "Feature",
      "id": "overture:4fd1f5a2-e4db-4c77-b132-893ab7695d57",
      "geometry": {
        "type": "Point",
        "coordinates": [
          -83.672158,
          42.967005
        ]
      },
      "properties": {
        "name": "Atlantis Recording Studio",
        "category": "Professional & Personal Services",
        "address": "4270 Saginaw Rd Ste 3, Burton, MI 48529",
        "phone": "8107428173"
      }
    },
    {
      "type": "Feature",
      "id": "overture:5051720f-2b27-4fa2-8e6c-12e8f189f4a4",
      "geometry": {
        "type": "Point",
        "coordinates": [
          -83.6300072,
          42.9747105
        ]
      },
      "properties": {
        "name": "Red Dot Storage",
        "category": "Professional & Personal Services",
        "address": "4070 E Bristol Rd, Burton, MI 48519",
        "phone": "8103707588",
        "website": "https://www.reddotstorage.com/self-storage/mi/burton/e-bristol-rd/?utm_source=bingPlaces&utm_medium=organic"
      }
    },
    {
      "type": "Feature",
      "id": "overture:50cfd2dd-683b-49bc-8f58-fce2b186b25d",
      "geometry": {
        "type": "Point",
        "coordinates": [
          -83.58699193,
          43.00701923
        ]
      },
      "properties": {
        "name": "Big Day Event Services LLC",
        "category": "Professional & Personal Services",
        "address": "1442 Lasalle Ave, Burton, MI 48509-2408",
        "phone": "+18103367953",
        "website": "https://www.bigdayeventservices.com/"
      }
    },
    {
      "type": "Feature",
      "id": "overture:50f56246-f253-4e1c-8a35-51114d8953dc",
      "geometry": {
        "type": "Point",
        "coordinates": [
          -83.63270268,
          43.01761027
        ]
      },
      "properties": {
        "name": "Goodwill Mid-Michigan",
        "category": "Community Services",
        "address": "4190 E Court St, Burton, MI 48509-1732",
        "phone": "+18107442260",
        "website": "http://www.goodwill.org/"
      }
    },
    {
      "type": "Feature",
      "id": "overture:5137ac2c-38ab-438b-b2b3-095f637c8e86",
      "geometry": {
        "type": "Point",
        "coordinates": [
          -83.63166015,
          43.01768577
        ]
      },
      "properties": {
        "name": "El Cozumel Mexican Grill",
        "category": "Dining",
        "address": "4190 E Court St, Burton, MI 48509-1732",
        "phone": "+18107154426",
        "website": "http://www.elcozumel.com/"
      }
    },
    {
      "type": "Feature",
      "id": "overture:5153f89c-cfa7-482e-8a27-3d14da7a3bd3",
      "geometry": {
        "type": "Point",
        "coordinates": [
          -83.6326172,
          42.9742336
        ]
      },
      "properties": {
        "name": "Kett Engineering Corporation",
        "category": "Professional & Personal Services",
        "address": "4033 S Center Rd, Burton, MI 48519",
        "phone": "8189085388",
        "website": "https://www.ketteng.com/"
      }
    },
    {
      "type": "Feature",
      "id": "overture:517b760a-9aeb-44ef-9299-b87504ccb70e",
      "geometry": {
        "type": "Point",
        "coordinates": [
          -83.6333113,
          42.9898707
        ]
      },
      "properties": {
        "name": "Pit Stop Oil Change - Burton",
        "category": "Professional & Personal Services",
        "address": "4013 E Atherton Rd., Burton, MI 48519",
        "phone": "8107434580",
        "website": "https://www.pitstopoilchangeburton.com/"
      }
    },
    {
      "type": "Feature",
      "id": "overture:517dd5f8-848b-4243-8844-303ac5677ecc",
      "geometry": {
        "type": "Point",
        "coordinates": [
          -83.63134264447231,
          43.01699106325013
        ]
      },
      "properties": {
        "name": "Finish Line",
        "category": "Retail & Shopping",
        "address": "4208 Court St 321, Burton, MI 48509-1720",
        "phone": "(810) 743-2600",
        "website": "http://www.finishline.com"
      }
    },
    {
      "type": "Feature",
      "id": "overture:51fa602a-ce1d-4a27-9ce5-79db2a2c87a7",
      "geometry": {
        "type": "Point",
        "coordinates": [
          -83.63203247,
          43.01924403
        ]
      },
      "properties": {
        "name": "Low Vision Clinic",
        "category": "Professional & Personal Services",
        "address": "4067 E Court St, Burton, MI 48509-2500",
        "phone": "+18107152020",
        "website": "http://www.blindandlowvision.org/"
      }
    },
    {
      "type": "Feature",
      "id": "overture:52260bc0-af96-49ff-8213-294478c31e45",
      "geometry": {
        "type": "Point",
        "coordinates": [
          -83.634547,
          42.973634
        ]
      },
      "properties": {
        "name": "Burton Rotary Club",
        "category": "Professional & Personal Services",
        "address": "4050 S Center Rd, Burton, MI 48519-1454",
        "website": "http://www.burtonrotary.org/"
      }
    },
    {
      "type": "Feature",
      "id": "overture:523e43e8-7019-4bb0-9a71-467909708657",
      "geometry": {
        "type": "Point",
        "coordinates": [
          -83.62673203229211,
          43.00510309955201
        ]
      },
      "properties": {
        "name": "Valley Church of Christ",
        "category": "Faith",
        "address": "4201 Lippincott Blvd, Burton, MI 48519",
        "phone": "(810) 742-2522",
        "website": "http://www.valleycoc.org"
      }
    },
    {
      "type": "Feature",
      "id": "overture:524b0408-893f-44f7-89ae-2e74d9197dea",
      "geometry": {
        "type": "Point",
        "coordinates": [
          -83.595202,
          43.033167
        ]
      },
      "properties": {
        "name": "Tiara & Co.",
        "category": "Professional & Personal Services",
        "address": "6010 Davison Rd, Burton, MI 48509",
        "phone": "(810) 715-0202",
        "website": "http://www.tiaraandcompany.net"
      }
    },
    {
      "type": "Feature",
      "id": "overture:5294a927-7686-4d2c-bb38-0ddbc3517a20",
      "geometry": {
        "type": "Point",
        "coordinates": [
          -83.68090914,
          42.9610921
        ]
      },
      "properties": {
        "name": "Daystar Child Care Center",
        "category": "Education",
        "address": "1295 E Maple Ave, Burton, MI 48529-1503",
        "phone": "+18107433898",
        "website": "http://www.daystarchildcarecenter.org/"
      }
    },
    {
      "type": "Feature",
      "id": "overture:52c0a77d-4607-4e55-b41c-36cf75cba925",
      "geometry": {
        "type": "Point",
        "coordinates": [
          -83.67149,
          42.96837
        ]
      },
      "properties": {
        "name": "hair by alissa.m.t",
        "category": "Professional & Personal Services",
        "address": "501 W Flint St, Davison, MI 48423-1062",
        "phone": "+18103753707",
        "website": "https://shop.saloninteractive.com/store/Luxbeautyloung3"
      }
    },
    {
      "type": "Feature",
      "id": "overture:52ff0f28-326f-41ac-8f02-be1e3de77317",
      "geometry": {
        "type": "Point",
        "coordinates": [
          -83.60606586,
          43.01038223
        ]
      },
      "properties": {
        "name": "Dollar General",
        "category": "Retail & Shopping",
        "address": "5238 Lapeer Rd, Burton, MI 48509-2043",
        "phone": "+18102304160",
        "website": "https://www.dollargeneral.com/store-directory/mi/burton/14560"
      }
    },
    {
      "type": "Feature",
      "id": "overture:52fffc53-c109-4925-bb1c-7f00d7b95327",
      "geometry": {
        "type": "Point",
        "coordinates": [
          -83.625012,
          43.0187
        ]
      },
      "properties": {
        "name": "Rainbow Apparel",
        "category": "Retail & Shopping",
        "address": "G4190 E Court St, Burton, MI 48509",
        "phone": "8107430514"
      }
    },
    {
      "type": "Feature",
      "id": "overture:5326f2be-c03b-4fa5-9f5c-c36cfab785cb",
      "geometry": {
        "type": "Point",
        "coordinates": [
          -83.62962443,
          43.01710999
        ]
      },
      "properties": {
        "name": "Foxxy Nails",
        "category": "Professional & Personal Services",
        "address": "4190 E Court St, Burton, MI 48509-1732",
        "phone": "+18107426966",
        "website": "http://www.ibysalon.com"
      }
    },
    {
      "type": "Feature",
      "id": "overture:5461a729-a172-4365-85ee-2ede417e8813",
      "geometry": {
        "type": "Point",
        "coordinates": [
          -83.62510876,
          43.01895759
        ]
      },
      "properties": {
        "name": "Marcus Robinson",
        "category": "Professional & Personal Services",
        "address": "4265 E Court St, Burton, MI 48509-1719",
        "phone": "+18108139033",
        "website": "http://www.granthamadyrealtors.com/"
      }
    },
    {
      "type": "Feature",
      "id": "overture:5461cc37-ca4e-46c8-91ac-45b4c19b6a78",
      "geometry": {
        "type": "Point",
        "coordinates": [
          -83.63192195492947,
          42.972444226034256
        ]
      },
      "properties": {
        "name": "Lawrence L Grzegorzewski DDS",
        "category": "Health & Medical",
        "address": "4087 S Center Rd, Burton, MI 48519",
        "phone": "(810) 744-1324",
        "website": "http://www.greatlakesfamilydentistry.net"
      }
    },
    {
      "type": "Feature",
      "id": "overture:54698341-55b7-4e1f-8147-15aac311d7a7",
      "geometry": {
        "type": "Point",
        "coordinates": [
          -83.67622974,
          42.96003448
        ]
      },
      "properties": {
        "name": "Seasons Counseling Center",
        "category": "Health & Medical",
        "address": "1441 E Maple Ave, Burton, MI 48529-2059",
        "phone": "+18108206265"
      }
    },
    {
      "type": "Feature",
      "id": "overture:54982ef2-6829-4ebc-a536-7e3f7bf1f37d",
      "geometry": {
        "type": "Point",
        "coordinates": [
          -83.634454,
          42.992155
        ]
      },
      "properties": {
        "name": "Cash Store",
        "category": "Professional & Personal Services",
        "address": "2424 S Center Rd Ste B, Burton, MI 48519",
        "phone": "8107150097",
        "website": "https://www.cashstore.com/local/cash-advance-burton?utm_source=bing&utm_medium=organic&utm_campaign=listings&utm_content=903"
      }
    },
    {
      "type": "Feature",
      "id": "overture:54adfc99-011d-4811-bbc6-13ef9d21c452",
      "geometry": {
        "type": "Point",
        "coordinates": [
          -83.628229,
          43.020364
        ]
      },
      "properties": {
        "name": "Big Lots",
        "category": "Retail & Shopping",
        "address": "4157 E Court St, Burton, MI 48509",
        "phone": "8107428037",
        "website": "https://local.biglots.com/mi/burton/5229?utm_source=bing&utm_medium=distrib&utm_campaign=bing-distrib"
      }
    },
    {
      "type": "Feature",
      "id": "overture:54face7b-b9ed-47a8-9e67-c29c0a7b4cc5",
      "geometry": {
        "type": "Point",
        "coordinates": [
          -83.6250338,
          43.01899984
        ]
      },
      "properties": {
        "name": "Floyd L. Mills",
        "category": "Professional & Personal Services",
        "address": "4265 E Court St, Burton, MI 48509-1719",
        "phone": "+18107307766",
        "website": "http://www.glowwi.net/"
      }
    },
    {
      "type": "Feature",
      "id": "overture:55649b98-6b45-4c64-baf6-8a0248eec809",
      "geometry": {
        "type": "Point",
        "coordinates": [
          -83.63255315,
          42.96659993
        ]
      },
      "properties": {
        "name": "City of Burton Parks and Recreation",
        "category": "Arts & Entertainment",
        "address": "4303 S Center Rd, Burton, MI 48519-1449",
        "phone": "+18107431500",
        "website": "https://www.burtonmi.gov/"
      }
    },
    {
      "type": "Feature",
      "id": "overture:55c1921c-3140-4e07-a704-6f25fc7b2023",
      "geometry": {
        "type": "Point",
        "coordinates": [
          -83.631356,
          43.01986
        ]
      },
      "properties": {
        "name": "Art Van PureSleep",
        "category": "Retail & Shopping",
        "address": "4095 E Court St, Burton, MI 48509",
        "phone": "8107423699",
        "website": "https://www.artvan.com/storedetails?StoreID=34"
      }
    },
    {
      "type": "Feature",
      "id": "overture:55c1f87f-1382-4ed8-a467-dd9e8366efc9",
      "geometry": {
        "type": "Point",
        "coordinates": [
          -83.64323287,
          43.00377878
        ]
      },
      "properties": {
        "name": "H and N Market",
        "category": "Grocery & Food",
        "address": "3280 Lippincott Blvd, Burton, MI 48519-1022",
        "phone": "+18107424718",
        "website": "https://h-n-market.hub.biz/"
      }
    },
    {
      "type": "Feature",
      "id": "overture:55dbd846-6c37-45b8-b4e3-0941d3a15c10",
      "geometry": {
        "type": "Point",
        "coordinates": [
          -83.67296397686005,
          42.97548405826092
        ]
      },
      "properties": {
        "name": "On Target Tax & Bookkeeping",
        "category": "Financial",
        "address": "G3492 S Saginaw St, Burton, MI 48529",
        "phone": "8107437250",
        "website": "http://ontargettax.com/"
      }
    },
    {
      "type": "Feature",
      "id": "overture:5614c762-00e9-4d98-ac6e-641d9708b3f2",
      "geometry": {
        "type": "Point",
        "coordinates": [
          -83.6630042043443,
          42.97437742491834
        ]
      },
      "properties": {
        "name": "Papas Pizza",
        "category": "Dining",
        "address": "2258 E Bristol Rd, Burton, MI 48529",
        "phone": "(810) 744-3376",
        "website": "http://www.papajohns.co.uk/Stores/burton-upon-trent"
      }
    },
    {
      "type": "Feature",
      "id": "overture:5677341c-6d00-464f-ab4d-1cf05977c86c",
      "geometry": {
        "type": "Point",
        "coordinates": [
          -83.684164,
          42.976174
        ]
      },
      "properties": {
        "name": "Holy Redeemer Football Field",
        "category": "Professional & Personal Services",
        "address": "Burton, MI 48529"
      }
    },
    {
      "type": "Feature",
      "id": "overture:5706051a-9044-4cda-b2ac-7cad0f06e73b",
      "geometry": {
        "type": "Point",
        "coordinates": [
          -83.673148,
          42.979707
        ]
      },
      "properties": {
        "name": "Burton WIC Office",
        "category": "Community Services",
        "address": "G3373 S Saginaw St, Burton, MI 48529-1244",
        "phone": "+18102374537",
        "website": "http://www.gchd.us/"
      }
    },
    {
      "type": "Feature",
      "id": "overture:57907ce6-3958-4960-b735-d4b6b6813dd1",
      "geometry": {
        "type": "Point",
        "coordinates": [
          -83.5947183,
          43.0158818
        ]
      },
      "properties": {
        "name": "Sunoco Gas Station",
        "category": "Automotive",
        "address": "1117 S Belsay Rd, Burton, MI 48509",
        "phone": "8107152979",
        "website": "https://www.sunoco.com/find-a-station"
      }
    },
    {
      "type": "Feature",
      "id": "overture:57909683-7914-4a00-b20d-d174304f8c78",
      "geometry": {
        "type": "Point",
        "coordinates": [
          -83.6722685,
          42.9747587
        ]
      },
      "properties": {
        "name": "Dianne Junior, NP",
        "category": "Health & Medical",
        "address": "3525 N Saginaw St, Flint, MI 48505",
        "phone": "8102150261",
        "website": "https://www.oakstreethealth.com/doctors/dianne-junior?utm_source=listings&utm_vpf=rep"
      }
    },
    {
      "type": "Feature",
      "id": "overture:57b55f3c-7c88-4406-813f-42eb6b3c9324",
      "geometry": {
        "type": "Point",
        "coordinates": [
          -83.66945141,
          42.96709706
        ]
      },
      "properties": {
        "name": "The Harbor Church",
        "category": "Faith",
        "address": "2084 E Judd Rd, Burton, MI 48529-2403",
        "phone": "+18102403383",
        "website": "http://www.harborchurchgc.com"
      }
    },
    {
      "type": "Feature",
      "id": "overture:584acd0b-abce-470a-aff0-ef668fb86e7b",
      "geometry": {
        "type": "Point",
        "coordinates": [
          -83.63438536,
          43.01050097
        ]
      },
      "properties": {
        "name": "Wild Bill's Tobacco",
        "category": "Retail & Shopping",
        "address": "1295 S Center Rd, Burton, MI 48509-1737",
        "phone": "+18107152099",
        "website": "https://wildbillstobacco.com/"
      }
    },
    {
      "type": "Feature",
      "id": "overture:58ec1c25-2d73-4263-b56c-77c0eb89b39c",
      "geometry": {
        "type": "Point",
        "coordinates": [
          -83.62165122304904,
          43.03205414607432
        ]
      },
      "properties": {
        "name": "Gm CCA Davison Rd.",
        "category": "Professional & Personal Services",
        "address": "4134 Davison Rd, Burton, MI 48509"
      }
    },
    {
      "type": "Feature",
      "id": "overture:5905264f-d030-4bfa-9c86-623a5834344a",
      "geometry": {
        "type": "Point",
        "coordinates": [
          -83.683461,
          42.976869
        ]
      },
      "properties": {
        "name": "Holy Redeemer Family Life Center",
        "category": "Arts & Entertainment",
        "address": "1227 E Bristol Rd, Burton, MI 48529-1128",
        "phone": "+18107432522",
        "website": "http://holyredeemerburton.org"
      }
    },
    {
      "type": "Feature",
      "id": "overture:5930c75e-9bc8-43e5-a6f7-9ad40459517a",
      "geometry": {
        "type": "Point",
        "coordinates": [
          -83.60536999,
          42.99046831
        ]
      },
      "properties": {
        "name": "Walker Farms And Greenhouses",
        "category": "Retail & Shopping",
        "address": "5253 E Atherton Rd, Burton, MI 48519-1529",
        "phone": "+18107430260",
        "website": "http://www.walkersfarm.com/"
      }
    },
    {
      "type": "Feature",
      "id": "overture:5976c3ef-f2f9-4ae9-8c54-3ed6870de6f1",
      "geometry": {
        "type": "Point",
        "coordinates": [
          -83.576088,
          42.984274
        ]
      },
      "properties": {
        "name": "Vassar Rd House",
        "category": "Health & Medical",
        "address": "3220 S Vassar Rd, Burton, MI 48519",
        "phone": "+18107422745",
        "website": "https://vassar-rd-house.hub.biz/"
      }
    },
    {
      "type": "Feature",
      "id": "overture:59781fcf-5333-40f8-bed4-09167f74e00f",
      "geometry": {
        "type": "Point",
        "coordinates": [
          -83.69244568,
          42.96958364
        ]
      },
      "properties": {
        "name": "Hansen House Treasures",
        "category": "Retail & Shopping",
        "address": "G4159 Fenton Rd, Burton, MI 48529-1501",
        "phone": "+18102180249"
      }
    },
    {
      "type": "Feature",
      "id": "overture:5995211b-9f31-4691-bf0b-4e2684109d94",
      "geometry": {
        "type": "Point",
        "coordinates": [
          -83.6008901,
          43.0223071
        ]
      },
      "properties": {
        "name": "Western Union",
        "category": "Financial",
        "address": "5323 E Court St N, Burton, MI 48509",
        "phone": "8107449690",
        "website": "https://www.westernunion.com/?utm_source=bingmaps&utm_medium=pml-yext"
      }
    },
    {
      "type": "Feature",
      "id": "overture:5a4714fc-6c20-481c-8ee4-aaef6cb3d9e9",
      "geometry": {
        "type": "Point",
        "coordinates": [
          -83.63764415680454,
          42.974613674123844
        ]
      },
      "properties": {
        "name": "Ashley's Inside Storage",
        "category": "Professional & Personal Services",
        "address": "3412 E Bristol Rd, Burton, MI 48529",
        "phone": "(810) 744-9640",
        "website": "http://rewardsmix.com"
      }
    },
    {
      "type": "Feature",
      "id": "overture:5ae8c0f4-d11a-4c60-9741-b6f43e6b9a0e",
      "geometry": {
        "type": "Point",
        "coordinates": [
          -83.5955337,
          43.0271069
        ]
      },
      "properties": {
        "name": "Illusions Styling Salon",
        "category": "Professional & Personal Services",
        "address": "1290 N Belsay Rd, Burton, MI 48509",
        "phone": "8107437980",
        "website": "http://www.illusionsstylingsalon.com/"
      }
    },
    {
      "type": "Feature",
      "id": "overture:5b07a3f1-b5c3-4271-8fa2-e79c2a65b36f",
      "geometry": {
        "type": "Point",
        "coordinates": [
          -83.67323374483536,
          42.979745900001525
        ]
      },
      "properties": {
        "name": "Genesee County Health Department",
        "category": "Health & Medical",
        "address": "G3373 S Saginaw St, Burton, MI 48529",
        "phone": "(810) 742-2255",
        "website": "http://www.gchd.us"
      }
    },
    {
      "type": "Feature",
      "id": "overture:5b087f50-cbc1-4728-b5c0-ab13e5dbb8d9",
      "geometry": {
        "type": "Point",
        "coordinates": [
          -83.65287094,
          42.98702444
        ]
      },
      "properties": {
        "name": "All American Pawn and Jewelry",
        "category": "Retail & Shopping",
        "address": "G3085 S Dort Hwy, Burton, MI 48529",
        "phone": "+18103912359",
        "website": "http://www.allamerican-pawn.com/"
      }
    },
    {
      "type": "Feature",
      "id": "overture:5b65a594-1a25-47f7-b3d1-0573dc3ca1b2",
      "geometry": {
        "type": "Point",
        "coordinates": [
          -83.63105981,
          43.03295343
        ]
      },
      "properties": {
        "name": "Colberg Radiator",
        "category": "Automotive",
        "address": "4114 Davison Rd, Burton, MI 48509-1455",
        "phone": "+18107420028",
        "website": "http://www.colbergradiators.com/"
      }
    },
    {
      "type": "Feature",
      "id": "overture:5b6cdda4-c800-4381-b768-b2dac76e3c50",
      "geometry": {
        "type": "Point",
        "coordinates": [
          -83.59606955,
          43.01303978
        ]
      },
      "properties": {
        "name": "Chase Bank",
        "category": "Financial",
        "address": "1232 S Belsay Rd, Burton, MI 48509-1918",
        "phone": "+18107424290",
        "website": "http://www.chase.com"
      }
    },
    {
      "type": "Feature",
      "id": "overture:5c6f0f07-2706-4709-b2eb-b882379bfc24",
      "geometry": {
        "type": "Point",
        "coordinates": [
          -83.683480758983,
          42.976695380038
        ]
      },
      "properties": {
        "name": "The Alpha Course at Holy Redeemer",
        "category": "Faith",
        "address": "1227 E Bristol Rd, Burton, MI 48529-1128",
        "phone": "+18102441693",
        "website": "http://www.holyredeemerburton.org/alpha"
      }
    },
    {
      "type": "Feature",
      "id": "overture:5ca56512-c629-499b-9a13-ec1a0d0269bd",
      "geometry": {
        "type": "Point",
        "coordinates": [
          -83.634613,
          43.03181
        ]
      },
      "properties": {
        "name": "UPS Access Point location",
        "category": "Professional & Personal Services",
        "address": "1474 N Center Rd, BURTON, MI 48509",
        "phone": "8007425877",
        "website": "https://locations.ups.com/us/en/mi/burton/access-point-location-181258.html"
      }
    },
    {
      "type": "Feature",
      "id": "overture:5cb878fe-71c7-4068-b514-abe05e7828ee",
      "geometry": {
        "type": "Point",
        "coordinates": [
          -83.63446807861328,
          43.018402099609375
        ]
      },
      "properties": {
        "name": "ATM SPEEDWAY #2222",
        "category": "Financial",
        "address": "1001 S CENT ER, Burton, MI 48509"
      }
    },
    {
      "type": "Feature",
      "id": "overture:5cfeba14-5799-4e62-bbbe-1cfa94e37fe0",
      "geometry": {
        "type": "Point",
        "coordinates": [
          -83.67774453,
          42.96001443
        ]
      },
      "properties": {
        "name": "The Jubilee Life Christian Church COGIC",
        "category": "Faith",
        "address": "1393 E Maple Ave, Burton, MI 48529-2059",
        "phone": "+18107150397",
        "website": "https://jubilee-life-christian-church.hub.biz/"
      }
    },
    {
      "type": "Feature",
      "id": "overture:5d177efb-58e1-4790-9f24-7f10b760b895",
      "geometry": {
        "type": "Point",
        "coordinates": [
          -83.60353,
          43.00885378218498
        ]
      },
      "properties": {
        "name": "Michigan Sewer & Drain Cleaning",
        "category": "Professional & Personal Services",
        "address": "1363 Audrey St, Burton, MI 48509",
        "phone": "8105192005",
        "website": "http://www.misewer.com/"
      }
    },
    {
      "type": "Feature",
      "id": "overture:5d62cad3-de1c-42fe-8b7a-4ce8b0168146",
      "geometry": {
        "type": "Point",
        "coordinates": [
          -83.6729834,
          42.9775156
        ]
      },
      "properties": {
        "name": "Public Storage",
        "category": "Professional & Personal Services",
        "address": "G3425 S Saginaw St, Burton, MI 48529",
        "phone": "8102096526",
        "website": "https://www.publicstorage.com/self-storage-mi-burton/5638.html?pspid=pslocalsearch&utm_source=bing&utm_medium=local_maps"
      }
    },
    {
      "type": "Feature",
      "id": "overture:5d69132e-8298-43ba-ad4f-68e89fa951f4",
      "geometry": {
        "type": "Point",
        "coordinates": [
          -83.5993409321251,
          43.0204526966524
        ]
      },
      "properties": {
        "name": "Walmart Grocery Pickup & Delivery",
        "category": "Grocery & Food",
        "address": "5323 E Court St N, Burton, MI 48509",
        "phone": "(810) 869-0312",
        "website": "https://grocery.walmart.com/locations/pickup/Walmart-Burton-MI-Supercenter-2273"
      }
    },
    {
      "type": "Feature",
      "id": "overture:5d8156de-a400-4367-9db0-147a6bd86e4f",
      "geometry": {
        "type": "Point",
        "coordinates": [
          -83.61368219,
          43.03259034
        ]
      },
      "properties": {
        "name": "Hannah Willmore - Tall Oaks Realty",
        "category": "Professional & Personal Services",
        "address": "5046 Davison Rd, Burton, MI 48509-1514",
        "phone": "+18109866125",
        "website": "https://www.HannahWillmore.com/"
      }
    },
    {
      "type": "Feature",
      "id": "overture:5d9a7fee-ac9f-4f7e-9ab2-d3b76e511634",
      "geometry": {
        "type": "Point",
        "coordinates": [
          -83.6532815,
          42.97437764
        ]
      },
      "properties": {
        "name": "Highway Dispo Cannabis Company",
        "category": "Health & Medical",
        "address": "2512 E Bristol Rd, Burton, MI 48529-1325",
        "phone": "+18103371420",
        "website": "https://dorthwydispo.com"
      }
    },
    {
      "type": "Feature",
      "id": "overture:5dcfa457-882d-45a8-b13d-b65f5b4da900",
      "geometry": {
        "type": "Point",
        "coordinates": [
          -83.62689984,
          43.00442232
        ]
      },
      "properties": {
        "name": "Grace Note Studio of Music",
        "category": "Education",
        "address": "4201 Lippincott Blvd, Burton, MI 48519-1161",
        "phone": "+12488928808",
        "website": "http://www.gracenotestudioofmusic.com/"
      }
    },
    {
      "type": "Feature",
      "id": "overture:5ddb2759-c6ef-4d3a-95d6-85a65bde262c",
      "geometry": {
        "type": "Point",
        "coordinates": [
          -83.63412,
          43.01048
        ]
      },
      "properties": {
        "name": "Cellular and More - Burton",
        "category": "Retail & Shopping",
        "address": "1295 S Center Rd, Burton, MI 48509-1737",
        "phone": "+18108202667",
        "website": "http://www.cellularandmore.com/?y_source=1_NjE5MDE2Ny00NDAtbG9jYXRpb24ud2Vic2l0ZQ%3D%3D"
      }
    },
    {
      "type": "Feature",
      "id": "overture:5de0e132-9c5d-407d-946a-91c4a82107dc",
      "geometry": {
        "type": "Point",
        "coordinates": [
          -83.6901314556599,
          42.9741449654102
        ]
      },
      "properties": {
        "name": "Approved Cash",
        "category": "Financial",
        "address": "1067 E Bristol Rd, Burton, MI 48529",
        "phone": "8102333010",
        "website": "http://approvedcashadvance.com/locations/flint"
      }
    },
    {
      "type": "Feature",
      "id": "overture:5df36f90-8066-4bed-b900-18bb12981cf8",
      "geometry": {
        "type": "Point",
        "coordinates": [
          -83.59493996,
          43.0334915
        ]
      },
      "properties": {
        "name": "Gotta Have It Consignments",
        "category": "Retail & Shopping",
        "address": "6020 Davison Rd, Burton, MI 48509-1607",
        "phone": "+18108759096",
        "website": "http://www.gotconsignments.com/"
      }
    },
    {
      "type": "Feature",
      "id": "overture:5e084f05-a047-4d56-af71-127c2094f4b3",
      "geometry": {
        "type": "Point",
        "coordinates": [
          -83.62698554992676,
          43.020813307834565
        ]
      },
      "properties": {
        "name": "Five Below",
        "category": "Retail & Shopping",
        "address": "4155 E Court St, Burton, MI 48509",
        "phone": "8102567750",
        "website": "https://locations.fivebelow.com/mi/burton/4155-e-court-st?y_source=1_MjAxOTg0NzQ3OC00ODMtbG9jYXRpb24ud2Vic2l0ZQ%3D%3D"
      }
    },
    {
      "type": "Feature",
      "id": "overture:5e0c442f-8473-436e-b68c-4634387e1cdd",
      "geometry": {
        "type": "Point",
        "coordinates": [
          -83.594176700052,
          42.99859590000645
        ]
      },
      "properties": {
        "name": "Burton Estates Subdivision",
        "category": "Professional & Personal Services",
        "address": "Legacy Drive, Burton, MI 48519",
        "phone": "+18108690091",
        "website": "http://www.viphomesmi.com/"
      }
    },
    {
      "type": "Feature",
      "id": "overture:5e22d28f-fa40-4ee1-b416-409cc4fa5a65",
      "geometry": {
        "type": "Point",
        "coordinates": [
          -83.67842893560099,
          42.97451256315163
        ]
      },
      "properties": {
        "name": "Dotty's Pet Center",
        "category": "Retail & Shopping",
        "address": "1375 E Bristol Rd, Burton, MI 48529",
        "phone": "(810) 742-2443",
        "website": "http://www.dottysfeedandpet.net"
      }
    },
    {
      "type": "Feature",
      "id": "overture:5e873931-0f0b-4559-8a2f-efe13ff2a57c",
      "geometry": {
        "type": "Point",
        "coordinates": [
          -83.67288954,
          42.97789409
        ]
      },
      "properties": {
        "name": "Simpson’s BBQ Junkies",
        "category": "Dining",
        "address": "G3411 S Saginaw St, Burton, MI 48529-1278",
        "phone": "+18107770062",
        "website": "http://Simpsonsbbqjunkies.com/"
      }
    },
    {
      "type": "Feature",
      "id": "overture:5ec886c7-4f16-4a16-b228-f891981bd259",
      "geometry": {
        "type": "Point",
        "coordinates": [
          -83.63108798861504,
          43.016789012479904
        ]
      },
      "properties": {
        "name": "Reflection's Beanery",
        "category": "Professional & Personal Services",
        "address": "4190 E Court St Ste 820, Burton, MI 48509",
        "phone": "8107285079"
      }
    },
    {
      "type": "Feature",
      "id": "overture:5f1c041a-9c97-45fd-87ec-cc347e6698d1",
      "geometry": {
        "type": "Point",
        "coordinates": [
          -83.63938240415955,
          42.98922775665991
        ]
      },
      "properties": {
        "name": "Two Guys & A Grow Shop",
        "category": "Retail & Shopping",
        "address": "3374 E Atherton Rd, Burton, MI 48529",
        "phone": "(810) 820-4275",
        "website": "http://www.twoguysgrowshop.com"
      }
    },
    {
      "type": "Feature",
      "id": "overture:5fb93f9f-a2a8-431c-8920-c1a9669788d5",
      "geometry": {
        "type": "Point",
        "coordinates": [
          -83.653338,
          42.974906
        ]
      },
      "properties": {
        "name": "Heritage House Vintage & More",
        "category": "Retail & Shopping",
        "address": "G 3085 S Dort Hwy, Burton, MI 48529",
        "phone": "+18105695406",
        "website": "http://heritagehousevintagecollectables.ahez.com/"
      }
    },
    {
      "type": "Feature",
      "id": "overture:601e7bd5-dfc3-40b9-9363-2ea095d9a1dd",
      "geometry": {
        "type": "Point",
        "coordinates": [
          -83.59584951,
          43.03285603
        ]
      },
      "properties": {
        "name": "Groomingdale Pet Salon",
        "category": "Professional & Personal Services",
        "address": "1495 N Belsay Rd, Burton, MI 48509-1604",
        "phone": "+18107427445",
        "website": "http://tiktok.com/@ThatGroomerBritt"
      }
    },
    {
      "type": "Feature",
      "id": "overture:604c6292-6e49-479b-bb27-92674a093a7d",
      "geometry": {
        "type": "Point",
        "coordinates": [
          -83.63303063,
          42.96127442
        ]
      },
      "properties": {
        "name": "Marsh Monument Co",
        "category": "Professional & Personal Services",
        "address": "4496 S Center Rd, Burton, MI 48519-1446",
        "phone": "+18107442754",
        "website": "http://www.marshmonumentcompany.com"
      }
    },
    {
      "type": "Feature",
      "id": "overture:6069857f-330a-45e8-8834-1d9b4a91f5af",
      "geometry": {
        "type": "Point",
        "coordinates": [
          -83.59554462,
          43.0150411
        ]
      },
      "properties": {
        "name": "Burton Dental Center",
        "category": "Health & Medical",
        "address": "1140 S Belsay Rd, Burton, MI 48509-1909",
        "phone": "+18107440433",
        "website": "http://www.burtondentalcenter.com"
      }
    },
    {
      "type": "Feature",
      "id": "overture:6071f601-3397-421a-a545-457af594bb06",
      "geometry": {
        "type": "Point",
        "coordinates": [
          -83.59490772,
          43.00825768
        ]
      },
      "properties": {
        "name": "Greene's Drywall",
        "category": "Professional & Personal Services",
        "address": "1391 S Belsay Rd, Burton, MI 48509-2203",
        "phone": "+18105169259"
      }
    },
    {
      "type": "Feature",
      "id": "overture:610184ba-9f8d-4bf8-b851-b47031b42c2e",
      "geometry": {
        "type": "Point",
        "coordinates": [
          -83.59607496367425,
          43.0161820630588
        ]
      },
      "properties": {
        "name": "Quest Diagnostic Center",
        "category": "Health & Medical",
        "address": "5495 Raymond Ave, Burton, MI 48509",
        "phone": "(810) 742-5780",
        "website": "http://www.questdiagnostics.com/home.html"
      }
    },
    {
      "type": "Feature",
      "id": "overture:6106d46c-27da-4af2-8d74-cbc283451941",
      "geometry": {
        "type": "Point",
        "coordinates": [
          -83.634396,
          42.994229
        ]
      },
      "properties": {
        "name": "Jacs Gtpie Burton Inc",
        "category": "Professional & Personal Services",
        "address": "2350 S Center Rd, Burton, MI 48519-1165",
        "phone": "8107429743"
      }
    },
    {
      "type": "Feature",
      "id": "overture:6107434b-e4dd-4ff7-902f-647bd9ceab78",
      "geometry": {
        "type": "Point",
        "coordinates": [
          -83.67365140875744,
          42.977007216102564
        ]
      },
      "properties": {
        "name": "South Flint Tabernacle",
        "category": "Faith",
        "address": "G3560 S. Saginaw, Burton, MI 48529",
        "phone": "(810) 743-1710",
        "website": "http://www.southflint.org"
      }
    },
    {
      "type": "Feature",
      "id": "overture:61162887-5a75-4fe2-a610-3862bccd10f7",
      "geometry": {
        "type": "Point",
        "coordinates": [
          -83.631069,
          43.0169061
        ]
      },
      "properties": {
        "name": "Payless ShoeSource",
        "category": "Retail & Shopping",
        "address": "4190 E Court St, Burton, MI 48509",
        "phone": "8107421260",
        "website": "https://payless.com/stores-location/MI-BURTON-3988.html"
      }
    },
    {
      "type": "Feature",
      "id": "overture:613af780-1d8d-45b9-84a7-7639419fa8ec",
      "geometry": {
        "type": "Point",
        "coordinates": [
          -83.63394683,
          43.00491987
        ]
      },
      "properties": {
        "name": "Genesee Urological Center",
        "category": "Professional & Personal Services",
        "address": "1501 S Center Rd, Burton, MI 48509-1731",
        "phone": "+18107423400"
      }
    },
    {
      "type": "Feature",
      "id": "overture:61708a8c-c264-4070-a170-2a3f1bbca3a6",
      "geometry": {
        "type": "Point",
        "coordinates": [
          -83.60943286,
          42.97516012
        ]
      },
      "properties": {
        "name": "Harmony Baptist Church",
        "category": "Faith",
        "address": "5106 E Bristol Rd, Burton, MI 48519-1504",
        "phone": "+18107422630",
        "website": "http://www.harmonyisfamily.com/"
      }
    },
    {
      "type": "Feature",
      "id": "overture:617eac2d-da3c-4bd8-9c1f-3143533772c8",
      "geometry": {
        "type": "Point",
        "coordinates": [
          -83.62607403,
          43.03338737
        ]
      },
      "properties": {
        "name": "Standard Solutions Maintenance Group",
        "category": "Professional & Personal Services",
        "address": "4251 Davison Rd, Burton, MI 48509-1450",
        "phone": "+18104225591",
        "website": "http://www.standardsolutionsusa.com"
      }
    },
    {
      "type": "Feature",
      "id": "overture:61a90651-6092-46d4-8462-a6ff4e6c3b37",
      "geometry": {
        "type": "Point",
        "coordinates": [
          -83.63407398,
          43.00725435
        ]
      },
      "properties": {
        "name": "Greater Flint Area USBC",
        "category": "Professional & Personal Services",
        "address": "4001 Walli Strasse Dr, Burton, MI 48509-1748",
        "phone": "+18102302740",
        "website": "http://www.gfausbc.com/"
      }
    },
    {
      "type": "Feature",
      "id": "overture:61ae5bfd-03d3-4b49-b256-e69f7684d148",
      "geometry": {
        "type": "Point",
        "coordinates": [
          -83.60826206,
          43.02144216
        ]
      },
      "properties": {
        "name": "VetCon",
        "category": "Professional & Personal Services",
        "address": "1200 Creekwood Trl, Burton, MI 48509-1565",
        "phone": "+18108202468",
        "website": "http://vet-con.us/service/garage-doors/"
      }
    },
    {
      "type": "Feature",
      "id": "overture:61b93017-eb83-4666-b769-9d1074d0fbbe",
      "geometry": {
        "type": "Point",
        "coordinates": [
          -83.63040848191463,
          43.018609538902545
        ]
      },
      "properties": {
        "name": "Merle Norman Cosmetic Studio",
        "category": "Professional & Personal Services",
        "address": "4190 E Court St Ste 837, Burton, MI 48509",
        "phone": "(810) 742-0980",
        "website": "http://www.merlenorman.com"
      }
    },
    {
      "type": "Feature",
      "id": "overture:6223dfda-876c-4c1e-9fbf-6449cd179290",
      "geometry": {
        "type": "Point",
        "coordinates": [
          -83.634497,
          42.992574
        ]
      },
      "properties": {
        "name": "Adrian Hunter - State Farm Insurance Agent",
        "category": "Professional & Personal Services",
        "address": "2414 S Ctr Rd Ste B, Burton, MI 48519",
        "phone": "8108208552",
        "website": "https://www.hunteragencyinc.com/?cmpid=f25q_blm_0002"
      }
    },
    {
      "type": "Feature",
      "id": "overture:629a5eac-3a12-487e-befb-1a2ce2f30425",
      "geometry": {
        "type": "Point",
        "coordinates": [
          -83.600582,
          43.022977
        ]
      },
      "properties": {
        "name": "ecoATM",
        "category": "Professional & Personal Services",
        "address": "5323 E Court St N, Burton, MI 48509",
        "phone": "+18583244111",
        "website": "https://www.ecoatm.com/"
      }
    },
    {
      "type": "Feature",
      "id": "overture:62e19086-bece-41bc-b3a0-46ab6ec927cc",
      "geometry": {
        "type": "Point",
        "coordinates": [
          -83.59901,
          43.025706
        ]
      },
      "properties": {
        "name": "Elite Skating Academy",
        "category": "Professional & Personal Services",
        "address": "5371 Daly Farms Dr, Burton, MI 48509-1665",
        "phone": "+18107440800",
        "website": "http://www.crystalfh.com/"
      }
    },
    {
      "type": "Feature",
      "id": "overture:630935de-1f88-45c7-80de-86654907acd3",
      "geometry": {
        "type": "Point",
        "coordinates": [
          -83.61450866,
          42.98378559
        ]
      },
      "properties": {
        "name": "Pilgrim Lutheran Church",
        "category": "Faith",
        "address": "3222 S Genesee Rd, Burton, MI 48519-1424",
        "phone": "+18107441188",
        "website": "http://pilgrimburton.com/"
      }
    },
    {
      "type": "Feature",
      "id": "overture:634fe2c3-1d4e-418f-80bd-0193957c71b5",
      "geometry": {
        "type": "Point",
        "coordinates": [
          -83.64518424,
          42.97418668
        ]
      },
      "properties": {
        "name": "FleetPride",
        "category": "Automotive",
        "address": "3226 E Bristol Rd, Burton, MI 48529-1410",
        "phone": "+18107427900",
        "website": "https://branches.fleetpride.com/mi/burton/truckparts-flt.html"
      }
    },
    {
      "type": "Feature",
      "id": "overture:63794583-9c5f-47fb-a3a6-115a9358ceb4",
      "geometry": {
        "type": "Point",
        "coordinates": [
          -83.67137554,
          42.96664336
        ]
      },
      "properties": {
        "name": "CASH USA Pawnbrokers",
        "category": "Retail & Shopping",
        "address": "G4277 S Saginaw St, Burton, MI 48529-2003",
        "phone": "+18106299800"
      }
    },
    {
      "type": "Feature",
      "id": "overture:63c1aec0-bb74-43cd-b50f-349888822576",
      "geometry": {
        "type": "Point",
        "coordinates": [
          -83.64192535,
          42.97018812
        ]
      },
      "properties": {
        "name": "Anything On-Site Repair",
        "category": "Professional & Personal Services",
        "address": "4181 Flint Asphalt Dr, Burton, MI 48529-1824",
        "phone": "+18102475228",
        "website": "https://anythingonsiterepair.com/"
      }
    },
    {
      "type": "Feature",
      "id": "overture:63cef3ce-9af1-40d0-9c06-51edea961692",
      "geometry": {
        "type": "Point",
        "coordinates": [
          -83.6871894,
          42.9741576
        ]
      },
      "properties": {
        "name": "Family Community Credit Union",
        "category": "Financial",
        "address": "1149 E Bristol Rd, Burton, MI 48529",
        "phone": "8107676300"
      }
    },
    {
      "type": "Feature",
      "id": "overture:645ed07a-f81d-4546-8118-d93d45646db6",
      "geometry": {
        "type": "Point",
        "coordinates": [
          -83.62641883,
          43.01870724
        ]
      },
      "properties": {
        "name": "Michaels Custom Framing",
        "category": "Professional & Personal Services",
        "address": "4229 E Court St, Burton, MI 48509-1719",
        "phone": "+18102759377",
        "website": "https://locations.michaels.com/MI/Burton/5591"
      }
    },
    {
      "type": "Feature",
      "id": "overture:64628d16-728b-4978-a955-04a175ebd7f3",
      "geometry": {
        "type": "Point",
        "coordinates": [
          -83.69263499,
          42.96844132
        ]
      },
      "properties": {
        "name": "Zuddles",
        "category": "Professional & Personal Services",
        "address": "4205 Fenton Rd, Burton, MI 48507-2448",
        "phone": "+18108206392",
        "website": "http://www.zuddles.com"
      }
    },
    {
      "type": "Feature",
      "id": "overture:649d8985-6743-4639-9818-20e15a4c9a79",
      "geometry": {
        "type": "Point",
        "coordinates": [
          -83.62507239,
          43.01900012
        ]
      },
      "properties": {
        "name": "Weichert Realtors",
        "category": "Professional & Personal Services",
        "address": "4265 E Court St, Burton, MI 48509-1719",
        "phone": "+18107444333",
        "website": "http://www.granthamadyrealtors.com"
      }
    },
    {
      "type": "Feature",
      "id": "overture:64f06479-aba8-4a33-a753-3bb4a0f55a75",
      "geometry": {
        "type": "Point",
        "coordinates": [
          -83.67146792,
          42.96636037
        ]
      },
      "properties": {
        "name": "Crazy Ink Tattoo Studio",
        "category": "Professional & Personal Services",
        "address": "G4295 S Saginaw St, Burton, MI 48529-2015",
        "phone": "+18104227065",
        "website": "http://www.crazyinktattoo.com"
      }
    },
    {
      "type": "Feature",
      "id": "overture:652746d6-924a-48e9-8f23-265e9ae6eb9f",
      "geometry": {
        "type": "Point",
        "coordinates": [
          -83.64574,
          42.98248
        ]
      },
      "properties": {
        "name": "Hosea's Smokin Meats",
        "category": "Dining",
        "address": "3199 E Hemphill Rd, Burton, MI 48529-1434"
      }
    },
    {
      "type": "Feature",
      "id": "overture:65364af8-42a9-4dcd-83db-c5700b40d03d",
      "geometry": {
        "type": "Point",
        "coordinates": [
          -83.65650253,
          42.96789465
        ]
      },
      "properties": {
        "name": "Ace Outdoor Services",
        "category": "Professional & Personal Services",
        "address": "2427 E Judd Rd, Burton, MI 48529-2456",
        "phone": "+18108208313",
        "website": "http://aceoutdoorservices.com/"
      }
    },
    {
      "type": "Feature",
      "id": "overture:658dff8f-8faf-4465-905a-0341dd3bca7f",
      "geometry": {
        "type": "Point",
        "coordinates": [
          -83.64880398,
          42.97490599
        ]
      },
      "properties": {
        "name": "Custom Components",
        "category": "Professional & Personal Services",
        "address": "3109 E Bristol Rd, Burton, MI 48529-1411",
        "phone": "+18107440771",
        "website": "http://customcomponents.com"
      }
    },
    {
      "type": "Feature",
      "id": "overture:65db330e-1910-4b88-8f1c-0db4fa70bdcc",
      "geometry": {
        "type": "Point",
        "coordinates": [
          -83.63350013,
          42.99721198
        ]
      },
      "properties": {
        "name": "Everclean Dry Cleaners and Laundry",
        "category": "Professional & Personal Services",
        "address": "2247 S Center Rd, Burton, MI 48519-1149",
        "phone": "+18107438220",
        "website": "http://businessfinder.mlive.com/everclean-laundry-dry-cleaner-burton-mi.html"
      }
    },
    {
      "type": "Feature",
      "id": "overture:660a0105-e010-4f89-aad5-739f3b739dce",
      "geometry": {
        "type": "Point",
        "coordinates": [
          -83.6708944,
          42.96418
        ]
      },
      "properties": {
        "name": "Family Dollar",
        "category": "Retail & Shopping",
        "address": "G4386 S Saginaw St, Burton, MI 48529",
        "phone": "8104102951",
        "website": "http://www.familydollar.com/locations/mi/burton/22446/"
      }
    },
    {
      "type": "Feature",
      "id": "overture:664820f2-391d-45df-a676-5b7ebacbe906",
      "geometry": {
        "type": "Point",
        "coordinates": [
          -83.68412498090609,
          42.974172724130774
        ]
      },
      "properties": {
        "name": "E Bristol Rd & Greenbriar Blvd",
        "category": "Dining",
        "address": "1242 E Bristol Rd, Burton, MI 48529"
      }
    },
    {
      "type": "Feature",
      "id": "overture:66c49e69-4a76-458a-9769-b7509d3e7425",
      "geometry": {
        "type": "Point",
        "coordinates": [
          -83.59667023613532,
          43.03440804252277
        ]
      },
      "properties": {
        "name": "Tiki Pineapple",
        "category": "Dining",
        "address": "5515 Davison Rd, Burton, MI 48509",
        "phone": "(810) 877-6642",
        "website": "http://www.tikipineapple.com"
      }
    },
    {
      "type": "Feature",
      "id": "overture:66de17fb-81cc-4f33-8506-c5e2dd4d4cb1",
      "geometry": {
        "type": "Point",
        "coordinates": [
          -83.58231483,
          42.96703188
        ]
      },
      "properties": {
        "name": "My 3 Sons Power Equipment",
        "category": "Professional & Personal Services",
        "address": "6321 Wagner Ave, Grand Blanc, MI 48439-9115",
        "phone": "+18102521893",
        "website": "http://www.smallenginerepairgrandblancmi.com/"
      }
    },
    {
      "type": "Feature",
      "id": "overture:67049c9d-a326-4760-87af-38c3690d87f6",
      "geometry": {
        "type": "Point",
        "coordinates": [
          -83.62740109,
          43.03408334
        ]
      },
      "properties": {
        "name": "Stone Specialists Inc",
        "category": "Professional & Personal Services",
        "address": "4217 Davison Rd, Burton, MI 48509-1405",
        "phone": "+18107442278",
        "website": "http://www.stonespecialists.net/"
      }
    },
    {
      "type": "Feature",
      "id": "overture:671ae4ef-c21a-4e6d-9cb7-9ad1d7c95627",
      "geometry": {
        "type": "Point",
        "coordinates": [
          -83.63401,
          42.9921
        ]
      },
      "properties": {
        "name": "Sprint Store By Intouch Communications",
        "category": "Retail & Shopping",
        "address": "2456 S Center Rd #107, Burton, MI 48519",
        "phone": "8106000641",
        "website": "http://shop.sprint.com/mysprint/shop_landing.jsp?pagename=whysprint&INTNAV=ATG:HE:WS"
      }
    },
    {
      "type": "Feature",
      "id": "overture:6735fbb6-7391-437c-808a-1460b717d56c",
      "geometry": {
        "type": "Point",
        "coordinates": [
          -83.623588,
          42.966346
        ]
      },
      "properties": {
        "name": "Forever Cherished Productions",
        "category": "Professional & Personal Services",
        "address": "4318 Howe Rd, Grand Blanc, MI 48439",
        "phone": "8102081495",
        "website": "http://www.forevercherishedproductions.com/"
      }
    },
    {
      "type": "Feature",
      "id": "overture:6742dd14-03b3-4276-a574-9a79379dc319",
      "geometry": {
        "type": "Point",
        "coordinates": [
          -83.68019,
          42.96842
        ]
      },
      "properties": {
        "name": "First Storage One",
        "category": "Automotive",
        "address": "4258 Somers Dr, Burton, MI 48529",
        "phone": "8107150460",
        "website": "http://firststorageone.com/"
      }
    },
    {
      "type": "Feature",
      "id": "overture:67633e8a-223e-429b-b522-92a748027fc1",
      "geometry": {
        "type": "Point",
        "coordinates": [
          -83.61452623470197,
          43.01026989068958
        ]
      },
      "properties": {
        "name": "Laredo Mexican Food",
        "category": "Dining",
        "address": "5006 Lapeer Rd # G, Burton, MI 48509",
        "phone": "(810) 742-4040",
        "website": "http://www.anaceliasmexicanrestaurant.com"
      }
    },
    {
      "type": "Feature",
      "id": "overture:67d5e2fb-b6c0-46c0-8a90-e77de03db7b8",
      "geometry": {
        "type": "Point",
        "coordinates": [
          -83.63366,
          43.012414
        ]
      },
      "properties": {
        "name": "Cora Rehabilitation Clinics",
        "category": "Health & Medical",
        "address": "1235 S Center Rd, Burton, MI 48509-1700",
        "phone": "+18107438820",
        "website": "http://www.corahealth.com"
      }
    },
    {
      "type": "Feature",
      "id": "overture:67eb6b84-0c42-4082-a445-586b4792d81d",
      "geometry": {
        "type": "Point",
        "coordinates": [
          -83.6781453,
          42.9738628
        ]
      },
      "properties": {
        "name": "NYC Street Food",
        "category": "Dining",
        "address": "1376 E BRISTOL Rd, Burton, MI 48529",
        "phone": "8102283319",
        "website": "https://www.nycstreetfoodmi.com/?utm_source=bing&utm_medium=websiteurl&utm_campaign=search"
      }
    },
    {
      "type": "Feature",
      "id": "overture:688e587d-7d77-4e92-9143-b61a0eb01f31",
      "geometry": {
        "type": "Point",
        "coordinates": [
          -83.59476076972071,
          42.976109673500375
        ]
      },
      "properties": {
        "name": "The Mix NTC",
        "category": "Faith",
        "address": "3484 S Belsay Rd, Burton, MI 48519",
        "website": "http://ntcchurch.com/teens"
      }
    },
    {
      "type": "Feature",
      "id": "overture:6916b72e-f690-4120-bfdb-41a38e70494e",
      "geometry": {
        "type": "Point",
        "coordinates": [
          -83.5742141,
          42.9728354
        ]
      },
      "properties": {
        "name": "Frozen in Time Treasures",
        "category": "Professional & Personal Services",
        "address": "4110 S Vassar Rd, Burton, MI 48519",
        "phone": "8109658727",
        "website": "https://frozenintimetreasures.com/"
      }
    },
    {
      "type": "Feature",
      "id": "overture:6963ce1a-4a36-4604-9d75-7ef7a6e52c35",
      "geometry": {
        "type": "Point",
        "coordinates": [
          -83.60086,
          43.01702
        ]
      },
      "properties": {
        "name": "Colemine Strongman Club",
        "category": "Arts & Entertainment",
        "address": "1071 Glendale St, Burton, MI 48509-1923"
      }
    },
    {
      "type": "Feature",
      "id": "overture:69dbc29e-8a4e-4b67-a264-58255fa0f02f",
      "geometry": {
        "type": "Point",
        "coordinates": [
          -83.63435373,
          43.03366708
        ]
      },
      "properties": {
        "name": "DaVita Burton Dialysis",
        "category": "Health & Medical",
        "address": "4015 Davison Rd, Burton, MI 48509-1401",
        "phone": "+18333751641",
        "website": "https://www.davita.com/locations/mi/burton/4015-davison-rd--4415"
      }
    },
    {
      "type": "Feature",
      "id": "overture:6a4410d1-6ddb-4391-902a-115cd59d1480",
      "geometry": {
        "type": "Point",
        "coordinates": [
          -83.67228926,
          42.9695353
        ]
      },
      "properties": {
        "name": "Finish Line Seamless Gutters LLC",
        "category": "Professional & Personal Services",
        "address": "4178 Saginaw St, Burton, MI 48529",
        "phone": "+18104076950"
      }
    },
    {
      "type": "Feature",
      "id": "overture:6a44a22d-bbfb-4cdc-bd0c-5a7bde8a593a",
      "geometry": {
        "type": "Point",
        "coordinates": [
          -83.60920926911251,
          42.974770118781194
        ]
      },
      "properties": {
        "name": "Crossway cafe",
        "category": "Dining",
        "address": "5106 E Bristol Rd, Burton, MI 48519-1504",
        "website": "http://www.harmonysbc.com/"
      }
    },
    {
      "type": "Feature",
      "id": "overture:6a47c035-cfc0-4362-9843-353f7927124b",
      "geometry": {
        "type": "Point",
        "coordinates": [
          -83.63337493,
          43.02138308
        ]
      },
      "properties": {
        "name": "US Speedo Inc",
        "category": "Automotive",
        "address": "1096 N Center Rd, Burton, MI 48509-1425",
        "phone": "+18102440909",
        "website": "http://www.usspeedo.com/"
      }
    },
    {
      "type": "Feature",
      "id": "overture:6a6db3af-5230-43a2-b9a7-23e60b5b83b0",
      "geometry": {
        "type": "Point",
        "coordinates": [
          -83.6350272,
          43.0036801
        ]
      },
      "properties": {
        "name": "Ryan Petroleum",
        "category": "Automotive",
        "address": "2014 S Center Road, Burton, MI 48519"
      }
    },
    {
      "type": "Feature",
      "id": "overture:6a8c5495-5a3a-45ed-b31c-5449d19cfc42",
      "geometry": {
        "type": "Point",
        "coordinates": [
          -83.58228306,
          43.03048293
        ]
      },
      "properties": {
        "name": "Kra-Nur Bristol Manor",
        "category": "Health & Medical",
        "address": "1383 Kra Nur Dr, Burton, MI 48509-1632",
        "phone": "+18107442327",
        "website": "https://www.kranurmanor.com"
      }
    },
    {
      "type": "Feature",
      "id": "overture:6a9661ef-6a83-4c58-88ce-b9f74d083833",
      "geometry": {
        "type": "Point",
        "coordinates": [
          -83.66491054,
          42.97443342
        ]
      },
      "properties": {
        "name": "Harvest Moon Salon",
        "category": "Professional & Personal Services",
        "address": "2212 E Bristol Rd, Burton, MI 48529-1323",
        "phone": "+15866750845",
        "website": "https://harvest-moon-salon.square.site/"
      }
    },
    {
      "type": "Feature",
      "id": "overture:6a9c5fbb-b52c-4837-8af5-981e360e0b2c",
      "geometry": {
        "type": "Point",
        "coordinates": [
          -83.63429832,
          42.99382451
        ]
      },
      "properties": {
        "name": "Valvoline Instant Oil Change",
        "category": "Automotive",
        "address": "2368 S Center Rd, Burton, MI 48519-1818",
        "phone": "+18107435066",
        "website": "https://store.vioc.com/mi/burton/2368-south-center-g?utm_source=facebook&utm_medium=local&utm_campaign=localsearch"
      }
    },
    {
      "type": "Feature",
      "id": "overture:6ad27753-8abb-4949-8310-57aada68c93c",
      "geometry": {
        "type": "Point",
        "coordinates": [
          -83.6422867,
          42.9787533
        ]
      },
      "properties": {
        "name": "Flint Packaging Inc",
        "category": "Professional & Personal Services",
        "address": "3256B Iron St, Burton, MI 48529-1425",
        "phone": "18107430400",
        "website": "https://flintpackaging.com"
      }
    },
    {
      "type": "Feature",
      "id": "overture:6b1acd52-aa90-4728-a958-8833556b9b4a",
      "geometry": {
        "type": "Point",
        "coordinates": [
          -83.652041,
          42.976699
        ]
      },
      "properties": {
        "name": "Wolverine Water Treatment",
        "category": "Professional & Personal Services",
        "address": "3461 S Dort Hwy, Burton, MI 48529",
        "phone": "8107431950",
        "website": "http://www.wolverinewatertreatment.com/"
      }
    },
    {
      "type": "Feature",
      "id": "overture:6b367e81-0d3a-45d6-aeb9-0c64875c225c",
      "geometry": {
        "type": "Point",
        "coordinates": [
          -83.623486,
          43.033573
        ]
      },
      "properties": {
        "name": "Holy Hill Church Of God In Christ",
        "category": "Faith",
        "address": "4323 Davison Rd, Burton, MI 48509-1407",
        "phone": "+18107870711",
        "website": "http://hollyhillsbiblechurch.org/"
      }
    },
    {
      "type": "Feature",
      "id": "overture:6bc750b4-faf6-48ae-b0db-251739d4e62f",
      "geometry": {
        "type": "Point",
        "coordinates": [
          -83.6345979,
          43.0311419
        ]
      },
      "properties": {
        "name": "Emily L. Bolton, NP",
        "category": "Professional & Personal Services",
        "address": "1460 N Center Rd, Burton, MI 48509",
        "phone": "8107154300",
        "website": "https://healthcare.ascension.org/doctors/1770096125/emily-lynn-bolton-burton-mi"
      }
    },
    {
      "type": "Feature",
      "id": "overture:6bce66aa-e202-4176-a00e-a979445a56d2",
      "geometry": {
        "type": "Point",
        "coordinates": [
          -83.63263859,
          42.9726144
        ]
      },
      "properties": {
        "name": "Patrick L. Chatterton",
        "category": "Professional & Personal Services",
        "address": "4085 S Center Rd, Burton, MI 48519",
        "phone": "8107670407",
        "website": "https://www.chattertonlaw.com/"
      }
    },
    {
      "type": "Feature",
      "id": "overture:6c0b5f5e-c2e4-40ab-bf42-8d3c86831ba6",
      "geometry": {
        "type": "Point",
        "coordinates": [
          -83.6014906387826,
          43.02263864903395
        ]
      },
      "properties": {
        "name": "Burton Walmart Auto Center",
        "category": "Automotive",
        "address": "5323 E Court St N, Burton, MI 48509-1539",
        "phone": "+18107449430",
        "website": "http://www.walmart.com/"
      }
    },
    {
      "type": "Feature",
      "id": "overture:6c0e5fc9-2715-4b58-91c3-016ce1622141",
      "geometry": {
        "type": "Point",
        "coordinates": [
          -83.59611484,
          43.02773688
        ]
      },
      "properties": {
        "name": "Genesee Tile",
        "category": "Professional & Personal Services",
        "address": "1307 N Belsay Rd, Burton, MI 48509-1602",
        "phone": "+18107432000",
        "website": "http://www.gctile.com/"
      }
    },
    {
      "type": "Feature",
      "id": "overture:6c10d2c8-5ec7-4f19-8d23-3636f1c16113",
      "geometry": {
        "type": "Point",
        "coordinates": [
          -83.59676029085813,
          43.03439808863829
        ]
      },
      "properties": {
        "name": "Curves",
        "category": "Arts & Entertainment",
        "address": "5515 Davison Rd, Burton, MI 48509",
        "phone": "(810) 743-2868",
        "website": "http://www.curves.com"
      }
    },
    {
      "type": "Feature",
      "id": "overture:6c7270d0-fcef-4cc0-8346-7faada194e9c",
      "geometry": {
        "type": "Point",
        "coordinates": [
          -83.627275,
          43.01865
        ]
      },
      "properties": {
        "name": "Finish Line",
        "category": "Retail & Shopping",
        "address": "4208 E Court St 321, Burton, MI 48509",
        "phone": "8107432600"
      }
    },
    {
      "type": "Feature",
      "id": "overture:6c90cff2-0a37-4476-b6a1-3ad0ca426fb0",
      "geometry": {
        "type": "Point",
        "coordinates": [
          -83.59622523177481,
          43.01695578154206
        ]
      },
      "properties": {
        "name": "Elwood's Restaurant & Pub",
        "category": "Dining",
        "address": "1076 Belsay Rd., Burton, MI 48509",
        "phone": "(810) 715-9900",
        "website": "http://www.bubbaomalleys.com"
      }
    },
    {
      "type": "Feature",
      "id": "overture:6c94f4d7-f76c-41b2-bc5e-e22615d73887",
      "geometry": {
        "type": "Point",
        "coordinates": [
          -83.63299469,
          42.98986106
        ]
      },
      "properties": {
        "name": "Sabor",
        "category": "Dining",
        "address": "4021 E Atherton Rd, Burton, MI 48519-1433",
        "phone": "+18108207043"
      }
    },
    {
      "type": "Feature",
      "id": "overture:6d06f0b7-a219-46ab-b939-7729c0d9965d",
      "geometry": {
        "type": "Point",
        "coordinates": [
          -83.655756983875,
          42.96788878425
        ]
      },
      "properties": {
        "name": "Allen Automotive",
        "category": "Automotive",
        "address": "2447 E Judd Rd, Burton, MI 48529-2410",
        "phone": "+15862150430"
      }
    },
    {
      "type": "Feature",
      "id": "overture:6db92cd8-1fe1-41bd-a615-911fec565219",
      "geometry": {
        "type": "Point",
        "coordinates": [
          -83.63399115276754,
          43.00944596981484
        ]
      },
      "properties": {
        "name": "Firkin and Fox",
        "category": "Dining",
        "address": "1341 S Center Rd, Burton, MI 48509",
        "phone": "(810) 743-9530",
        "website": "http://firkinpubs.com"
      }
    },
    {
      "type": "Feature",
      "id": "overture:6dc70d55-1a5a-47e6-aa1c-0de908a3678e",
      "geometry": {
        "type": "Point",
        "coordinates": [
          -83.59465616511,
          43.010688947811
        ]
      },
      "properties": {
        "name": "Sunoco",
        "category": "Automotive",
        "address": "6026 LAPEER RD, BURTON, MI 48509"
      }
    },
    {
      "type": "Feature",
      "id": "overture:6dd0aa2e-5427-4b0e-87fd-2282888ee1d0",
      "geometry": {
        "type": "Point",
        "coordinates": [
          -83.59588665,
          43.02702674
        ]
      },
      "properties": {
        "name": "American RV Inc",
        "category": "Automotive",
        "address": "1289 N Belsay Rd, Burton, MI 48509-1601",
        "phone": "+18107152325",
        "website": "https://american-rv-mi.hub.biz/"
      }
    },
    {
      "type": "Feature",
      "id": "overture:6e2a670a-451d-4f73-a47a-c7415402cef4",
      "geometry": {
        "type": "Point",
        "coordinates": [
          -83.63321954447018,
          43.00533769316399
        ]
      },
      "properties": {
        "name": "Burton Urgent Care",
        "category": "Health & Medical",
        "address": "1481 S Center Rd Ste B, Burton, MI 48509",
        "phone": "(810) 820-8706",
        "website": "http://www.burtonuc.com"
      }
    },
    {
      "type": "Feature",
      "id": "overture:6e6ea89c-1278-462b-8a49-9f9857c2c05c",
      "geometry": {
        "type": "Point",
        "coordinates": [
          -83.63384814,
          42.97926571
        ]
      },
      "properties": {
        "name": "Farm Bureau insurance",
        "category": "Financial",
        "address": "3374 S Center Rd, Burton, MI 48519-1958",
        "phone": "+18107444850",
        "website": "https://www.farmbureauinsurance-mi.com/"
      }
    },
    {
      "type": "Feature",
      "id": "overture:6e7a7535-60df-4f8f-afa3-215f94fd7cbe",
      "geometry": {
        "type": "Point",
        "coordinates": [
          -83.669864884398,
          42.96217771527401
        ]
      },
      "properties": {
        "name": "T-Rods Custom Car Painting",
        "category": "Automotive",
        "address": "G4470 S Saginaw St, Burton, MI 48529-2067",
        "phone": "+18107440524",
        "website": "http://www.trodsflint.com/"
      }
    },
    {
      "type": "Feature",
      "id": "overture:6ec1ecd2-a482-4d02-af42-6b16bb03920a",
      "geometry": {
        "type": "Point",
        "coordinates": [
          -83.662939,
          42.968979
        ]
      },
      "properties": {
        "name": "BP",
        "category": "Automotive",
        "address": "G-3509 S Dort Hwy, Burton, MI 48529",
        "phone": "8104355700",
        "website": "http://mybpstation.com/"
      }
    },
    {
      "type": "Feature",
      "id": "overture:6ee424d9-d19b-4a1c-a3ea-e3e272b52904",
      "geometry": {
        "type": "Point",
        "coordinates": [
          -83.65284907455796,
          42.986162406347624
        ]
      },
      "properties": {
        "name": "Guadalajara Grill",
        "category": "Dining",
        "address": "G3103 S Dort Hwy, Burton, MI 48529",
        "phone": "(810) 715-2330",
        "website": "http://www.guadalajaragrill.us"
      }
    },
    {
      "type": "Feature",
      "id": "overture:6f114d05-ed38-4c0d-b5b5-001c5b289440",
      "geometry": {
        "type": "Point",
        "coordinates": [
          -83.59919944,
          43.02550142
        ]
      },
      "properties": {
        "name": "Crystal Fieldhouse",
        "category": "Arts & Entertainment",
        "address": "5371 Daly Farms Dr, Burton, MI 48509-1665",
        "phone": "+18107440800",
        "website": "http://www.crystalfh.com"
      }
    },
    {
      "type": "Feature",
      "id": "overture:6f4f40ca-637d-40a1-8037-57e16c5c085c",
      "geometry": {
        "type": "Point",
        "coordinates": [
          -83.59631,
          43.027017
        ]
      },
      "properties": {
        "name": "Penske Truck Rental",
        "category": "Automotive",
        "address": "1289 N Belsay Rd, Burton, MI 48509",
        "phone": "8105642278",
        "website": "https://www.pensketruckrental.com/locations/us/michigan/burton/674822/?utm_source=bing&utm_medium=referral&utm_campaign=rio-bingplaces"
      }
    },
    {
      "type": "Feature",
      "id": "overture:6f92d036-db1d-440c-b61d-f07e3a0efb84",
      "geometry": {
        "type": "Point",
        "coordinates": [
          -83.63312071,
          43.01907566
        ]
      },
      "properties": {
        "name": "Hydroponic Superstore",
        "category": "Retail & Shopping",
        "address": "4045 E Court St, Burton, MI 48509-1715",
        "phone": "+18107440330",
        "website": "http://hydroponicsuperstore.com"
      }
    },
    {
      "type": "Feature",
      "id": "overture:6fa309d1-a079-424e-b454-a81c6509003e",
      "geometry": {
        "type": "Point",
        "coordinates": [
          -83.619817,
          43.034318
        ]
      },
      "properties": {
        "name": "Villa-Grand Estates",
        "category": "Professional & Personal Services",
        "address": "4403 Davison Rd, Burton, MI 48509-1409",
        "phone": "+18107429567",
        "website": "http://www.granthamadyrealtors.com"
      }
    },
    {
      "type": "Feature",
      "id": "overture:6fa6461f-367d-4b3c-add3-4b33d87143fc",
      "geometry": {
        "type": "Point",
        "coordinates": [
          -83.63403694993777,
          43.004910455617896
        ]
      },
      "properties": {
        "name": "K.M. Shukairy M.D.",
        "category": "Health & Medical",
        "address": "1501 S Center Rd, Burton, MI 48509",
        "phone": "(810) 742-0225",
        "website": "http://www.healthgrades.com/physician/dr-khaled-shukairy-xmth5"
      }
    },
    {
      "type": "Feature",
      "id": "overture:6ff4046b-6fb4-4e6c-8880-3b8b8df0c657",
      "geometry": {
        "type": "Point",
        "coordinates": [
          -83.59583656,
          43.02904751
        ]
      },
      "properties": {
        "name": "Family Physical Therapy",
        "category": "Health & Medical",
        "address": "1365 N Belsay Rd, Burton, MI 48509-1602",
        "phone": "+18102506112",
        "website": "http://familyphysicaltherapy.org/"
      }
    },
    {
      "type": "Feature",
      "id": "overture:6fff2fe5-6785-4bb5-b3a6-1254bec1356d",
      "geometry": {
        "type": "Point",
        "coordinates": [
          -83.5953804,
          43.0336163
        ]
      },
      "properties": {
        "name": "Western Union",
        "category": "Financial",
        "address": "G-6010 Davison Rd, Burton, MI 48509",
        "phone": "8107427470",
        "website": "https://www.westernunion.com/?utm_source=bingmaps&utm_medium=pml-yext"
      }
    },
    {
      "type": "Feature",
      "id": "overture:7094e85c-16f2-4fb6-a4e2-18cd7110f5a1",
      "geometry": {
        "type": "Point",
        "coordinates": [
          -83.5944279,
          42.9904837
        ]
      },
      "properties": {
        "name": "Coinsource Bitcoin ATM",
        "category": "Financial",
        "address": "2514 S Belsay Rd, Burton, MI 48514",
        "phone": "8055002646",
        "website": "http://www.coinsource.net/"
      }
    },
    {
      "type": "Feature",
      "id": "overture:70b9e164-e82a-490a-8b96-b6b51a78b861",
      "geometry": {
        "type": "Point",
        "coordinates": [
          -83.68951752115473,
          42.97468002660531
        ]
      },
      "properties": {
        "name": "Gateway House of Prayer & Equipping Center",
        "category": "Faith",
        "address": "1095 E Bristol Rd, Burton, MI 48529",
        "phone": "(810) 762-1007",
        "website": "http://www.gatewayhopecenter.com"
      }
    },
    {
      "type": "Feature",
      "id": "overture:70d90bc1-0d20-48ab-afb7-53fd4ceb60a9",
      "geometry": {
        "type": "Point",
        "coordinates": [
          -83.58507781,
          42.99127909
        ]
      },
      "properties": {
        "name": "Monica's Beauty Studio",
        "category": "Professional & Personal Services",
        "address": "2489 Cheryl Ann Dr, Burton, MI 48519-1329",
        "phone": "+18106918909"
      }
    },
    {
      "type": "Feature",
      "id": "overture:70dbc9b1-959a-4745-a671-1ab7405ca07c",
      "geometry": {
        "type": "Point",
        "coordinates": [
          -83.6347853,
          43.0331998
        ]
      },
      "properties": {
        "name": "DaVita Dialysis Center",
        "category": "Health & Medical",
        "address": "4015 Davison Rd, Burton, MI 48509",
        "phone": "(810) 715-1312",
        "website": "http://www.davita.com"
      }
    },
    {
      "type": "Feature",
      "id": "overture:71701fb9-a3f1-47e0-a41f-20469175aa52",
      "geometry": {
        "type": "Point",
        "coordinates": [
          -83.67981571,
          42.97524583
        ]
      },
      "properties": {
        "name": "Greenley Square Manor",
        "category": "Health & Medical",
        "address": "1345 Connell St, Burton, MI 48529-2201",
        "phone": "+18107434020",
        "website": "https://greenley-square-manor.hub.biz"
      }
    },
    {
      "type": "Feature",
      "id": "overture:71d86256-532b-4722-8efa-5ccd47d2ad4c",
      "geometry": {
        "type": "Point",
        "coordinates": [
          -83.62346926,
          43.03355015
        ]
      },
      "properties": {
        "name": "Divine Deliverance Ministries",
        "category": "Faith",
        "address": "4323 Davison Rd, Burton, MI 48509-1407",
        "phone": "+18107870711"
      }
    },
    {
      "type": "Feature",
      "id": "overture:71d97a8e-3829-4beb-9290-678f40a7041e",
      "geometry": {
        "type": "Point",
        "coordinates": [
          -83.67216,
          42.96752
        ]
      },
      "properties": {
        "name": "All-Weather Seal",
        "category": "Professional & Personal Services",
        "address": "G-4258 S Saginaw St, Burton, MI 48529",
        "phone": "8107430300",
        "website": "http://allweatherseal.com/"
      }
    },
    {
      "type": "Feature",
      "id": "overture:7241bb2e-6b47-4bdd-9439-797d51015e12",
      "geometry": {
        "type": "Point",
        "coordinates": [
          -83.65123579,
          42.96467288
        ]
      },
      "properties": {
        "name": "Soroc Products",
        "category": "Professional & Personal Services",
        "address": "G4349 S Dort Hwy, Burton, MI 48529-1805",
        "phone": "+18107432660",
        "website": "http://www.sorocproducts.com"
      }
    },
    {
      "type": "Feature",
      "id": "overture:7247df94-2370-4c23-bbc1-1873b9778ae3",
      "geometry": {
        "type": "Point",
        "coordinates": [
          -83.5881631,
          43.0057245
        ]
      },
      "properties": {
        "name": "Hale Flooring and Design",
        "category": "Professional & Personal Services",
        "address": "1478 Kettering St, Burton, MI 48509",
        "phone": "8102523472",
        "website": "http://www.haleflooringanddesigns.com/"
      }
    },
    {
      "type": "Feature",
      "id": "overture:72483303-7192-4c70-a3ef-fa9c9b93d27f",
      "geometry": {
        "type": "Point",
        "coordinates": [
          -83.6307885,
          43.0055834
        ]
      },
      "properties": {
        "name": "Element Burton",
        "category": "Professional & Personal Services",
        "address": "1477 Walli Strasse Dr, Burton, MI 48509",
        "phone": "8107428500",
        "website": "https://www.element.com/locations/the-americas/burton"
      }
    },
    {
      "type": "Feature",
      "id": "overture:725974fc-ce88-427d-8660-677ca26adb86",
      "geometry": {
        "type": "Point",
        "coordinates": [
          -83.680939,
          42.970363
        ]
      },
      "properties": {
        "name": "Mid-States Bolt & Screw Company - Burton, MI",
        "category": "Retail & Shopping",
        "address": "1755 Mayflower Rd, Niles, MI 49120-8753",
        "phone": "+18107440123",
        "website": "http://www.midstatesbolt.com/"
      }
    },
    {
      "type": "Feature",
      "id": "overture:729b12f3-1b41-462c-996a-d1a604f54ce7",
      "geometry": {
        "type": "Point",
        "coordinates": [
          -83.6337195,
          42.9749932
        ]
      },
      "properties": {
        "name": "Western Union",
        "category": "Financial",
        "address": "3514 E Bristol Rd, Burton, MI 48529",
        "phone": "8107436570"
      }
    },
    {
      "type": "Feature",
      "id": "overture:72a4e265-2425-49d2-a909-c4cc935649bd",
      "geometry": {
        "type": "Point",
        "coordinates": [
          -83.63124401013636,
          42.9906912283672
        ]
      },
      "properties": {
        "name": "South Flint Church Of Naz",
        "category": "Faith",
        "address": "4075 E Atherton Rd, Burton, MI 48519",
        "phone": "(810) 742-6061",
        "website": "http://www.southflintnazarene.org"
      }
    },
    {
      "type": "Feature",
      "id": "overture:73363656-8483-4a3f-a689-49e329e7fdfc",
      "geometry": {
        "type": "Point",
        "coordinates": [
          -83.59569145898546,
          42.97724053950782
        ]
      },
      "properties": {
        "name": "New Testament Church",
        "category": "Faith",
        "address": "3484 S Belsay Rd, Burton, MI 48519",
        "phone": "(810) 742-9420",
        "website": "http://www.ntcchurch.com"
      }
    },
    {
      "type": "Feature",
      "id": "overture:734e89c5-4b82-49b4-9f35-cae5a4e7b701",
      "geometry": {
        "type": "Point",
        "coordinates": [
          -83.6672134399414,
          42.9790229797363
        ]
      },
      "properties": {
        "name": "Burton Cannabis Company",
        "category": "Retail & Shopping",
        "address": "3368 Associates Dr, Burton, MI 48529",
        "phone": "8107159528",
        "website": "https://www.burtoncannabisco.com/"
      }
    },
    {
      "type": "Feature",
      "id": "overture:735c8a37-0fe8-4d52-b363-369f4d20364c",
      "geometry": {
        "type": "Point",
        "coordinates": [
          -83.65581,
          42.96792
        ]
      },
      "properties": {
        "name": "ASAP - Appliance",
        "category": "Professional & Personal Services",
        "address": "2447 E Judd Rd, Burton, MI 48529-2410",
        "phone": "+18102390572",
        "website": "http://www.asapmichigan.com/"
      }
    },
    {
      "type": "Feature",
      "id": "overture:73bc8718-3c0d-49bf-9005-1f9d3eb4245c",
      "geometry": {
        "type": "Point",
        "coordinates": [
          -83.60400431,
          43.0331562
        ]
      },
      "properties": {
        "name": "Doodle Bugs Preschool & Daycare",
        "category": "Education",
        "address": "5300 Davison Rd, Burton, MI 48509-1519",
        "phone": "+18107444628",
        "website": "http://www.DoodleBugsDaycare.com/"
      }
    },
    {
      "type": "Feature",
      "id": "overture:73c77344-b781-493c-a1bf-e410c4743230",
      "geometry": {
        "type": "Point",
        "coordinates": [
          -83.6723447,
          42.97245665
        ]
      },
      "properties": {
        "name": "Fenner's Floral and Design Company",
        "category": "Retail & Shopping",
        "address": "G4071 S Saginaw St, Burton, MI 48529-1646",
        "phone": "+18108202312",
        "website": "http://www.fennersfloral.com/"
      }
    },
    {
      "type": "Feature",
      "id": "overture:74360b04-197c-4356-9db3-e4fa163bedb9",
      "geometry": {
        "type": "Point",
        "coordinates": [
          -83.6297982984763,
          43.019126043634635
        ]
      },
      "properties": {
        "name": "Starlite Diner & Coney Island",
        "category": "Dining",
        "address": "4125 E Court St, Davison, MI 48509",
        "phone": "(810) 820-2943",
        "website": "http://starlite2.com"
      }
    },
    {
      "type": "Feature",
      "id": "overture:74c650b0-1787-4d17-b6dc-4198313ff634",
      "geometry": {
        "type": "Point",
        "coordinates": [
          -83.62731805,
          43.02063817
        ]
      },
      "properties": {
        "name": "Greater Flint Scouting America Service Center",
        "category": "Professional & Personal Services",
        "address": "4205 E Court St, Burton, MI 48509-1719",
        "phone": "+18102352531",
        "website": "https://michiganscouting.org/"
      }
    },
    {
      "type": "Feature",
      "id": "overture:74cde258-c2de-4bd0-8092-b960833aa70a",
      "geometry": {
        "type": "Point",
        "coordinates": [
          -83.5943832397461,
          42.99821472167969
        ]
      },
      "properties": {
        "name": "Greenwood Tree Service",
        "category": "Professional & Personal Services",
        "address": "2264 Legacy Dr, Burton, MI 48519",
        "phone": "8107442558"
      }
    },
    {
      "type": "Feature",
      "id": "overture:74ce12f0-72ec-4308-87c2-7288915a8d8e",
      "geometry": {
        "type": "Point",
        "coordinates": [
          -83.6160338,
          43.01836532
        ]
      },
      "properties": {
        "name": "Ann Marie Gale",
        "category": "Professional & Personal Services",
        "address": "4500 E Court St, Burton, MI 48509-1820",
        "phone": "+18108774115",
        "website": "https://annmariegale.2beexclusive.net/"
      }
    },
    {
      "type": "Feature",
      "id": "overture:7548bffd-3323-4f09-9b21-d429f3959b1c",
      "geometry": {
        "type": "Point",
        "coordinates": [
          -83.5955787,
          43.0115922
        ]
      },
      "properties": {
        "name": "Bovan Floral Group",
        "category": "Retail & Shopping",
        "address": "1270 S Belsay Rd, Burton, MI 48509-1918",
        "phone": "18107423174"
      }
    },
    {
      "type": "Feature",
      "id": "overture:75637763-bff7-4728-957b-83368a24aa9c",
      "geometry": {
        "type": "Point",
        "coordinates": [
          -83.67190182209016,
          42.96984820013094
        ]
      },
      "properties": {
        "name": "Sweet Shoppe",
        "category": "Retail & Shopping",
        "address": "Saginaw St, Burton, MI 48529",
        "phone": "+18107427670",
        "website": "http://www.sweetshoppe.com"
      }
    },
    {
      "type": "Feature",
      "id": "overture:756abd60-10fa-441c-b9ff-6152fbd157b6",
      "geometry": {
        "type": "Point",
        "coordinates": [
          -83.6088208,
          43.0198909
        ]
      },
      "properties": {
        "name": "Greater Flint Janitorial Services, Inc.",
        "category": "Professional & Personal Services",
        "address": "5161 E Court St N, Burton, MI 48509",
        "phone": "8107158300",
        "website": "https://www.greaterflintjanitorial.com/"
      }
    },
    {
      "type": "Feature",
      "id": "overture:75b989f4-579b-44fa-8b65-c86a10d4a968",
      "geometry": {
        "type": "Point",
        "coordinates": [
          -83.672158,
          42.967005
        ]
      },
      "properties": {
        "name": "Burton Digital Printing",
        "category": "Professional & Personal Services",
        "address": "4270 Saginaw Rd, Burton, MI 48529",
        "phone": "8107423210",
        "website": "http://www.burtonprinting.com/"
      }
    },
    {
      "type": "Feature",
      "id": "overture:7660f9f1-0ecb-432f-a374-3e9df59519f6",
      "geometry": {
        "type": "Point",
        "coordinates": [
          -83.61452188,
          42.99654577
        ]
      },
      "properties": {
        "name": "Burton Behavioral Health LLC",
        "category": "Professional & Personal Services",
        "address": "2271 S Genesee Rd, Burton, MI 48519",
        "phone": "8002333596"
      }
    },
    {
      "type": "Feature",
      "id": "overture:76f63a2d-d521-4e41-aacc-93ddf7953abf",
      "geometry": {
        "type": "Point",
        "coordinates": [
          -83.6730556,
          42.9738889
        ]
      },
      "properties": {
        "name": "Blue Rhino Propane Exchange",
        "category": "Retail & Shopping",
        "address": "4014 S Saginaw St, Burton, MI 48529",
        "phone": "8107425420",
        "website": "https://bluerhino.com/propane-finder?utm_source=bing&utm_medium=map&utm_campaign=vending_map&utm_content=195607"
      }
    },
    {
      "type": "Feature",
      "id": "overture:77cedc4a-e91d-4628-91d7-3c98f077f800",
      "geometry": {
        "type": "Point",
        "coordinates": [
          -83.680706,
          42.97169
        ]
      },
      "properties": {
        "name": "Michigan Electric Supply Co",
        "category": "Retail & Shopping",
        "address": "4060 Somers Dr, Burton, MI 48529-2279",
        "phone": "18102348661",
        "website": "https://www.michiganelectricsupply.com"
      }
    },
    {
      "type": "Feature",
      "id": "overture:77d9241f-e98b-4ec6-835f-6e35eda77875",
      "geometry": {
        "type": "Point",
        "coordinates": [
          -83.662938,
          42.96898
        ]
      },
      "properties": {
        "name": "Masterpiece Monogramming",
        "category": "Retail & Shopping",
        "address": "G-4449 S Saginaw St, Burton, MI 48529",
        "phone": "8107422901",
        "website": "http://masterpiecemonogramming.com/"
      }
    },
    {
      "type": "Feature",
      "id": "overture:77ebd178-9be6-4784-8dcb-2944810fd9af",
      "geometry": {
        "type": "Point",
        "coordinates": [
          -83.59470261978107,
          43.015873699839446
        ]
      },
      "properties": {
        "name": "Manee Thai Cuisine",
        "category": "Dining",
        "address": "1117 Belsay Rd, Burton, MI 48509",
        "phone": "+18108207558",
        "website": "https://www.maneethaicuisine.com/"
      }
    },
    {
      "type": "Feature",
      "id": "overture:780a0016-c4a7-43ff-b2b8-65f30a2aa5a7",
      "geometry": {
        "type": "Point",
        "coordinates": [
          -83.68048,
          42.96752
        ]
      },
      "properties": {
        "name": "Estate Financial Group",
        "category": "Financial",
        "address": "4262 Somers Dr, Burton, MI 48529-2281",
        "phone": "+18106553222",
        "website": "http://www.estatefinancialgroup.com/"
      }
    },
    {
      "type": "Feature",
      "id": "overture:7832bb64-232b-47cd-a88b-ec6c8770b200",
      "geometry": {
        "type": "Point",
        "coordinates": [
          -83.67695256,
          42.97456871
        ]
      },
      "properties": {
        "name": "Hua Hua Burton massage | Asian massage",
        "category": "Professional & Personal Services",
        "address": "1423 E Bristol Rd, Burton, MI 48529-2213",
        "phone": "+18103391187",
        "website": "https://burtonmassageshop.godaddysites.com"
      }
    },
    {
      "type": "Feature",
      "id": "overture:785ba194-8b44-46b3-ad7c-5bdb857d3e66",
      "geometry": {
        "type": "Point",
        "coordinates": [
          -83.6830645,
          42.98097237
        ]
      },
      "properties": {
        "name": "Home Choice Properties",
        "category": "Professional & Personal Services",
        "address": "G3280 S Grand Traverse St, Burton, MI 48529-1122",
        "phone": "+18104842143",
        "website": "https://www.zillow.com/reviews/write/?s=X1-ZU10ahii7b8e1vt_1651v"
      }
    },
    {
      "type": "Feature",
      "id": "overture:785d7302-d636-4683-88e0-bd199e18caa7",
      "geometry": {
        "type": "Point",
        "coordinates": [
          -83.653231,
          42.966042
        ]
      },
      "properties": {
        "name": "Southmoor Golf Course",
        "category": "Arts & Entertainment",
        "address": "G4312 S Dort Hwy, Burton, MI 48529-1814",
        "phone": "+18107434080",
        "website": "http://www.southmoorgolfbargrill.com"
      }
    },
    {
      "type": "Feature",
      "id": "overture:78608ca7-18f4-4782-b723-7525cdfd209f",
      "geometry": {
        "type": "Point",
        "coordinates": [
          -83.67215475,
          42.96895112
        ]
      },
      "properties": {
        "name": "Adaptive Manufacturing Solutions",
        "category": "Professional & Personal Services",
        "address": "G4206 S Saginaw St, Burton, MI 48529-1649",
        "phone": "+18107431600",
        "website": "http://www.ams-miti.com"
      }
    },
    {
      "type": "Feature",
      "id": "overture:7868d660-d521-4ea2-b440-717e8227fdcb",
      "geometry": {
        "type": "Point",
        "coordinates": [
          -83.62968147,
          43.01658685
        ]
      },
      "properties": {
        "name": "Ross Dress for Less",
        "category": "Retail & Shopping",
        "address": "4190 E Court St, Burton, MI 48509-1732",
        "phone": "+18107438556",
        "website": "https://www.rossstores.com/"
      }
    },
    {
      "type": "Feature",
      "id": "overture:7894b384-4f78-4298-afcc-53d05354b122",
      "geometry": {
        "type": "Point",
        "coordinates": [
          -83.66971068214328,
          42.96286413964129
        ]
      },
      "properties": {
        "name": "Retro-Replay",
        "category": "Retail & Shopping",
        "address": "4437 Saginaw St, Burton, MI 48529",
        "phone": "(810) 715-1479",
        "website": "https://www.retroreplayed.com"
      }
    },
    {
      "type": "Feature",
      "id": "overture:78dfdf4b-0456-4df0-8d34-465402e38bb1",
      "geometry": {
        "type": "Point",
        "coordinates": [
          -83.6321179,
          42.9750232
        ]
      },
      "properties": {
        "name": "Home Service Center",
        "category": "Health & Medical",
        "address": "4034 E Bristol Rd, BURTON, MI 48519",
        "phone": "8106031300",
        "website": "https://phonehome.pro/"
      }
    },
    {
      "type": "Feature",
      "id": "overture:797b51af-547b-4489-b07a-3bc7b442ed6b",
      "geometry": {
        "type": "Point",
        "coordinates": [
          -83.61622401,
          42.99078215
        ]
      },
      "properties": {
        "name": "Judson Baptist Church",
        "category": "Faith",
        "address": "4471 E Atherton Rd, Burton, MI 48519-1400",
        "phone": "+18107440650",
        "website": "http://www.judsonbaptistchurch.org"
      }
    },
    {
      "type": "Feature",
      "id": "overture:79a2d592-911d-4ea7-9c9d-72de2d2b173d",
      "geometry": {
        "type": "Point",
        "coordinates": [
          -83.594779,
          43.026873
        ]
      },
      "properties": {
        "name": "Nurturing U Spa",
        "category": "Professional & Personal Services",
        "address": "1284 N Belsay Rd, Burton, MI 48509-1660",
        "phone": "+18107157002",
        "website": "http://www.nurturinguspa.com"
      }
    },
    {
      "type": "Feature",
      "id": "overture:79bf7fd4-90d4-47f7-84d7-ec3796756c4d",
      "geometry": {
        "type": "Point",
        "coordinates": [
          -83.678235979641,
          42.97374883893996
        ]
      },
      "properties": {
        "name": "CoinFlip Bitcoin ATM",
        "category": "Professional & Personal Services",
        "address": "1390 E Bristol Rd, Burton, MI 48529",
        "phone": "(773) 800-0106",
        "website": "http://www.coinflip.tech"
      }
    },
    {
      "type": "Feature",
      "id": "overture:79bf8e07-2d6e-4700-ac1e-8aa9ed6e5f04",
      "geometry": {
        "type": "Point",
        "coordinates": [
          -83.62417723,
          43.03327284
        ]
      },
      "properties": {
        "name": "Outfront Powersports",
        "category": "Retail & Shopping",
        "address": "4307 Davison Rd, Burton, MI 48509-1407",
        "phone": "+18108207370",
        "website": "https://outfrontpowersports.com/"
      }
    },
    {
      "type": "Feature",
      "id": "overture:79dab2a0-dec2-4934-8511-a0db3c21c539",
      "geometry": {
        "type": "Point",
        "coordinates": [
          -83.66798558,
          42.98019642
        ]
      },
      "properties": {
        "name": "Affordable Pool and Spa",
        "category": "Professional & Personal Services",
        "address": "3234 Associates Dr, Burton, MI 48529-1302",
        "phone": "+18104225058",
        "website": "https://affordablepoolandsparepair.com/"
      }
    },
    {
      "type": "Feature",
      "id": "overture:79df9d2d-a358-4e11-bade-dc7dc027ab8c",
      "geometry": {
        "type": "Point",
        "coordinates": [
          -83.652921,
          42.973365
        ]
      },
      "properties": {
        "name": "AmerGas Propane | Flint, Michigan",
        "category": "Professional & Personal Services",
        "address": "South Dort Hwy, Flint, MI 48529",
        "website": "https://www.amerigas.com/locations/propane-offices/michigan/burton/g4283-south-dort-hwy"
      }
    },
    {
      "type": "Feature",
      "id": "overture:7a0381de-1f85-464d-8abd-44e431fcadcc",
      "geometry": {
        "type": "Point",
        "coordinates": [
          -83.6322749836625,
          43.032823755852434
        ]
      },
      "properties": {
        "name": "Bloom City Club Recreational Marijuana Dispensary Burton",
        "category": "Retail & Shopping",
        "address": "4086 Davison Rd, Burton, MI 48509",
        "phone": "(810) 820-7696",
        "website": "https://www.bloomcityclub.com"
      }
    },
    {
      "type": "Feature",
      "id": "overture:7af93b4b-40d6-4226-868f-6dae1e5762d9",
      "geometry": {
        "type": "Point",
        "coordinates": [
          -83.63973253,
          42.97506433
        ]
      },
      "properties": {
        "name": "C & M Wire Rope and Supply",
        "category": "Professional & Personal Services",
        "address": "3347 E Bristol Rd, Burton, MI 48529-1451",
        "phone": "+18107422090",
        "website": "http://www.cmwirerope.com"
      }
    },
    {
      "type": "Feature",
      "id": "overture:7bf29bb6-a9bb-4826-a319-1ee2b5abd110",
      "geometry": {
        "type": "Point",
        "coordinates": [
          -83.65309083,
          42.97138444
        ]
      },
      "properties": {
        "name": "Diamond Jim's Auto & Tire Service Center",
        "category": "Automotive",
        "address": "G4112 S Dort Hwy, Burton, MI 48529-1812",
        "phone": "+18107434210",
        "website": "http://www.djtire.net/"
      }
    },
    {
      "type": "Feature",
      "id": "overture:7c27569f-fda3-4e9e-b50a-f3b986dd4638",
      "geometry": {
        "type": "Point",
        "coordinates": [
          -83.6268742,
          43.00442103
        ]
      },
      "properties": {
        "name": "Valley Church Burton",
        "category": "Faith",
        "address": "4201 Lippincott Blvd, Burton, MI 48519-1161",
        "phone": "+18107422522",
        "website": "http://www.valleycb.org/"
      }
    },
    {
      "type": "Feature",
      "id": "overture:7c8b7306-4fd9-4e45-a631-1fec1de2c3e5",
      "geometry": {
        "type": "Point",
        "coordinates": [
          -83.67377906,
          42.97837635
        ]
      },
      "properties": {
        "name": "Bink's Trapper Joe's",
        "category": "Dining",
        "address": "G3386 S Saginaw St, Burton, MI 48529-1230",
        "phone": "+18107424271",
        "website": "http://binkstrapperjoes.net/"
      }
    },
    {
      "type": "Feature",
      "id": "overture:7cac0825-5108-4e82-9af0-413be9c7f8ab",
      "geometry": {
        "type": "Point",
        "coordinates": [
          -83.65245556,
          42.97288865
        ]
      },
      "properties": {
        "name": "Rock Bottom Stone Supply",
        "category": "Professional & Personal Services",
        "address": "G4057 S Dort Hwy, Burton, MI 48529-1827",
        "phone": "+18107427235",
        "website": "http://rbstonesupply.com/"
      }
    },
    {
      "type": "Feature",
      "id": "overture:7cf8290e-81bc-4d42-9745-aac5231eb981",
      "geometry": {
        "type": "Point",
        "coordinates": [
          -83.64205564,
          42.97519867
        ]
      },
      "properties": {
        "name": "Fraternal Order of Eagles",
        "category": "Community Services",
        "address": "3317 E Bristol Rd, Burton, MI 48529-1451",
        "phone": "+18107421020",
        "website": "http://www.foe.com"
      }
    },
    {
      "type": "Feature",
      "id": "overture:7d310ed5-c431-4207-93ec-ca963a139a81",
      "geometry": {
        "type": "Point",
        "coordinates": [
          -83.6340797,
          43.00725669
        ]
      },
      "properties": {
        "name": "Renaissance Burton Chiropractic Spine & Injury Center",
        "category": "Health & Medical",
        "address": "4001 Walli Strasse Dr, Burton, MI 48509-1729",
        "phone": "+18107157746",
        "website": "http://www.chirorenaissance.com/"
      }
    },
    {
      "type": "Feature",
      "id": "overture:7e03a9ac-561c-4670-a49b-92539c84c4bf",
      "geometry": {
        "type": "Point",
        "coordinates": [
          -83.677799,
          42.96151001
        ]
      },
      "properties": {
        "name": "Friel Street Elementary School",
        "category": "Education",
        "address": "4469 Greenly St, Burton, MI 48529-2058",
        "phone": "+18105918655"
      }
    },
    {
      "type": "Feature",
      "id": "overture:7e151c84-6d51-4960-a0b9-cc17d6f7315e",
      "geometry": {
        "type": "Point",
        "coordinates": [
          -83.69239,
          42.96885
        ]
      },
      "properties": {
        "name": "LKQ Refinish - Burton",
        "category": "Professional & Personal Services",
        "address": "G-4189 Fenton Rd, Burton, MI 48529",
        "phone": "8102399403",
        "website": "https://locations.lkqcorp.com/us/us/mi/burton/g-4189-fenton-road/"
      }
    },
    {
      "type": "Feature",
      "id": "overture:7eae5c0f-3e3d-4b97-8f19-7bc14dda47fa",
      "geometry": {
        "type": "Point",
        "coordinates": [
          -83.6303114,
          43.0336539
        ]
      },
      "properties": {
        "name": "John Deere",
        "category": "Automotive",
        "address": "4135 Davison Rd, Burton, MI 48509-1403",
        "phone": "+18107423364",
        "website": "http://www.deere.com/"
      }
    },
    {
      "type": "Feature",
      "id": "overture:7f1aa21d-fb56-47be-8250-dcb1ad7cb74e",
      "geometry": {
        "type": "Point",
        "coordinates": [
          -83.64675859,
          42.98658811
        ]
      },
      "properties": {
        "name": "Smitty's Towing and Service",
        "category": "Automotive",
        "address": "3098 Kleinpell St, Burton, MI 48529",
        "phone": "+18102324511"
      }
    },
    {
      "type": "Feature",
      "id": "overture:7f2c14ce-603e-4f6b-ad80-a180271c468d",
      "geometry": {
        "type": "Point",
        "coordinates": [
          -83.69130341387903,
          42.970098999520374
        ]
      },
      "properties": {
        "name": "Twin Meadows Mobile Home Park",
        "category": "Professional & Personal Services",
        "address": "1021 E Scottwood Ave, Burton, MI 48529-1544",
        "phone": "+18102354245",
        "website": "http://www.homesforsaleinburtonmi.com"
      }
    },
    {
      "type": "Feature",
      "id": "overture:7f50b6f4-0407-471b-ba88-c3ebf6713d08",
      "geometry": {
        "type": "Point",
        "coordinates": [
          -83.6504644,
          42.9787662
        ]
      },
      "properties": {
        "name": "Sharco Express",
        "category": "Professional & Personal Services",
        "address": "3390 Warehouse Dr, Burton, MI 48529",
        "phone": "2489410400",
        "website": "https://www.sharcoexpress.com/?utm_source=Core70&utm_medium=organic&utm_campaign=WebsiteURL"
      }
    },
    {
      "type": "Feature",
      "id": "overture:7f8cd22d-813f-4959-aa28-79fa6e523abc",
      "geometry": {
        "type": "Point",
        "coordinates": [
          -83.640146,
          42.972568
        ]
      },
      "properties": {
        "name": "Seize the Deal - Flint",
        "category": "Retail & Shopping",
        "address": "3338 E Bristol Rd, Burton, MI 48529-1408",
        "phone": "+18107431080",
        "website": "http://www.seizethedeal.com/markets/flint"
      }
    },
    {
      "type": "Feature",
      "id": "overture:7f8dde9e-64b4-43f1-bca6-cec7d7356e42",
      "geometry": {
        "type": "Point",
        "coordinates": [
          -83.6319395,
          42.97245583
        ]
      },
      "properties": {
        "name": "Great Lakes Family Dentistry",
        "category": "Health & Medical",
        "address": "4087 S Center Rd, Burton, MI 48519-1466",
        "phone": "+18107441324",
        "website": "https://www.greatlakesfamilydentistry.com/"
      }
    },
    {
      "type": "Feature",
      "id": "overture:7fb175f5-e597-4c41-85e2-e7fe09273f08",
      "geometry": {
        "type": "Point",
        "coordinates": [
          -83.60780177,
          43.03153763
        ]
      },
      "properties": {
        "name": "StepDaddy Ladder",
        "category": "Retail & Shopping",
        "address": "1458 Iva St, Burton, MI 48509-1529",
        "phone": "+18108139555"
      }
    },
    {
      "type": "Feature",
      "id": "overture:7fe9f16c-4bca-4f35-b7ab-f44c85180677",
      "geometry": {
        "type": "Point",
        "coordinates": [
          -83.6329682789216,
          42.98982695895335
        ]
      },
      "properties": {
        "name": "Coffee Bar",
        "category": "Dining",
        "address": "4021 E Atherton Rd, Burton, MI 48519",
        "phone": "(810) 744-1010",
        "website": "http://biggby.com"
      }
    },
    {
      "type": "Feature",
      "id": "overture:80160693-a327-4d25-b79a-762141f2ebea",
      "geometry": {
        "type": "Point",
        "coordinates": [
          -83.64528073,
          42.9750471
        ]
      },
      "properties": {
        "name": "Nelson Hydraulic Service",
        "category": "Professional & Personal Services",
        "address": "3205 E Bristol Rd, Burton, MI 48529-1411",
        "phone": "+18107440001",
        "website": "http://nelsonservice.net/"
      }
    },
    {
      "type": "Feature",
      "id": "overture:801e6765-3161-4e3e-b8cc-06c32a1bfb2b",
      "geometry": {
        "type": "Point",
        "coordinates": [
          -83.6321298,
          43.01926374
        ]
      },
      "properties": {
        "name": "The Legacy Lounge",
        "category": "Professional & Personal Services",
        "address": "4067 E Court St, Burton, MI 48509-2500",
        "phone": "+18102142574"
      }
    },
    {
      "type": "Feature",
      "id": "overture:80529c8c-7e0f-41fd-bc4f-20eb13191dc0",
      "geometry": {
        "type": "Point",
        "coordinates": [
          -83.63125263604871,
          43.01700104091326
        ]
      },
      "properties": {
        "name": "Sbarro",
        "category": "Dining",
        "address": "4190 E Court St, Burton, MI 48509",
        "phone": "(810) 744-1891",
        "website": "http://www.sbarro.com/"
      }
    },
    {
      "type": "Feature",
      "id": "overture:8068e0b6-d914-41a3-bbaa-887a6b91010e",
      "geometry": {
        "type": "Point",
        "coordinates": [
          -83.634537,
          42.996708
        ]
      },
      "properties": {
        "name": "Guardian Auto Glass",
        "category": "Automotive",
        "address": "2268 S Center Rd, BURTON, MI 48519",
        "phone": "8103098177",
        "website": "http://www.guardianautoglassflint.com/"
      }
    },
    {
      "type": "Feature",
      "id": "overture:807e1347-7e19-4fc7-bda7-2ec2b13fa17a",
      "geometry": {
        "type": "Point",
        "coordinates": [
          -83.62037449,
          42.9750139
        ]
      },
      "properties": {
        "name": "Commercial Caseworks",
        "category": "Professional & Personal Services",
        "address": "4354 E Bristol Rd, Burton, MI 48519-1408",
        "phone": "+18109380315",
        "website": "http://Commercial-Caseworks.com/"
      }
    },
    {
      "type": "Feature",
      "id": "overture:808b596f-cd03-49bb-90f4-5f6bf25498da",
      "geometry": {
        "type": "Point",
        "coordinates": [
          -83.596702,
          43.034348
        ]
      },
      "properties": {
        "name": "TL Workshop & Supply",
        "category": "Retail & Shopping",
        "address": "5515 Davison Rd, Burton, MI 48509-1555",
        "phone": "+18107430123",
        "website": "http://tastylayers.com/"
      }
    },
    {
      "type": "Feature",
      "id": "overture:813330d3-ec3b-4cef-8ca1-dfce26b7fe81",
      "geometry": {
        "type": "Point",
        "coordinates": [
          -83.68014125,
          42.96815061
        ]
      },
      "properties": {
        "name": "Queen Bees Commodities",
        "category": "Professional & Personal Services",
        "address": "4262 Somers Dr, Burton, MI 48529-2281",
        "phone": "+18108207288",
        "website": "http://WWW.Queenbeescomm.com/"
      }
    },
    {
      "type": "Feature",
      "id": "overture:81b4ed0d-58e7-49c0-8b5e-37100ffaff07",
      "geometry": {
        "type": "Point",
        "coordinates": [
          -83.6008901,
          43.0223071
        ]
      },
      "properties": {
        "name": "Verizon Wireless",
        "category": "Retail & Shopping",
        "address": "5323 E Court St N, Burton, MI 48509",
        "phone": "8107449690"
      }
    },
    {
      "type": "Feature",
      "id": "overture:8226a388-116c-49ba-93c0-cffbc2207ed7",
      "geometry": {
        "type": "Point",
        "coordinates": [
          -83.63481824338756,
          43.0007254164453
        ]
      },
      "properties": {
        "name": "Ebenezer Ministry & Community Center",
        "category": "Faith",
        "address": "2096 N Center Rd, Burton, MI 48509-1001",
        "phone": "+18107446555",
        "website": "http://www.ministrycommunitycenter.org"
      }
    },
    {
      "type": "Feature",
      "id": "overture:82467c32-e82f-4ce2-a449-36cad3cfcf7e",
      "geometry": {
        "type": "Point",
        "coordinates": [
          -83.61609,
          43.01822
        ]
      },
      "properties": {
        "name": "Melissa Macko - Realtor",
        "category": "Professional & Personal Services",
        "address": "4500 E Court St, Burton, MI 48509-1820",
        "phone": "+18109192921",
        "website": "https://melissamacko.2beexclusive.net/"
      }
    },
    {
      "type": "Feature",
      "id": "overture:82784bc7-4427-4780-a5e5-c47a6f2b2ba9",
      "geometry": {
        "type": "Point",
        "coordinates": [
          -83.631119,
          43.01687
        ]
      },
      "properties": {
        "name": "ecoATM",
        "category": "Professional & Personal Services",
        "address": "4190 East Court Street, Burton, MI 48509",
        "phone": "+18583244111",
        "website": "https://www.ecoatm.com/"
      }
    },
    {
      "type": "Feature",
      "id": "overture:82b21a79-19d3-4ecb-873a-2f60520c2376",
      "geometry": {
        "type": "Point",
        "coordinates": [
          -83.68779,
          42.97457
        ]
      },
      "properties": {
        "name": "The Law Offices of Robert A. McCall",
        "category": "Professional & Personal Services",
        "address": "1133 E Bristol Rd, Burton, MI 48529-1126",
        "phone": "+12488540370",
        "website": "https://robmccallestateplanning.com/"
      }
    },
    {
      "type": "Feature",
      "id": "overture:82d0b221-2c09-48b7-abea-b8b7ded2a791",
      "geometry": {
        "type": "Point",
        "coordinates": [
          -83.581981652806,
          43.03369758495
        ]
      },
      "properties": {
        "name": "Kearsley Creek",
        "category": "Professional & Personal Services",
        "address": "Burton, MI"
      }
    },
    {
      "type": "Feature",
      "id": "overture:82d207d4-e621-449f-a745-90496d250a21",
      "geometry": {
        "type": "Point",
        "coordinates": [
          -83.67276502,
          42.9745368
        ]
      },
      "properties": {
        "name": "Insta-Lube",
        "category": "Automotive",
        "address": "G3520 S Saginaw St, Burton, MI 48529-1261",
        "phone": "+18107438480",
        "website": "http://www.instalubellc.com/"
      }
    },
    {
      "type": "Feature",
      "id": "overture:833c69e8-fb84-4390-a9c0-f67357c9b0fb",
      "geometry": {
        "type": "Point",
        "coordinates": [
          -83.64195025,
          42.97524985
        ]
      },
      "properties": {
        "name": "Burton Eagles",
        "category": "Community Services",
        "address": "3317 E Bristol Rd, Burton, MI 48529-1451",
        "phone": "+18107421020",
        "website": "http://www.foe.com"
      }
    },
    {
      "type": "Feature",
      "id": "overture:8359db83-93db-4e13-9641-cc3bed2e7415",
      "geometry": {
        "type": "Point",
        "coordinates": [
          -83.6009585,
          43.0228008
        ]
      },
      "properties": {
        "name": "Blue Rhino Propane Exchange",
        "category": "Retail & Shopping",
        "address": "5323 E Court St N, Burton, MI 48509",
        "phone": "8107449690",
        "website": "https://bluerhino.com/propane-finder?utm_source=bing&utm_medium=map&utm_campaign=vending_map&utm_content=247852"
      }
    },
    {
      "type": "Feature",
      "id": "overture:83c6aa6b-9f97-46ca-b9c8-6512b5b0b2ce",
      "geometry": {
        "type": "Point",
        "coordinates": [
          -83.6343709,
          43.01058255
        ]
      },
      "properties": {
        "name": "Verizon",
        "category": "Retail & Shopping",
        "address": "1295 S Center Rd, Burton, MI 48509-1737",
        "phone": "+18108202667",
        "website": "http://www.teamwireless.com/"
      }
    },
    {
      "type": "Feature",
      "id": "overture:83ea65f6-af78-45a3-b14b-c519a962a29c",
      "geometry": {
        "type": "Point",
        "coordinates": [
          -83.67779,
          42.961746
        ]
      },
      "properties": {
        "name": "Friel Early Childhood Center",
        "category": "Education",
        "address": "4469 Greenly St, Burton, MI 48529-2058",
        "phone": "+18105913606"
      }
    },
    {
      "type": "Feature",
      "id": "overture:83f01511-3f58-4fd3-8cbb-00a389e8d3e9",
      "geometry": {
        "type": "Point",
        "coordinates": [
          -83.671987,
          42.970252
        ]
      },
      "properties": {
        "name": "T-Rods",
        "category": "Automotive",
        "address": "G-4470 Saginaw Street, Burton, MI 48529",
        "phone": "+18107442399",
        "website": "http://www.t-rods.com/"
      }
    },
    {
      "type": "Feature",
      "id": "overture:8422d6ee-2c40-46a3-b8fa-1e3302e6e2b9",
      "geometry": {
        "type": "Point",
        "coordinates": [
          -83.67435408,
          42.98076981
        ]
      },
      "properties": {
        "name": "Gill-Roy's Hardware",
        "category": "Retail & Shopping",
        "address": "G3302 S Saginaw St, Burton, MI 48529-1265",
        "phone": "+18107427330",
        "website": "https://www.gillroys.com"
      }
    },
    {
      "type": "Feature",
      "id": "overture:84386f82-79c0-4d9f-a852-0a24f027a94d",
      "geometry": {
        "type": "Point",
        "coordinates": [
          -83.67562616,
          42.97535841
        ]
      },
      "properties": {
        "name": "Guiding Lights Boutique",
        "category": "Retail & Shopping",
        "address": "1459 Connell St, Burton, MI 48529-2204",
        "phone": "+18103086445",
        "website": "https://www.guidinglightsboutique.com/"
      }
    },
    {
      "type": "Feature",
      "id": "overture:8446e5da-492f-4e01-b65c-913e7c73a3eb",
      "geometry": {
        "type": "Point",
        "coordinates": [
          -83.671987,
          42.970252
        ]
      },
      "properties": {
        "name": "DaddysHouse Resale",
        "category": "Retail & Shopping",
        "address": "4449 S.Saginaw suite C, Flint, MI 48529",
        "phone": "+18108206337"
      }
    },
    {
      "type": "Feature",
      "id": "overture:844cb575-60a2-4f48-9fdb-5c7e46bcde15",
      "geometry": {
        "type": "Point",
        "coordinates": [
          -83.58857745,
          43.01139602
        ]
      },
      "properties": {
        "name": "Dr Aquino",
        "category": "Professional & Personal Services",
        "address": "6175 Lapeer Rd, Burton, MI 48509-2417",
        "phone": "+18107431408"
      }
    },
    {
      "type": "Feature",
      "id": "overture:847e7669-1605-4a0d-9287-83e1fb46403f",
      "geometry": {
        "type": "Point",
        "coordinates": [
          -83.68027736,
          42.96823958
        ]
      },
      "properties": {
        "name": "U-Haul Neighborhood Dealer",
        "category": "Automotive",
        "address": "4258 Somers Dr, Burton, MI 48529",
        "phone": "8107150432",
        "website": "https://www.uhaul.com/Locations/Truck-Rentals-near-Burton-MI-48529/029254/?utm_source=Bing&utm_medium=primary&utm_campaign=listingmanagement&utm_content=029254"
      }
    },
    {
      "type": "Feature",
      "id": "overture:84a67547-041f-4c3d-9552-bea01521e954",
      "geometry": {
        "type": "Point",
        "coordinates": [
          -83.61471,
          43.019282
        ]
      },
      "properties": {
        "name": "Medical Billing Revenue Management",
        "category": "Professional & Personal Services",
        "address": "1022 N Genesee Rd, Burton, MI 48509-1445",
        "phone": "+18107017784",
        "website": "http://www.mbrminc.com"
      }
    },
    {
      "type": "Feature",
      "id": "overture:84add775-4060-4af6-b1e1-f21205cdf7b0",
      "geometry": {
        "type": "Point",
        "coordinates": [
          -83.67263877,
          42.97245125
        ]
      },
      "properties": {
        "name": "Tia Helita's Mexican Cuisine",
        "category": "Dining",
        "address": "G4070 S Saginaw St, Burton, MI 48529-1653",
        "phone": "+18107425525",
        "website": "https://tiahelitas.com/"
      }
    },
    {
      "type": "Feature",
      "id": "overture:84d34561-b4b2-4c84-b16e-bab4a020d0b8",
      "geometry": {
        "type": "Point",
        "coordinates": [
          -83.64675339,
          42.98516336
        ]
      },
      "properties": {
        "name": "Andy's Roofing",
        "category": "Professional & Personal Services",
        "address": "3140 Kleinpell St, Burton, MI 48529",
        "phone": "+18107625958",
        "website": "http://andysroofinginc.com/"
      }
    },
    {
      "type": "Feature",
      "id": "overture:85141076-11ba-4133-b7f9-2563cb6b9e36",
      "geometry": {
        "type": "Point",
        "coordinates": [
          -83.59513029,
          43.02660452
        ]
      },
      "properties": {
        "name": "Milex Complete Auto Care",
        "category": "Automotive",
        "address": "1268 N Belsay Rd, Burton, MI 48509-1664",
        "phone": "+18102396060",
        "website": "https://flintmrtmilex.com/"
      }
    },
    {
      "type": "Feature",
      "id": "overture:85504391-7b74-48ec-ab12-5951960e1ff6",
      "geometry": {
        "type": "Point",
        "coordinates": [
          -83.642037,
          42.975506
        ]
      },
      "properties": {
        "name": "Foe",
        "category": "Community Services",
        "address": "3317 E Bristol Rd, Burton, MI 48529-1451",
        "phone": "+18107421020"
      }
    },
    {
      "type": "Feature",
      "id": "overture:85682d20-2574-45d5-9068-883496dcca33",
      "geometry": {
        "type": "Point",
        "coordinates": [
          -83.626625,
          43.018621
        ]
      },
      "properties": {
        "name": "Discount Tire Store (MIF 04)",
        "category": "Automotive",
        "address": "4210 E COURT ST, BURTON, MI 48509-1720",
        "website": "https://www.discounttire.com/store/mi/burton/s/1139"
      }
    },
    {
      "type": "Feature",
      "id": "overture:8574ac65-1bca-4cfe-a121-f2b62521381a",
      "geometry": {
        "type": "Point",
        "coordinates": [
          -83.63206,
          43.0188
        ]
      },
      "properties": {
        "name": "Dr. Sarah Lee",
        "category": "Health & Medical",
        "address": "4165 E Court St 4165, Burton, MI 48509",
        "phone": "8107432084"
      }
    },
    {
      "type": "Feature",
      "id": "overture:85c63150-c045-431f-a911-7163b95c7f10",
      "geometry": {
        "type": "Point",
        "coordinates": [
          -83.589712,
          43.010546
        ]
      },
      "properties": {
        "name": "The Prayer Shack",
        "category": "Community Services",
        "address": "6150 Lapeer Rd, Burton, MI 48509-2418",
        "phone": "+18105138197",
        "website": "https://www.theprayershack.com/"
      }
    },
    {
      "type": "Feature",
      "id": "overture:86047763-2c7d-44d2-bbad-143e1645fb2e",
      "geometry": {
        "type": "Point",
        "coordinates": [
          -83.65283074,
          42.97985522
        ]
      },
      "properties": {
        "name": "Maaco Auto Body Shop & Painting",
        "category": "Automotive",
        "address": "G3345 S Dort Hwy, Burton, MI 48529",
        "phone": "8107433400",
        "website": "https://www.maaco.com/locations/mi/burton-12167/?source=bing"
      }
    },
    {
      "type": "Feature",
      "id": "overture:86ad7d58-f3d1-418d-bfda-d21adbcdbce4",
      "geometry": {
        "type": "Point",
        "coordinates": [
          -83.634071,
          43.02507
        ]
      },
      "properties": {
        "name": "1st Choice Computers",
        "category": "Retail & Shopping",
        "address": "1234 N Center Rd, Burton, MI 48509",
        "phone": "8107428765"
      }
    },
    {
      "type": "Feature",
      "id": "overture:86f1f2c3-f3b8-4009-87d3-e4c4c6fb3a85",
      "geometry": {
        "type": "Point",
        "coordinates": [
          -83.64419821525918,
          42.971643177358594
        ]
      },
      "properties": {
        "name": "FTGF CrossFit",
        "category": "Arts & Entertainment",
        "address": "4111 Jimbo Dr, Burton, MI 48529",
        "phone": "(810) 691-5140"
      }
    },
    {
      "type": "Feature",
      "id": "overture:870dc7b1-2f67-4ca1-8748-ae892c08e4d8",
      "geometry": {
        "type": "Point",
        "coordinates": [
          -83.594353,
          43.016071
        ]
      },
      "properties": {
        "name": "BURTON CITY INC",
        "category": "Automotive",
        "address": "1117 S. BELSAY RD, BURTON, MI 48509",
        "website": "https://www.exxon.com/en/find-station/exxon-burton-mi-burtoncityinc-200330930"
      }
    },
    {
      "type": "Feature",
      "id": "overture:8718d8a3-1636-4f17-8324-206575bc1f64",
      "geometry": {
        "type": "Point",
        "coordinates": [
          -83.6313699122799,
          43.0171149080779
        ]
      },
      "properties": {
        "name": "Jackson Hewitt Tax Service",
        "category": "Financial",
        "address": "4190 E Court St Ste 811, Burton, MI 48509",
        "phone": "8107363337",
        "website": "https://www.jacksonhewitt.com/Tax-Preparation-Services-Locations/MI/Burton/11028/?utm_source=bing&utm_campaign=distrib&utm_medium=local"
      }
    },
    {
      "type": "Feature",
      "id": "overture:8798a81b-1327-4421-8d1c-d1cbf75f5ff0",
      "geometry": {
        "type": "Point",
        "coordinates": [
          -83.6315446,
          43.0178198
        ]
      },
      "properties": {
        "name": "Joann Fabric And Crafts",
        "category": "Professional & Personal Services",
        "address": "4190 E Court St  Ste 101, Burton, MI 48509-1745",
        "phone": "18107440792",
        "website": "https://www.joann.com"
      }
    },
    {
      "type": "Feature",
      "id": "overture:879fb858-03f7-4235-bafe-c1f9d3b333ac",
      "geometry": {
        "type": "Point",
        "coordinates": [
          -83.634043,
          43.007322
        ]
      },
      "properties": {
        "name": "Greater Flint Imaging",
        "category": "Health & Medical",
        "address": "4001 Walli Strasse Dr, Burton, MI 48509-1729",
        "phone": "+18107424022",
        "website": "http://greaterflintimaging.com"
      }
    },
    {
      "type": "Feature",
      "id": "overture:886b9d9f-33a4-4fc1-a92e-16c04da0ca26",
      "geometry": {
        "type": "Point",
        "coordinates": [
          -83.62698622047901,
          42.97966897487639
        ]
      },
      "properties": {
        "name": "BMS Lawn Care",
        "category": "Professional & Personal Services",
        "address": "4144 Valley Crk, Burton, MI 48519",
        "phone": "8108951693"
      }
    },
    {
      "type": "Feature",
      "id": "overture:889d00ac-cdcd-4de1-98b4-7cd6071fefa8",
      "geometry": {
        "type": "Point",
        "coordinates": [
          -83.5949666,
          43.0115878
        ]
      },
      "properties": {
        "name": "Bio Star Services",
        "category": "Professional & Personal Services",
        "address": "1267 S Belsay Rd, Burton, MI 48509-1917",
        "phone": "+18105103877",
        "website": "http://www.biostarrestoration.com/"
      }
    },
    {
      "type": "Feature",
      "id": "overture:88a1c663-a11e-4ea0-a249-80787aa3d11b",
      "geometry": {
        "type": "Point",
        "coordinates": [
          -83.59452412,
          43.02308683
        ]
      },
      "properties": {
        "name": "Marathon / Flecks Mart",
        "category": "Financial",
        "address": "1138 N Belsay Rd, Burton, MI 48509, USA, MI"
      }
    },
    {
      "type": "Feature",
      "id": "overture:88abe1ab-e263-4b9b-a431-5c969f80ec5c",
      "geometry": {
        "type": "Point",
        "coordinates": [
          -83.67280052,
          42.97679033
        ]
      },
      "properties": {
        "name": "Mr Front End Inc",
        "category": "Automotive",
        "address": "G3447 S Saginaw St, Burton, MI 48529-1278",
        "phone": "+18107439981",
        "website": "http://mrfrontend.com/"
      }
    },
    {
      "type": "Feature",
      "id": "overture:8929ccbf-d704-4e27-b131-32a30b1be406",
      "geometry": {
        "type": "Point",
        "coordinates": [
          -83.6008901,
          43.0223071
        ]
      },
      "properties": {
        "name": "Quest Diagnostics",
        "category": "Professional & Personal Services",
        "address": "5323 E Court St N, Burton, MI 48509",
        "phone": "8102211983",
        "website": "https://locations.questdiagnostics.com/mi/burton/5323-e-court-st-n"
      }
    },
    {
      "type": "Feature",
      "id": "overture:8964a21b-874d-467d-93a9-f78ce2be4d6a",
      "geometry": {
        "type": "Point",
        "coordinates": [
          -83.59593574,
          43.02814646
        ]
      },
      "properties": {
        "name": "Sherwin-Williams",
        "category": "Retail & Shopping",
        "address": "1325 N Belsay Rd, Burton, MI 48509-1602",
        "phone": "+18107151040",
        "website": "https://www.sherwin-williams.com/store-locator/paint-store/burton/mi/701345"
      }
    },
    {
      "type": "Feature",
      "id": "overture:899c7a5a-2ff3-4722-b9f5-3221269839ad",
      "geometry": {
        "type": "Point",
        "coordinates": [
          -83.631424,
          43.017203
        ]
      },
      "properties": {
        "name": "Sloan Museum",
        "category": "Arts & Entertainment",
        "address": "4190 E Court St, Burton, MI 48509-1732",
        "phone": "+18102373450",
        "website": "http://sloanlongway.org/current-exhibits"
      }
    },
    {
      "type": "Feature",
      "id": "overture:8ab13a3e-71f7-46e1-a4f2-2b752a4521df",
      "geometry": {
        "type": "Point",
        "coordinates": [
          -83.65161519,
          42.979928
        ]
      },
      "properties": {
        "name": "Humane Society of Genesee County",
        "category": "Community Services",
        "address": "G3325 S Dort Hwy, Burton, MI 48529-1446",
        "phone": "+18107440511",
        "website": "http://www.geneseehumane.org/"
      }
    },
    {
      "type": "Feature",
      "id": "overture:8afc0140-1eb7-4068-84b1-171facbfa1d1",
      "geometry": {
        "type": "Point",
        "coordinates": [
          -83.61462379610224,
          43.01912366218225
        ]
      },
      "properties": {
        "name": "Tattooed Nation",
        "category": "Professional & Personal Services",
        "address": "4545 E Court St N, Burton, MI 48509",
        "phone": "(810) 407-6270",
        "website": "http://tattooednation.com"
      }
    },
    {
      "type": "Feature",
      "id": "overture:8b02bdc3-fd91-460a-8d6e-f8cf113a6cf2",
      "geometry": {
        "type": "Point",
        "coordinates": [
          -83.670280456543,
          42.962449617172
        ]
      },
      "properties": {
        "name": "Essential Esthetics LLC",
        "category": "Professional & Personal Services",
        "address": "G4440 S Saginaw St, Burton, MI 48529-2086",
        "phone": "+18102433009",
        "website": "https://EssentialEstheticsLLC.as.me/"
      }
    },
    {
      "type": "Feature",
      "id": "overture:8b02ce17-1f76-41d9-8f23-3de2951a3e39",
      "geometry": {
        "type": "Point",
        "coordinates": [
          -83.6273236538462,
          43.0187155769231
        ]
      },
      "properties": {
        "name": "Deb Shops",
        "category": "Retail & Shopping",
        "address": "4190 E Court St Ste 301, Burton, MI 48509",
        "phone": "8107442014"
      }
    },
    {
      "type": "Feature",
      "id": "overture:8b1c3164-c835-4bf7-849a-acb67beba21e",
      "geometry": {
        "type": "Point",
        "coordinates": [
          -83.588253,
          42.990356
        ]
      },
      "properties": {
        "name": "Sweers Eavestrough & Roofing",
        "category": "Professional & Personal Services",
        "address": "6165 E Atherton Rd, Burton, MI 48519",
        "phone": "8102304082",
        "website": "https://www.sweersroofing.com/"
      }
    },
    {
      "type": "Feature",
      "id": "overture:8b2ce1bf-0f2a-435c-ab14-aebbcd934abe",
      "geometry": {
        "type": "Point",
        "coordinates": [
          -83.68958502,
          42.97442542
        ]
      },
      "properties": {
        "name": "Meraki Studio of Beauty",
        "category": "Professional & Personal Services",
        "address": "1079 E Bristol Rd, Burton, MI 48529-1126",
        "phone": "+18104078524",
        "website": "https://www.fresha.com/book-now/meraki-studio-of-beauty-djqjuvh7/services?lid=93399&eid=264500&pId=86807"
      }
    },
    {
      "type": "Feature",
      "id": "overture:8b4b3d53-3df2-4fd4-a586-e87e39239868",
      "geometry": {
        "type": "Point",
        "coordinates": [
          -83.6472091674805,
          42.9759483337402
        ]
      },
      "properties": {
        "name": "Diamond Precast and Transport LLC",
        "category": "Professional & Personal Services",
        "address": "3159 E Bristol Rd, Burton, MI 48529",
        "phone": "8104229146",
        "website": "http://www.diamondprecastandtransport.com/"
      }
    },
    {
      "type": "Feature",
      "id": "overture:8c0085f2-7e5d-4e43-8d94-f81786d3abbd",
      "geometry": {
        "type": "Point",
        "coordinates": [
          -83.63290925,
          43.00495809
        ]
      },
      "properties": {
        "name": "Khaled Shukairy, MD",
        "category": "Professional & Personal Services",
        "address": "1501 S Center Rd, Burton, MI 48509-1731",
        "phone": "+18107420225",
        "website": "http://hurleymc.com"
      }
    },
    {
      "type": "Feature",
      "id": "overture:8c118619-2b98-469a-8bf9-d23e9e9445ad",
      "geometry": {
        "type": "Point",
        "coordinates": [
          -83.62281478,
          42.97443984
        ]
      },
      "properties": {
        "name": "Disabled American Veterans",
        "category": "Community Services",
        "address": "4270 E Bristol Rd, Burton, MI 48519-1406",
        "phone": "+18107429220",
        "website": "http://dav.org"
      }
    },
    {
      "type": "Feature",
      "id": "overture:8c7a23d4-33d2-4ce5-8766-f4fca733188e",
      "geometry": {
        "type": "Point",
        "coordinates": [
          -83.6339,
          42.975436
        ]
      },
      "properties": {
        "name": "Sunoco",
        "category": "Automotive",
        "address": "3496 S CENTER RD, BURTON, MI 48519"
      }
    },
    {
      "type": "Feature",
      "id": "overture:8ce0177a-94d7-4d09-bc83-a5d50becd1e9",
      "geometry": {
        "type": "Point",
        "coordinates": [
          -83.67220949,
          42.96816004
        ]
      },
      "properties": {
        "name": "Admiral Petroleum Co",
        "category": "Automotive",
        "address": "G4232 S Saginaw St, Burton, MI 48529-1673",
        "phone": "+18107159066",
        "website": "http://admiralpetroleum.com"
      }
    },
    {
      "type": "Feature",
      "id": "overture:8cefca83-87c6-4318-bdca-ec02b0b5a8ce",
      "geometry": {
        "type": "Point",
        "coordinates": [
          -83.597029796375,
          43.011271300124996
        ]
      },
      "properties": {
        "name": "CTI",
        "category": "Retail & Shopping",
        "address": "5479 Lapeer Rd, Burton, MI 48509-2233",
        "phone": "+18107436900",
        "website": "http://www.cti4u.com/"
      }
    },
    {
      "type": "Feature",
      "id": "overture:8d20f1cb-dce1-4e1e-9407-d60860ed51cd",
      "geometry": {
        "type": "Point",
        "coordinates": [
          -83.62636797,
          43.0333815
        ]
      },
      "properties": {
        "name": "Pride & More Styling Salon",
        "category": "Professional & Personal Services",
        "address": "4235 Davison Rd, Burton, MI 48509-1405",
        "phone": "+18102388851"
      }
    },
    {
      "type": "Feature",
      "id": "overture:8d4cb4ad-c18a-4a1b-ab86-1a90bce50760",
      "geometry": {
        "type": "Point",
        "coordinates": [
          -83.63471551,
          42.99080283
        ]
      },
      "properties": {
        "name": "WellNES by TLC",
        "category": "Professional & Personal Services",
        "address": "2480 S Center Rd, Burton, MI 48519-1152",
        "phone": "+18105157920"
      }
    },
    {
      "type": "Feature",
      "id": "overture:8daf8cef-4265-40d1-bd03-0bca4d0fde5b",
      "geometry": {
        "type": "Point",
        "coordinates": [
          -83.6337195,
          42.9749932
        ]
      },
      "properties": {
        "name": "LibertyX Bitcoin ATM",
        "category": "Financial",
        "address": "3514 E Bristol Rd, Burton, MI 48529",
        "phone": "8005118940",
        "website": "https://libertyx.com/a/buy-bitcoin/locations/MI/burton/3514-e-bristol-rd?y_source=1_MTA1NjI2MDEzMy00ODMtbG9jYXRpb24ud2Vic2l0ZQ%3D%3D"
      }
    },
    {
      "type": "Feature",
      "id": "overture:8de032f7-02e3-49e4-bc21-f42021cddaee",
      "geometry": {
        "type": "Point",
        "coordinates": [
          -83.60086,
          43.021861
        ]
      },
      "properties": {
        "name": "Walmart Photo Center",
        "category": "Retail & Shopping",
        "address": "5323 E Court St N, Burton, MI 48509-1539",
        "phone": "18107449573",
        "website": "https://www.walmart.com"
      }
    },
    {
      "type": "Feature",
      "id": "overture:8deb637c-2f69-462d-be47-99ad18d2b7bb",
      "geometry": {
        "type": "Point",
        "coordinates": [
          -83.6203079223633,
          43.0374641418457
        ]
      },
      "properties": {
        "name": "Pearce Building Company",
        "category": "Professional & Personal Services",
        "address": "2165 Blackthorn Dr, Burton, MI 48509",
        "phone": "2486361776",
        "website": "http://www.pearcebuilders.com/"
      }
    },
    {
      "type": "Feature",
      "id": "overture:8e162ad4-e17e-4d3e-9da9-f942478e1c75",
      "geometry": {
        "type": "Point",
        "coordinates": [
          -83.63473445,
          43.02291701
        ]
      },
      "properties": {
        "name": "Ultimate Paint & Body Works",
        "category": "Automotive",
        "address": "1142 N Center Rd, Burton, MI 48509-1426",
        "phone": "+18108133727",
        "website": "http://Ultimatepaintandbodyworks.com/"
      }
    },
    {
      "type": "Feature",
      "id": "overture:8e195a72-94bf-44f6-9a1a-14d6cbf25a14",
      "geometry": {
        "type": "Point",
        "coordinates": [
          -83.68082900732927,
          42.97330107689312
        ]
      },
      "properties": {
        "name": "Great Lakes Civil Services",
        "category": "Professional & Personal Services",
        "address": "4020 Somers Dr, Burton, MI 48529",
        "phone": "8102397788",
        "website": "https://greatlakescivilservices.com/"
      }
    },
    {
      "type": "Feature",
      "id": "overture:8e643666-ab0d-4743-8ec5-f65220b48d87",
      "geometry": {
        "type": "Point",
        "coordinates": [
          -83.61959,
          43.01749
        ]
      },
      "properties": {
        "name": "Custom D Upholstery",
        "category": "Automotive",
        "address": "4406 E Court St, Burton, MI 48509-1818",
        "phone": "+18108369866"
      }
    },
    {
      "type": "Feature",
      "id": "overture:8e74b907-b81a-484d-9e6d-4c6ed0523c3b",
      "geometry": {
        "type": "Point",
        "coordinates": [
          -83.621094,
          43.033445
        ]
      },
      "properties": {
        "name": "Shear Magic Salon",
        "category": "Professional & Personal Services",
        "address": "4381 Davison Rd, Burton, MI 48509-1452",
        "phone": "+18104932328"
      }
    },
    {
      "type": "Feature",
      "id": "overture:8ed905bf-aa11-409a-a33d-60f67e9c9f27",
      "geometry": {
        "type": "Point",
        "coordinates": [
          -83.595016,
          43.0287326
        ]
      },
      "properties": {
        "name": "GarJen Technologies",
        "category": "Professional & Personal Services",
        "address": "1350 N Belsay Rd, Burton, MI 48509",
        "phone": "8109557353",
        "website": "https://www.garjentechnologies.com/"
      }
    },
    {
      "type": "Feature",
      "id": "overture:8f43ebc2-72fa-420b-a4d6-7f621bbc0931",
      "geometry": {
        "type": "Point",
        "coordinates": [
          -83.6334766,
          43.0023201
        ]
      },
      "properties": {
        "name": "Regional Medical Imaging",
        "category": "Professional & Personal Services",
        "address": "G2065 S Center Rd, Burton, MI 48519",
        "phone": "8107321919",
        "website": "https://www.rmipc.net/locations/burton-rmi/"
      }
    },
    {
      "type": "Feature",
      "id": "overture:8fb20e21-217d-463c-ab4b-b1ab5ba7b2f8",
      "geometry": {
        "type": "Point",
        "coordinates": [
          -83.6236362,
          43.01851511
        ]
      },
      "properties": {
        "name": "Park Dental Wellness",
        "category": "Health & Medical",
        "address": "4300 E Court St, Burton, MI 48509-1808",
        "phone": "+18107425140",
        "website": "http://parksmiles.com/"
      }
    },
    {
      "type": "Feature",
      "id": "overture:8fcb721b-e494-4ed2-a4b9-102f54191a80",
      "geometry": {
        "type": "Point",
        "coordinates": [
          -83.59548094,
          43.01192744
        ]
      },
      "properties": {
        "name": "Finish Line Auto & Tire Service",
        "category": "Automotive",
        "address": "1256 S Belsay Rd, Burton, MI 48509-1918",
        "phone": "+18107427005",
        "website": "http://finishlineautotire.com/"
      }
    },
    {
      "type": "Feature",
      "id": "overture:8fe98998-52ca-4580-b142-c38129d95052",
      "geometry": {
        "type": "Point",
        "coordinates": [
          -83.6295144,
          43.0331255
        ]
      },
      "properties": {
        "name": "Shrader Tire & Oil",
        "category": "Professional & Personal Services",
        "address": "4145 1/2 Davison Rd, Burton, MI 48509",
        "phone": "8102886458",
        "website": "http://shradertireandoil.com/locations/flint-fleet-services"
      }
    },
    {
      "type": "Feature",
      "id": "overture:900d18c8-5a18-4d47-a3b7-725d6079b593",
      "geometry": {
        "type": "Point",
        "coordinates": [
          -83.6251358583,
          42.989098309700005
        ]
      },
      "properties": {
        "name": "Awana at Eastgate",
        "category": "Faith",
        "address": "4226 E Atherton Rd, Burton, MI 48519-1438",
        "phone": "+18107425410",
        "website": "http://eastgatebaptist.org/awana"
      }
    },
    {
      "type": "Feature",
      "id": "overture:901ce903-8d25-41f3-8400-430248e453ee",
      "geometry": {
        "type": "Point",
        "coordinates": [
          -83.5863843,
          42.9855162
        ]
      },
      "properties": {
        "name": "Walker Farms & Greenhouse",
        "category": "Retail & Shopping",
        "address": "5253 E Atherton Rd, Burton, MI 48519",
        "phone": "8102218261",
        "website": "http://www.walkersfarm.com/"
      }
    },
    {
      "type": "Feature",
      "id": "overture:902e48bc-dedb-466a-8278-2d6d1683bb78",
      "geometry": {
        "type": "Point",
        "coordinates": [
          -83.64970771,
          42.97501672
        ]
      },
      "properties": {
        "name": "Spielmaker Cabinets & Countertops",
        "category": "Professional & Personal Services",
        "address": "3089 E Bristol Rd, Burton, MI 48529-1429",
        "phone": "+18104441165",
        "website": "http://www.spielmakercabinets.com/"
      }
    },
    {
      "type": "Feature",
      "id": "overture:9034bb7a-ee08-414f-b44c-661e1149892a",
      "geometry": {
        "type": "Point",
        "coordinates": [
          -83.626178,
          43.018208
        ]
      },
      "properties": {
        "name": "Burton MI",
        "category": "Financial",
        "address": "4280 E Court St, Burton, MI 48509",
        "website": "https://www.huntington.com/Community/branch-info?locationId=20828"
      }
    },
    {
      "type": "Feature",
      "id": "overture:90546ad7-c9dc-410c-a97a-5e6cdba24ded",
      "geometry": {
        "type": "Point",
        "coordinates": [
          -83.6346,
          43.03114
        ]
      },
      "properties": {
        "name": "Ascension Genesys Urgent Care at Center Rd",
        "category": "Health & Medical",
        "address": "1460 N Center Rd, Burton, MI 48509",
        "phone": "8107154620",
        "website": "https://healthcare.ascension.org/Locations/Michigan/MIGRA/Burton-Ascension-Genesys-Urgent-Care-at-Center-Rd"
      }
    },
    {
      "type": "Feature",
      "id": "overture:90661cfc-0757-48d7-b72c-d7242f3d9bd4",
      "geometry": {
        "type": "Point",
        "coordinates": [
          -83.653788,
          42.977201
        ]
      },
      "properties": {
        "name": "Vehicle City Onsite Fleet Services",
        "category": "Professional & Personal Services",
        "address": "G3434 S Dort Highway, Burton, MI 48529",
        "phone": "8106200700",
        "website": "http://vehiclecityfleetservices.com/"
      }
    },
    {
      "type": "Feature",
      "id": "overture:909821ec-bad8-4adf-a851-372e29b87d91",
      "geometry": {
        "type": "Point",
        "coordinates": [
          -83.632384,
          43.011938
        ]
      },
      "properties": {
        "name": "The Overflow",
        "category": "Professional & Personal Services",
        "address": "1225 S Center Rd, Burton, MI 48509",
        "phone": "(810) 743-0000",
        "website": "http://faithwired.com"
      }
    },
    {
      "type": "Feature",
      "id": "overture:90a9d6fb-f09e-42ff-abb3-9c63f4f198d7",
      "geometry": {
        "type": "Point",
        "coordinates": [
          -83.60832027,
          43.02051115
        ]
      },
      "properties": {
        "name": "Walker June Calhoun CPAs",
        "category": "Financial",
        "address": "1040 Creekwood Trl, Burton, MI 48509-1580",
        "phone": "+18107435000",
        "website": "http://www.walkerjunecalhoun.com/"
      }
    },
    {
      "type": "Feature",
      "id": "overture:90ae895e-9ca7-4c82-8456-e38de54fe1c0",
      "geometry": {
        "type": "Point",
        "coordinates": [
          -83.6370138,
          42.9892118
        ]
      },
      "properties": {
        "name": "Vita Medical Equipment And Supplies",
        "category": "Health & Medical",
        "address": "3450 E Atherton Rd, Burton, MI 48529-1001",
        "phone": "18105157717",
        "website": "http://vitamedicalcorp.com"
      }
    },
    {
      "type": "Feature",
      "id": "overture:90aef2dd-4e5d-4089-9f23-bcc64074691b",
      "geometry": {
        "type": "Point",
        "coordinates": [
          -83.63975861,
          42.97253661
        ]
      },
      "properties": {
        "name": "WFNT",
        "category": "Professional & Personal Services",
        "address": "3338 E Bristol Rd, Burton, MI 48529-1408",
        "phone": "+18107431080",
        "website": "http://wfnt.com/"
      }
    },
    {
      "type": "Feature",
      "id": "overture:9116a3a9-7ef2-4dbd-82a8-c500b147ef4d",
      "geometry": {
        "type": "Point",
        "coordinates": [
          -83.67048333685416,
          42.964460551319874
        ]
      },
      "properties": {
        "name": "Genevieve's Antique Treasures",
        "category": "Retail & Shopping",
        "address": "4371 Saginaw St., Burton, MI 48529",
        "phone": "(810) 743-1202",
        "website": "http://www.genevievesantiquetreasures.com"
      }
    },
    {
      "type": "Feature",
      "id": "overture:9175fb65-6dce-4949-8e4e-81a833433b04",
      "geometry": {
        "type": "Point",
        "coordinates": [
          -83.66597,
          42.962273
        ]
      },
      "properties": {
        "name": "Wonder & Discovery Child Dev",
        "category": "Education",
        "address": "4428 Columbine Ave, Burton, MI 48529",
        "phone": "8104225286"
      }
    },
    {
      "type": "Feature",
      "id": "overture:9178e1b3-c9c6-4dbf-9238-bd493e29e74c",
      "geometry": {
        "type": "Point",
        "coordinates": [
          -83.5962264,
          43.0161641
        ]
      },
      "properties": {
        "name": "Confidential Testing Center",
        "category": "Professional & Personal Services",
        "address": "1096 S Belsay Rd, Burton, MI 48509",
        "phone": "8005714942",
        "website": "https://confidential-testing-center.business.site/"
      }
    },
    {
      "type": "Feature",
      "id": "overture:91a52a8a-3f36-4fa8-a6c6-97a3864e5bc0",
      "geometry": {
        "type": "Point",
        "coordinates": [
          -83.60865911,
          43.00508057
        ]
      },
      "properties": {
        "name": "Gown Refresh LLC",
        "category": "Professional & Personal Services",
        "address": "1503 Alcona Ave, Burton, MI 48509-2005",
        "phone": "+12486886776",
        "website": "http://gownrefreshllc.weebly.com/"
      }
    },
    {
      "type": "Feature",
      "id": "overture:91e737fc-2bac-4f0f-8143-88bc39567a46",
      "geometry": {
        "type": "Point",
        "coordinates": [
          -83.648923,
          42.979756
        ]
      },
      "properties": {
        "name": "Iron Workers Local Union Number 25",
        "category": "Professional & Personal Services",
        "address": "3115 Joyce St, Burton, MI 48529-1421",
        "phone": "+18107423820",
        "website": "http://www.ironworkers25.org"
      }
    },
    {
      "type": "Feature",
      "id": "overture:91f45c7e-c75e-4c0e-a3ba-f5c4be2988a1",
      "geometry": {
        "type": "Point",
        "coordinates": [
          -83.63030701,
          43.0181072
        ]
      },
      "properties": {
        "name": "Bath & Body Works",
        "category": "Professional & Personal Services",
        "address": "4190 E Court St, Burton, MI 48509-1732",
        "phone": "+18107441302",
        "website": "https://www.bathandbodyworks.com/?cm_mmc=local_BBW01773"
      }
    },
    {
      "type": "Feature",
      "id": "overture:9218824c-cbc2-4553-a849-cc18b9960792",
      "geometry": {
        "type": "Point",
        "coordinates": [
          -83.6529583,
          42.9742278
        ]
      },
      "properties": {
        "name": "H&R Block",
        "category": "Financial",
        "address": "G3021 S Dort Hwy, Burton, MI 48529",
        "phone": "8107440370",
        "website": "https://www.hrblock.com/tax-office-near-me/michigan/burton/20982"
      }
    },
    {
      "type": "Feature",
      "id": "overture:9233adf1-62ee-4bfd-be43-654a36af6a32",
      "geometry": {
        "type": "Point",
        "coordinates": [
          -83.634473,
          43.0183577
        ]
      },
      "properties": {
        "name": "Blue Rhino Propane Exchange",
        "category": "Retail & Shopping",
        "address": "1001 S Center Rd, Burton, MI 48509",
        "phone": "8107443890",
        "website": "https://bluerhino.com/propane-finder?utm_source=bing&utm_medium=map&utm_campaign=vending_map&utm_content=74410"
      }
    },
    {
      "type": "Feature",
      "id": "overture:92b9543f-7900-458f-a858-23cce51385b0",
      "geometry": {
        "type": "Point",
        "coordinates": [
          -83.653338,
          42.974906
        ]
      },
      "properties": {
        "name": "Dort Highway Auto Service",
        "category": "Automotive",
        "address": "3189 S. Dort Highway, Burton, MI 48529",
        "phone": "+18108206576"
      }
    },
    {
      "type": "Feature",
      "id": "overture:92d7194a-65af-414a-92d1-5816b40369b0",
      "geometry": {
        "type": "Point",
        "coordinates": [
          -83.63391,
          43.02508
        ]
      },
      "properties": {
        "name": "Gage Cannabis Burton",
        "category": "Retail & Shopping",
        "address": "1234 N Center Rd, Burton, MI 48509",
        "phone": "8102434243",
        "website": "https://shop.gagecannabis.com/gageburton?utm_source=bing&utm_medium=pfb&utm_content=burton"
      }
    },
    {
      "type": "Feature",
      "id": "overture:9301014f-86f9-488b-90bc-3b9ae2149457",
      "geometry": {
        "type": "Point",
        "coordinates": [
          -83.67818832,
          42.9728445
        ]
      },
      "properties": {
        "name": "West Bendle Elementary School",
        "category": "Education",
        "address": "4020 Cerdan Dr, Burton, MI 48529-1608",
        "phone": "+18105910880",
        "website": "http://www.bendleschools.org"
      }
    },
    {
      "type": "Feature",
      "id": "overture:933e7097-b37f-4327-8292-c5822bccea1a",
      "geometry": {
        "type": "Point",
        "coordinates": [
          -83.65299677,
          42.96844092
        ]
      },
      "properties": {
        "name": "Flint Tint",
        "category": "Professional & Personal Services",
        "address": "G-4232 S Dort Hwy, Burton, MI 48529",
        "phone": "+18104490928",
        "website": "http://www.flinttint.com/"
      }
    },
    {
      "type": "Feature",
      "id": "overture:9364518f-cd3e-4d47-9794-76e91ae9aa39",
      "geometry": {
        "type": "Point",
        "coordinates": [
          -83.6699257,
          42.9625693
        ]
      },
      "properties": {
        "name": "Greenlight Wellness",
        "category": "Retail & Shopping",
        "address": "G4440 S Saginaw St, Burton, MI 48529",
        "phone": "8774205420",
        "website": "http://www.greenlightmmj.com/"
      }
    },
    {
      "type": "Feature",
      "id": "overture:9385df9d-aab5-475b-be18-31fc84a47960",
      "geometry": {
        "type": "Point",
        "coordinates": [
          -83.6733243718003,
          42.97552926251274
        ]
      },
      "properties": {
        "name": "It's Perfume Oil",
        "category": "Professional & Personal Services",
        "address": "3496 South Saginaw St, Burton, MI 48529",
        "phone": "(810) 820-4254",
        "website": "http://www.malloils.com"
      }
    },
    {
      "type": "Feature",
      "id": "overture:944ed25a-73f1-42c2-b887-af6dd5f273c5",
      "geometry": {
        "type": "Point",
        "coordinates": [
          -83.64002983,
          42.97262008
        ]
      },
      "properties": {
        "name": "Us103.1 Wqus",
        "category": "Professional & Personal Services",
        "address": "3338 E Bristol Rd, Burton, MI 48529-1408",
        "phone": "+18102391031",
        "website": "http://us103.com"
      }
    },
    {
      "type": "Feature",
      "id": "overture:94a28d0e-075e-43a7-a873-5d2232ff824d",
      "geometry": {
        "type": "Point",
        "coordinates": [
          -83.67430353,
          42.9803378
        ]
      },
      "properties": {
        "name": "Forever Bella Boutique",
        "category": "Retail & Shopping",
        "address": "G3314 S Saginaw St, Burton, MI 48529-1265",
        "phone": "+18103999658",
        "website": "https://linktr.ee/foreverbellaboutiquemi"
      }
    },
    {
      "type": "Feature",
      "id": "overture:94f30c04-9b65-4216-bca5-188595696b5f",
      "geometry": {
        "type": "Point",
        "coordinates": [
          -83.6145732,
          43.0190925
        ]
      },
      "properties": {
        "name": "New Beginnings",
        "category": "Professional & Personal Services",
        "address": "1022 N Genesee Rd, Burton, MI 48509",
        "phone": "8107444077"
      }
    },
    {
      "type": "Feature",
      "id": "overture:95552286-92ee-42a3-b91e-ef8a9e4cdae9",
      "geometry": {
        "type": "Point",
        "coordinates": [
          -83.672477,
          42.969721
        ]
      },
      "properties": {
        "name": "Kickboxing Burton.",
        "category": "Arts & Entertainment",
        "address": "4168 S Saginaw St, Burton, MI 48529",
        "phone": "+18103085980",
        "website": "http://www.kickboxingflint.com/"
      }
    },
    {
      "type": "Feature",
      "id": "overture:957f5bcd-460c-4f86-b83a-7a6f2fe7a640",
      "geometry": {
        "type": "Point",
        "coordinates": [
          -83.595391,
          43.006073
        ]
      },
      "properties": {
        "name": "Ladytax Unlimited LLC",
        "category": "Professional & Personal Services",
        "address": "1480 S Belsay Rd, Burton, MI 48509-2211",
        "phone": "+18107435990",
        "website": "http://ladytax.com/"
      }
    },
    {
      "type": "Feature",
      "id": "overture:95bba947-9ca1-46d2-88f8-3a5eb6ae0e73",
      "geometry": {
        "type": "Point",
        "coordinates": [
          -83.63366386,
          43.01908329
        ]
      },
      "properties": {
        "name": "Top Nails",
        "category": "Professional & Personal Services",
        "address": "4035 E Court St, Burton, MI 48509-1781",
        "phone": "+18107150978",
        "website": "http://www.topnails.com"
      }
    },
    {
      "type": "Feature",
      "id": "overture:95d86d24-d1d9-4a82-9a73-36bf720fac0a",
      "geometry": {
        "type": "Point",
        "coordinates": [
          -83.671852,
          42.971151
        ]
      },
      "properties": {
        "name": "American Autoworks Inc.",
        "category": "Professional & Personal Services",
        "address": "G-4127 Saginaw Street, Burton, MI 48529",
        "phone": "8104104535",
        "website": "https://www.americanautoworksburton.com/"
      }
    },
    {
      "type": "Feature",
      "id": "overture:960eb219-e364-42bc-ba00-93ce8d11f6a5",
      "geometry": {
        "type": "Point",
        "coordinates": [
          -83.6722418,
          42.9675018
        ]
      },
      "properties": {
        "name": "All Weather Seal Co Inc",
        "category": "Professional & Personal Services",
        "address": "4258 Saginaw St, Burton, MI 48529",
        "phone": "8006212828",
        "website": "https://www.allweatherseal.com/"
      }
    },
    {
      "type": "Feature",
      "id": "overture:963ba800-a34b-4085-9b09-c81ce33fd718",
      "geometry": {
        "type": "Point",
        "coordinates": [
          -83.67924766334167,
          42.97537490338013
        ]
      },
      "properties": {
        "name": "Flatrock Manor",
        "category": "Health & Medical",
        "address": "3500 Greenly Street, Burton, MI 48529",
        "phone": "(810) 354-8581",
        "website": "http://flatrockmanors.com"
      }
    },
    {
      "type": "Feature",
      "id": "overture:964f0dca-ed08-499d-9707-011b2357473d",
      "geometry": {
        "type": "Point",
        "coordinates": [
          -83.63459585,
          42.99989957
        ]
      },
      "properties": {
        "name": "Insta-Lube",
        "category": "Automotive",
        "address": "2156 S Center Rd, Burton, MI 48519-1151",
        "phone": "+18107428676",
        "website": "http://www.instalubellc.com/"
      }
    },
    {
      "type": "Feature",
      "id": "overture:96db5a2d-4e9d-4ecd-8f27-ac2718670edd",
      "geometry": {
        "type": "Point",
        "coordinates": [
          -83.633347,
          42.998268
        ]
      },
      "properties": {
        "name": "Precision Tune Auto Care And Tire Center",
        "category": "Automotive",
        "address": "2217 S Center Rd, Burton, MI 48519",
        "phone": "8107420060",
        "website": "http://www.precisiontune.com/BurtonMI"
      }
    },
    {
      "type": "Feature",
      "id": "overture:97151039-c9b3-4b8e-a3f0-1232110e0545",
      "geometry": {
        "type": "Point",
        "coordinates": [
          -83.68583679199219,
          42.97315979003906
        ]
      },
      "properties": {
        "name": "ATM Kroger",
        "category": "Financial",
        "address": "1200 E Bristol Rd, Burton, MI 48529"
      }
    },
    {
      "type": "Feature",
      "id": "overture:972d4a71-fe10-448c-9420-c56360b5ed6a",
      "geometry": {
        "type": "Point",
        "coordinates": [
          -83.63464349039988,
          42.99115567455436
        ]
      },
      "properties": {
        "name": "Ojibwa Vitamin Co.",
        "category": "Grocery & Food",
        "address": "2480 S Center Rd, Burton, MI 48519",
        "phone": "(810) 744-4226",
        "website": "http://www.wildfarmfoods.com/"
      }
    },
    {
      "type": "Feature",
      "id": "overture:97518fb2-c62d-4ea6-aba6-1398774f9230",
      "geometry": {
        "type": "Point",
        "coordinates": [
          -83.6728521,
          42.9752234
        ]
      },
      "properties": {
        "name": "HMA Fuel Inc",
        "category": "Automotive",
        "address": "G3311 S SAGINAW ST, BURTON, MI 48529"
      }
    },
    {
      "type": "Feature",
      "id": "overture:9755d5ba-cec6-4fd6-86bd-ff8deaaf0707",
      "geometry": {
        "type": "Point",
        "coordinates": [
          -83.662939332162,
          42.9689796157387
        ]
      },
      "properties": {
        "name": "Al's Trans & Gear",
        "category": "Automotive",
        "address": "G3326 S Saginaw St, Burton, MI 48529",
        "phone": "8107151106",
        "website": "http://www.alstransandgear.localgads.com/"
      }
    },
    {
      "type": "Feature",
      "id": "overture:9776e650-abae-4dd8-b329-db2226b51c65",
      "geometry": {
        "type": "Point",
        "coordinates": [
          -83.6793472,
          42.97368675
        ]
      },
      "properties": {
        "name": "The Majestic Wolf Crafts and More",
        "category": "Professional & Personal Services",
        "address": "1354 E Bristol Rd, Burton, MI 48529-2212",
        "phone": "+18105138613",
        "website": "https://majesticwolfcrafts.com/"
      }
    },
    {
      "type": "Feature",
      "id": "overture:977fc997-c844-430a-9543-a73adcae6bea",
      "geometry": {
        "type": "Point",
        "coordinates": [
          -83.5970713,
          43.0325058
        ]
      },
      "properties": {
        "name": "Genova Pipe",
        "category": "Retail & Shopping",
        "address": "5490 Davison Rd, Burton, MI 48509-1521",
        "phone": "18107444500",
        "website": "https://www.genovapipe.com"
      }
    },
    {
      "type": "Feature",
      "id": "overture:978bc468-3fc9-47d2-9a7c-ef8f885693e6",
      "geometry": {
        "type": "Point",
        "coordinates": [
          -83.6927,
          42.97633
        ]
      },
      "properties": {
        "name": "Rent-A-Center",
        "category": "Retail & Shopping",
        "address": "4829 Fenton Rd, Flint, MI 48507",
        "phone": "8102383640",
        "website": "https://locations.rentacenter.com/michigan/flint/4829-fenton-rd/"
      }
    },
    {
      "type": "Feature",
      "id": "overture:97992f0c-ca2f-4366-8c0b-2617424de913",
      "geometry": {
        "type": "Point",
        "coordinates": [
          -83.64017,
          42.98895
        ]
      },
      "properties": {
        "name": "The Atherton Settlement Land",
        "category": "Arts & Entertainment",
        "address": "3348 E Atherton Rd, Burton, MI 48529-1008",
        "phone": "+18109625122",
        "website": "https://burtonareahistoricalsociety.webs.com/"
      }
    },
    {
      "type": "Feature",
      "id": "overture:97a09fc3-b558-41c9-88d7-950b3fb60a59",
      "geometry": {
        "type": "Point",
        "coordinates": [
          -83.6831812,
          42.9737202
        ]
      },
      "properties": {
        "name": "Blue Rhino Propane Exchange",
        "category": "Retail & Shopping",
        "address": "1258 E Bristol Rd, Burton, MI 48529",
        "phone": "8102333753",
        "website": "https://bluerhino.com/propane-finder?utm_source=bing&utm_medium=map&utm_campaign=vending_map&utm_content=73219"
      }
    },
    {
      "type": "Feature",
      "id": "overture:97d106b7-cd1d-40ff-9284-6d10d1960eef",
      "geometry": {
        "type": "Point",
        "coordinates": [
          -83.65335701739187,
          42.96709321765966
        ]
      },
      "properties": {
        "name": "Tropical Falls",
        "category": "Arts & Entertainment",
        "address": "G4312 S Dort Hwy, Burton, MI 48529",
        "phone": "(810) 410-4146",
        "website": "https://www.southmoorgolfbargrill.com/mini-golf.html"
      }
    },
    {
      "type": "Feature",
      "id": "overture:980fbd58-6d6b-4ea2-8c02-7b5176d85d34",
      "geometry": {
        "type": "Point",
        "coordinates": [
          -83.60086,
          43.021861
        ]
      },
      "properties": {
        "name": "Walmart Wireless Services",
        "category": "Retail & Shopping",
        "address": "5323 E Court St N, Burton, MI 48509-1539",
        "phone": "18107423159",
        "website": "https://www.walmart.com"
      }
    },
    {
      "type": "Feature",
      "id": "overture:981816d9-82c5-4cac-a6e7-0899ef83a90a",
      "geometry": {
        "type": "Point",
        "coordinates": [
          -83.6717017,
          42.9741008
        ]
      },
      "properties": {
        "name": "Dollar Tree",
        "category": "Retail & Shopping",
        "address": "G4007 South Saginaw St, Burton, MI 48529-1617",
        "website": "https://locations.dollartree.com/mi/burton/g4007-south-saginaw-st"
      }
    },
    {
      "type": "Feature",
      "id": "overture:982085f1-b765-4e0e-94ff-cefa1b1aa34d",
      "geometry": {
        "type": "Point",
        "coordinates": [
          -83.61379794,
          42.98028079
        ]
      },
      "properties": {
        "name": "Beulah Land Christian Center",
        "category": "Faith",
        "address": "3345 S Genesee Rd, Burton, MI 48519-1425",
        "phone": "+18106587540",
        "website": "http://beulahlandministries.org/"
      }
    },
    {
      "type": "Feature",
      "id": "overture:98aa2a12-0833-4343-a402-0665692b4385",
      "geometry": {
        "type": "Point",
        "coordinates": [
          -83.622456,
          42.973213
        ]
      },
      "properties": {
        "name": "Lucky D Ranch",
        "category": "Professional & Personal Services",
        "address": "4075 Howe Rd, Grand Blanc, MI 48439-7908",
        "phone": "+18102875103"
      }
    },
    {
      "type": "Feature",
      "id": "overture:98b7970c-583c-419a-832a-1ccc8b5e752a",
      "geometry": {
        "type": "Point",
        "coordinates": [
          -83.603685229242,
          43.015228526266
        ]
      },
      "properties": {
        "name": "Honkytonk's",
        "category": "Dining",
        "address": "Roscommon Street, Burton, MI 48509"
      }
    },
    {
      "type": "Feature",
      "id": "overture:98d56b07-2a33-437b-9d9b-f43dfc38fd94",
      "geometry": {
        "type": "Point",
        "coordinates": [
          -83.601094,
          43.022668
        ]
      },
      "properties": {
        "name": "Jackson Hewitt Tax Service",
        "category": "Financial",
        "address": "5323 E. Court St. N, Burton, MI 48509",
        "phone": "8107363337",
        "website": "https://office.jacksonhewitt.com/tax-preparation-services-locations/en/mi/burton/5323-e-court-st-n/52273?utm_source=bing&utm_medium=local&utm_campaign=localmaps&utm_content=52273"
      }
    },
    {
      "type": "Feature",
      "id": "overture:994bfeea-b56a-48c2-9a51-ea511ae5fc66",
      "geometry": {
        "type": "Point",
        "coordinates": [
          -83.6329682789216,
          42.98982695895335
        ]
      },
      "properties": {
        "name": "Charlie's Smokin Bar Bq",
        "category": "Dining",
        "address": "4021 E Atherton Rd, Burton, MI 48519",
        "phone": "(810) 744-2228",
        "website": "http://www.charliessmokinbbq.com"
      }
    },
    {
      "type": "Feature",
      "id": "overture:99b4c574-c370-45c5-a091-a15ce20d8354",
      "geometry": {
        "type": "Point",
        "coordinates": [
          -83.6321919,
          42.9608395
        ]
      },
      "properties": {
        "name": "Eknoor Property LLC",
        "category": "Automotive",
        "address": "4507 South Center Road, Burton, MI 48519"
      }
    },
    {
      "type": "Feature",
      "id": "overture:99fb0299-15cc-41e0-87fc-d83a268a5ae9",
      "geometry": {
        "type": "Point",
        "coordinates": [
          -83.68983562,
          42.97476003
        ]
      },
      "properties": {
        "name": "Double Dragon Tang Soo Do",
        "category": "Arts & Entertainment",
        "address": "1067 E Bristol Rd, Burton, MI 48529-1126",
        "phone": "+18108209663",
        "website": "http://www.ddtsda.com/"
      }
    },
    {
      "type": "Feature",
      "id": "overture:9a1b6f89-eabe-4a79-86bb-a4ca3d90ae01",
      "geometry": {
        "type": "Point",
        "coordinates": [
          -83.6335997,
          42.9798139
        ]
      },
      "properties": {
        "name": "Center Road Eye Institute",
        "category": "Professional & Personal Services",
        "address": "3364 S Center Rd, Burton, MI 48519",
        "phone": "8107433937",
        "website": "http://centerroadeye.com/"
      }
    },
    {
      "type": "Feature",
      "id": "overture:9a29bee2-1067-43d3-b7cf-40db5c39ef5c",
      "geometry": {
        "type": "Point",
        "coordinates": [
          -83.59954341277283,
          43.02539294587288
        ]
      },
      "properties": {
        "name": "STRIDA Hockey",
        "category": "Arts & Entertainment",
        "address": "5371 Daly Farms Dr, Burton, MI 48509",
        "phone": "(810) 569-4727",
        "website": "http://stridahockey.com"
      }
    },
    {
      "type": "Feature",
      "id": "overture:9a2a9c4c-85bd-4a04-a02b-914211749827",
      "geometry": {
        "type": "Point",
        "coordinates": [
          -83.626255,
          43.019254
        ]
      },
      "properties": {
        "name": "Home Services at The Home Depot",
        "category": "Retail & Shopping",
        "address": "4245 E Court St, Burton, MI 48509",
        "phone": "8444762140",
        "website": "https://www.homedepot.com/l/Burton/MI/Burton/48509/2717/services?emt=HSGMBGoogleMaps"
      }
    },
    {
      "type": "Feature",
      "id": "overture:9b15f143-3101-4dfd-bef3-430e640506f5",
      "geometry": {
        "type": "Point",
        "coordinates": [
          -83.63432104,
          42.99178021
        ]
      },
      "properties": {
        "name": "Dairy Queen",
        "category": "Dining",
        "address": "2444 S Center Rd, Burton, MI 48519-1152",
        "phone": "+18107423250",
        "website": "http://www.dairyqueen.com/"
      }
    },
    {
      "type": "Feature",
      "id": "overture:9b27b2f1-92c3-45f6-96d8-f5f246652d1e",
      "geometry": {
        "type": "Point",
        "coordinates": [
          -83.63318417,
          43.00961151
        ]
      },
      "properties": {
        "name": "Our Risen Lord Lutheran Church",
        "category": "Faith",
        "address": "4040 Lapeer Rd, Burton, MI 48509-1708",
        "phone": "+18107423780",
        "website": "https://llcraftingboutique.square.site/shop/our-risen-lord-lutheran-church/4H7RCCWYNOXDYJCTCRI5VUJB?page=1&limit=30&sort_by=category_order&sort_order=asc"
      }
    },
    {
      "type": "Feature",
      "id": "overture:9b2efa6b-8839-440e-addb-6e70cb25b71a",
      "geometry": {
        "type": "Point",
        "coordinates": [
          -83.59387742,
          42.99044895
        ]
      },
      "properties": {
        "name": "Captain's Quarters Lounge",
        "category": "Dining",
        "address": "6011 E Atherton Rd, Burton, MI 48519-1601",
        "phone": "+18107438450",
        "website": "https://www.captainsquarterslounge.com/amenities/"
      }
    },
    {
      "type": "Feature",
      "id": "overture:9b5e0001-2eb2-4cb1-be43-e668a12b139d",
      "geometry": {
        "type": "Point",
        "coordinates": [
          -83.65277642,
          42.97571342
        ]
      },
      "properties": {
        "name": "Big Coop's Trucking",
        "category": "Professional & Personal Services",
        "address": "G3481 S Dort Hwy, Burton, MI 48529-1417",
        "phone": "+18102657848"
      }
    },
    {
      "type": "Feature",
      "id": "overture:9ba6bc98-603e-405a-830a-a58e052a418f",
      "geometry": {
        "type": "Point",
        "coordinates": [
          -83.6340116227285,
          43.007381725992424
        ]
      },
      "properties": {
        "name": "greater flint imaging center",
        "category": "Health & Medical",
        "address": "4001 Walli Strasse Dr, Burton, MI 48509",
        "phone": "(810) 742-4022",
        "website": "http://greaterflintimaging.com"
      }
    },
    {
      "type": "Feature",
      "id": "overture:9bacfa31-5365-4441-a374-260acbef11b1",
      "geometry": {
        "type": "Point",
        "coordinates": [
          -83.633959293365,
          43.012194497325
        ]
      },
      "properties": {
        "name": "Flint Women's Aglow",
        "category": "Faith",
        "address": "1225 S Center Rd, Burton, MI 48509-1723",
        "website": "http://www.aglow.org/"
      }
    },
    {
      "type": "Feature",
      "id": "overture:9c0621e5-163f-4cc8-9025-4cea9eb9d427",
      "geometry": {
        "type": "Point",
        "coordinates": [
          -83.634396,
          42.994229
        ]
      },
      "properties": {
        "name": "At&t Store",
        "category": "Retail & Shopping",
        "address": "2350 S Center Rd, Burton, MI 48519-1165",
        "phone": "18107433151",
        "website": "https://www.att.com"
      }
    },
    {
      "type": "Feature",
      "id": "overture:9c10a413-674e-4de6-8ee1-2d3137220d04",
      "geometry": {
        "type": "Point",
        "coordinates": [
          -83.628315,
          43.0206843
        ]
      },
      "properties": {
        "name": "Sprint Store",
        "category": "Retail & Shopping",
        "address": "4163 E Ct, Burton, MI 48509",
        "phone": "8107436479"
      }
    },
    {
      "type": "Feature",
      "id": "overture:9c92813a-fe33-408c-a3af-647d86443088",
      "geometry": {
        "type": "Point",
        "coordinates": [
          -83.61447369,
          43.01899861
        ]
      },
      "properties": {
        "name": "Exquizit beauty bar",
        "category": "Professional & Personal Services",
        "address": "4545 E Court St, Burton, MI 48509",
        "phone": "+18104476526",
        "website": "https://exquizitllc.com"
      }
    },
    {
      "type": "Feature",
      "id": "overture:9c9903d3-b250-4f5d-86e3-0bb2503e406d",
      "geometry": {
        "type": "Point",
        "coordinates": [
          -83.6546053,
          42.967678
        ]
      },
      "properties": {
        "name": "Mersino Water Solutions",
        "category": "Professional & Personal Services",
        "address": "2475 E Judd Rd, Burton, MI 48529",
        "phone": "8106583472",
        "website": "http://mersino.com/"
      }
    },
    {
      "type": "Feature",
      "id": "overture:9ca05b5e-3a14-48fc-b981-cf069ee4b90b",
      "geometry": {
        "type": "Point",
        "coordinates": [
          -83.672235,
          42.970601
        ]
      },
      "properties": {
        "name": "Bitcoin Depot",
        "category": "Financial",
        "address": "G4330 Saginaw St, Burton, MI 48529",
        "website": "https://branches.bitcoindepot.com/mi/burton/bitcoin-atm/9000754823"
      }
    },
    {
      "type": "Feature",
      "id": "overture:9cbfc8b8-9d75-4e50-a030-31669d0aa0a8",
      "geometry": {
        "type": "Point",
        "coordinates": [
          -83.60827933,
          43.02143466
        ]
      },
      "properties": {
        "name": "Dr. Ryan K. Rawlings",
        "category": "Health & Medical",
        "address": "1200 Creekwood Trl, Burton, MI 48509-1565",
        "phone": "+18107431774"
      }
    },
    {
      "type": "Feature",
      "id": "overture:9cc2c5f6-ba13-4646-b252-6bd09811c5c1",
      "geometry": {
        "type": "Point",
        "coordinates": [
          -83.6329011413838,
          43.00352168745962
        ]
      },
      "properties": {
        "name": "Atherton United Methodist Church",
        "category": "Faith",
        "address": "4010 Lippincott Blvd, Burton, MI 48519",
        "phone": "(810) 742-5644",
        "website": "http://athertonumc.com"
      }
    },
    {
      "type": "Feature",
      "id": "overture:9ce1e29b-6a72-4e59-922c-133efcec7b0a",
      "geometry": {
        "type": "Point",
        "coordinates": [
          -83.62906548,
          43.02082956
        ]
      },
      "properties": {
        "name": "Harbor Freight",
        "category": "Retail & Shopping",
        "address": "4151 E Court St, Burton, MI 48509-1717",
        "phone": "+18107776869",
        "website": "https://www.harborfreight.com/storelocator/4151-e-court-street-burton-48509?number=3571"
      }
    },
    {
      "type": "Feature",
      "id": "overture:9cf46ad2-ba01-4577-8bb5-44020757da29",
      "geometry": {
        "type": "Point",
        "coordinates": [
          -83.60086,
          43.021861
        ]
      },
      "properties": {
        "name": "Subway",
        "category": "Dining",
        "address": "5323 E Court St N, Burton, MI 48509-1539",
        "phone": "18107422062",
        "website": "https://www.subway.com"
      }
    },
    {
      "type": "Feature",
      "id": "overture:9d1bb2f6-ca79-4dd4-b727-af7062c1589a",
      "geometry": {
        "type": "Point",
        "coordinates": [
          -83.595521,
          43.026589
        ]
      },
      "properties": {
        "name": "Mr. Transmission Milex Flint",
        "category": "Professional & Personal Services",
        "address": "1268 N Belsay Rd, Burton, MI 48509",
        "phone": "8102396060",
        "website": "http://flintmrtmilex.com/"
      }
    },
    {
      "type": "Feature",
      "id": "overture:9d25cc63-cc13-40ba-9d57-c521877aa09c",
      "geometry": {
        "type": "Point",
        "coordinates": [
          -83.62238855,
          42.97424092
        ]
      },
      "properties": {
        "name": "Grand Blanc Moose Lodge 2344",
        "category": "Community Services",
        "address": "4043 Howe Rd, Grand Blanc, MI 48439-7908",
        "phone": "+18107449550",
        "website": "http://www.mooseintl.org/"
      }
    },
    {
      "type": "Feature",
      "id": "overture:9d3e9949-d57a-437c-b688-f5db5676d224",
      "geometry": {
        "type": "Point",
        "coordinates": [
          -83.630994,
          43.005865
        ]
      },
      "properties": {
        "name": "Trialon Corporation",
        "category": "Professional & Personal Services",
        "address": "1477 Walli Strasse Dr, Burton, MI 48509-1798",
        "phone": "+18107428500",
        "website": "http://www.trialon.com/"
      }
    },
    {
      "type": "Feature",
      "id": "overture:9dcfdd77-02e3-4067-a17d-e0e39e7401fa",
      "geometry": {
        "type": "Point",
        "coordinates": [
          -83.614567,
          43.01888029
        ]
      },
      "properties": {
        "name": "Hair Cutz",
        "category": "Professional & Personal Services",
        "address": "5005 E Court St N, Burton, MI 48509-1542",
        "phone": "+18107444744",
        "website": "https://www.computersolutionsetc.com"
      }
    },
    {
      "type": "Feature",
      "id": "overture:9dd23b7d-0712-43a1-a26c-bdee8190c229",
      "geometry": {
        "type": "Point",
        "coordinates": [
          -83.60353,
          43.008995
        ]
      },
      "properties": {
        "name": "Michigan Drain &Sewer",
        "category": "Professional & Personal Services",
        "address": "1363 Audrey St, Burton, MI 48509",
        "phone": "8105192005",
        "website": "http://www.misewer.com/"
      }
    },
    {
      "type": "Feature",
      "id": "overture:9deeb843-1fec-412a-a8ba-93fd15951dfc",
      "geometry": {
        "type": "Point",
        "coordinates": [
          -83.62945334,
          43.03334092
        ]
      },
      "properties": {
        "name": "Brothers Brunch House",
        "category": "Dining",
        "address": "4145 Davison Rd, Burton, MI 48509-1403",
        "phone": "+18104470333",
        "website": "https://www.brothersbrunchhouse.com/"
      }
    },
    {
      "type": "Feature",
      "id": "overture:9e0e840a-8b1f-46bc-897c-909b6931c2ef",
      "geometry": {
        "type": "Point",
        "coordinates": [
          -83.63463521003723,
          42.99100145257986
        ]
      },
      "properties": {
        "name": "Miracle-Ear Hearing Aid Center",
        "category": "Professional & Personal Services",
        "address": "2464 S. Center Rd, Burton, MI 48519",
        "phone": "8105533490",
        "website": "https://www.miracle-ear.com/stores-near-me/hearing-aids-burton-mi/miracle-ear-hearing-aid-center-s-center-rd-s10965?mci=USORGG03UCTZA00"
      }
    },
    {
      "type": "Feature",
      "id": "overture:9e4553cc-5253-4feb-8a1d-3c2935b23227",
      "geometry": {
        "type": "Point",
        "coordinates": [
          -83.59791,
          43.02397202
        ]
      },
      "properties": {
        "name": "Q Space Storage",
        "category": "Professional & Personal Services",
        "address": "1145 N Belsay Rd, Burton, MI 48509",
        "phone": "(810) 360-2904",
        "website": "https://coppersafestorage.com/storage-locations/mi/burton/1145-belsay-rd"
      }
    },
    {
      "type": "Feature",
      "id": "overture:9e45e592-8b8c-40eb-a0ba-62541b1d2be6",
      "geometry": {
        "type": "Point",
        "coordinates": [
          -83.63071091,
          42.96594238
        ]
      },
      "properties": {
        "name": "Flag Park Veterans Memorial",
        "category": "Parks & Recreation",
        "address": "Burton, MI 48519",
        "phone": "+18107431500"
      }
    },
    {
      "type": "Feature",
      "id": "overture:9ec94ed8-e555-4235-a447-0b1433c8236b",
      "geometry": {
        "type": "Point",
        "coordinates": [
          -83.66241681,
          42.97034737
        ]
      },
      "properties": {
        "name": "Forstners' Carpentry",
        "category": "Professional & Personal Services",
        "address": "2271 E Buder Ave, Burton, MI 48529-1775",
        "phone": "+12484599965",
        "website": "https://www.forstnerscarpentry.com/"
      }
    },
    {
      "type": "Feature",
      "id": "overture:9f2a4d91-b5c2-4aca-879a-3dc76d49c153",
      "geometry": {
        "type": "Point",
        "coordinates": [
          -83.5955309648698,
          43.00995875636798
        ]
      },
      "properties": {
        "name": "Burton Fire Dept Station 2",
        "category": "Professional & Personal Services",
        "address": "1300-1352 S Belsay Rd, Burton, MI 48509",
        "phone": "(810) 742-2158",
        "website": "http://burtonfire.org/default.aspx"
      }
    },
    {
      "type": "Feature",
      "id": "overture:9fd0061c-972c-42c7-b010-5c49c6d84190",
      "geometry": {
        "type": "Point",
        "coordinates": [
          -83.679345,
          42.9736848
        ]
      },
      "properties": {
        "name": "Zoom Tan - Tanning Salon",
        "category": "Professional & Personal Services",
        "address": "1354 E Bristol Rd, Burton, MI 48529",
        "phone": "8107429600",
        "website": "https://www.zoomtan.com/tanning-salon-locations/michigan-mi-burton-48529/312"
      }
    },
    {
      "type": "Feature",
      "id": "overture:a018686c-4200-42cb-a320-be192c38064d",
      "geometry": {
        "type": "Point",
        "coordinates": [
          -83.627012,
          43.01869555
        ]
      },
      "properties": {
        "name": "Viking Sewing Gallery Burton MI",
        "category": "Retail & Shopping",
        "address": "G-4220 E Court St Unit 101, Burton, MI 48509",
        "phone": "8107437232",
        "website": "http://www.vikingsewinggallery.com/?locations=643"
      }
    },
    {
      "type": "Feature",
      "id": "overture:a0938676-c379-4bfa-a8d5-878ee662c57f",
      "geometry": {
        "type": "Point",
        "coordinates": [
          -83.6328086,
          42.9615892
        ]
      },
      "properties": {
        "name": "Good's Roofing",
        "category": "Professional & Personal Services",
        "address": "4477 S Center Rd, Burton, MI 48519",
        "phone": "8106537663",
        "website": "https://goodsroofing.com/"
      }
    },
    {
      "type": "Feature",
      "id": "overture:a0a8903d-6dff-42fb-9ff2-254c86d42681",
      "geometry": {
        "type": "Point",
        "coordinates": [
          -83.621035,
          43.033396
        ]
      },
      "properties": {
        "name": "Birka Law",
        "category": "Professional & Personal Services",
        "address": "4381 Davison Rd, Burton, MI 48509-1452",
        "phone": "+18109084547",
        "website": "https://birkalaw.us"
      }
    },
    {
      "type": "Feature",
      "id": "overture:a0bec86c-9c9b-4541-89de-8c82d202b0df",
      "geometry": {
        "type": "Point",
        "coordinates": [
          -83.65279725777657,
          42.98852400442531
        ]
      },
      "properties": {
        "name": "Indoor Grow Store Igs",
        "category": "Professional & Personal Services",
        "address": "dort hwy, Burton, MI 48529",
        "phone": "(810) 228-3962",
        "website": "http://mytrimmer.com"
      }
    },
    {
      "type": "Feature",
      "id": "overture:a0f3851a-dc03-4bf8-9911-df731595ef0a",
      "geometry": {
        "type": "Point",
        "coordinates": [
          -83.60044,
          43.01021
        ]
      },
      "properties": {
        "name": "Foust Contracting LLC",
        "category": "Professional & Personal Services",
        "address": "1317 McEwen Ave, Burton, MI 48509",
        "phone": "8102103422"
      }
    },
    {
      "type": "Feature",
      "id": "overture:a1139526-9a37-427a-9d7d-2393d11d0c38",
      "geometry": {
        "type": "Point",
        "coordinates": [
          -83.64002596,
          42.97262201
        ]
      },
      "properties": {
        "name": "Banana 101.5",
        "category": "Professional & Personal Services",
        "address": "3338 E Bristol Rd, Burton, MI 48529-1408",
        "phone": "+18102391015",
        "website": "http://banana1015.com/"
      }
    },
    {
      "type": "Feature",
      "id": "overture:a13b361f-b311-4c4d-8dd7-020490307216",
      "geometry": {
        "type": "Point",
        "coordinates": [
          -83.63388546476081,
          43.025069625398224
        ]
      },
      "properties": {
        "name": "Magoo's Pet Outlet",
        "category": "Retail & Shopping",
        "address": "4190 E Court St, Burton, MI 48509",
        "phone": "(810) 742-8760",
        "website": "http://www.magoosoutlet.com"
      }
    },
    {
      "type": "Feature",
      "id": "overture:a1785169-c3bd-4229-a04c-c51c846539a4",
      "geometry": {
        "type": "Point",
        "coordinates": [
          -83.63402886488204,
          43.009287308257576
        ]
      },
      "properties": {
        "name": "Walli's Restaurant",
        "category": "Dining",
        "address": "1341 S Center Rd, Burton, MI 48509",
        "phone": "(810) 743-9600",
        "website": "http://www.super8.com"
      }
    },
    {
      "type": "Feature",
      "id": "overture:a1d1af06-8101-4d46-b88b-47e0f787cd4c",
      "geometry": {
        "type": "Point",
        "coordinates": [
          -83.6479653,
          42.9816454
        ]
      },
      "properties": {
        "name": "BNB Welding",
        "category": "Professional & Personal Services",
        "address": "3140 Hemphill Rd, Burton, MI 48529",
        "phone": "8108201508",
        "website": "https://bnbwelding.com/"
      }
    },
    {
      "type": "Feature",
      "id": "overture:a1e5ec48-9b39-4603-a98d-fa83bcfb783b",
      "geometry": {
        "type": "Point",
        "coordinates": [
          -83.673916,
          42.979238
        ]
      },
      "properties": {
        "name": "Joan's Attic",
        "category": "Retail & Shopping",
        "address": "G3358 S Saginaw St, Burton, MI 48529-1236",
        "phone": "18107013659",
        "website": "https://joans-attic.edan.io"
      }
    },
    {
      "type": "Feature",
      "id": "overture:a1fb827c-f106-4c9a-84ff-f3d4e83ff3e4",
      "geometry": {
        "type": "Point",
        "coordinates": [
          -83.68446276,
          42.97006268
        ]
      },
      "properties": {
        "name": "Green Briar Community",
        "category": "Professional & Personal Services",
        "address": "4070 Green Briar Blvd, Burton, MI 48529-2232",
        "phone": "+18105804044",
        "website": "https://www.greenbriarcommunity.com/"
      }
    },
    {
      "type": "Feature",
      "id": "overture:a1fbd9c6-6531-497c-b407-172dee084baa",
      "geometry": {
        "type": "Point",
        "coordinates": [
          -83.57604367,
          43.02403267
        ]
      },
      "properties": {
        "name": "Cardinal Residential Cleaning Services",
        "category": "Professional & Personal Services",
        "address": "6595 Lundy Ct, Burton, MI 48509-9321",
        "phone": "+18106140874"
      }
    },
    {
      "type": "Feature",
      "id": "overture:a3020522-c10e-4ea5-8a27-d881895efabd",
      "geometry": {
        "type": "Point",
        "coordinates": [
          -83.63085014622406,
          43.017902832649234
        ]
      },
      "properties": {
        "name": "Old Country Buffet",
        "category": "Dining",
        "address": "4190 E Court St, Burton, MI 48509",
        "phone": "(810) 743-1811",
        "website": "http://locations.buffet.com/va/woodbridge/0211/"
      }
    },
    {
      "type": "Feature",
      "id": "overture:a36e2c19-1d0d-4255-8c98-569fb62435f0",
      "geometry": {
        "type": "Point",
        "coordinates": [
          -83.60897,
          43.01993
        ]
      },
      "properties": {
        "name": "Sovita Credit Union",
        "category": "Financial",
        "address": "5399 E Court St N, Burton, MI 48509",
        "phone": "8107208300",
        "website": "http://www.sovitacu.org/"
      }
    },
    {
      "type": "Feature",
      "id": "overture:a388c76a-68f5-4cc6-9f32-89531e2a40d9",
      "geometry": {
        "type": "Point",
        "coordinates": [
          -83.66166074,
          42.97224201
        ]
      },
      "properties": {
        "name": "Tiger Football Club",
        "category": "Professional & Personal Services",
        "address": "2294 E Bristol Rd, Burton, MI 48529-1371",
        "phone": "+18106209098",
        "website": "http://www.tigerfootballclub.godaddysites.com"
      }
    },
    {
      "type": "Feature",
      "id": "overture:a388f99e-776b-45a3-baac-034caeb57024",
      "geometry": {
        "type": "Point",
        "coordinates": [
          -83.57789951,
          42.96592404
        ]
      },
      "properties": {
        "name": "Little Ducklings Family Daycare",
        "category": "Education",
        "address": "6422 Wagner Ave, Grand Blanc, MI 48439-9115",
        "phone": "+12484671604"
      }
    },
    {
      "type": "Feature",
      "id": "overture:a3be7956-63ec-437c-b0b8-53dbf536117b",
      "geometry": {
        "type": "Point",
        "coordinates": [
          -83.65018004,
          42.98054561
        ]
      },
      "properties": {
        "name": "Pro-Tech Machine",
        "category": "Professional & Personal Services",
        "address": "3085 Joyce St, Burton, MI 48529-1421",
        "phone": "+18107431854",
        "website": "http://protechmachine.net/"
      }
    },
    {
      "type": "Feature",
      "id": "overture:a3c340b9-b144-4bf7-8379-6ebf6dc2938f",
      "geometry": {
        "type": "Point",
        "coordinates": [
          -83.61498253,
          43.02479118
        ]
      },
      "properties": {
        "name": "Steve's Plumbing and Heating",
        "category": "Professional & Personal Services",
        "address": "1212 N Genesee Rd, Burton, MI 48509-1437",
        "phone": "+18107424270",
        "website": "http://stevesphc.com/"
      }
    },
    {
      "type": "Feature",
      "id": "overture:a43fa498-ede6-4225-9a6e-32c8acf0a8ac",
      "geometry": {
        "type": "Point",
        "coordinates": [
          -83.5939517156996,
          42.99036913043212
        ]
      },
      "properties": {
        "name": "Burtucky Days",
        "category": "Dining",
        "address": "6011 E Atherton Rd, Burton, MI 48519-1601",
        "phone": "+18107438450"
      }
    },
    {
      "type": "Feature",
      "id": "overture:a45c353b-9209-4c79-8215-063191ca36cb",
      "geometry": {
        "type": "Point",
        "coordinates": [
          -83.6275,
          43.01871
        ]
      },
      "properties": {
        "name": "Burlington",
        "category": "Retail & Shopping",
        "address": "4153 E Ct St, Burton, MI 48509",
        "phone": "8108808265",
        "website": "https://stores.burlington.com/mi/burton/1708/"
      }
    },
    {
      "type": "Feature",
      "id": "overture:a46ccf9a-cc0e-4374-86cf-a97a4e57293b",
      "geometry": {
        "type": "Point",
        "coordinates": [
          -83.63271198,
          42.97426023
        ]
      },
      "properties": {
        "name": "Hitektint",
        "category": "Professional & Personal Services",
        "address": "4023 S Center Rd, Burton, MI 48519-1453",
        "phone": "+12488950831"
      }
    },
    {
      "type": "Feature",
      "id": "overture:a479c332-997d-4367-a454-436b484de038",
      "geometry": {
        "type": "Point",
        "coordinates": [
          -83.6755195,
          42.9780172
        ]
      },
      "properties": {
        "name": "Innate Doula Services with Erica",
        "category": "Professional & Personal Services",
        "address": "1465 Carman St, Burton, MI 48529",
        "phone": "8104077070",
        "website": "http://www.innate-doula-services.com/"
      }
    },
    {
      "type": "Feature",
      "id": "overture:a4d57004-7010-486c-9d17-c94aa749aab6",
      "geometry": {
        "type": "Point",
        "coordinates": [
          -83.63378979,
          43.0124152
        ]
      },
      "properties": {
        "name": "Professional Hearing Clinic",
        "category": "Health & Medical",
        "address": "1235 S Center Rd, Burton, MI 48509-1700",
        "phone": "+18107449000",
        "website": "http://professionalhearingclinic.com/"
      }
    },
    {
      "type": "Feature",
      "id": "overture:a4fba29f-f3e9-4fe8-8c2e-48983eb3c0a3",
      "geometry": {
        "type": "Point",
        "coordinates": [
          -83.69229033002708,
          42.975044152264104
        ]
      },
      "properties": {
        "name": "Rightway Automotive",
        "category": "Automotive",
        "address": "3493 Fenton Rd, Flint, MI 48507",
        "phone": "(810) 239-4392",
        "website": "http://www.rightway.com"
      }
    },
    {
      "type": "Feature",
      "id": "overture:a50bbf92-1ea1-4ca2-bd03-2fbe809f664b",
      "geometry": {
        "type": "Point",
        "coordinates": [
          -83.63436235,
          43.01192829
        ]
      },
      "properties": {
        "name": "FLEX High Michigan",
        "category": "Education",
        "address": "1245 S Center Rd, Burton, MI 48509-1723",
        "phone": "+18106528273"
      }
    },
    {
      "type": "Feature",
      "id": "overture:a528d91f-92a1-46cb-9b98-a4136e4c367c",
      "geometry": {
        "type": "Point",
        "coordinates": [
          -83.64299889,
          42.98964622
        ]
      },
      "properties": {
        "name": "Divine Grace Ministries Church",
        "category": "Faith",
        "address": "3301 E Atherton Rd, Burton, MI 48529-1007",
        "phone": "+18107150012",
        "website": "http://www.divinegraceministries.org/"
      }
    },
    {
      "type": "Feature",
      "id": "overture:a54cc2ff-6e66-4eab-adf4-d84c190fd3a5",
      "geometry": {
        "type": "Point",
        "coordinates": [
          -83.63353731,
          43.00071839
        ]
      },
      "properties": {
        "name": "Lagarda Security",
        "category": "Professional & Personal Services",
        "address": "2123 S Center Rd, Burton, MI 48519-1153",
        "phone": "+18107428189",
        "website": "http://lagardasecurity.net"
      }
    },
    {
      "type": "Feature",
      "id": "overture:a58f37b0-2854-4c25-8e7f-046cbaada756",
      "geometry": {
        "type": "Point",
        "coordinates": [
          -83.673492431641,
          42.97625885776
        ]
      },
      "properties": {
        "name": "Auto Detail Express",
        "category": "Automotive",
        "address": "G3460 S Saginaw St, Burton, MI 48529-1222",
        "phone": "+18107423630",
        "website": "http://deltatireusa.net/"
      }
    },
    {
      "type": "Feature",
      "id": "overture:a599c4f4-a130-4971-b748-3263487a7fe7",
      "geometry": {
        "type": "Point",
        "coordinates": [
          -83.69242,
          42.95976
        ]
      },
      "properties": {
        "name": "The Hair Shop",
        "category": "Professional & Personal Services",
        "address": "4517 Fenton Rd, Flint, MI 48507-2454",
        "phone": "+18102381122"
      }
    },
    {
      "type": "Feature",
      "id": "overture:a5e8eb6d-c6a1-406d-909d-a19bbe87892c",
      "geometry": {
        "type": "Point",
        "coordinates": [
          -83.69199,
          42.960891436465
        ]
      },
      "properties": {
        "name": "NailsBy_Marion",
        "category": "Professional & Personal Services",
        "address": "Burton, MI"
      }
    },
    {
      "type": "Feature",
      "id": "overture:a617bfbf-df7d-444f-87c2-3a38f027db2e",
      "geometry": {
        "type": "Point",
        "coordinates": [
          -83.6758,
          42.9742
        ]
      },
      "properties": {
        "name": "7-ELEVEN/SPEEDWAY #44483",
        "category": "Financial",
        "address": "1466 East Bristol Road, Burton, MI 48529",
        "website": "https://location.westernunion.com/us/mi/burton/4ca95c6a249eed5d079535c33c174077"
      }
    },
    {
      "type": "Feature",
      "id": "overture:a6b62caa-d825-4a10-8409-88baa00eb8bc",
      "geometry": {
        "type": "Point",
        "coordinates": [
          -83.6808700561523,
          42.9703216552734
        ]
      },
      "properties": {
        "name": "Mid-States Bolt&Screw Company",
        "category": "Professional & Personal Services",
        "address": "4126 Somers Dr, Burton, MI 48529",
        "phone": "8004820867",
        "website": "https://www.midstatesbolt.com/"
      }
    },
    {
      "type": "Feature",
      "id": "overture:a74a4d0c-f9a6-4e41-90ae-b9b55049c7f3",
      "geometry": {
        "type": "Point",
        "coordinates": [
          -83.57800486,
          42.99044897
        ]
      },
      "properties": {
        "name": "Decamp's Spotlight School of Dance",
        "category": "Education",
        "address": "6435 E Atherton Rd, Burton, MI 48519-1600",
        "phone": "+18107427414",
        "website": "http://www.spotlightschoolofdance.blogspot.com/"
      }
    },
    {
      "type": "Feature",
      "id": "overture:a754a449-e561-42d8-91eb-e96508da3bc8",
      "geometry": {
        "type": "Point",
        "coordinates": [
          -83.67286464014735,
          42.978833459098624
        ]
      },
      "properties": {
        "name": "Hamilton Community Health Network",
        "category": "Health & Medical",
        "address": "3375 S Saginaw Street, Burton, MI 48529",
        "phone": "(810) 742-7224",
        "website": "http://www.hamiltonchn.org"
      }
    },
    {
      "type": "Feature",
      "id": "overture:a7aae8b5-cd9c-435f-a65a-335cc266f3ac",
      "geometry": {
        "type": "Point",
        "coordinates": [
          -83.6163042,
          42.9964922
        ]
      },
      "properties": {
        "name": "Pro Star Exteriors",
        "category": "Professional & Personal Services",
        "address": "2284 Meadowlane Ct, Burton, MI 48519",
        "phone": "8102237242",
        "website": "http://theexteriorprofessionals.com/"
      }
    },
    {
      "type": "Feature",
      "id": "overture:a809c64e-2809-44f5-819d-fb97fdc540a8",
      "geometry": {
        "type": "Point",
        "coordinates": [
          -83.668479,
          42.960365
        ]
      },
      "properties": {
        "name": "Maple Point",
        "category": "Dining",
        "address": "G4532 S Saginaw St, Burton, MI 48529-2067",
        "phone": "+18102592311"
      }
    },
    {
      "type": "Feature",
      "id": "overture:a8109510-5d0d-4432-8c6c-b62eee5cd27f",
      "geometry": {
        "type": "Point",
        "coordinates": [
          -83.673546,
          42.97781
        ]
      },
      "properties": {
        "name": "A Perfect Pool",
        "category": "Professional & Personal Services",
        "address": "G3414 S Saginaw St, Burton, MI 48529",
        "phone": "(810) 853-8417",
        "website": "http://www.aperfectpool.net"
      }
    },
    {
      "type": "Feature",
      "id": "overture:a842b21d-45e6-44b8-bfd3-dd9d03d24758",
      "geometry": {
        "type": "Point",
        "coordinates": [
          -83.6515379,
          42.9819509
        ]
      },
      "properties": {
        "name": "Alta Equipment Company",
        "category": "Retail & Shopping",
        "address": "3283 S Dort Hwy, Burton, MI 48529",
        "phone": "8107444840",
        "website": "http://construction.altaequipment.com/"
      }
    },
    {
      "type": "Feature",
      "id": "overture:a952e7bc-198b-49ea-9f05-19f3ba048731",
      "geometry": {
        "type": "Point",
        "coordinates": [
          -83.59585275,
          43.0161103
        ]
      },
      "properties": {
        "name": "Paul H. Karr Jr MD",
        "category": "Health & Medical",
        "address": "1096 S Belsay Rd, Burton, MI 48509-1948",
        "phone": "+18107426100"
      }
    },
    {
      "type": "Feature",
      "id": "overture:aa465cc4-953e-4eaf-88b9-565d4dc81c10",
      "geometry": {
        "type": "Point",
        "coordinates": [
          -83.6362526,
          42.99296497
        ]
      },
      "properties": {
        "name": "Vern Van Y. School",
        "category": "Education",
        "address": "2400 Clarice Ave, Burton, MI 48519-1011",
        "phone": "+18105910850",
        "website": "https://www.athertonschools.org/District/1154-Contacts.html"
      }
    },
    {
      "type": "Feature",
      "id": "overture:aa6d1cbb-e87c-4817-9f11-baef3db81902",
      "geometry": {
        "type": "Point",
        "coordinates": [
          -83.6344,
          43.0186
        ]
      },
      "properties": {
        "name": "7-ELEVEN/SPEEDWAY #44263",
        "category": "Financial",
        "address": "1001 South Center Road, Burton, MI 48509",
        "website": "https://location.westernunion.com/us/mi/burton/e0e4a4656ff572d2a04c14957d3b86e6"
      }
    },
    {
      "type": "Feature",
      "id": "overture:aa72a79d-8cbc-4782-b5aa-69c6b4eb9e98",
      "geometry": {
        "type": "Point",
        "coordinates": [
          -83.595221,
          43.00404447
        ]
      },
      "properties": {
        "name": "Good Shepherd Lutheran Church",
        "category": "Faith",
        "address": "5496 Lippincott Blvd, Burton, MI 48519-1250",
        "phone": "+18107429499",
        "website": "http://goodshepherdlutheranchurch.com/"
      }
    },
    {
      "type": "Feature",
      "id": "overture:aa9475e1-7768-4ee3-b965-9e1bc8fc947d",
      "geometry": {
        "type": "Point",
        "coordinates": [
          -83.67886362,
          42.97451548
        ]
      },
      "properties": {
        "name": "Computer Junkies",
        "category": "Professional & Personal Services",
        "address": "1371 E Bristol Rd, Burton, MI 48529-2283",
        "phone": "+18104714266",
        "website": "http://www.computerjunkies.com/"
      }
    },
    {
      "type": "Feature",
      "id": "overture:aab04438-8348-441b-b734-2b16a4f0d075",
      "geometry": {
        "type": "Point",
        "coordinates": [
          -83.63395285,
          43.00495238
        ]
      },
      "properties": {
        "name": "Tabbaa And Basata Mds",
        "category": "Health & Medical",
        "address": "1501 S Center Rd, Burton, MI 48509-1731",
        "phone": "+18107423400",
        "website": "https://tabbaa-abdul-md.hub.biz/"
      }
    },
    {
      "type": "Feature",
      "id": "overture:aac00ccb-0b00-4732-ad02-1b28ba78b694",
      "geometry": {
        "type": "Point",
        "coordinates": [
          -83.66767473,
          42.97753012
        ]
      },
      "properties": {
        "name": "Bendle Public Schools Administration Office",
        "category": "Education",
        "address": "3420 Columbine Ave, Burton, MI 48529-1329",
        "phone": "+18105912501",
        "website": "http://www.bendleschools.org"
      }
    },
    {
      "type": "Feature",
      "id": "overture:aaf61d72-33da-4d88-a63d-0a06535d7c82",
      "geometry": {
        "type": "Point",
        "coordinates": [
          -83.6531474,
          42.9798231
        ]
      },
      "properties": {
        "name": "Stonewall Collision & Auto Paint",
        "category": "Automotive",
        "address": "G3345 South Dort Highway, Burton, MI 48529",
        "phone": "8104280587",
        "website": "https://stonewallcollision.com/locations/michigan/burton/"
      }
    },
    {
      "type": "Feature",
      "id": "overture:ab355da0-9cd0-42ea-88a9-c4cc03eae0ab",
      "geometry": {
        "type": "Point",
        "coordinates": [
          -83.5941,
          43.0109
        ]
      },
      "properties": {
        "name": "Rite Aid",
        "category": "Health & Medical",
        "address": "6026 Lapeer Rd, Burton, MI 48509",
        "phone": "8107423010",
        "website": "https://www.riteaid.com/store-details?storeNumber=4806"
      }
    },
    {
      "type": "Feature",
      "id": "overture:ab4928b7-7cfb-4aee-8efd-fb744dae4c58",
      "geometry": {
        "type": "Point",
        "coordinates": [
          -83.6111496,
          43.0332689
        ]
      },
      "properties": {
        "name": "Hair Cutz",
        "category": "Professional & Personal Services",
        "address": "5115 Davison Rd, Burton, MI 48509-15ND",
        "phone": "+18107449224"
      }
    },
    {
      "type": "Feature",
      "id": "overture:ab8c07b7-59d1-440f-81ed-5bbff94ccb37",
      "geometry": {
        "type": "Point",
        "coordinates": [
          -83.634606,
          43.031161
        ]
      },
      "properties": {
        "name": "Henry Ford Family Health Center - Burton",
        "category": "Professional & Personal Services",
        "address": "1460 N Center Rd, Burton, MI 48509",
        "phone": "8107154300",
        "website": "https://www.henryford.com/locations/family-health-center-burton?utm_campaign=website-link&utm_medium=organic&utm_source=local-listing"
      }
    },
    {
      "type": "Feature",
      "id": "overture:ab993a0c-8004-401f-997b-f3abffd04f5d",
      "geometry": {
        "type": "Point",
        "coordinates": [
          -83.63026525,
          43.03331353
        ]
      },
      "properties": {
        "name": "Tri County Equipment",
        "category": "Professional & Personal Services",
        "address": "4135 Davison Rd, Burton, MI 48509-1403",
        "phone": "+18107423364",
        "website": "https://tricountyequipment.net/"
      }
    },
    {
      "type": "Feature",
      "id": "overture:abb68a7d-5c67-4d98-99ca-85ddd352be27",
      "geometry": {
        "type": "Point",
        "coordinates": [
          -83.65319482,
          42.97503831
        ]
      },
      "properties": {
        "name": "US Family Restaurant",
        "category": "Dining",
        "address": "G3512 S Dort Hwy, Burton, MI 48529-1438",
        "phone": "+18107422020",
        "website": "https://usfamilyrestaurant.com/"
      }
    },
    {
      "type": "Feature",
      "id": "overture:ac843ad7-a07b-485d-bf11-90e596c043bc",
      "geometry": {
        "type": "Point",
        "coordinates": [
          -83.60132861143938,
          43.005689065308545
        ]
      },
      "properties": {
        "name": "Fridrich’s Construction",
        "category": "Retail & Shopping",
        "address": "1487 Denies Street, Burton, MI 48509",
        "phone": "(810) 955-0292",
        "website": "https://www.fridrichsconstruction.com"
      }
    },
    {
      "type": "Feature",
      "id": "overture:ac9de459-a379-4b1b-ab03-675ae99563fc",
      "geometry": {
        "type": "Point",
        "coordinates": [
          -83.6337272,
          42.9746026
        ]
      },
      "properties": {
        "name": "Blue Rhino Propane Exchange",
        "category": "Retail & Shopping",
        "address": "3514 E Bristol Rd, Burton, MI 48529",
        "phone": "8107436570",
        "website": "https://bluerhino.com/propane-finder?utm_source=bing&utm_medium=map&utm_campaign=vending_map&utm_content=74408"
      }
    },
    {
      "type": "Feature",
      "id": "overture:aca08619-3428-4db6-ab4a-bc10055a0a14",
      "geometry": {
        "type": "Point",
        "coordinates": [
          -83.63146281,
          43.00670636
        ]
      },
      "properties": {
        "name": "Commercial Graphics",
        "category": "Professional & Personal Services",
        "address": "1453 Walli Strasse Dr, Burton, MI 48509-1798",
        "phone": "+18107442102",
        "website": "http://commercialgraphicsofmi.com/"
      }
    },
    {
      "type": "Feature",
      "id": "overture:acbfc4d5-1233-4af0-8b82-8cb1116f8be8",
      "geometry": {
        "type": "Point",
        "coordinates": [
          -83.67177595,
          42.96736876
        ]
      },
      "properties": {
        "name": "Fenner's Barber Shop",
        "category": "Professional & Personal Services",
        "address": "G4259 S Saginaw St, Burton, MI 48529-1607",
        "phone": "+18107440921",
        "website": "http://fennersbarbershop.com/"
      }
    },
    {
      "type": "Feature",
      "id": "overture:acd0f4b3-45eb-4a55-bcbe-b9b00fd7252e",
      "geometry": {
        "type": "Point",
        "coordinates": [
          -83.6229090766569,
          43.00479738307995
        ]
      },
      "properties": {
        "name": "Harris Memorial Church Of God In Christ",
        "category": "Faith",
        "address": "4317 Lippincott Blvd, Burton, MI 48519",
        "phone": "(810) 743-5325",
        "website": "http://www.harrismemorialcogic.com"
      }
    },
    {
      "type": "Feature",
      "id": "overture:ace3e38a-c7b1-4d5e-8672-12dd4d81b928",
      "geometry": {
        "type": "Point",
        "coordinates": [
          -83.63403153,
          43.00458754
        ]
      },
      "properties": {
        "name": "Jihad M. Nadar, MD",
        "category": "Health & Medical",
        "address": "1513 S Center Rd, Burton, MI 48509-1728",
        "phone": "+18107425700"
      }
    },
    {
      "type": "Feature",
      "id": "overture:ad2038ac-df7c-41c6-9caf-799b0ac267d3",
      "geometry": {
        "type": "Point",
        "coordinates": [
          -83.620955194794,
          43.033180161851
        ]
      },
      "properties": {
        "name": "Signature 12 Salon",
        "category": "Professional & Personal Services",
        "address": "4385 Davison Rd, Burton, MI 48509-1452",
        "phone": "+18102109806"
      }
    },
    {
      "type": "Feature",
      "id": "overture:ad3d2eb1-a02f-4d1c-945c-8329c9781274",
      "geometry": {
        "type": "Point",
        "coordinates": [
          -83.5984716,
          43.0238774
        ]
      },
      "properties": {
        "name": "Sears",
        "category": "Retail & Shopping",
        "address": "G-1145 N Belsay Rd, Burton, MI 48509",
        "phone": "8107444800",
        "website": "http://www.sears.com/"
      }
    },
    {
      "type": "Feature",
      "id": "overture:ad6f37ab-8ccb-4d1f-a4d9-7f0bee19ef91",
      "geometry": {
        "type": "Point",
        "coordinates": [
          -83.6527464,
          42.96056876
        ]
      },
      "properties": {
        "name": "Denam Auto Brokers & Trailer Sales Inc.",
        "category": "Parks & Recreation",
        "address": "G4510 S Dort Hwy, Burton, MI 48529-1806",
        "phone": "+18102446100",
        "website": "http://www.denamauto.com/"
      }
    },
    {
      "type": "Feature",
      "id": "overture:ad8f09c0-9549-4a47-9994-fd3fef7f759f",
      "geometry": {
        "type": "Point",
        "coordinates": [
          -83.59651373,
          43.01082211
        ]
      },
      "properties": {
        "name": "Burton Advance Dental",
        "category": "Health & Medical",
        "address": "5492 Lapeer Rd, Burton, MI 48509-2235",
        "phone": "+18107426600",
        "website": "https://www.burtonadvancedentalmi.com/"
      }
    },
    {
      "type": "Feature",
      "id": "overture:adc8b656-e3a5-4bd2-b22c-205d03350c71",
      "geometry": {
        "type": "Point",
        "coordinates": [
          -83.62094704,
          43.03334785
        ]
      },
      "properties": {
        "name": "Karen Cooper Green",
        "category": "Professional & Personal Services",
        "address": "4381 Davison Rd, Burton, MI 48509-1452",
        "phone": "+18107152390",
        "website": "http://www.aprealtyinc.com/"
      }
    },
    {
      "type": "Feature",
      "id": "overture:addd0223-d15f-40c6-8bed-520ec2dd4f53",
      "geometry": {
        "type": "Point",
        "coordinates": [
          -83.63407196,
          43.0072585
        ]
      },
      "properties": {
        "name": "Centrum Physical Therapy",
        "category": "Health & Medical",
        "address": "4001 Walli Strasse Dr, Burton, MI 48509-1729",
        "phone": "+18107157746"
      }
    },
    {
      "type": "Feature",
      "id": "overture:ae52b2e9-d866-41e5-b8d2-a2f105588c1a",
      "geometry": {
        "type": "Point",
        "coordinates": [
          -83.601055,
          43.022656
        ]
      },
      "properties": {
        "name": "SmartStyle",
        "category": "Professional & Personal Services",
        "address": "5323 E Court St N, Located Inside Walmart #2273, Burton, MI 48509",
        "phone": "8107422292",
        "website": "https://www.smartstyle.com/en-us/locations/mi/burton/located-inside-walmart-2273-haircuts-22034.html"
      }
    },
    {
      "type": "Feature",
      "id": "overture:aee42be5-c3b2-458b-be1e-6ed256d29abf",
      "geometry": {
        "type": "Point",
        "coordinates": [
          -83.61598223,
          43.01850381
        ]
      },
      "properties": {
        "name": "Exclusive House of Real Estate",
        "category": "Professional & Personal Services",
        "address": "4500 E Court St, Burton, MI 48509-1820",
        "phone": "+18104984016",
        "website": "http://2BeExclusive.com/"
      }
    },
    {
      "type": "Feature",
      "id": "overture:af1b8214-f17e-4ddd-b67a-dd7b04291c02",
      "geometry": {
        "type": "Point",
        "coordinates": [
          -83.6321394064533,
          43.000128028990275
        ]
      },
      "properties": {
        "name": "St Nicholas Greek Orthodox Church",
        "category": "Faith",
        "address": "S Center Rd, MI, Burton, MI 48519",
        "website": "http://www.saintnicholasburton.org"
      }
    },
    {
      "type": "Feature",
      "id": "overture:af1dcc29-b686-4712-9d2d-acdfe7c00a6e",
      "geometry": {
        "type": "Point",
        "coordinates": [
          -83.605989,
          43.009744
        ]
      },
      "properties": {
        "name": "Western Union",
        "category": "Financial",
        "address": "5238 Lapeer Rd, Burton, MI 48509",
        "phone": "8102304160",
        "website": "http://locations.westernunion.com/us/mi/burton/e95873f28ef0f7c62e543f87c350658f?utm_source=bing&utm_medium=distrib&utm_campaign=bing-distrib"
      }
    },
    {
      "type": "Feature",
      "id": "overture:af3e218c-c76d-4077-8aa1-bee726cb21da",
      "geometry": {
        "type": "Point",
        "coordinates": [
          -83.59595592,
          43.03175248
        ]
      },
      "properties": {
        "name": "Daniel S. Eisinger, DDS",
        "category": "Health & Medical",
        "address": "1459 N Belsay Rd, Burton, MI 48509-1604",
        "phone": "+18107432347",
        "website": "http://www.eisingerdds.com/"
      }
    },
    {
      "type": "Feature",
      "id": "overture:af4c4659-6074-4c16-8922-ff27b41b74d1",
      "geometry": {
        "type": "Point",
        "coordinates": [
          -83.59585739,
          43.01611801
        ]
      },
      "properties": {
        "name": "Gerald A. Fulton",
        "category": "Health & Medical",
        "address": "1096 S Belsay Rd, Burton, MI 48509-1948",
        "phone": "+18107426100"
      }
    },
    {
      "type": "Feature",
      "id": "overture:afe88361-2043-4092-ad92-d88310c4cdb4",
      "geometry": {
        "type": "Point",
        "coordinates": [
          -83.69233025,
          42.96001208
        ]
      },
      "properties": {
        "name": "The Tax Tree",
        "category": "Financial",
        "address": "4507 Fenton Rd, Burton, MI 48507-2454",
        "phone": "+18107157000",
        "website": "http://thetaxtreemi.com"
      }
    },
    {
      "type": "Feature",
      "id": "overture:aff36826-6600-4f08-9809-602752a71cdc",
      "geometry": {
        "type": "Point",
        "coordinates": [
          -83.65312398,
          42.98367399
        ]
      },
      "properties": {
        "name": "Continental Auto Sales",
        "category": "Automotive",
        "address": "G3211 S Dort Hwy, Burton, MI 48529-1013",
        "phone": "+18107443433",
        "website": "http://www.continentalautosale.com/"
      }
    },
    {
      "type": "Feature",
      "id": "overture:b0216747-8021-45f4-8707-1aec65b103c1",
      "geometry": {
        "type": "Point",
        "coordinates": [
          -83.6327386,
          43.01758722
        ]
      },
      "properties": {
        "name": "Magoo's Pet Outlet",
        "category": "Retail & Shopping",
        "address": "4190 E Court St, Burton, MI 48509-1732",
        "phone": "+18107428760",
        "website": "http://www.magoospet.com/"
      }
    },
    {
      "type": "Feature",
      "id": "overture:b0278d3e-50e8-4b6f-beb0-11f3e4d5f435",
      "geometry": {
        "type": "Point",
        "coordinates": [
          -83.663882,
          42.966433
        ]
      },
      "properties": {
        "name": "Comfort Guard Windows & Doors",
        "category": "Automotive",
        "address": "Burton, MI",
        "phone": "+18107425065",
        "website": "http://www.comfortguard.net/"
      }
    },
    {
      "type": "Feature",
      "id": "overture:b07829a1-d687-48ae-a4f1-b0a517a01451",
      "geometry": {
        "type": "Point",
        "coordinates": [
          -83.6502582,
          42.9798179
        ]
      },
      "properties": {
        "name": "The Epoxy Guys",
        "category": "Retail & Shopping",
        "address": "3075 Joyce St, Burton, MI 48529",
        "phone": "8109695028",
        "website": "https://www.miepoxyguys.com/"
      }
    },
    {
      "type": "Feature",
      "id": "overture:b0db2f3e-b951-4a24-a193-4166c213bf4c",
      "geometry": {
        "type": "Point",
        "coordinates": [
          -83.61458245,
          43.01892039
        ]
      },
      "properties": {
        "name": "Tender Dental Care",
        "category": "Health & Medical",
        "address": "1024 N Genesee Rd, Burton, MI 48509-1433",
        "phone": "+18107153368",
        "website": "http://www.tenderdental4u.com/"
      }
    },
    {
      "type": "Feature",
      "id": "overture:b0f738be-1d81-47e3-8a47-2e717d9209af",
      "geometry": {
        "type": "Point",
        "coordinates": [
          -83.63298551,
          42.97295762
        ]
      },
      "properties": {
        "name": "Ariel C. Ponce",
        "category": "Health & Medical",
        "address": "4075 S Center Rd, Burton, MI 48519-1453",
        "phone": "+18107434120",
        "website": "http://integratedproviders.com"
      }
    },
    {
      "type": "Feature",
      "id": "overture:b0ff74fa-1f12-4a18-9bfd-1119b13577ee",
      "geometry": {
        "type": "Point",
        "coordinates": [
          -83.66208548,
          42.96517565
        ]
      },
      "properties": {
        "name": "South Bendle Elementary School",
        "category": "Education",
        "address": "4341 Larkin Dr, Burton, MI 48529-2141",
        "phone": "+18105910620",
        "website": "http://bendleschools.org"
      }
    },
    {
      "type": "Feature",
      "id": "overture:b12d3933-a492-44f6-a663-283078afa4c7",
      "geometry": {
        "type": "Point",
        "coordinates": [
          -83.668564,
          42.960445
        ]
      },
      "properties": {
        "name": "MAPLE POINT GAS INC.",
        "category": "Automotive",
        "address": "4532 S. SAGINAW RD, BURTON, MI 48529",
        "website": "https://www.exxon.com/en/find-station/mobil-burton-mi-maplepointgasinc-200322737"
      }
    },
    {
      "type": "Feature",
      "id": "overture:b13130b0-fa71-4668-8466-81ead0c6be6d",
      "geometry": {
        "type": "Point",
        "coordinates": [
          -83.69258877,
          42.97015349
        ]
      },
      "properties": {
        "name": "Mark Schwartz Violins",
        "category": "Retail & Shopping",
        "address": "4137 Fenton Rd, Burton, MI 48529-1501",
        "phone": "+18107661450",
        "website": "http://markschwartzviolins.com/"
      }
    },
    {
      "type": "Feature",
      "id": "overture:b1365d08-3efc-4f02-bb33-97eb3db6f021",
      "geometry": {
        "type": "Point",
        "coordinates": [
          -83.63467652,
          43.02408492
        ]
      },
      "properties": {
        "name": "Webcor Packaging",
        "category": "Professional & Personal Services",
        "address": "1220 N Center Rd, Burton, MI 48509-1427",
        "phone": "+18107672806",
        "website": "http://compakwebcor.com"
      }
    },
    {
      "type": "Feature",
      "id": "overture:b1afb7c9-1db5-4b1d-a282-11538c330359",
      "geometry": {
        "type": "Point",
        "coordinates": [
          -83.59252648,
          43.02426248
        ]
      },
      "properties": {
        "name": "Bentley Middle School",
        "category": "Education",
        "address": "1180 N Belsay Rd, Burton, MI 48509-1659",
        "phone": "+18105919043",
        "website": "http://www.bentleyschools.org"
      }
    },
    {
      "type": "Feature",
      "id": "overture:b2fc8394-6b80-4360-883d-0ee87437c4d1",
      "geometry": {
        "type": "Point",
        "coordinates": [
          -83.62860388,
          43.01045773
        ]
      },
      "properties": {
        "name": "Southeast Christian Church Apostolic Faith",
        "category": "Faith",
        "address": "4171 Lapeer Rd, Burton, MI 48509-1709",
        "phone": "+18107426920",
        "website": "http://southeastchristianchurch3.placeweb.site"
      }
    },
    {
      "type": "Feature",
      "id": "overture:b30ea53a-30e4-4e44-a7b7-a3134bd56c06",
      "geometry": {
        "type": "Point",
        "coordinates": [
          -83.62411867772909,
          42.979397133345486
        ]
      },
      "properties": {
        "name": "Limitless Auto",
        "category": "Automotive",
        "address": "2130 East Hemphill Rd, Burton, MI 48529",
        "phone": "+19472470882",
        "website": "http://www.mylimitlessauto.com/"
      }
    },
    {
      "type": "Feature",
      "id": "overture:b33402c9-a258-499e-8203-bdb938f94f0d",
      "geometry": {
        "type": "Point",
        "coordinates": [
          -83.65303,
          42.961578
        ]
      },
      "properties": {
        "name": "Autism Support Group of Genesee County",
        "category": "Health & Medical",
        "address": "G4476 S Dort Hwy, Burton, MI 48529-1806",
        "phone": "+18107425404",
        "website": "http://www.geneseeautism.org"
      }
    },
    {
      "type": "Feature",
      "id": "overture:b343abe3-9c3c-4198-8e22-303c64f52049",
      "geometry": {
        "type": "Point",
        "coordinates": [
          -83.64513582,
          42.97337228
        ]
      },
      "properties": {
        "name": "Bay Shippers",
        "category": "Professional & Personal Services",
        "address": "4035 Jimbo Dr, Burton, MI 48529-1846",
        "phone": "+19897538000",
        "website": "http://www.bayshippers.com"
      }
    },
    {
      "type": "Feature",
      "id": "overture:b36879ab-f291-4493-b50c-34d421086fa5",
      "geometry": {
        "type": "Point",
        "coordinates": [
          -83.59583226,
          43.02927883
        ]
      },
      "properties": {
        "name": "Swan Chiropractic Wellness",
        "category": "Health & Medical",
        "address": "1371 N Belsay Rd, Burton, MI 48509-1602",
        "phone": "+18106587926",
        "website": "https://www.swanchiro.com/"
      }
    },
    {
      "type": "Feature",
      "id": "overture:b39f82bc-7675-49ea-9654-900b795f92c0",
      "geometry": {
        "type": "Point",
        "coordinates": [
          -83.67172658,
          42.9674756
        ]
      },
      "properties": {
        "name": "Rumors Hair & Nail Salon",
        "category": "Professional & Personal Services",
        "address": "G4255 S Saginaw St, Burton, MI 48529-1607",
        "phone": "+18107424398",
        "website": "http://rumorssalon1.glossgenius.com/"
      }
    },
    {
      "type": "Feature",
      "id": "overture:b3c30748-6351-4676-a7b4-8dbf034d6f63",
      "geometry": {
        "type": "Point",
        "coordinates": [
          -83.673878,
          42.979061
        ]
      },
      "properties": {
        "name": "Flair Boutique Llc",
        "category": "Retail & Shopping",
        "address": "G3362 S Saginaw St, Burton, MI 48529-1236",
        "phone": "18006749881",
        "website": "flairmt.com"
      }
    },
    {
      "type": "Feature",
      "id": "overture:b4222242-8c85-4bb8-999a-9f9302011ab4",
      "geometry": {
        "type": "Point",
        "coordinates": [
          -83.58427973,
          42.98886664
        ]
      },
      "properties": {
        "name": "All American Fence",
        "category": "Professional & Personal Services",
        "address": "6280 E Atherton Rd, Burton, MI 48519-1606",
        "phone": "+18107285296",
        "website": "http://www.aafmi.com/"
      }
    },
    {
      "type": "Feature",
      "id": "overture:b46aa1fa-b342-4608-9404-ae4d8d61ffee",
      "geometry": {
        "type": "Point",
        "coordinates": [
          -83.6340574,
          43.0077604
        ]
      },
      "properties": {
        "name": "Lifestyles Hot Tubs",
        "category": "Professional & Personal Services",
        "address": "1399 Center Rd, Burton, MI 48509",
        "phone": "8107430790",
        "website": "http://www.lifestyleshottubs.com/"
      }
    },
    {
      "type": "Feature",
      "id": "overture:b4782880-2b1a-42e7-bb84-828df9908b1d",
      "geometry": {
        "type": "Point",
        "coordinates": [
          -83.686,
          42.973305
        ]
      },
      "properties": {
        "name": "KROGER #406",
        "category": "Financial",
        "address": "1200 E Bristol Rd, Burton, MI 48529-2522",
        "website": "https://location.westernunion.com/us/mi/burton/0d188681bf1dec7ca056bd2ce0d23b80"
      }
    },
    {
      "type": "Feature",
      "id": "overture:b4b3b054-e107-42e6-918a-c4abe22bf385",
      "geometry": {
        "type": "Point",
        "coordinates": [
          -83.636469841003,
          42.96277848755
        ]
      },
      "properties": {
        "name": "Mojo Shop Guitar",
        "category": "Retail & Shopping",
        "address": "4419 Dublin Rd, Burton, MI 48529-1838",
        "phone": "+18109087655",
        "website": "http://www.mojoshopguitar.com/"
      }
    },
    {
      "type": "Feature",
      "id": "overture:b4f946ba-deb4-488f-a210-75f81a9e0b45",
      "geometry": {
        "type": "Point",
        "coordinates": [
          -83.6571807861328,
          42.9645080566406
        ]
      },
      "properties": {
        "name": "Southmoor Golf Club Bar & Grill",
        "category": "Professional & Personal Services",
        "address": "4312 S Dort Hwy, Burton, MI 48529",
        "phone": "8107434080"
      }
    },
    {
      "type": "Feature",
      "id": "overture:b552e707-bda4-4756-8e12-66f25f00e6ef",
      "geometry": {
        "type": "Point",
        "coordinates": [
          -83.65257126370817,
          42.97974305218618
        ]
      },
      "properties": {
        "name": "Maaco Collision Repair & Auto Painting",
        "category": "Automotive",
        "address": "G3345 S Dort Hwy, Burton, MI 48529",
        "phone": "(810) 553-6289",
        "website": "https://www.maaco.com/locations/mi/burton-12167/"
      }
    },
    {
      "type": "Feature",
      "id": "overture:b5844c65-7f8c-4bad-bd5a-a77c1978fbf1",
      "geometry": {
        "type": "Point",
        "coordinates": [
          -83.68089934,
          42.96117903
        ]
      },
      "properties": {
        "name": "Abbey Hall and Catering",
        "category": "Professional & Personal Services",
        "address": "1307 E Maple Ave, Burton, MI 48529-2059",
        "phone": "+18107431710",
        "website": "http://southflint.org"
      }
    },
    {
      "type": "Feature",
      "id": "overture:b5c1d144-8f05-4012-881c-6d5ecd05107f",
      "geometry": {
        "type": "Point",
        "coordinates": [
          -83.60086,
          43.021861
        ]
      },
      "properties": {
        "name": "Walmart Bakery",
        "category": "Grocery & Food",
        "address": "5323 E Court St N, Burton, MI 48509-1539",
        "phone": "18107442819",
        "website": "https://www.walmart.com"
      }
    },
    {
      "type": "Feature",
      "id": "overture:b5f3599b-c296-4fdb-bb7c-1a0206241a43",
      "geometry": {
        "type": "Point",
        "coordinates": [
          -83.67177649,
          42.96806634
        ]
      },
      "properties": {
        "name": "Golden City Restaurant",
        "category": "Dining",
        "address": "G4233 S Saginaw St, Burton, MI 48529-1629",
        "phone": "+18107153889",
        "website": "http://www.goldencityrest.com"
      }
    },
    {
      "type": "Feature",
      "id": "overture:b60adf19-c1b0-413c-a660-bce105c122aa",
      "geometry": {
        "type": "Point",
        "coordinates": [
          -83.6340274,
          42.97479035
        ]
      },
      "properties": {
        "name": "Puzzlers Pub",
        "category": "Dining",
        "address": "3498 E Bristol Rd, Burton, MI 48529-1408",
        "phone": "+18107449999",
        "website": "http://www.puzzlerspubmi.com"
      }
    },
    {
      "type": "Feature",
      "id": "overture:b617d1a2-5068-4635-802b-37b300c65374",
      "geometry": {
        "type": "Point",
        "coordinates": [
          -83.64236648,
          42.98861219
        ]
      },
      "properties": {
        "name": "Optimal Heating and Cooling",
        "category": "Professional & Personal Services",
        "address": "3024 S Term St, Burton, MI 48529-1052",
        "phone": "+18103913670",
        "website": "https://optimalheatingcooling.com/"
      }
    },
    {
      "type": "Feature",
      "id": "overture:b65400df-3d0a-4236-86d6-9db427e298ee",
      "geometry": {
        "type": "Point",
        "coordinates": [
          -83.634295,
          43.00122
        ]
      },
      "properties": {
        "name": "Hampton Manor of Burton Assisted Living & Memory Care",
        "category": "Health & Medical",
        "address": "2105 S Center Rd, Burton, MI 48519",
        "phone": "8105533355",
        "website": "https://burtonassistedliving.com/"
      }
    },
    {
      "type": "Feature",
      "id": "overture:b6ce3bf8-0e25-44bc-b229-6fca19f5412f",
      "geometry": {
        "type": "Point",
        "coordinates": [
          -83.6431405,
          42.9715767
        ]
      },
      "properties": {
        "name": "National Roofing & Sheet Metal Co., Inc",
        "category": "Professional & Personal Services",
        "address": "G-4130 Flint Asphalt Dr, Burton, MI 48529",
        "phone": "8107427373",
        "website": "http://www.nationalroofing.us/"
      }
    },
    {
      "type": "Feature",
      "id": "overture:b6cf39bf-6296-47ae-9675-705101f2e27d",
      "geometry": {
        "type": "Point",
        "coordinates": [
          -83.686032,
          42.96896672
        ]
      },
      "properties": {
        "name": "Dillon Elementary School",
        "category": "Education",
        "address": "1197 E Schumacher St, Burton, MI 48529-1558",
        "phone": "+18105913590",
        "website": "http://www.carman.k12.mi.us/site/default.aspx?pageid=1"
      }
    },
    {
      "type": "Feature",
      "id": "overture:b76228da-808f-4856-97e9-5203489d6323",
      "geometry": {
        "type": "Point",
        "coordinates": [
          -83.5984716,
          43.0238774
        ]
      },
      "properties": {
        "name": "Kmart",
        "category": "Retail & Shopping",
        "address": "1145 N Belsay Rd, Burton, MI 48509",
        "phone": "8107444800"
      }
    },
    {
      "type": "Feature",
      "id": "overture:b783434e-39dc-4ab5-a7a4-cdd50ff302fe",
      "geometry": {
        "type": "Point",
        "coordinates": [
          -83.62775,
          43.02116
        ]
      },
      "properties": {
        "name": "THE COURTYARD",
        "category": "Professional & Personal Services",
        "address": "4207 E. COURT ST., BURTON, MI 48509"
      }
    },
    {
      "type": "Feature",
      "id": "overture:b80d90e6-9503-4600-a8a1-e37722c784b3",
      "geometry": {
        "type": "Point",
        "coordinates": [
          -83.63441788,
          42.99120541
        ]
      },
      "properties": {
        "name": "Sweet Fire Tobacco",
        "category": "Retail & Shopping",
        "address": "2456 S Center Rd, Burton, MI 48519-1152",
        "phone": "+18108206751",
        "website": "https://sweetfiretobacco.com/"
      }
    },
    {
      "type": "Feature",
      "id": "overture:b87cdcfa-551a-40d4-af50-9fb1779643f1",
      "geometry": {
        "type": "Point",
        "coordinates": [
          -83.66750673,
          42.98159763
        ]
      },
      "properties": {
        "name": "All Automotive Repair",
        "category": "Automotive",
        "address": "G 2150 Hemphill Rd, Burton, MI 48529",
        "phone": "+18107435620",
        "website": "http://allautorepairburton.com/"
      }
    },
    {
      "type": "Feature",
      "id": "overture:b88af274-7c31-4980-9473-3e752823bd16",
      "geometry": {
        "type": "Point",
        "coordinates": [
          -83.5962067,
          43.0286917
        ]
      },
      "properties": {
        "name": "Michigan Professional Contractor",
        "category": "Professional & Personal Services",
        "address": "1359 N Belsay Rd, Burton, MI 48509",
        "phone": "8109221921",
        "website": "http://www.mpcmichigan.com/"
      }
    },
    {
      "type": "Feature",
      "id": "overture:b943c541-6141-4730-af28-50dc3859a3fb",
      "geometry": {
        "type": "Point",
        "coordinates": [
          -83.63479294,
          42.99923907
        ]
      },
      "properties": {
        "name": "Gordon Food Service Store",
        "category": "Grocery & Food",
        "address": "2170 S Center Rd, Burton, MI 48519-1151",
        "phone": "+18107151837",
        "website": "https://gfsstore.com/?utm_source=utm_source%3Dfacebook&utm_medium=utm_medium%3Dsocial&utm_campaign=utm_campaign%3Dsocials_to_store"
      }
    },
    {
      "type": "Feature",
      "id": "overture:b945ee76-d69f-4a1d-92e4-dad605008764",
      "geometry": {
        "type": "Point",
        "coordinates": [
          -83.63343913,
          43.00241858
        ]
      },
      "properties": {
        "name": "Michigan Health Specialists",
        "category": "Health & Medical",
        "address": "2065 S Center Rd, Burton, MI 48519-1101",
        "phone": "+18102352004",
        "website": "http://www.mihealths.com/"
      }
    },
    {
      "type": "Feature",
      "id": "overture:b96c3286-35ba-4120-a5f1-ffb79631ef66",
      "geometry": {
        "type": "Point",
        "coordinates": [
          -83.6322697,
          42.9786508
        ]
      },
      "properties": {
        "name": "Regional Medical Imaging Burton",
        "category": "Professional & Personal Services",
        "address": "G2065 S Center Rd, Burton, MI 48519",
        "phone": "8107321919",
        "website": "https://www.rmipc.net/"
      }
    },
    {
      "type": "Feature",
      "id": "overture:b9daa5fa-d3e8-48b0-82f2-b5b659d36b40",
      "geometry": {
        "type": "Point",
        "coordinates": [
          -83.6314134,
          43.0178027
        ]
      },
      "properties": {
        "name": "Vitamin World",
        "category": "Professional & Personal Services",
        "address": "4190 E Court St 845, Burton, MI 48509",
        "phone": "8107431756"
      }
    },
    {
      "type": "Feature",
      "id": "overture:b9e6a220-3f5e-42d5-b580-9306536d9fb5",
      "geometry": {
        "type": "Point",
        "coordinates": [
          -83.6121421572936,
          42.963981064213236
        ]
      },
      "properties": {
        "name": "L & L Dance Studio",
        "category": "Education",
        "address": "Grand Blanc, MI 48439",
        "phone": "(810) 962-2433",
        "website": "http://www.lldancestudio.com"
      }
    },
    {
      "type": "Feature",
      "id": "overture:ba089aa8-2228-4e65-a740-5d31c0cbac5c",
      "geometry": {
        "type": "Point",
        "coordinates": [
          -83.68308035,
          42.98098899
        ]
      },
      "properties": {
        "name": "Parkside Dental Associates",
        "category": "Health & Medical",
        "address": "G3280 S Grand Traverse St, Burton, MI 48529-1122",
        "phone": "+18107444400",
        "website": "http://www.parksidedental.net/"
      }
    },
    {
      "type": "Feature",
      "id": "overture:ba3b73bc-76f3-45d2-9dcc-c23ea5d37369",
      "geometry": {
        "type": "Point",
        "coordinates": [
          -83.61535702,
          43.01548878
        ]
      },
      "properties": {
        "name": "Genesee Christian School Elementary",
        "category": "Education",
        "address": "1114 S Genesee Rd, Burton, MI 48509-1822",
        "phone": "+18107433110",
        "website": "http://www.geneseechristianschool.com"
      }
    },
    {
      "type": "Feature",
      "id": "overture:ba549e31-21e9-47cb-a2b8-bdf707d60962",
      "geometry": {
        "type": "Point",
        "coordinates": [
          -83.63463359,
          42.99138372
        ]
      },
      "properties": {
        "name": "Karisma Hair Care",
        "category": "Professional & Personal Services",
        "address": "2452 S Center Rd, Burton, MI 48519-1152",
        "phone": "+18104077938",
        "website": "https://linktr.ee/karismahaircare"
      }
    },
    {
      "type": "Feature",
      "id": "overture:ba849be7-6264-48da-8db6-481eeaaa485f",
      "geometry": {
        "type": "Point",
        "coordinates": [
          -83.634041,
          42.991335
        ]
      },
      "properties": {
        "name": "Burton-salon",
        "category": "Professional & Personal Services",
        "address": "2452 S Center Rd, Burton, MI 48519-1152",
        "phone": "+18107421111",
        "website": "https://burton-salon-llc.hub.biz"
      }
    },
    {
      "type": "Feature",
      "id": "overture:baa419cb-4ff1-4d24-8575-ec46d448b8a8",
      "geometry": {
        "type": "Point",
        "coordinates": [
          -83.5959488,
          43.0139888
        ]
      },
      "properties": {
        "name": "Jim Mathes Shoes",
        "category": "Retail & Shopping",
        "address": "1184 S Belsay Rd, Burton, MI 48509-1921",
        "website": "https://www.jimmathesshoesburtonmi.com"
      }
    },
    {
      "type": "Feature",
      "id": "overture:bad0e063-c5d9-421c-8a3b-2f18c3156010",
      "geometry": {
        "type": "Point",
        "coordinates": [
          -83.69199,
          42.96089
        ]
      },
      "properties": {
        "name": "Hair and Nails by Stephanie J",
        "category": "Professional & Personal Services",
        "address": "4479 Fenton Rd, Burton, MI 48507",
        "phone": "+18103533433",
        "website": "https://stephanie-johnson.square.site/"
      }
    },
    {
      "type": "Feature",
      "id": "overture:baf432ab-062f-4372-98a8-63984cb086a6",
      "geometry": {
        "type": "Point",
        "coordinates": [
          -83.63373894,
          43.00022327
        ]
      },
      "properties": {
        "name": "St Nicholas Orthodox Church",
        "category": "Faith",
        "address": "2143 S Center Rd, Burton, MI 48519-1153",
        "phone": "+18107440070",
        "website": "http://www.saintnicholasburton.org/"
      }
    },
    {
      "type": "Feature",
      "id": "overture:bb194c0f-a428-4465-ab1e-31ad472cb724",
      "geometry": {
        "type": "Point",
        "coordinates": [
          -83.63245893,
          43.01220617
        ]
      },
      "properties": {
        "name": "CenterPoint Church",
        "category": "Faith",
        "address": "1225 S Center Rd, Burton, MI 48509-1723",
        "phone": "+18107430000",
        "website": "https://centerpointflint.com/"
      }
    },
    {
      "type": "Feature",
      "id": "overture:bb2e291e-47a8-41d3-953a-dcb64aadb684",
      "geometry": {
        "type": "Point",
        "coordinates": [
          -83.63372039794922,
          42.9743766784668
        ]
      },
      "properties": {
        "name": "ATM SPEEDWAY #2206",
        "category": "Financial",
        "address": "3514 E BRISTOL RD, Burton, MI 48529"
      }
    },
    {
      "type": "Feature",
      "id": "overture:bb7dccc9-e4b7-49e6-a67d-e6e5de6b6d29",
      "geometry": {
        "type": "Point",
        "coordinates": [
          -83.59380209745278,
          42.99034866676907
        ]
      },
      "properties": {
        "name": "Captains Quarters",
        "category": "Dining",
        "address": "6011 E Atherton Rd, Burton, MI 48519",
        "phone": "(810) 743-8450",
        "website": "http://captainsquarterslounge.com"
      }
    },
    {
      "type": "Feature",
      "id": "overture:bb9e991f-87b2-4bea-9449-3ebbe2fe3625",
      "geometry": {
        "type": "Point",
        "coordinates": [
          -83.63204926,
          43.0191614
        ]
      },
      "properties": {
        "name": "Brick Street Safety Academy",
        "category": "Professional & Personal Services",
        "address": "4067 E Court St, Burton, MI 48509-2500",
        "phone": "+18106184749",
        "website": "http://www.brickstreetsafetyacademy.com/"
      }
    },
    {
      "type": "Feature",
      "id": "overture:bc80b06d-97ec-43fd-ad4b-bb6eab316808",
      "geometry": {
        "type": "Point",
        "coordinates": [
          -83.679135,
          42.968192
        ]
      },
      "properties": {
        "name": "Green Planet Lawn and Tree Care",
        "category": "Professional & Personal Services",
        "address": "1370 Rizzo Ct, Burton, MI 48529",
        "phone": "8107425555",
        "website": "http://www.mygreenplanetlawn.com/"
      }
    },
    {
      "type": "Feature",
      "id": "overture:bc937ff5-9759-405e-92e7-92d6a27de985",
      "geometry": {
        "type": "Point",
        "coordinates": [
          -83.65690664,
          42.98162748
        ]
      },
      "properties": {
        "name": "Answer Center For Women",
        "category": "Professional & Personal Services",
        "address": "2414 Hemphill Rd, Burton, MI 48529",
        "phone": "+18102347777",
        "website": "https://answercenter.org/"
      }
    },
    {
      "type": "Feature",
      "id": "overture:bcab9a6b-cd61-4265-bce2-e3514b2ab034",
      "geometry": {
        "type": "Point",
        "coordinates": [
          -83.5952867,
          43.0356667
        ]
      },
      "properties": {
        "name": "Red Light Therapy Spa LLC",
        "category": "Professional & Personal Services",
        "address": "5515 Davison Rd Ste 14, Burton, MI 48509",
        "phone": "8102136336",
        "website": "http://nurturing-u-spa.com/"
      }
    },
    {
      "type": "Feature",
      "id": "overture:bcc5b36a-db60-4868-87cb-2c786044a4d6",
      "geometry": {
        "type": "Point",
        "coordinates": [
          -83.594909,
          42.976845
        ]
      },
      "properties": {
        "name": "New Testament General Baptist Church",
        "category": "Faith",
        "address": "3484 S Belsay Rd, Burton, MI 48519-1625",
        "phone": "+18107429420",
        "website": "http://www.ntcchurch.com"
      }
    },
    {
      "type": "Feature",
      "id": "overture:bd15dc52-9033-4286-8b53-f6a11ad5895e",
      "geometry": {
        "type": "Point",
        "coordinates": [
          -83.59624,
          42.96951
        ]
      },
      "properties": {
        "name": "Renew Church",
        "category": "Faith",
        "address": "4216 S Belsay Rd, Burton, MI 48519-1733",
        "phone": "+18107437220"
      }
    },
    {
      "type": "Feature",
      "id": "overture:bd645501-ae4d-4877-8c94-a6dc87c3e0a7",
      "geometry": {
        "type": "Point",
        "coordinates": [
          -83.59484358,
          42.98989661
        ]
      },
      "properties": {
        "name": "Tiny Tots Clothing Swap",
        "category": "Retail & Shopping",
        "address": "5520 E Atherton Rd, Burton, MI 48519-1560",
        "phone": "+18102048469",
        "website": "https://tinytotsclothingswap.com/"
      }
    },
    {
      "type": "Feature",
      "id": "overture:bd95ae3a-fb8e-4d34-9c0e-fe338778260e",
      "geometry": {
        "type": "Point",
        "coordinates": [
          -83.59475292,
          43.01376016
        ]
      },
      "properties": {
        "name": "Little Caesars Pizza",
        "category": "Dining",
        "address": "1193 S Belsay Rd, Burton, MI 48509-1915",
        "phone": "+18107435500",
        "website": "https://littlecaesars.com/en-us/store/1248"
      }
    },
    {
      "type": "Feature",
      "id": "overture:bdb53e62-c017-4379-8a3b-090103276527",
      "geometry": {
        "type": "Point",
        "coordinates": [
          -83.69230037,
          42.96078491
        ]
      },
      "properties": {
        "name": "The Balance and Beauty Collective",
        "category": "Professional & Personal Services",
        "address": "4479 Fenton Rd, Burton, MI 48507",
        "phone": "+18104128308",
        "website": "http://www.balanceandbeautycollective.com/"
      }
    },
    {
      "type": "Feature",
      "id": "overture:bdb819f4-38d2-41ac-a060-39fa0ea3cf07",
      "geometry": {
        "type": "Point",
        "coordinates": [
          -83.653338,
          42.974906
        ]
      },
      "properties": {
        "name": "Continental Auto Sales",
        "category": "Automotive",
        "address": "Burton, MI",
        "phone": "+18107443433",
        "website": "http://www.continentalautosale.net/"
      }
    },
    {
      "type": "Feature",
      "id": "overture:be42648b-bb50-44e6-8812-0aaa0584251c",
      "geometry": {
        "type": "Point",
        "coordinates": [
          -83.61474883,
          43.01002164
        ]
      },
      "properties": {
        "name": "American Lawn Sprinkler Services",
        "category": "Professional & Personal Services",
        "address": "1315 S Genesee Rd, Burton, MI 48509-1829",
        "phone": "+18106182517"
      }
    },
    {
      "type": "Feature",
      "id": "overture:be56edef-1aa9-4f22-8032-34f126229f60",
      "geometry": {
        "type": "Point",
        "coordinates": [
          -83.67565,
          42.9721
        ]
      },
      "properties": {
        "name": "All-Weather Seal Co., Inc.",
        "category": "Professional & Personal Services",
        "address": "G-4258 S Saginaw St, Burton, MI 48529",
        "phone": "8107430300",
        "website": "http://allweatherseal.com/"
      }
    },
    {
      "type": "Feature",
      "id": "overture:be7d22bf-2d24-4706-b05d-bd403c5c306a",
      "geometry": {
        "type": "Point",
        "coordinates": [
          -83.6786213,
          42.974304
        ]
      },
      "properties": {
        "name": "Dotty's Feed and Pet",
        "category": "Retail & Shopping",
        "address": "1375 E Bristol Rd, Burton, MI 48529",
        "phone": "8107422443",
        "website": "https://www.dottysfeedandpet.com/"
      }
    },
    {
      "type": "Feature",
      "id": "overture:beb7cbc3-abc2-41d6-bf0e-08701781f4e2",
      "geometry": {
        "type": "Point",
        "coordinates": [
          -83.66954042,
          42.97700897
        ]
      },
      "properties": {
        "name": "American Material Handling Inc.",
        "category": "Professional & Personal Services",
        "address": "2099 James St, Burton, MI 48529-1303",
        "phone": "+12488578888",
        "website": "http://www.amhi.com/"
      }
    },
    {
      "type": "Feature",
      "id": "overture:bf53bbad-fa96-4495-a7e9-e02f79dea89e",
      "geometry": {
        "type": "Point",
        "coordinates": [
          -83.64513834,
          42.98912406
        ]
      },
      "properties": {
        "name": "Country Oaks Landscape Supply",
        "category": "Retail & Shopping",
        "address": "3218 E Atherton Rd, Burton, MI 48529-1004",
        "phone": "+18107431920",
        "website": "http://www.countryoakslandscapesupply.com"
      }
    },
    {
      "type": "Feature",
      "id": "overture:bf55ac9b-eebe-4e9d-97bf-4c3e9eae7a1a",
      "geometry": {
        "type": "Point",
        "coordinates": [
          -83.6888712,
          42.97390466
        ]
      },
      "properties": {
        "name": "Tadrick's Tax",
        "category": "Financial",
        "address": "1110 E Bristol Rd, Burton, MI 48529-1127",
        "phone": "+18102327154",
        "website": "https://tadricks.com/"
      }
    },
    {
      "type": "Feature",
      "id": "overture:bfa31fa2-7f5a-45ad-beb6-885b786d74a2",
      "geometry": {
        "type": "Point",
        "coordinates": [
          -83.66890018,
          42.96715107
        ]
      },
      "properties": {
        "name": "JP's Party Shoppe",
        "category": "Grocery & Food",
        "address": "2096 E Judd Rd, Burton, MI 48529-2405",
        "phone": "+18107440798"
      }
    },
    {
      "type": "Feature",
      "id": "overture:bfdbd41c-9208-4255-96d0-9ea203ab7825",
      "geometry": {
        "type": "Point",
        "coordinates": [
          -83.59486092,
          42.98999625
        ]
      },
      "properties": {
        "name": "R Town Snacks",
        "category": "Grocery & Food",
        "address": "5520 E Atherton Rd, Burton, MI 48519-1560",
        "phone": "+18107285079",
        "website": "http://www.rtownsnacks.com/"
      }
    },
    {
      "type": "Feature",
      "id": "overture:bfec7d6c-98e1-40fe-9e0d-183947c668ff",
      "geometry": {
        "type": "Point",
        "coordinates": [
          -83.64683442,
          42.98909041
        ]
      },
      "properties": {
        "name": "Hollywood Liquor Store",
        "category": "Retail & Shopping",
        "address": "3174 E Atherton Rd, Burton, MI 48529-1035",
        "phone": "+18107423754",
        "website": "https://hollywood-liquor-mi.hub.biz"
      }
    },
    {
      "type": "Feature",
      "id": "overture:c0abfc61-c006-4a20-9934-e5476243381f",
      "geometry": {
        "type": "Point",
        "coordinates": [
          -83.631648,
          42.993373
        ]
      },
      "properties": {
        "name": "MEIJER #29",
        "category": "Financial",
        "address": "G-2333 S Center Road, Flint, MI 48519",
        "website": "https://location.westernunion.com/us/mi/flint/1fb98bdf992db1996670f08d6ff23958"
      }
    },
    {
      "type": "Feature",
      "id": "overture:c0b54646-0e61-4630-8db5-844e8049faad",
      "geometry": {
        "type": "Point",
        "coordinates": [
          -83.61493959,
          43.02398694
        ]
      },
      "properties": {
        "name": "Beyond the Basics Dog Care",
        "category": "Professional & Personal Services",
        "address": "1192 N Genesee Rd, Burton, MI 48509-1471",
        "phone": "+18108696704",
        "website": "http://www.Beyondthebasicsdogcare.com/"
      }
    },
    {
      "type": "Feature",
      "id": "overture:c108aec9-ad8c-4900-8254-5b1c6376617d",
      "geometry": {
        "type": "Point",
        "coordinates": [
          -83.652921,
          42.9733647
        ]
      },
      "properties": {
        "name": "AmeriGas Propane",
        "category": "Retail & Shopping",
        "address": "S Dort Highway, Flint, MI 48529",
        "phone": "8008963704",
        "website": "https://www.amerigas.com/locations/propane-offices/michigan/burton/g4283-south-dort-hwy"
      }
    },
    {
      "type": "Feature",
      "id": "overture:c1300114-b24b-472b-a95d-c6eaf2729111",
      "geometry": {
        "type": "Point",
        "coordinates": [
          -83.63455254,
          43.0004326
        ]
      },
      "properties": {
        "name": "Triumph Ebenezer Ministries",
        "category": "Faith",
        "address": "2130 S Center Rd, Burton, MI 48519-1154",
        "phone": "+18107444484",
        "website": "http://www.triumphch.org/"
      }
    },
    {
      "type": "Feature",
      "id": "overture:c1abf04a-bbd2-4de3-87ad-2642042e17a4",
      "geometry": {
        "type": "Point",
        "coordinates": [
          -83.5944271,
          43.0230864
        ]
      },
      "properties": {
        "name": "RockItCoin Bitcoin ATM",
        "category": "Financial",
        "address": "1138 N Belsay Rd, Burton, MI 48509",
        "phone": "8887024826",
        "website": "http://www.rockitcoin.com/"
      }
    },
    {
      "type": "Feature",
      "id": "overture:c1c120d0-57fd-44a4-adda-62aa18c00256",
      "geometry": {
        "type": "Point",
        "coordinates": [
          -83.64199941,
          42.97230224
        ]
      },
      "properties": {
        "name": "PM Truck and Trailer Service",
        "category": "Automotive",
        "address": "4101 Flint Asphalt Dr, Burton, MI 48529-1824",
        "phone": "+18107442852"
      }
    },
    {
      "type": "Feature",
      "id": "overture:c226cc03-ba27-4fd4-b719-3a3561ac937d",
      "geometry": {
        "type": "Point",
        "coordinates": [
          -83.61506681,
          43.03155635
        ]
      },
      "properties": {
        "name": "Grace Bible Church",
        "category": "Faith",
        "address": "1460 N Genesee Rd, Burton, MI 48509-1441",
        "phone": "+18107436222",
        "website": "https://gbcb.info/"
      }
    },
    {
      "type": "Feature",
      "id": "overture:c22c7b88-f7ec-413a-91a3-d66b052e6bf5",
      "geometry": {
        "type": "Point",
        "coordinates": [
          -83.5967036,
          43.0336152
        ]
      },
      "properties": {
        "name": "Joys Discount Mattress",
        "category": "Retail & Shopping",
        "address": "5515 Davison Rd, Burton, MI 48509",
        "phone": "8104225751",
        "website": "http://joysdiscountmattress.com/"
      }
    },
    {
      "type": "Feature",
      "id": "overture:c273d723-5776-4dd6-ae42-81834969c7b8",
      "geometry": {
        "type": "Point",
        "coordinates": [
          -83.6395459,
          42.9754194
        ]
      },
      "properties": {
        "name": "Easy Peasy Boutique",
        "category": "Retail & Shopping",
        "address": "3375 E Bristol Rd, Burton, MI 48529-1451",
        "website": "https://easypeasybtq.com"
      }
    },
    {
      "type": "Feature",
      "id": "overture:c2c412a9-ed48-4744-83ea-86002cd1f139",
      "geometry": {
        "type": "Point",
        "coordinates": [
          -83.593873,
          42.990384
        ]
      },
      "properties": {
        "name": "CUCQ",
        "category": "Dining",
        "address": "6011 E Atherton Rd, Burton, MI 48519-1601",
        "phone": "+18107438450"
      }
    },
    {
      "type": "Feature",
      "id": "overture:c2c90597-f965-400c-808c-6b7c0fc13d10",
      "geometry": {
        "type": "Point",
        "coordinates": [
          -83.594948,
          43.02865
        ]
      },
      "properties": {
        "name": "Just Laughs & Smiles",
        "category": "Education",
        "address": "1350 N Belsay Rd, Burton, MI 48509-1603",
        "phone": "+18107683178",
        "website": "https://childcarecenter.us/michigan/burton_mi_childcare"
      }
    },
    {
      "type": "Feature",
      "id": "overture:c2e740e9-f384-417c-b2e0-6ee13273645a",
      "geometry": {
        "type": "Point",
        "coordinates": [
          -83.629055,
          42.9925494
        ]
      },
      "properties": {
        "name": "Champions at Burton Glen Charter Academy",
        "category": "Professional & Personal Services",
        "address": "4171 E Atherton Rd, Burton, MI 48519",
        "phone": "8109083531",
        "website": "https://www.discoverchampions.com/our-locations/burton/mi/003147?utm_campaign=cp-lg&utm_source=yext&utm_medium=pro&utm_keyword=&utm_platform=&utm_matchtype=&utm_adgroupid=&utm_content=003147&y_source=1_MjAwNzk0NzU4Mi00ODMtbG9jYXRpb24ud2Vic2l0ZQ%3D%3D"
      }
    },
    {
      "type": "Feature",
      "id": "overture:c30e3eba-55a8-46c5-9515-4e956ccab4e0",
      "geometry": {
        "type": "Point",
        "coordinates": [
          -83.61497527155834,
          42.98924041190571
        ]
      },
      "properties": {
        "name": "Dr. Steven J. Nierink",
        "category": "Health & Medical",
        "address": "3014 S Genesee Rd, Burton, MI 48519",
        "phone": "(810) 715-2500",
        "website": "http://www.stevenjneirink.com"
      }
    },
    {
      "type": "Feature",
      "id": "overture:c312a464-38b3-4917-9761-1f11416bf6b9",
      "geometry": {
        "type": "Point",
        "coordinates": [
          -83.634711,
          42.990839
        ]
      },
      "properties": {
        "name": "QuickEats Meal Prep",
        "category": "Dining",
        "address": "2480 S Center Rd, Burton, MI 48519-1152",
        "phone": "+18107017611",
        "website": "http://www.QuickEatsMealPrep.com/"
      }
    },
    {
      "type": "Feature",
      "id": "overture:c3598705-c7d3-480e-9eb0-ccc96ae7e5e0",
      "geometry": {
        "type": "Point",
        "coordinates": [
          -83.596151,
          43.01619
        ]
      },
      "properties": {
        "name": "Dr. James R. Lum",
        "category": "Health & Medical",
        "address": "1096 Belsay Road, Burton, MI 48509",
        "phone": "(810) 743-3880",
        "website": "http://integratedproviders.com"
      }
    },
    {
      "type": "Feature",
      "id": "overture:c3856ab1-822d-4501-bdc2-384c834c3c47",
      "geometry": {
        "type": "Point",
        "coordinates": [
          -83.60022132191014,
          43.03233203004604
        ]
      },
      "properties": {
        "name": "The Pines Of Burton Memory Care",
        "category": "Health & Medical",
        "address": "5340 Davison Rd, Burton, MI 48509",
        "phone": "(810) 228-3520",
        "website": "http://pinesoflakefenton.com"
      }
    },
    {
      "type": "Feature",
      "id": "overture:c3961734-87ad-47b5-8bcf-6a370b4fb49a",
      "geometry": {
        "type": "Point",
        "coordinates": [
          -83.600861,
          43.022948
        ]
      },
      "properties": {
        "name": "WALMART #002273",
        "category": "Financial",
        "address": "5323 E Court St N, Burton, MI 48509",
        "website": "https://location.westernunion.com/us/mi/burton/c353f71e1a80163377a2d764898ff14a"
      }
    },
    {
      "type": "Feature",
      "id": "overture:c3bafd0d-8e1d-48d7-afa6-c713a81633c9",
      "geometry": {
        "type": "Point",
        "coordinates": [
          -83.65307,
          42.97227
        ]
      },
      "properties": {
        "name": "Level Up Factory",
        "category": "Automotive",
        "address": "G4080 S Dort Hwy, Burton, MI 48529-1812",
        "phone": "+18105795742"
      }
    },
    {
      "type": "Feature",
      "id": "overture:c3dd01b2-e790-46df-b38c-9ef4c9c72d57",
      "geometry": {
        "type": "Point",
        "coordinates": [
          -83.5955058,
          43.01067221
        ]
      },
      "properties": {
        "name": "Lisa's Hair and Nails",
        "category": "Professional & Personal Services",
        "address": "5520 Lapeer Rd, Burton, MI 48509-2236",
        "phone": "+18107420002"
      }
    },
    {
      "type": "Feature",
      "id": "overture:c451a86c-454a-4f91-b65b-18281e8184a1",
      "geometry": {
        "type": "Point",
        "coordinates": [
          -83.6146996,
          43.0269025
        ]
      },
      "properties": {
        "name": "Lessors Welding Supply Inc",
        "category": "Retail & Shopping",
        "address": "1300 N Genesee Rd, Burton, MI 48509-1437",
        "phone": "18107422302",
        "website": "https://www.lessors.net"
      }
    },
    {
      "type": "Feature",
      "id": "overture:c463b9f4-f9b2-49c1-9cfc-d077085287d9",
      "geometry": {
        "type": "Point",
        "coordinates": [
          -83.632818,
          42.97864991
        ]
      },
      "properties": {
        "name": "Center Road Vision Care",
        "category": "Health & Medical",
        "address": "3385 S Center Rd, Burton, MI 48519-1457",
        "phone": "+18102443434",
        "website": "https://visionsource-centerroadvisioncare.com/"
      }
    },
    {
      "type": "Feature",
      "id": "overture:c4925a6a-3c14-4d1d-8879-9d7c379b6a1b",
      "geometry": {
        "type": "Point",
        "coordinates": [
          -83.63307543333333,
          43.009186400000004
        ]
      },
      "properties": {
        "name": "Burton Dog Park at Our Risen Lord Lutheran Church",
        "category": "Parks & Recreation",
        "address": "4040 Lapeer Rd, Burton, MI 48509-1708",
        "phone": "+18103484437",
        "website": "https://www.causes.com/campaigns/925507-build-a-dog-park-in-burton"
      }
    },
    {
      "type": "Feature",
      "id": "overture:c5175b05-b89a-4540-894a-f1d8544bc5d2",
      "geometry": {
        "type": "Point",
        "coordinates": [
          -83.597864,
          43.033893
        ]
      },
      "properties": {
        "name": "Jeffrey B Bundy, DDS",
        "category": "Health & Medical",
        "address": "5475 Davison Rd, Burton, MI 48509",
        "phone": "8107369778",
        "website": "https://todaysdentalcomfort.com/"
      }
    },
    {
      "type": "Feature",
      "id": "overture:c5690b75-c0bf-4c48-905a-4e47300d3f5d",
      "geometry": {
        "type": "Point",
        "coordinates": [
          -83.66017789,
          42.98121014
        ]
      },
      "properties": {
        "name": "The River Church",
        "category": "Faith",
        "address": "2350 Hemphill Rd, Burton, MI 48529",
        "phone": "+12483280490",
        "website": "http://www.theriverchurch.cc/"
      }
    },
    {
      "type": "Feature",
      "id": "overture:c58eb82f-7f0b-4c75-9169-65d56e4c18b0",
      "geometry": {
        "type": "Point",
        "coordinates": [
          -83.63003922432684,
          43.0165766288339
        ]
      },
      "properties": {
        "name": "NCG Courtland Cinemas",
        "category": "Arts & Entertainment",
        "address": "4190 E Court St Ste 200, Burton, MI 48509",
        "phone": "(810) 744-0742",
        "website": "https://ncgmovies.com"
      }
    },
    {
      "type": "Feature",
      "id": "overture:c633458d-c2f8-41d2-a3e9-850b2fe8db76",
      "geometry": {
        "type": "Point",
        "coordinates": [
          -83.6320542,
          43.0336392
        ]
      },
      "properties": {
        "name": "Gw Motors",
        "category": "Automotive",
        "address": "4089 Davison Rd, Burton, MI 48509-1456",
        "website": "gwmotorsinc.com"
      }
    },
    {
      "type": "Feature",
      "id": "overture:c64550e7-9095-4cfa-a571-4f217ee264e2",
      "geometry": {
        "type": "Point",
        "coordinates": [
          -83.63247314,
          42.96118553
        ]
      },
      "properties": {
        "name": "Mortimer Family Dentistry",
        "category": "Health & Medical",
        "address": "4495 S Center Rd, Burton, MI 48519-1417",
        "phone": "+18107435131",
        "website": "https://www.mortimerfamilydentistry.com/"
      }
    },
    {
      "type": "Feature",
      "id": "overture:c690460c-a7d9-445b-9185-99c7124f49c3",
      "geometry": {
        "type": "Point",
        "coordinates": [
          -83.639366,
          43.00379
        ]
      },
      "properties": {
        "name": "Bitcoin Depot - Bitcoin ATM",
        "category": "Professional & Personal Services",
        "address": "3386 Lippincott Blvd, Burton, MI 48519",
        "phone": "+16784359604",
        "website": "https://bitcoindepot.com/"
      }
    },
    {
      "type": "Feature",
      "id": "overture:c7307f04-1841-485b-b5c6-164bccbcca15",
      "geometry": {
        "type": "Point",
        "coordinates": [
          -83.6305099,
          42.9937913
        ]
      },
      "properties": {
        "name": "Huntington Bank ATM (Drive-Up)",
        "category": "Financial",
        "address": "2333 S Center Rd, Burton, MI 48519",
        "phone": "8004802265",
        "website": "https://www.huntington.com/branchlocator"
      }
    },
    {
      "type": "Feature",
      "id": "overture:c74fe9bc-57d5-4db3-b1c2-08e5ff6aa1f4",
      "geometry": {
        "type": "Point",
        "coordinates": [
          -83.58721,
          43.00967
        ]
      },
      "properties": {
        "name": "GHCBurton",
        "category": "Faith",
        "address": "1350 S Packard Ave, Burton, MI 48509-2410",
        "phone": "+15173769324"
      }
    },
    {
      "type": "Feature",
      "id": "overture:c773ffd2-fab8-4bba-bdb7-58da9c438a55",
      "geometry": {
        "type": "Point",
        "coordinates": [
          -83.652739,
          42.975111
        ]
      },
      "properties": {
        "name": "J & R Inc",
        "category": "Automotive",
        "address": "G3509 S Dort Hwy, Burton, MI 48529-1417",
        "phone": "+18107435700"
      }
    },
    {
      "type": "Feature",
      "id": "overture:c7b8bf52-6424-433e-af9f-50c9e45d2733",
      "geometry": {
        "type": "Point",
        "coordinates": [
          -83.6345979,
          43.0311419
        ]
      },
      "properties": {
        "name": "Fallon M Kapatais MD",
        "category": "Health & Medical",
        "address": "1460 N Center Rd, Burton, MI 48509",
        "phone": "8107154300",
        "website": "https://healthcare.ascension.org/doctors/1477811925/fallon-m-kapatais-burton-mi"
      }
    },
    {
      "type": "Feature",
      "id": "overture:c7cb468e-a765-41b2-b748-2689635b9140",
      "geometry": {
        "type": "Point",
        "coordinates": [
          -83.6727142333984,
          42.9716377258301
        ]
      },
      "properties": {
        "name": "Optum Specialty Pharmacy",
        "category": "Professional & Personal Services",
        "address": "4100 S Saginaw St Ste A, Flint, MI 48507",
        "phone": "8554274682",
        "website": "https://specialty.optumrx.com/"
      }
    },
    {
      "type": "Feature",
      "id": "overture:c7df8c5e-910a-47ac-b9f2-24dfc6e5c00b",
      "geometry": {
        "type": "Point",
        "coordinates": [
          -83.6728521,
          42.9752234
        ]
      },
      "properties": {
        "name": "Forever Bella Boutique",
        "category": "Retail & Shopping",
        "address": "G3314 S Saginaw St, Burton, MI 48529",
        "phone": "8103945243"
      }
    },
    {
      "type": "Feature",
      "id": "overture:c7f473de-0710-4d5a-b953-30bee24b039c",
      "geometry": {
        "type": "Point",
        "coordinates": [
          -83.69227205,
          42.96039132
        ]
      },
      "properties": {
        "name": "Hungry Howie's Pizza",
        "category": "Dining",
        "address": "4495 Fenton Rd, Burton, MI 48507",
        "phone": "+18107678300",
        "website": "https://www.hungryhowies.com/stores/mi/burton/g4495-fenton-road?utm_source=google&utm_medium=organic&utm_campaign=googlebusinessprofile"
      }
    },
    {
      "type": "Feature",
      "id": "overture:c85c4b75-fc98-4d5d-97fa-ff694b107ab7",
      "geometry": {
        "type": "Point",
        "coordinates": [
          -83.63978771,
          42.97254293
        ]
      },
      "properties": {
        "name": "Townsquare Media Flint",
        "category": "Professional & Personal Services",
        "address": "3338 E Bristol Rd, Burton, MI 48529-1408",
        "phone": "+18107431080",
        "website": "http://townsquareflint.com/"
      }
    },
    {
      "type": "Feature",
      "id": "overture:c872ac99-cf2f-431f-ba70-131797242dfe",
      "geometry": {
        "type": "Point",
        "coordinates": [
          -83.63359952,
          43.01249244
        ]
      },
      "properties": {
        "name": "Spymaker Escape Rooms",
        "category": "Professional & Personal Services",
        "address": "1235 S Center Rd, Burton, MI 48509",
        "phone": "+18106200877",
        "website": "https://spymakergames.com/"
      }
    },
    {
      "type": "Feature",
      "id": "overture:c92369bb-6515-4fa3-bd6c-aaf1074f50e3",
      "geometry": {
        "type": "Point",
        "coordinates": [
          -83.671603,
          42.968839
        ]
      },
      "properties": {
        "name": "Suburban Office & Janitorial Supplies",
        "category": "Professional & Personal Services",
        "address": "G4205 S Saginaw St, Burton, MI 48529-1676",
        "phone": "+18107440247",
        "website": "http://www.suburbanoffice.us/"
      }
    },
    {
      "type": "Feature",
      "id": "overture:c9473acd-353d-4b6f-9c62-a23c62b48a22",
      "geometry": {
        "type": "Point",
        "coordinates": [
          -83.633356,
          42.990219
        ]
      },
      "properties": {
        "name": "Trio Motors",
        "category": "Automotive",
        "address": "2501 S Center Rd, Burton, MI 48519-1143",
        "phone": "8107427250",
        "website": "https://triomotors.co.za"
      }
    },
    {
      "type": "Feature",
      "id": "overture:c99aa794-ae7b-4eb9-8cf9-99f006b69b5f",
      "geometry": {
        "type": "Point",
        "coordinates": [
          -83.5990958051412,
          43.02562486430373
        ]
      },
      "properties": {
        "name": "Ice Mountain Arena Complex",
        "category": "Arts & Entertainment",
        "address": "5371 Daly Farms Dr, Burton, MI 48509-1665",
        "phone": "+18107440800",
        "website": "http://icemountainarena.com"
      }
    },
    {
      "type": "Feature",
      "id": "overture:c9ae33b2-800a-4d68-b2d7-2f133e9ac9fa",
      "geometry": {
        "type": "Point",
        "coordinates": [
          -83.6328581,
          43.0036623
        ]
      },
      "properties": {
        "name": "Open Door Church",
        "category": "Faith",
        "address": "4010 Lippincott Blvd, Burton, MI 48519-1104",
        "phone": "+18107425644",
        "website": "http://open-door-church.com/"
      }
    },
    {
      "type": "Feature",
      "id": "overture:c9d4d241-12eb-45b8-b207-51faebfc961e",
      "geometry": {
        "type": "Point",
        "coordinates": [
          -83.669369,
          42.971763
        ]
      },
      "properties": {
        "name": "T N Lamb Junior High School",
        "category": "Education",
        "address": "4093 Barnes Ave, Burton, MI 48529-1781",
        "phone": "+18105919011",
        "website": "http://bendleschools.org"
      }
    },
    {
      "type": "Feature",
      "id": "overture:ca011d05-12f7-40b2-b3f5-ed411b3a0f77",
      "geometry": {
        "type": "Point",
        "coordinates": [
          -83.65148669,
          42.98904787
        ]
      },
      "properties": {
        "name": "Little Caesars Pizza",
        "category": "Dining",
        "address": "3064 E Atherton Rd, Burton, MI 48529-1039",
        "phone": "+18107432124",
        "website": "https://littlecaesars.com/en-us/store/1240"
      }
    },
    {
      "type": "Feature",
      "id": "overture:ca2a0f4e-be41-468b-86b3-f1b97276cfe6",
      "geometry": {
        "type": "Point",
        "coordinates": [
          -83.61921386,
          43.01494971
        ]
      },
      "properties": {
        "name": "Kelly Lake",
        "category": "Professional & Personal Services",
        "address": "Burton, MI 48509",
        "website": "http://www.burtonmi.gov/departments/parks_and_recreation/index.php"
      }
    },
    {
      "type": "Feature",
      "id": "overture:caabc2bb-d59b-4012-b3dc-d65dd9fa2207",
      "geometry": {
        "type": "Point",
        "coordinates": [
          -83.61468894,
          42.9892509
        ]
      },
      "properties": {
        "name": "Neirink Steven J DPM",
        "category": "Health & Medical",
        "address": "3014 S Genesee Rd, Burton, MI 48519-1420",
        "phone": "+18107152500",
        "website": "http://www.stevenjneirink.com/"
      }
    },
    {
      "type": "Feature",
      "id": "overture:caf682a6-361d-437a-b503-f95bf9d92b38",
      "geometry": {
        "type": "Point",
        "coordinates": [
          -83.63373350273382,
          43.01237998191703
        ]
      },
      "properties": {
        "name": "Alpha & Omega CPL & Personal Protection Training",
        "category": "Education",
        "address": "1235 S Center Rd, Burton, MI 48509-1700",
        "phone": "+18106259003",
        "website": "http://Www.alphaomegacpl.com/"
      }
    },
    {
      "type": "Feature",
      "id": "overture:cc1c2520-806f-49f2-a0b4-8cc8c7f118c6",
      "geometry": {
        "type": "Point",
        "coordinates": [
          -83.65303372,
          42.96151148
        ]
      },
      "properties": {
        "name": "Autism Support and Resource Center",
        "category": "Community Services",
        "address": "G4476 S Dort Hwy, Burton, MI 48529-1806",
        "phone": "+18107425404",
        "website": "https://bio.site/garrettsplacelsc"
      }
    },
    {
      "type": "Feature",
      "id": "overture:cd02608f-358a-4d61-90b7-a646075b12e7",
      "geometry": {
        "type": "Point",
        "coordinates": [
          -83.63545,
          42.98096
        ]
      },
      "properties": {
        "name": "Brielle’s Learning Palace",
        "category": "Education",
        "address": "3300 S Center Rd, Burton, MI 48519-1458",
        "phone": "+18108203652"
      }
    },
    {
      "type": "Feature",
      "id": "overture:cdc8b6f4-b813-4be8-8808-a6b9622e906e",
      "geometry": {
        "type": "Point",
        "coordinates": [
          -83.63406126,
          43.00725898
        ]
      },
      "properties": {
        "name": "Manilal O. Mewada, MD",
        "category": "Health & Medical",
        "address": "4001 Walli Strasse Dr, Burton, MI 48509-1729",
        "phone": "+18107435400",
        "website": "http://www.mewadaobgyn.com/"
      }
    },
    {
      "type": "Feature",
      "id": "overture:cdeb113a-f6cb-48ac-8b0d-47da49a89eaa",
      "geometry": {
        "type": "Point",
        "coordinates": [
          -83.634606,
          43.031161
        ]
      },
      "properties": {
        "name": "Henry Ford Family Medicine - Burton",
        "category": "Professional & Personal Services",
        "address": "1460 N Center Rd, Burton, MI 48509",
        "phone": "8107154300",
        "website": "https://www.henryford.com/locations/family-medicine-burton?utm_campaign=website-link&utm_medium=organic&utm_source=local-listing"
      }
    },
    {
      "type": "Feature",
      "id": "overture:ce1d1260-a25d-4455-b7e4-8ef820c88f21",
      "geometry": {
        "type": "Point",
        "coordinates": [
          -83.645799,
          42.975275
        ]
      },
      "properties": {
        "name": "Tiger Auto Parts",
        "category": "Professional & Personal Services",
        "address": "Burton, MI",
        "phone": "+18107434473",
        "website": "http://www.tigerautosalvagellc.com/"
      }
    },
    {
      "type": "Feature",
      "id": "overture:ce96a4f2-c590-4b67-8aaa-342162146bcd",
      "geometry": {
        "type": "Point",
        "coordinates": [
          -83.67924646,
          42.97369042
        ]
      },
      "properties": {
        "name": "CNA Life Training Center",
        "category": "Education",
        "address": "1358 E Bristol Rd, Burton, MI 48529-2212",
        "phone": "+18103489540",
        "website": "http://cnalifetrainingcenter.com/"
      }
    },
    {
      "type": "Feature",
      "id": "overture:cea2eafc-3396-49ab-b6f3-eba813c2d147",
      "geometry": {
        "type": "Point",
        "coordinates": [
          -83.61726494,
          43.03346144
        ]
      },
      "properties": {
        "name": "Church and Sons Auto Repair",
        "category": "Automotive",
        "address": "4499 Davison Rd, Burton, MI 48509-1409",
        "phone": "+18107429209",
        "website": "http://www.churchandsons.com/"
      }
    },
    {
      "type": "Feature",
      "id": "overture:cee11d87-1578-44ef-8e3d-0baf4a3e7969",
      "geometry": {
        "type": "Point",
        "coordinates": [
          -83.62917192,
          42.96571682
        ]
      },
      "properties": {
        "name": "Child's World Preschool and Day Care",
        "category": "Education",
        "address": "4104 Manor Dr, Grand Blanc, MI 48439-7974",
        "phone": "+18107428400",
        "website": "http://www.childsworlddaycare.com/"
      }
    },
    {
      "type": "Feature",
      "id": "overture:cf2a25a3-babb-43a7-a1be-66b6be352ef9",
      "geometry": {
        "type": "Point",
        "coordinates": [
          -83.69208,
          42.973272
        ]
      },
      "properties": {
        "name": "Western Union",
        "category": "Financial",
        "address": "G4033 Fenton Rd, Burton, MI 48529",
        "phone": "8102394626",
        "website": "http://locations.westernunion.com/us/mi/burton/e91392857ba658a54401917c2acbb414?utm_source=bing&utm_medium=distrib&utm_campaign=bing-distrib"
      }
    },
    {
      "type": "Feature",
      "id": "overture:cf790009-9558-464c-a28c-bfb8caa0074f",
      "geometry": {
        "type": "Point",
        "coordinates": [
          -83.593944,
          42.965386
        ]
      },
      "properties": {
        "name": "All Area Moving",
        "category": "Automotive",
        "address": "4370 S Belsay Rd, Burton, MI 48519",
        "phone": "8106106990",
        "website": "http://www.allareamovingcompany.com/"
      }
    },
    {
      "type": "Feature",
      "id": "overture:cf9e6d3b-dde6-4d48-9c3a-d9d32add7e66",
      "geometry": {
        "type": "Point",
        "coordinates": [
          -83.626199,
          43.01913
        ]
      },
      "properties": {
        "name": "Tool & Truck Rental at The Home Depot",
        "category": "Automotive",
        "address": "4245 E Court St, Burton, MI 48509",
        "phone": "8107152400",
        "website": "https://www.homedepot.com/l/Burton/MI/Burton/48509/2717/rentals?emt=TRCLLBing"
      }
    },
    {
      "type": "Feature",
      "id": "overture:cfbf0909-702a-43b5-be92-9b30743af96c",
      "geometry": {
        "type": "Point",
        "coordinates": [
          -83.61262975,
          43.01951614
        ]
      },
      "properties": {
        "name": "AJ Importing LLC",
        "category": "Professional & Personal Services",
        "address": "5053 E Court St N, Burton, MI 48509-1542",
        "phone": "+18102592933",
        "website": "http://ajimporting.com"
      }
    },
    {
      "type": "Feature",
      "id": "overture:d04b4bff-1963-40c2-a9b8-1c479af3577b",
      "geometry": {
        "type": "Point",
        "coordinates": [
          -83.62692252287489,
          43.0032868050901
        ]
      },
      "properties": {
        "name": "C & R Lawn Care & Snow Removal",
        "category": "Professional & Personal Services",
        "address": "4200 Lippincott Blvd, Burton, MI 48519",
        "phone": "(810) 625-7369",
        "website": "http://www.lawncare-michigan.com"
      }
    },
    {
      "type": "Feature",
      "id": "overture:d098ef1c-27d4-4cb0-99fd-bc697f5b1a00",
      "geometry": {
        "type": "Point",
        "coordinates": [
          -83.631545,
          43.010629
        ]
      },
      "properties": {
        "name": "Empowerment Professionals PC",
        "category": "Health & Medical",
        "address": "4085 Lapeer Rd, Burton, MI 48509-1707",
        "phone": "+18107717732",
        "website": "http://empowerment-pro.net/"
      }
    },
    {
      "type": "Feature",
      "id": "overture:d103a398-1a79-4821-940a-4b02aa8f943f",
      "geometry": {
        "type": "Point",
        "coordinates": [
          -83.60055739,
          43.031271
        ]
      },
      "properties": {
        "name": "Mallard Ponds Condominiums",
        "category": "Arts & Entertainment",
        "address": "Pintail Ct, Burton, MI 48509",
        "phone": "+18107155300"
      }
    },
    {
      "type": "Feature",
      "id": "overture:d14792bb-9c79-44b9-8f81-bca2c7964082",
      "geometry": {
        "type": "Point",
        "coordinates": [
          -83.675468982085,
          42.968327903583
        ]
      },
      "properties": {
        "name": "Big John",
        "category": "Dining",
        "address": "3301-3799 S Dort Hwy, Burton, MI 48529"
      }
    },
    {
      "type": "Feature",
      "id": "overture:d1497c1c-3aed-447f-b822-a551c5c3e444",
      "geometry": {
        "type": "Point",
        "coordinates": [
          -83.59159763346744,
          43.02325508076985
        ]
      },
      "properties": {
        "name": "Bentley Junior High School",
        "category": "Education",
        "address": "1180 N Belsay Rd, Burton, MI 48509-1659",
        "phone": "+18105919046",
        "website": "http://www.bentleyschools.org/cms/One.aspx?portalId=5347859&pageId=5576048"
      }
    },
    {
      "type": "Feature",
      "id": "overture:d14f0427-0b5e-49f4-bf77-2c2c5163f587",
      "geometry": {
        "type": "Point",
        "coordinates": [
          -83.62591625,
          42.99010034
        ]
      },
      "properties": {
        "name": "Green Pine Acres Apartments",
        "category": "Arts & Entertainment",
        "address": "2486 Green Pine Dr, Burton, MI 48519-1180",
        "phone": "+18107441019",
        "website": "http://davisoncreekwood.com"
      }
    },
    {
      "type": "Feature",
      "id": "overture:d17ed4d8-1316-41c7-80ec-a78a71f87173",
      "geometry": {
        "type": "Point",
        "coordinates": [
          -83.59671188,
          43.03436634
        ]
      },
      "properties": {
        "name": "Ink Asylum Tattoo Co.",
        "category": "Professional & Personal Services",
        "address": "5515 Davison Rd, Burton, MI 48509-1555",
        "phone": "+18106184179",
        "website": "http://instagram.com/elos.studios"
      }
    },
    {
      "type": "Feature",
      "id": "overture:d19d45ba-25c4-4051-bba1-d4cb6170370c",
      "geometry": {
        "type": "Point",
        "coordinates": [
          -83.67326144,
          42.97610516
        ]
      },
      "properties": {
        "name": "Delta Tire Auto Repair LLC",
        "category": "Automotive",
        "address": "G3476 S Saginaw St, Burton, MI 48529-1222",
        "phone": "+18107432666",
        "website": "http://deltatireusa.net/"
      }
    },
    {
      "type": "Feature",
      "id": "overture:d1a1102e-ebd1-443e-89ab-b68348c7b5b1",
      "geometry": {
        "type": "Point",
        "coordinates": [
          -83.632281,
          43.019411
        ]
      },
      "properties": {
        "name": "H&R Block",
        "category": "Financial",
        "address": "4159 E Court St, Burton, MI 48509",
        "phone": "8107150601",
        "website": "https://www.hrblock.com/tax-office-near-me/michigan/burton/21391/?otppartnerid=9308&campaignid=pw_mcm_9308_9765"
      }
    },
    {
      "type": "Feature",
      "id": "overture:d2406538-0e23-4dcb-a752-829466263296",
      "geometry": {
        "type": "Point",
        "coordinates": [
          -83.6147458,
          43.01028128
        ]
      },
      "properties": {
        "name": "Lapeer Road Market",
        "category": "Grocery & Food",
        "address": "5006 Lapeer Rd, Burton, MI 48509-2018",
        "phone": "+18107431348",
        "website": "https://www.bytefederal.com/bitcoin-atm-near-me/michigan/burton/3031?src=map&y_source=1_MTA4ODE2NTg1Mi00ODMtbG9jYXRpb24ud2Vic2l0ZQ%3D%3D"
      }
    },
    {
      "type": "Feature",
      "id": "overture:d30b590a-613d-4794-aa92-052cdee3d88f",
      "geometry": {
        "type": "Point",
        "coordinates": [
          -83.68058491,
          42.97410747
        ]
      },
      "properties": {
        "name": "Huntington Bank ATM",
        "category": "Financial",
        "address": "1318 E Bristol Rd, Burton, MI 48529-2212",
        "phone": "+18004802265",
        "website": "https://www.huntington.com/Community/branch-info?locationId=20830&cmpid=seo%3Alocal_listings%3Abranch_info%3Ana"
      }
    },
    {
      "type": "Feature",
      "id": "overture:d3533d9f-feaa-456e-9cc7-4c80e8694518",
      "geometry": {
        "type": "Point",
        "coordinates": [
          -83.68332964724009,
          42.977444415108145
        ]
      },
      "properties": {
        "name": "Genesee District Library/Baker Park Location",
        "category": "Community Services",
        "address": "1150 South Grand Traverse Street, Burton, MI 48529",
        "phone": "(810) 742-7860",
        "website": "http://www.thegdl.org/branches/bp"
      }
    },
    {
      "type": "Feature",
      "id": "overture:d3897e6c-940c-4b09-bb11-cb65e0cdd917",
      "geometry": {
        "type": "Point",
        "coordinates": [
          -83.65342676,
          42.97597345
        ]
      },
      "properties": {
        "name": "Grand Blanc Cement Products",
        "category": "Professional & Personal Services",
        "address": "G3478 S Dort Hwy, Burton, MI 48529-1438",
        "phone": "+18107425500",
        "website": "http://www.grandblanccement.com"
      }
    },
    {
      "type": "Feature",
      "id": "overture:d3e412c7-2d63-4876-95e4-99d770ac4a5e",
      "geometry": {
        "type": "Point",
        "coordinates": [
          -83.63395942,
          43.00492682
        ]
      },
      "properties": {
        "name": "Burton Primary Care",
        "category": "Professional & Personal Services",
        "address": "1501 S Center Rd, Burton, MI 48509-1731",
        "phone": "+18107804490",
        "website": "https://burtonprimarycare.com/"
      }
    },
    {
      "type": "Feature",
      "id": "overture:d403fb69-4fed-4b89-ad3a-fbf8ffdae1cb",
      "geometry": {
        "type": "Point",
        "coordinates": [
          -83.67242264,
          42.97031676
        ]
      },
      "properties": {
        "name": "New Beginnings Salon",
        "category": "Professional & Personal Services",
        "address": "G4150 S Saginaw St, Burton, MI 48529-1651",
        "phone": "+18107442280"
      }
    },
    {
      "type": "Feature",
      "id": "overture:d45c36b5-074e-464f-8622-6bc6ab27a9d0",
      "geometry": {
        "type": "Point",
        "coordinates": [
          -83.6008901,
          43.0223071
        ]
      },
      "properties": {
        "name": "Redbox",
        "category": "Professional & Personal Services",
        "address": "5323 E Court St N, Burton, MI 48509",
        "phone": "8667332693"
      }
    },
    {
      "type": "Feature",
      "id": "overture:d4b51c03-161b-46b6-be55-4e3119bd46b0",
      "geometry": {
        "type": "Point",
        "coordinates": [
          -83.59862392,
          43.03243393
        ]
      },
      "properties": {
        "name": "Extra Space Storage",
        "category": "Professional & Personal Services",
        "address": "5350 Davison Rd, Burton, MI 48509",
        "phone": "8102617224",
        "website": "https://www.extraspace.com/storage/facilities/us/michigan/burton/6462/?cid=org::ld::yext&utm_source=yext&utm_medium=referral&utm_campaign=org::ld::yext"
      }
    },
    {
      "type": "Feature",
      "id": "overture:d523b97c-90fc-4fd3-823b-5c72ebbaa0bd",
      "geometry": {
        "type": "Point",
        "coordinates": [
          -83.59780321,
          43.01073427
        ]
      },
      "properties": {
        "name": "Mid-Michigan Muffler and Brakes",
        "category": "Automotive",
        "address": "5460 Lapeer Rd, Burton, MI 48509-2234",
        "phone": "+18107682500",
        "website": "http://www.midmichiganmufflerandbrakes.com/"
      }
    },
    {
      "type": "Feature",
      "id": "overture:d54c54a6-36c8-42d7-ba69-2f2ab7f3ab99",
      "geometry": {
        "type": "Point",
        "coordinates": [
          -83.63383916,
          42.99854215
        ]
      },
      "properties": {
        "name": "Cyclone Car Wash",
        "category": "Automotive",
        "address": "2201 S Center Rd, Burton, MI 48519-1149",
        "phone": "+18107432260",
        "website": "http://www.cyclonecarwashes.com"
      }
    },
    {
      "type": "Feature",
      "id": "overture:d5571c23-aa1f-46c4-8473-f4cd1b4e00c1",
      "geometry": {
        "type": "Point",
        "coordinates": [
          -83.59604775,
          43.01081636
        ]
      },
      "properties": {
        "name": "Foremost Accounting & Tax Services",
        "category": "Professional & Personal Services",
        "address": "5504 Lapeer Rd, Burton, MI 48509-2236",
        "phone": "+18108759714"
      }
    },
    {
      "type": "Feature",
      "id": "overture:d59d8dfe-3dea-4ce6-84ed-18333f70687a",
      "geometry": {
        "type": "Point",
        "coordinates": [
          -83.5979021,
          43.0230063
        ]
      },
      "properties": {
        "name": "Volunteers Of America Thrift Store - Burton",
        "category": "Retail & Shopping",
        "address": "1135 N Belsay Rd, Burton, MI 48509-1653",
        "phone": "18102230420",
        "website": "https://www.voami.org"
      }
    },
    {
      "type": "Feature",
      "id": "overture:d5e07853-8ab8-4ef7-b9f2-df1f78055867",
      "geometry": {
        "type": "Point",
        "coordinates": [
          -83.66755795,
          42.96034542
        ]
      },
      "properties": {
        "name": "North Sea Chinese Restaurant",
        "category": "Dining",
        "address": "G4549 S Saginaw St, Burton, MI 48529-2016",
        "phone": "+18107442140"
      }
    },
    {
      "type": "Feature",
      "id": "overture:d5f558c9-0b98-46a5-91df-c00456d9c359",
      "geometry": {
        "type": "Point",
        "coordinates": [
          -83.6088208,
          43.0198909
        ]
      },
      "properties": {
        "name": "Harvest Financial Group Burton",
        "category": "Professional & Personal Services",
        "address": "5161 E Court St N, Burton, MI 48509",
        "phone": "8107444450"
      }
    },
    {
      "type": "Feature",
      "id": "overture:d618c034-e540-4861-b7db-1e119708871a",
      "geometry": {
        "type": "Point",
        "coordinates": [
          -83.65019295,
          42.96175853
        ]
      },
      "properties": {
        "name": "Clean Harbors Environmental",
        "category": "Professional & Personal Services",
        "address": "4475 Dort Hwy, Burton, MI 48529",
        "phone": "+18107152700",
        "website": "http://www.cleanharbors.com/"
      }
    },
    {
      "type": "Feature",
      "id": "overture:d63b2c81-241f-4d57-8162-0da9bf0b040a",
      "geometry": {
        "type": "Point",
        "coordinates": [
          -83.63416053,
          43.00550871
        ]
      },
      "properties": {
        "name": "Alpine Animal Hospital",
        "category": "Professional & Personal Services",
        "address": "1489 S Center Rd, Burton, MI 48509-1726",
        "phone": "+18107437760",
        "website": "http://www.alpineanimalhospitalburton.com"
      }
    },
    {
      "type": "Feature",
      "id": "overture:d6518f8d-789a-407b-9815-b33c543c324c",
      "geometry": {
        "type": "Point",
        "coordinates": [
          -83.6341328,
          43.01029975
        ]
      },
      "properties": {
        "name": "GameStop",
        "category": "Retail & Shopping",
        "address": "1295 S Center Rd, Burton, MI 48509-1737",
        "phone": "+18107150308",
        "website": "https://www.gamestop.com/store/us/mi/burton/4829/center-crossing-gamestop?utm_source=gmblisting&utm_medium=organic"
      }
    },
    {
      "type": "Feature",
      "id": "overture:d6560797-9c44-4c84-9000-314145bec6e4",
      "geometry": {
        "type": "Point",
        "coordinates": [
          -83.58305763,
          43.00824997
        ]
      },
      "properties": {
        "name": "Blessed Sacrament Catholic Church",
        "category": "Faith",
        "address": "6340 Roberta St, Burton, MI 48509-2438",
        "phone": "+18107423151",
        "website": "http://blessedsacramentburton.catholicweb.com"
      }
    },
    {
      "type": "Feature",
      "id": "overture:d68dc082-c494-43f5-bd79-bb6e69c92e8b",
      "geometry": {
        "type": "Point",
        "coordinates": [
          -83.63335434333331,
          43.006502607720556
        ]
      },
      "properties": {
        "name": "Digestive Diseases",
        "category": "Professional & Personal Services",
        "address": "4050 Walli Strasse Dr, Burton, MI 48509-1727",
        "phone": "+18107430680"
      }
    },
    {
      "type": "Feature",
      "id": "overture:d6a986f3-1f4c-4a3c-b26e-5fd210e1b401",
      "geometry": {
        "type": "Point",
        "coordinates": [
          -83.63140138920774,
          43.017040659110805
        ]
      },
      "properties": {
        "name": "Sears Optical - Closed",
        "category": "Health & Medical",
        "address": "4165 E Court St, Burton, MI 48509",
        "phone": "(810) 743-1276",
        "website": "http://locations.searsoptical.com/us/mi/burton/4165-e-court-street.html"
      }
    },
    {
      "type": "Feature",
      "id": "overture:d6aeb87b-7d97-4eb9-a6d0-1e93a47fd111",
      "geometry": {
        "type": "Point",
        "coordinates": [
          -83.67192494365429,
          42.970621563021886
        ]
      },
      "properties": {
        "name": "God's Word Ministries",
        "category": "Faith",
        "address": "G 3494 S. Saginaw St., Burton, MI 48529",
        "phone": "+18102289110"
      }
    },
    {
      "type": "Feature",
      "id": "overture:d6c46a37-5788-4933-8d69-c6637ad224c6",
      "geometry": {
        "type": "Point",
        "coordinates": [
          -83.59667023613532,
          43.03440804252277
        ]
      },
      "properties": {
        "name": "Hair Cutz",
        "category": "Professional & Personal Services",
        "address": "5515 Davison Rd Ste 11, Burton, MI 48509",
        "phone": "(810) 744-9224",
        "website": "http://www.computersolutionsetc.com"
      }
    },
    {
      "type": "Feature",
      "id": "overture:d76364bf-b050-4c4c-acae-c02b204da427",
      "geometry": {
        "type": "Point",
        "coordinates": [
          -83.59346495,
          43.00413074
        ]
      },
      "properties": {
        "name": "Fun Event Group",
        "category": "Professional & Personal Services",
        "address": "6041 Surrey Ln, Burton, MI 48519-1313",
        "phone": "+18884686425",
        "website": "http://www.funeventgroup.com/"
      }
    },
    {
      "type": "Feature",
      "id": "overture:d7cbfc81-e9e2-401d-972a-69f206bfbbf9",
      "geometry": {
        "type": "Point",
        "coordinates": [
          -83.68058395,
          42.98141259
        ]
      },
      "properties": {
        "name": "Modern Bath Systems",
        "category": "Professional & Personal Services",
        "address": "1370 W Hemphill Rd, Burton, MI 48529-1205",
        "phone": "+18107423303",
        "website": "http://modernbathsystems.com/"
      }
    },
    {
      "type": "Feature",
      "id": "overture:d7fceeaa-4f8d-4fed-a7e8-9cc34a0eab1f",
      "geometry": {
        "type": "Point",
        "coordinates": [
          -83.66730048,
          42.98161541
        ]
      },
      "properties": {
        "name": "Beutler's Lawn and Garden",
        "category": "Retail & Shopping",
        "address": "2160 Hemphill Rd, Burton, MI 48529",
        "phone": "+18102858347"
      }
    },
    {
      "type": "Feature",
      "id": "overture:d81be69d-aac8-41d2-bbfc-b4863b1ed69f",
      "geometry": {
        "type": "Point",
        "coordinates": [
          -83.632439549144,
          43.030049073806
        ]
      },
      "properties": {
        "name": "CCA Processing Center",
        "category": "Professional & Personal Services",
        "address": "4134 Davison Rd, Burton, MI 48509-1455",
        "phone": "+18106403077"
      }
    },
    {
      "type": "Feature",
      "id": "overture:d8c86b2f-ada2-4a05-98d9-ce452f5a8514",
      "geometry": {
        "type": "Point",
        "coordinates": [
          -83.67139003,
          42.97430075
        ]
      },
      "properties": {
        "name": "Leather Bill",
        "category": "Retail & Shopping",
        "address": "2044 E Bristol Rd, Burton, MI 48529-1319",
        "phone": "+18107432620"
      }
    },
    {
      "type": "Feature",
      "id": "overture:d98c7d88-b462-4c28-b8cb-3a9fef922ee1",
      "geometry": {
        "type": "Point",
        "coordinates": [
          -83.63382332,
          42.97961996
        ]
      },
      "properties": {
        "name": "Oddballs Antiques",
        "category": "Retail & Shopping",
        "address": "3364 S Center Rd, Burton, MI 48519-1458",
        "phone": "+18102752403"
      }
    },
    {
      "type": "Feature",
      "id": "overture:d9938084-e593-4856-8cf2-92d4c0798a3c",
      "geometry": {
        "type": "Point",
        "coordinates": [
          -83.67234975,
          42.96976026
        ]
      },
      "properties": {
        "name": "Gracie Barra Burton",
        "category": "Arts & Entertainment",
        "address": "4168 Saginaw St, Burton, MI 48529",
        "phone": "+18106443250",
        "website": "http://graciebarraburton.com/"
      }
    },
    {
      "type": "Feature",
      "id": "overture:d99ed655-e018-4635-8ad4-46f016857acb",
      "geometry": {
        "type": "Point",
        "coordinates": [
          -83.5952839,
          43.02689968
        ]
      },
      "properties": {
        "name": "A&M Facility Services",
        "category": "Professional & Personal Services",
        "address": "1284 N Belsay Rd, Burton, MI 48509-1660",
        "phone": "+18106186368",
        "website": "http://www.amfacilityservicesmi.com/"
      }
    },
    {
      "type": "Feature",
      "id": "overture:da8e8e83-28ed-4c4b-8a84-69f7cdba697e",
      "geometry": {
        "type": "Point",
        "coordinates": [
          -83.6496734619141,
          42.9758071899414
        ]
      },
      "properties": {
        "name": "bowen electric",
        "category": "Professional & Personal Services",
        "address": "3089 E Bristol Rd Ste 1D, Burton, MI 48529",
        "phone": "8104077205"
      }
    },
    {
      "type": "Feature",
      "id": "overture:daa603ff-eb7e-41b2-a17c-1a817e480d54",
      "geometry": {
        "type": "Point",
        "coordinates": [
          -83.57745494,
          42.99058123
        ]
      },
      "properties": {
        "name": "Owl Star Stampers",
        "category": "Professional & Personal Services",
        "address": "6451 E Atherton Rd, Burton, MI 48519-1609",
        "phone": "+18102551121",
        "website": "https://www.amazon.com/shop/owlstarstampers"
      }
    },
    {
      "type": "Feature",
      "id": "overture:daa98e7c-d937-4494-9793-4d0618793bc2",
      "geometry": {
        "type": "Point",
        "coordinates": [
          -83.65512605,
          42.97517054
        ]
      },
      "properties": {
        "name": "Automotive Specialist LLC",
        "category": "Automotive",
        "address": "2478 E Bristol Rd, Burton, MI 48529-1325",
        "phone": "+18102217628",
        "website": "https://automotivespecialistllc.com/"
      }
    },
    {
      "type": "Feature",
      "id": "overture:dabc75e3-91cc-4316-aa7f-75f27727d44f",
      "geometry": {
        "type": "Point",
        "coordinates": [
          -83.6152725,
          43.0150909
        ]
      },
      "properties": {
        "name": "Little Leaders Preschool & Daycare",
        "category": "Education",
        "address": "1114 S Genesee Rd, Burton, MI 48509-1822",
        "phone": "+18107433110",
        "website": "http://geneseechristianschool.com/age-groups/#littleleaders"
      }
    },
    {
      "type": "Feature",
      "id": "overture:dae42a1f-2a79-4dd6-9cea-833d27e9724f",
      "geometry": {
        "type": "Point",
        "coordinates": [
          -83.6722685,
          42.9747587
        ]
      },
      "properties": {
        "name": "Juliette Perzhinsky, MD",
        "category": "Health & Medical",
        "address": "3525 N Saginaw St, Flint, MI 48505",
        "phone": "8102150261",
        "website": "https://www.oakstreethealth.com/doctors/dr-juliette-perzhinsky-md?utm_source=listings&utm_vpf=rep"
      }
    },
    {
      "type": "Feature",
      "id": "overture:daf46bc3-2a59-4532-85cb-177afef9e625",
      "geometry": {
        "type": "Point",
        "coordinates": [
          -83.645772,
          42.97597
        ]
      },
      "properties": {
        "name": "Tiger Motors Llc",
        "category": "Automotive",
        "address": "3195 E Bristol Rd, Burton, MI 48529-1411",
        "phone": "8107441200"
      }
    },
    {
      "type": "Feature",
      "id": "overture:daff2e78-c048-4121-a381-5404e73067d9",
      "geometry": {
        "type": "Point",
        "coordinates": [
          -83.63376388,
          43.01252844
        ]
      },
      "properties": {
        "name": "Doctors of Physical Therapy",
        "category": "Health & Medical",
        "address": "1235 S Center Rd, Burton, MI 48509-1700",
        "phone": "+18107438820",
        "website": "http://www.drsofpt.com/"
      }
    },
    {
      "type": "Feature",
      "id": "overture:db2b25d1-eeae-49fe-9586-35acab3e6674",
      "geometry": {
        "type": "Point",
        "coordinates": [
          -83.57689732,
          42.98998727
        ]
      },
      "properties": {
        "name": "Atherton Road Sales & Service",
        "category": "Professional & Personal Services",
        "address": "6468 E Atherton Rd, Burton, MI 48519-1681",
        "phone": "+18107437776",
        "website": "https://www.athertonroad.com/"
      }
    },
    {
      "type": "Feature",
      "id": "overture:dbc003c5-d4e9-4a18-9845-6c4e80301774",
      "geometry": {
        "type": "Point",
        "coordinates": [
          -83.65258447,
          42.98885301
        ]
      },
      "properties": {
        "name": "Burton Pharmacy",
        "category": "Health & Medical",
        "address": "3020 E Atherton Rd, Burton, MI 48529-1002",
        "phone": "+18108888004",
        "website": "https://www.myburtonpharmacy.com/"
      }
    },
    {
      "type": "Feature",
      "id": "overture:dbec49b8-2326-4ae3-a1a0-ec43c9bf15a3",
      "geometry": {
        "type": "Point",
        "coordinates": [
          -83.6029815,
          43.01071607
        ]
      },
      "properties": {
        "name": "Circle of Friends Child Care Center",
        "category": "Education",
        "address": "5318 Lapeer Rd, Burton, MI 48509-2226",
        "phone": "+18106201971"
      }
    },
    {
      "type": "Feature",
      "id": "overture:dbf4ad89-539d-4f9b-a113-ff1d90e6bafa",
      "geometry": {
        "type": "Point",
        "coordinates": [
          -83.5967357,
          43.0344021
        ]
      },
      "properties": {
        "name": "Pool Service Specialist",
        "category": "Retail & Shopping",
        "address": "5515 Davison Rd, Burton, MI 48509-1555",
        "phone": "18107804998",
        "website": "https://poolservicespecialist.com"
      }
    },
    {
      "type": "Feature",
      "id": "overture:dc3c05fd-30d2-4995-a852-4bb14b8d56e4",
      "geometry": {
        "type": "Point",
        "coordinates": [
          -83.5962497,
          43.01104633
        ]
      },
      "properties": {
        "name": "King Cycle",
        "category": "Automotive",
        "address": "5501 Lapeer Rd, Burton, MI 48509-2237",
        "phone": "+18102684653"
      }
    },
    {
      "type": "Feature",
      "id": "overture:dcc3c50b-3bb5-4d0c-80fe-29a32aa7ba08",
      "geometry": {
        "type": "Point",
        "coordinates": [
          -83.63345871521784,
          43.01069701571344
        ]
      },
      "properties": {
        "name": "Comfort Keepers of Genesee County",
        "category": "Health & Medical",
        "address": "4029 Lapeer Rd, Burton, MI 48509",
        "phone": "(810) 249-2561",
        "website": "http://burton-163.comfortkeepers.com"
      }
    },
    {
      "type": "Feature",
      "id": "overture:dd77da78-47ac-48b9-8bb9-ac16410070da",
      "geometry": {
        "type": "Point",
        "coordinates": [
          -83.65274055,
          42.97719345
        ]
      },
      "properties": {
        "name": "Price Used Cars & Parts",
        "category": "Automotive",
        "address": "G3437 S Dort Hwy, Burton, MI 48529-1417",
        "phone": "+18103217278",
        "website": "http://priceautomi.com/"
      }
    },
    {
      "type": "Feature",
      "id": "overture:dd8ba7ca-d60f-4eaa-b4c5-fef0d4b00949",
      "geometry": {
        "type": "Point",
        "coordinates": [
          -83.6112,
          43.02943
        ]
      },
      "properties": {
        "name": "Cambridge Diet Health Center",
        "category": "Professional & Personal Services",
        "address": "1382 Ives Ave, Burton, MI 48509-1531",
        "phone": "+18002576564",
        "website": "http://ecambridgediet.com/"
      }
    },
    {
      "type": "Feature",
      "id": "overture:dda088a9-0b79-497b-92e9-11ed8ff09ba4",
      "geometry": {
        "type": "Point",
        "coordinates": [
          -83.680526,
          42.97393
        ]
      },
      "properties": {
        "name": "I-475",
        "category": "Financial",
        "address": "1318 E Bristol Rd, Burton, MI 48529",
        "website": "https://www.huntington.com/Community/branch-info?locationId=20830"
      }
    },
    {
      "type": "Feature",
      "id": "overture:de0c4429-2924-4964-bfc9-6d6688de9d48",
      "geometry": {
        "type": "Point",
        "coordinates": [
          -83.63118351110026,
          42.99339037019529
        ]
      },
      "properties": {
        "name": "H&R Block",
        "category": "Professional & Personal Services",
        "address": "G3021 S Dort Hwy, Burton, MI 48529",
        "phone": "(810) 744-0370",
        "website": "https://www.hrblock.com"
      }
    },
    {
      "type": "Feature",
      "id": "overture:df0fcbff-13c0-42b5-ac0b-54d73d598c64",
      "geometry": {
        "type": "Point",
        "coordinates": [
          -83.63420686,
          43.00291511
        ]
      },
      "properties": {
        "name": "Family Care Plus Physical Therapy & Wellness",
        "category": "Health & Medical",
        "address": "2037 S Center Rd, Burton, MI 48509",
        "phone": "+18107437950",
        "website": "http://www.familycarepluspt.com/"
      }
    },
    {
      "type": "Feature",
      "id": "overture:df5212e3-b8d3-4879-82fe-b38845269e1d",
      "geometry": {
        "type": "Point",
        "coordinates": [
          -83.65291743,
          42.9853066
        ]
      },
      "properties": {
        "name": "There and Back Again Toys",
        "category": "Retail & Shopping",
        "address": "3147 S Dort Hwy, Burton, MI 48507"
      }
    },
    {
      "type": "Feature",
      "id": "overture:dfd21bd9-4e84-402f-9122-c0cd604a9e6d",
      "geometry": {
        "type": "Point",
        "coordinates": [
          -83.59492663,
          42.98995654
        ]
      },
      "properties": {
        "name": "Sweet Afterthoughts",
        "category": "Grocery & Food",
        "address": "5518 E Atherton Rd, Burton, MI 48519-1560",
        "phone": "+18106609001",
        "website": "http://sweetafterthoughts.square.site/"
      }
    },
    {
      "type": "Feature",
      "id": "overture:e01d11e5-b456-4b50-9506-dda940586ea1",
      "geometry": {
        "type": "Point",
        "coordinates": [
          -83.67305313657734,
          42.97552680796038
        ]
      },
      "properties": {
        "name": "Team Force Academy",
        "category": "Arts & Entertainment",
        "address": "G-3494 S Saginaw St, Burton, MI 48529",
        "phone": "+18107305540",
        "website": "http://teamforceacademyflint.com/"
      }
    },
    {
      "type": "Feature",
      "id": "overture:e03a4fbc-930e-42cd-9717-a9e1a0af699f",
      "geometry": {
        "type": "Point",
        "coordinates": [
          -83.62794,
          43.0189
        ]
      },
      "properties": {
        "name": "Sprint Store",
        "category": "Retail & Shopping",
        "address": "4163 E Ct, Burton, MI 48509",
        "phone": "8107436479",
        "website": "http://shop.sprint.com/mysprint/shop_landing.jsp?pagename=whysprint&INTNAV=ATG:HE:WS"
      }
    },
    {
      "type": "Feature",
      "id": "overture:e053a2e8-9c5a-408e-adc1-3d2111f75c07",
      "geometry": {
        "type": "Point",
        "coordinates": [
          -83.63236397,
          43.03286016
        ]
      },
      "properties": {
        "name": "Inspire Canna Co",
        "category": "Health & Medical",
        "address": "4086 Davison Rd, Burton, MI 48509-1457",
        "phone": "+18108207696",
        "website": "http://inspirecannaco.com/"
      }
    },
    {
      "type": "Feature",
      "id": "overture:e080a1a1-afb6-4da4-8810-963e54610c4b",
      "geometry": {
        "type": "Point",
        "coordinates": [
          -83.65240668,
          42.97323216
        ]
      },
      "properties": {
        "name": "Ideal Transportation",
        "category": "Professional & Personal Services",
        "address": "G4040 S Dort Hwy, Burton, MI 48529-1812",
        "phone": "+18102657732",
        "website": "http://idealtransportation.com"
      }
    },
    {
      "type": "Feature",
      "id": "overture:e090c842-09f5-4215-92f1-4a4d402d587a",
      "geometry": {
        "type": "Point",
        "coordinates": [
          -83.61603466,
          43.01836687
        ]
      },
      "properties": {
        "name": "Crystal Peterfi Real Estate Agent",
        "category": "Professional & Personal Services",
        "address": "4500 E Court St, Burton, MI 48509-1820",
        "phone": "+18105150187"
      }
    },
    {
      "type": "Feature",
      "id": "overture:e14648dd-89a8-4269-ba9f-b6e8aba248c2",
      "geometry": {
        "type": "Point",
        "coordinates": [
          -83.62506959,
          43.01895019
        ]
      },
      "properties": {
        "name": "Quality Rental Homes and Property Management",
        "category": "Professional & Personal Services",
        "address": "4265 E Court St, Burton, MI 48509-1719",
        "phone": "+18107444333",
        "website": "http://www.granthamadyrealtors.com/"
      }
    },
    {
      "type": "Feature",
      "id": "overture:e14e8d11-546f-4ab8-84e8-25dbbc6733fd",
      "geometry": {
        "type": "Point",
        "coordinates": [
          -83.5944271,
          43.0230864
        ]
      },
      "properties": {
        "name": "MARA FIRST CHOICE TWO INC",
        "category": "Automotive",
        "address": "1138 N BELSAY RD, BURTON, MI 48509"
      }
    },
    {
      "type": "Feature",
      "id": "overture:e153d645-fd8d-456c-bd48-4a5ae6dcce3e",
      "geometry": {
        "type": "Point",
        "coordinates": [
          -83.59783,
          43.010540999999996
        ]
      },
      "properties": {
        "name": "Dales Auto And Tire Service",
        "category": "Automotive",
        "address": "5460 Lapeer Rd, Burton, MI 48509",
        "phone": "(810) 715-0011",
        "website": "http://acdelcoau.to/x3cg"
      }
    },
    {
      "type": "Feature",
      "id": "overture:e1611d12-417a-420f-8308-9b19aeaa4b6a",
      "geometry": {
        "type": "Point",
        "coordinates": [
          -83.6393343,
          43.0040208
        ]
      },
      "properties": {
        "name": "Western Union",
        "category": "Financial",
        "address": "3386 Lippincott Blvd, Burton, MI 48519",
        "phone": "8107425320",
        "website": "https://www.westernunion.com/?utm_source=bingmaps&utm_medium=pml-yext"
      }
    },
    {
      "type": "Feature",
      "id": "overture:e1aabc1a-c374-4571-8355-75abb9dcb99c",
      "geometry": {
        "type": "Point",
        "coordinates": [
          -83.62666306,
          43.020375
        ]
      },
      "properties": {
        "name": "Media Reload",
        "category": "Retail & Shopping",
        "address": "4231 E Court St, Burton, MI 48509-1719",
        "phone": "+18107438430",
        "website": "http://www.mediareload.net/"
      }
    },
    {
      "type": "Feature",
      "id": "overture:e267d3a8-492f-4da1-9472-c4c8648d9124",
      "geometry": {
        "type": "Point",
        "coordinates": [
          -83.6728646,
          42.9752258
        ]
      },
      "properties": {
        "name": "Dollar Tree",
        "category": "Grocery & Food",
        "address": "G4007 South Saginaw St, Burton, MI 48529",
        "phone": "8105539808",
        "website": "https://locations.dollartree.com/mi/burton/g4007-south-saginaw-st"
      }
    },
    {
      "type": "Feature",
      "id": "overture:e26f7524-cde3-4731-881f-a6fa4672a576",
      "geometry": {
        "type": "Point",
        "coordinates": [
          -83.63359315,
          43.01033942
        ]
      },
      "properties": {
        "name": "Comfort Keepers Home Care",
        "category": "Health & Medical",
        "address": "4029 Lapeer Rd, Burton, MI 48509-1707",
        "phone": "+18102073770",
        "website": "https://www.comfortkeepers.com/offices/michigan/burton"
      }
    },
    {
      "type": "Feature",
      "id": "overture:e282ba16-b575-4edb-8e19-33f5383ee173",
      "geometry": {
        "type": "Point",
        "coordinates": [
          -83.63444045693943,
          42.996226624933215
        ]
      },
      "properties": {
        "name": "Fredi’s Grille And Family Restaurant",
        "category": "Dining",
        "address": "2280 S Center Rd, Burton, MI 48519",
        "phone": "(810) 742-8695",
        "website": "http://paulsconeyisland.com"
      }
    },
    {
      "type": "Feature",
      "id": "overture:e2a22c2f-0351-45d8-9053-99d494aa000e",
      "geometry": {
        "type": "Point",
        "coordinates": [
          -83.6252262,
          42.98935621
        ]
      },
      "properties": {
        "name": "Eastgate Baptist Church",
        "category": "Faith",
        "address": "4226 E Atherton Rd, Burton, MI 48519-1438",
        "phone": "+18107425600",
        "website": "http://eastgatebaptist.org/"
      }
    },
    {
      "type": "Feature",
      "id": "overture:e2bb853f-ada6-40d5-a2dc-47e765a7b292",
      "geometry": {
        "type": "Point",
        "coordinates": [
          -83.67323204,
          42.97876446
        ]
      },
      "properties": {
        "name": "Hamilton Community Health Network Burton Clinic",
        "category": "Health & Medical",
        "address": "G3375 S Saginaw St, Burton, MI 48529-1277",
        "phone": "+18104064246",
        "website": "http://www.hamiltonchn.org/"
      }
    },
    {
      "type": "Feature",
      "id": "overture:e2e62181-6a14-4ca2-95a0-bc0c99ff0659",
      "geometry": {
        "type": "Point",
        "coordinates": [
          -83.64203,
          42.9861
        ]
      },
      "properties": {
        "name": "Check 'n Go",
        "category": "Financial",
        "address": "G-3017 South Dort Hwy, Burton, MI 48529",
        "phone": "+18107155555",
        "website": "https://locations.checkngo.com/mi/burton/burton-mi-loans-5925.html"
      }
    },
    {
      "type": "Feature",
      "id": "overture:e30eaad6-2f6b-4815-9cb2-16e266c8fb80",
      "geometry": {
        "type": "Point",
        "coordinates": [
          -83.67535892679383,
          42.974069008903136
        ]
      },
      "properties": {
        "name": "Total",
        "category": "Automotive",
        "address": "1466 E Bristol Rd, Burton, MI 48529",
        "phone": "(810) 742-6031",
        "website": "http://www.total.com/en"
      }
    },
    {
      "type": "Feature",
      "id": "overture:e3735f10-8742-4beb-bb69-596749bb114e",
      "geometry": {
        "type": "Point",
        "coordinates": [
          -83.6721,
          42.9749
        ]
      },
      "properties": {
        "name": "Rite Aid",
        "category": "Health & Medical",
        "address": "G-4007 S Saginaw St, Burton, MI 48529",
        "phone": "8107427002",
        "website": "https://www.riteaid.com/store-details?storeNumber=4948"
      }
    },
    {
      "type": "Feature",
      "id": "overture:e384bd2b-a5ef-4588-82a7-fd99b2afc489",
      "geometry": {
        "type": "Point",
        "coordinates": [
          -83.63222350250302,
          43.012404892751555
        ]
      },
      "properties": {
        "name": "Faithway Christian School",
        "category": "Education",
        "address": "1225 S Center Rd, Burton, MI 48509",
        "phone": "(810) 743-0055",
        "website": "http://faithwaychristian.com"
      }
    },
    {
      "type": "Feature",
      "id": "overture:e3bc303c-93d2-4f08-85f0-682b7e523f48",
      "geometry": {
        "type": "Point",
        "coordinates": [
          -83.59645597,
          43.03449965
        ]
      },
      "properties": {
        "name": "Computer Solutions Etc.",
        "category": "Professional & Personal Services",
        "address": "5515 Davison Rd, Burton, MI 48509-1555",
        "phone": "+18107422409",
        "website": "http://computersolutionsetc.com/"
      }
    },
    {
      "type": "Feature",
      "id": "overture:e425c44d-5ace-4f4e-a3e7-0ab024827574",
      "geometry": {
        "type": "Point",
        "coordinates": [
          -83.6344293,
          42.9955531
        ]
      },
      "properties": {
        "name": "Genesee Community Health Center",
        "category": "Health & Medical",
        "address": "2298 S Center Rd, Burton, MI 48519",
        "phone": "8104965777",
        "website": "http://www.genchc.org/"
      }
    },
    {
      "type": "Feature",
      "id": "overture:e4279303-819c-4de6-a268-1ea4391e1cd3",
      "geometry": {
        "type": "Point",
        "coordinates": [
          -83.61547245,
          42.98240226
        ]
      },
      "properties": {
        "name": "Madison Academy",
        "category": "Education",
        "address": "3266 S Genesee Rd, Burton, MI 48519-1424",
        "phone": "+18108759050",
        "website": "http://www.madison-academy.org"
      }
    },
    {
      "type": "Feature",
      "id": "overture:e44eb49a-9784-4efd-ab9b-0ab519b6fc70",
      "geometry": {
        "type": "Point",
        "coordinates": [
          -83.580764,
          43.020137
        ]
      },
      "properties": {
        "name": "Miracle Twin Drive-In Theatre",
        "category": "Arts & Entertainment",
        "address": "6383 E Court St N, Burton, MI 48509-2317",
        "phone": "+18107443800"
      }
    },
    {
      "type": "Feature",
      "id": "overture:e4569993-557d-4bf9-b1d5-eb9c5c58759e",
      "geometry": {
        "type": "Point",
        "coordinates": [
          -83.6313429,
          42.9936607
        ]
      },
      "properties": {
        "name": "Western Union",
        "category": "Financial",
        "address": "G-2333 S Center Rd, Flint, MI 48519",
        "phone": "8107449709",
        "website": "https://www.westernunion.com/?utm_source=bingmaps&utm_medium=pml-yext"
      }
    },
    {
      "type": "Feature",
      "id": "overture:e4fb24c7-eeae-4563-9954-ea4bf74041af",
      "geometry": {
        "type": "Point",
        "coordinates": [
          -83.59686457,
          43.03406567
        ]
      },
      "properties": {
        "name": "Tasty Layers",
        "category": "Grocery & Food",
        "address": "5515 Davison Rd, Burton, MI 48509-1555",
        "phone": "+18107430123",
        "website": "http://tastylayers.com/"
      }
    },
    {
      "type": "Feature",
      "id": "overture:e52ce25e-5bd7-430f-9a28-16879e78fc86",
      "geometry": {
        "type": "Point",
        "coordinates": [
          -83.6160889,
          43.018219
        ]
      },
      "properties": {
        "name": "Paul Scott Attorney at Law",
        "category": "Professional & Personal Services",
        "address": "4500 E Court St, Burton, MI 48509-1820",
        "phone": "+18102657161",
        "website": "http://attorneypaulscott.com/"
      }
    },
    {
      "type": "Feature",
      "id": "overture:e59be774-72ae-41b1-8a17-b02a42005dae",
      "geometry": {
        "type": "Point",
        "coordinates": [
          -83.57761,
          43.02259
        ]
      },
      "properties": {
        "name": "Centennial Farms Manufactured Housing Community",
        "category": "Professional & Personal Services",
        "address": "1065 Peach Blossom Cir, Burton, MI 48509-2383",
        "phone": "+18107422552",
        "website": "https://centennial-farms-manufactured-hosing.hub.biz/"
      }
    },
    {
      "type": "Feature",
      "id": "overture:e5b61fe6-a44e-41d8-9743-ccb45c3e1056",
      "geometry": {
        "type": "Point",
        "coordinates": [
          -83.63001,
          43.01862
        ]
      },
      "properties": {
        "name": "NCG Cinemas",
        "category": "Arts & Entertainment",
        "address": "4190 E Court St Ste 200, Burton, MI 48509",
        "phone": "8102230241",
        "website": "https://www.ncgmovies.com/courtland/"
      }
    },
    {
      "type": "Feature",
      "id": "overture:e5d922da-f388-4dde-98d2-e94c2003a378",
      "geometry": {
        "type": "Point",
        "coordinates": [
          -83.6337,
          42.9745
        ]
      },
      "properties": {
        "name": "7-ELEVEN/SPEEDWAY #44254",
        "category": "Financial",
        "address": "3514 East Bristol Road, Burton, MI 48529",
        "website": "https://location.westernunion.com/us/mi/burton/60903e285e2ede0144db3c6c64a2984b"
      }
    },
    {
      "type": "Feature",
      "id": "overture:e63e60c0-103c-4e6f-8c4d-25c6ed1c177d",
      "geometry": {
        "type": "Point",
        "coordinates": [
          -83.67039968,
          42.96246528
        ]
      },
      "properties": {
        "name": "DeeKay's Haus of Glam LLC",
        "category": "Professional & Personal Services",
        "address": "4440 S Saginaw St, Burton, MI 48529",
        "phone": "+18104587716",
        "website": "https://glammedbydeekay.setmore.com/?utm_source=loginemail&utm_medium=bookingpage"
      }
    },
    {
      "type": "Feature",
      "id": "overture:e64235d0-053b-4cb9-bd33-848beddfc755",
      "geometry": {
        "type": "Point",
        "coordinates": [
          -83.5957,
          43.01066
        ]
      },
      "properties": {
        "name": "Lisa's Ladies Boutique",
        "category": "Retail & Shopping",
        "address": "5520 Lapeer Rd, Burton, MI 48509-2236",
        "phone": "+18107420002"
      }
    },
    {
      "type": "Feature",
      "id": "overture:e652b464-c8b1-4e32-8209-d9e7ff8bc038",
      "geometry": {
        "type": "Point",
        "coordinates": [
          -83.598757,
          43.032613
        ]
      },
      "properties": {
        "name": "Old Hobby",
        "category": "Retail & Shopping",
        "address": "5350 Davison Rd, Burton, MI 48509-1519"
      }
    },
    {
      "type": "Feature",
      "id": "overture:e6545fb6-8ead-4d58-8de6-9bce6d381a0b",
      "geometry": {
        "type": "Point",
        "coordinates": [
          -83.60823301,
          43.02097465
        ]
      },
      "properties": {
        "name": "Creekwood Dental",
        "category": "Health & Medical",
        "address": "1080 Creekwood Trl, Burton, MI 48509-1564",
        "phone": "+18107434536",
        "website": "http://www.creekwooddental.net/"
      }
    },
    {
      "type": "Feature",
      "id": "overture:e68ee909-948c-4817-af7b-6c63f1117f8a",
      "geometry": {
        "type": "Point",
        "coordinates": [
          -83.62612667,
          43.03340552
        ]
      },
      "properties": {
        "name": "Glitz and Glam Party Studio",
        "category": "Professional & Personal Services",
        "address": "4251 Davison Rd, Burton, MI 48509-1450",
        "phone": "+18103735715"
      }
    },
    {
      "type": "Feature",
      "id": "overture:e69f0bb9-7098-4cbc-9b91-0f2771738a71",
      "geometry": {
        "type": "Point",
        "coordinates": [
          -83.67318,
          42.97465
        ]
      },
      "properties": {
        "name": "Planet Oil Change of Burton",
        "category": "Automotive",
        "address": "G3520 S Saginaw St, Burton, MI 48529-1261",
        "phone": "+18107438480",
        "website": "https://planetoilchangecenters.com/?gad_source=1&gclid=Cj0KCQjwtJ6_BhDWARIsAGanmKdNXZK-jkBKZPZy4sb-1JHWGb51shvIoW1Q8N4vZ_8vNqcWkXr1FqoaAkpOEALw_wcB"
      }
    },
    {
      "type": "Feature",
      "id": "overture:e6df3300-3110-4288-a9e5-3f644ba88eeb",
      "geometry": {
        "type": "Point",
        "coordinates": [
          -83.6314134,
          43.0178027
        ]
      },
      "properties": {
        "name": "Lisa's Hair & Nails",
        "category": "Retail & Shopping",
        "address": "4190 E Court St Ste 837, Burton, MI 48509",
        "phone": "8107420002"
      }
    },
    {
      "type": "Feature",
      "id": "overture:e6eee7dc-afee-4d8d-9054-a89149fb19af",
      "geometry": {
        "type": "Point",
        "coordinates": [
          -83.669133,
          42.96078
        ]
      },
      "properties": {
        "name": "Fifth Third Bank",
        "category": "Financial",
        "address": "4512 S Saginaw St, Burton, MI 48529",
        "phone": "8107423940",
        "website": "https://www.53.com/site"
      }
    },
    {
      "type": "Feature",
      "id": "overture:e72fa9a9-7649-40ed-aabc-70ae654c095b",
      "geometry": {
        "type": "Point",
        "coordinates": [
          -83.65016391,
          42.97798876
        ]
      },
      "properties": {
        "name": "Great Lakes Tree Experts",
        "category": "Professional & Personal Services",
        "address": "3397 Warehouse Dr, Burton, MI 48529-1452",
        "phone": "+18102388733",
        "website": "http://www.greatlakestreeexperts.com/"
      }
    },
    {
      "type": "Feature",
      "id": "overture:e7468553-26c5-45f8-a459-69842deac55a",
      "geometry": {
        "type": "Point",
        "coordinates": [
          -83.63361918,
          43.03846898
        ]
      },
      "properties": {
        "name": "Dan & Sons Carpet",
        "category": "Retail & Shopping",
        "address": "4051 Risedorph St, Burton, MI 48509-1039",
        "phone": "+18106251839"
      }
    },
    {
      "type": "Feature",
      "id": "overture:e782d2a2-bad5-40fb-8554-754bbfd87d84",
      "geometry": {
        "type": "Point",
        "coordinates": [
          -83.6557427,
          42.9675721
        ]
      },
      "properties": {
        "name": "Allen Appliance Sales",
        "category": "Retail & Shopping",
        "address": "2447 E Judd Rd, Burton, MI 48529-2410",
        "phone": "18108538800",
        "website": "https://allenappliances.com"
      }
    },
    {
      "type": "Feature",
      "id": "overture:e7f548ef-1468-4469-8b66-7914dca20a94",
      "geometry": {
        "type": "Point",
        "coordinates": [
          -83.6313429,
          42.9936607
        ]
      },
      "properties": {
        "name": "Redbox",
        "category": "Professional & Personal Services",
        "address": "2333 S Center Rd, Burton, MI 48519",
        "phone": "8667332693"
      }
    },
    {
      "type": "Feature",
      "id": "overture:e84361fb-65f1-4124-b039-486a925cba6f",
      "geometry": {
        "type": "Point",
        "coordinates": [
          -83.6468643,
          42.9892468
        ]
      },
      "properties": {
        "name": "Cash2Bitcoin ATM",
        "category": "Financial",
        "address": "3174 E Atherton Rd, Burton, MI 48529",
        "phone": "8888979792",
        "website": "https://cash2bitcoin.com/locations/burton-michigan-bitcoin-atm-3886/"
      }
    },
    {
      "type": "Feature",
      "id": "overture:e8bd310f-04b7-44fb-a0ac-af7ae283128a",
      "geometry": {
        "type": "Point",
        "coordinates": [
          -83.6629333496094,
          42.974308013916
        ]
      },
      "properties": {
        "name": "Bullseye Tax Service",
        "category": "Financial",
        "address": "2258 E Bristol Rd, Burton, MI 48529",
        "phone": "8102493700"
      }
    },
    {
      "type": "Feature",
      "id": "overture:e9b4db29-6bc8-4800-a787-efbd7e9a7e3e",
      "geometry": {
        "type": "Point",
        "coordinates": [
          -83.66774,
          42.96759
        ]
      },
      "properties": {
        "name": "Faith Ministries Church",
        "category": "Faith",
        "address": "2128 E Williamson St, Burton, MI 48529-2444",
        "phone": "+18104231320"
      }
    },
    {
      "type": "Feature",
      "id": "overture:e9e97513-110f-4d6f-a86f-f4463e266564",
      "geometry": {
        "type": "Point",
        "coordinates": [
          -83.65304697885038,
          42.98804753326445
        ]
      },
      "properties": {
        "name": "Church's Chicken",
        "category": "Dining",
        "address": "3043 S. Dort Highway, Burton, MI 48529",
        "phone": "(810) 715-1725",
        "website": "http://www.churchs.com"
      }
    },
    {
      "type": "Feature",
      "id": "overture:e9f3e5bb-ae34-4faa-990a-2d67574c6697",
      "geometry": {
        "type": "Point",
        "coordinates": [
          -83.631548,
          43.017828
        ]
      },
      "properties": {
        "name": "UPS Alliance Shipping Partner",
        "category": "Professional & Personal Services",
        "address": "4190 E Court St, Burton, MI 48509",
        "phone": "8107438251",
        "website": "https://locations.ups.com/us/en/mi/burton/alliance-shipping-partner-007160.html"
      }
    },
    {
      "type": "Feature",
      "id": "overture:ea501edf-f273-4d18-94fe-1758b7a46fb0",
      "geometry": {
        "type": "Point",
        "coordinates": [
          -83.6345979,
          43.0311419
        ]
      },
      "properties": {
        "name": "Genesys Occupational Health Network",
        "category": "Health & Medical",
        "address": "1460 N Center Rd, Burton, MI 48509",
        "phone": "8107154620",
        "website": "http://www.genesys.org/LocationFinder/Details.aspx?location=22"
      }
    },
    {
      "type": "Feature",
      "id": "overture:ea55cbe8-c604-4864-8bb4-fb1fea22f7f5",
      "geometry": {
        "type": "Point",
        "coordinates": [
          -83.63458752,
          42.99148718
        ]
      },
      "properties": {
        "name": "Batteries Plus Phone Repair",
        "category": "Retail & Shopping",
        "address": "2450 S Center Rd, Burton, MI 48519-1152",
        "phone": "+18108935755",
        "website": "https://www.batteriesplus.com/store-locator/mi/burton/batteries-plus-376?utm_source=facebook&utm_medium=local&storecode=376"
      }
    },
    {
      "type": "Feature",
      "id": "overture:ea5f4024-39ad-445a-8966-dcd1745831bc",
      "geometry": {
        "type": "Point",
        "coordinates": [
          -83.59667023613532,
          43.03440804252277
        ]
      },
      "properties": {
        "name": "TCBY",
        "category": "Professional & Personal Services",
        "address": "5515 Davison Rd, Burton, MI 48509",
        "phone": "(810) 249-7302",
        "website": "http://www.tcby.com"
      }
    },
    {
      "type": "Feature",
      "id": "overture:ea799bf0-ee57-4773-b83a-dbebc5fc290e",
      "geometry": {
        "type": "Point",
        "coordinates": [
          -83.66982169,
          42.96264272
        ]
      },
      "properties": {
        "name": "Retro Replayed",
        "category": "Retail & Shopping",
        "address": "4437 Saginaw St, Burton, MI 48529",
        "phone": "+18107151479",
        "website": "https://retroreplayed.net/"
      }
    },
    {
      "type": "Feature",
      "id": "overture:eabfccd6-af70-4a4f-ab88-64aff1280732",
      "geometry": {
        "type": "Point",
        "coordinates": [
          -83.6558286,
          42.96858641
        ]
      },
      "properties": {
        "name": "MAC Transport Inc.",
        "category": "Professional & Personal Services",
        "address": "4225 Quinlan Dr, Burton, MI 48529-2311",
        "phone": "+18104244001",
        "website": "http://www.mactransport.com/"
      }
    },
    {
      "type": "Feature",
      "id": "overture:eacff41c-872e-4fa2-95ce-c1f582697de9",
      "geometry": {
        "type": "Point",
        "coordinates": [
          -83.65212082,
          42.98894144
        ]
      },
      "properties": {
        "name": "H Tech Sales & Service",
        "category": "Automotive",
        "address": "3030 E Atherton Rd, Burton, MI 48529-1036",
        "phone": "+18107716108",
        "website": "http://www.microlonproducts.com"
      }
    },
    {
      "type": "Feature",
      "id": "overture:eaf97618-447c-46b3-97b2-3eec09ea4323",
      "geometry": {
        "type": "Point",
        "coordinates": [
          -83.59662321,
          43.03432248
        ]
      },
      "properties": {
        "name": "Sacred Awakening Yoga",
        "category": "Professional & Personal Services",
        "address": "5515 Davison Rd, Burton, MI 48509-1555",
        "phone": "+18102286293",
        "website": "http://www.yoga2L.com/"
      }
    },
    {
      "type": "Feature",
      "id": "overture:eb044e40-05ed-44ca-8ae1-ea3fa4a2ac6a",
      "geometry": {
        "type": "Point",
        "coordinates": [
          -83.632131,
          43.019204
        ]
      },
      "properties": {
        "name": "I Am My Billboard",
        "category": "Arts & Entertainment",
        "address": "4067 E Court St, Burton, MI 48509-2500",
        "phone": "+18104499897",
        "website": "https://www.iammybillboard.com/"
      }
    },
    {
      "type": "Feature",
      "id": "overture:ebe2d7d2-8e48-400d-8d38-b4aba731b890",
      "geometry": {
        "type": "Point",
        "coordinates": [
          -83.59478489,
          43.01108911
        ]
      },
      "properties": {
        "name": "Smokers Palace Burton",
        "category": "Retail & Shopping",
        "address": "6007 Lapeer Rd, Burton, MI 48509-2214",
        "phone": "+18107428184"
      }
    },
    {
      "type": "Feature",
      "id": "overture:ec5285de-c5f0-4f7e-bb80-e2ad8b3e0c41",
      "geometry": {
        "type": "Point",
        "coordinates": [
          -83.67263702111333,
          42.97134328803551
        ]
      },
      "properties": {
        "name": "Flint Fabric Outlet",
        "category": "Professional & Personal Services",
        "address": "G4118 S Saginaw St, Burton, MI 48529",
        "phone": "(810) 742-5122",
        "website": "http://www.flintfabricupholstery.com"
      }
    },
    {
      "type": "Feature",
      "id": "overture:ed565ebf-2d0f-4a6c-b00f-7199957d618b",
      "geometry": {
        "type": "Point",
        "coordinates": [
          -83.67795222,
          42.97387118
        ]
      },
      "properties": {
        "name": "Keke duz Nailz",
        "category": "Professional & Personal Services",
        "address": "1390 E Bristol Rd, Burton, MI 48529-2212",
        "phone": "+18104230582",
        "website": "https://kekeduznailz.square.site/"
      }
    },
    {
      "type": "Feature",
      "id": "overture:ed8e09cb-5a60-4791-bee5-8c62a74a3dd2",
      "geometry": {
        "type": "Point",
        "coordinates": [
          -83.6302201,
          43.01710372
        ]
      },
      "properties": {
        "name": "Royal Sushi",
        "category": "Dining",
        "address": "4190 E Court St, Burton, MI 48509-1732",
        "phone": "+18108209207",
        "website": "http://royalsushi48509.com/"
      }
    },
    {
      "type": "Feature",
      "id": "overture:eeab397d-f386-4bb9-92b3-7dd78e86601a",
      "geometry": {
        "type": "Point",
        "coordinates": [
          -83.67385742,
          42.97907751
        ]
      },
      "properties": {
        "name": "N.A.D.O African Hair Braiding",
        "category": "Professional & Personal Services",
        "address": "G3364 S Saginaw St, Burton, MI 48529-1236",
        "phone": "+18108827778",
        "website": "https://trenditapp.com/booking/Nado-Hair-Braiding--A00459885"
      }
    },
    {
      "type": "Feature",
      "id": "overture:eef738ee-3ed8-4b33-9793-0093ebfc2366",
      "geometry": {
        "type": "Point",
        "coordinates": [
          -83.62969,
          43.01659
        ]
      },
      "properties": {
        "name": "Burton",
        "category": "Retail & Shopping",
        "address": "4190 East Court Street, Suite 100, Burton, MI 48509-1745",
        "website": "https://www.rossstores.com/"
      }
    },
    {
      "type": "Feature",
      "id": "overture:ef3cab81-61bf-4ad2-ab51-3ba7b966831b",
      "geometry": {
        "type": "Point",
        "coordinates": [
          -83.62974511,
          43.01908918
        ]
      },
      "properties": {
        "name": "Starlite Burger and Coney Shop",
        "category": "Dining",
        "address": "4125 E Court St, Burton, MI 48509-1717",
        "phone": "+18108202943",
        "website": "https://www.starlite2.com/"
      }
    },
    {
      "type": "Feature",
      "id": "overture:ef407ee6-0501-411c-a2e3-a12b41f868f4",
      "geometry": {
        "type": "Point",
        "coordinates": [
          -83.6925832,
          42.9599267
        ]
      },
      "properties": {
        "name": "Marathon Gas",
        "category": "Automotive",
        "address": "4508 Fenton Rd, Flint, MI 48507",
        "phone": "8102322361",
        "website": "http://mymarathonstation.com/StoreHome/139931"
      }
    },
    {
      "type": "Feature",
      "id": "overture:ef444bd8-0024-4157-938f-8f41cb5dd10b",
      "geometry": {
        "type": "Point",
        "coordinates": [
          -83.652789312855,
          42.964785153577
        ]
      },
      "properties": {
        "name": "C&A Auto Sales, L.C",
        "category": "Automotive",
        "address": "G-4232 South Dort Highway, Burton, MI 48529",
        "phone": "+12488026609"
      }
    },
    {
      "type": "Feature",
      "id": "overture:ef449853-97eb-4ff7-97eb-893450eb56f6",
      "geometry": {
        "type": "Point",
        "coordinates": [
          -83.63322448730469,
          42.99534606933594
        ]
      },
      "properties": {
        "name": "ATM ELGA Credit Union",
        "category": "Financial",
        "address": "2303 S. Center Rd., Burton, MI 48519"
      }
    },
    {
      "type": "Feature",
      "id": "overture:ef65c62d-c090-49c8-a96a-ea253ddd81f9",
      "geometry": {
        "type": "Point",
        "coordinates": [
          -83.59983122,
          43.02272693
        ]
      },
      "properties": {
        "name": "Walmart Tire Lube Express",
        "category": "Automotive",
        "address": "5323 E Court St N, Burton, MI 48509-1539",
        "phone": "+18107449430",
        "website": "https://www.walmart.com/store/2273"
      }
    },
    {
      "type": "Feature",
      "id": "overture:ef86f637-8b87-44f2-9a73-7e7a311d10ae",
      "geometry": {
        "type": "Point",
        "coordinates": [
          -83.67096348,
          42.96452225
        ]
      },
      "properties": {
        "name": "Timothy's Tractors",
        "category": "Professional & Personal Services",
        "address": "4371 Saginaw St, Burton, MI 48529",
        "phone": "+18104229206",
        "website": "http://www.timothystractors.com/"
      }
    },
    {
      "type": "Feature",
      "id": "overture:ef92d69e-348d-4291-a68c-7918e2b36383",
      "geometry": {
        "type": "Point",
        "coordinates": [
          -83.63062546,
          42.97190888
        ]
      },
      "properties": {
        "name": "Blackberry Creek Apartments",
        "category": "Arts & Entertainment",
        "address": "4140 Blackberry Creek Dr, Burton, MI 48519-1955",
        "phone": "+18107437816",
        "website": "http://www.blackberrycreekvillage.com/"
      }
    },
    {
      "type": "Feature",
      "id": "overture:ef937bc9-3e29-4279-b416-5444cf72117f",
      "geometry": {
        "type": "Point",
        "coordinates": [
          -83.59787725,
          43.03385044
        ]
      },
      "properties": {
        "name": "Today's Dental Comfort",
        "category": "Health & Medical",
        "address": "5475 Davison Rd, Burton, MI 48509-1520",
        "phone": "+18102029608",
        "website": "https://www.todaysdentalcomfort.com/"
      }
    },
    {
      "type": "Feature",
      "id": "overture:efc134c0-82e0-475d-8639-12d6dfd81e5c",
      "geometry": {
        "type": "Point",
        "coordinates": [
          -83.6337726,
          42.990136
        ]
      },
      "properties": {
        "name": "Family Video",
        "category": "Retail & Shopping",
        "address": "2510 S Center Rd, Burton, MI 48519",
        "phone": "8107422814",
        "website": "http://www.familyvideo.com/?source=places"
      }
    },
    {
      "type": "Feature",
      "id": "overture:efd7942b-9ebf-4b08-b4e0-c2d90ddf2173",
      "geometry": {
        "type": "Point",
        "coordinates": [
          -83.671987,
          42.970252
        ]
      },
      "properties": {
        "name": "Greenlight Wellness",
        "category": "Health & Medical",
        "address": "G 4440 South Saginaw St, Burton, MI 48529",
        "phone": "+18104075555",
        "website": "http://www.greenlightmmj.com/"
      }
    },
    {
      "type": "Feature",
      "id": "overture:f0659500-b45f-479f-a2a8-3d9d96a69ef2",
      "geometry": {
        "type": "Point",
        "coordinates": [
          -83.6337993,
          43.01230259
        ]
      },
      "properties": {
        "name": "Double Dragon Tang Soo Do",
        "category": "Arts & Entertainment",
        "address": "1235 S Center Rd, Burton, MI 48509-1700",
        "phone": "+18107440111",
        "website": "http://www.ddtsda.com/"
      }
    },
    {
      "type": "Feature",
      "id": "overture:f087782f-5100-43df-89aa-a7b4ce7d3833",
      "geometry": {
        "type": "Point",
        "coordinates": [
          -83.6868845,
          42.9814434
        ]
      },
      "properties": {
        "name": "Reese Veterinary Clinic",
        "category": "Health & Medical",
        "address": "G1170 E Hemphill Rd, Burton, MI 48529",
        "phone": "8107437070"
      }
    },
    {
      "type": "Feature",
      "id": "overture:f0cc9543-163f-4b4d-a419-de42c953ac06",
      "geometry": {
        "type": "Point",
        "coordinates": [
          -83.59598737,
          43.01109902
        ]
      },
      "properties": {
        "name": "Johnny's Hardware and Well Pump Service",
        "category": "Retail & Shopping",
        "address": "5507 Lapeer Rd, Burton, MI 48509-2237",
        "phone": "+18107422720"
      }
    },
    {
      "type": "Feature",
      "id": "overture:f0e7eeb6-b5fc-431a-b47e-29be25510ff7",
      "geometry": {
        "type": "Point",
        "coordinates": [
          -83.62427189,
          43.0332603
        ]
      },
      "properties": {
        "name": "CC Moto Works",
        "category": "Automotive",
        "address": "4307 Davison Rd, Burton, MI 48509-1407",
        "phone": "+18108207017"
      }
    },
    {
      "type": "Feature",
      "id": "overture:f131c404-d2d1-4596-b58d-068824ce6aaa",
      "geometry": {
        "type": "Point",
        "coordinates": [
          -83.6775645,
          42.9773754
        ]
      },
      "properties": {
        "name": "Tice's Tavern",
        "category": "Dining",
        "address": "Donovan st., Burton, MI 48529",
        "phone": "+18107721012"
      }
    },
    {
      "type": "Feature",
      "id": "overture:f19249bb-81a6-49ec-b644-9e7249585f1e",
      "geometry": {
        "type": "Point",
        "coordinates": [
          -83.6422342,
          42.970171
        ]
      },
      "properties": {
        "name": "Streeter Brothers",
        "category": "Professional & Personal Services",
        "address": "4170 Flint Asphalt Dr, Burton, MI 48529",
        "phone": "8107431399",
        "website": "http://streeterbrothersmi.com/"
      }
    },
    {
      "type": "Feature",
      "id": "overture:f1eb868e-199e-4b94-a798-5a4738063c92",
      "geometry": {
        "type": "Point",
        "coordinates": [
          -83.6014906387826,
          43.02263864903395
        ]
      },
      "properties": {
        "name": "Davi Nails",
        "category": "Professional & Personal Services",
        "address": "5323 E Court St N, Burton, MI 48509-1539",
        "phone": "+18107441455",
        "website": "http://www.davinails.com"
      }
    },
    {
      "type": "Feature",
      "id": "overture:f1ed54f4-aa17-4565-b4f6-ac305ec17a1a",
      "geometry": {
        "type": "Point",
        "coordinates": [
          -83.5961336722728,
          43.01623167783326
        ]
      },
      "properties": {
        "name": "Physycians Intergrated Physical Therapy",
        "category": "Health & Medical",
        "address": "1096 S Belsay Rd, Burton, MI 48509",
        "phone": "(810) 743-1611",
        "website": "http://www.piptrehab.com"
      }
    },
    {
      "type": "Feature",
      "id": "overture:f2d30fbc-5ca8-4fd4-ac8f-50d8b5ad60b3",
      "geometry": {
        "type": "Point",
        "coordinates": [
          -83.6097065212927,
          43.03932249364834
        ]
      },
      "properties": {
        "name": "Genesee County Parks",
        "category": "Parks & Recreation",
        "address": "2142 N Genesee Rd, Burton, MI 48509-1209",
        "phone": "+18107431335",
        "website": "https://geneseecountyparks.org/explore/for-mar-nature-preserve-and-arboretum-and-forbes-martha-merkley-visitor-center"
      }
    },
    {
      "type": "Feature",
      "id": "overture:f30167e9-e984-4c91-814b-b9381d1851d0",
      "geometry": {
        "type": "Point",
        "coordinates": [
          -83.62557377,
          42.9793041
        ]
      },
      "properties": {
        "name": "Creek Wood",
        "category": "Professional & Personal Services",
        "address": "3440 Creekside Blvd, Burton, MI 48519-2821",
        "phone": "+18107422086",
        "website": "http://www.suncommunities.com/community/creek-wood/"
      }
    },
    {
      "type": "Feature",
      "id": "overture:f3059a11-b307-448a-abb1-87ac59bf623a",
      "geometry": {
        "type": "Point",
        "coordinates": [
          -83.624116,
          43.033503
        ]
      },
      "properties": {
        "name": "MC Karate",
        "category": "Arts & Entertainment",
        "address": "4307 Davison Rd, Burton, MI 48509-1407",
        "phone": "+18102400719",
        "website": "http://www.mckarate1.com"
      }
    },
    {
      "type": "Feature",
      "id": "overture:f30653d9-bfe3-48d9-aeb8-3123190f05ae",
      "geometry": {
        "type": "Point",
        "coordinates": [
          -83.5958836,
          43.01613871
        ]
      },
      "properties": {
        "name": "Physicians Integrated Diagnostics",
        "category": "Professional & Personal Services",
        "address": "1096 S Belsay Rd, Burton, MI 48509-1948",
        "phone": "+18107150803",
        "website": "http://integratedproviders.com"
      }
    },
    {
      "type": "Feature",
      "id": "overture:f34e3925-decb-4f46-8ddf-3fb8622ab2c3",
      "geometry": {
        "type": "Point",
        "coordinates": [
          -83.69151632,
          42.97113476
        ]
      },
      "properties": {
        "name": "Restoration Church Pentecostal Church of God",
        "category": "Faith",
        "address": "4089 Fenton Rd, Burton, MI 48529-1502",
        "phone": "+18102324371"
      }
    },
    {
      "type": "Feature",
      "id": "overture:f39dce94-64dc-4051-92b9-3e0a0615c0ce",
      "geometry": {
        "type": "Point",
        "coordinates": [
          -83.61033438822211,
          43.032616300407796
        ]
      },
      "properties": {
        "name": "John Isaac",
        "category": "Health & Medical",
        "address": "5136 Davison Rd, Burton, MI 48509",
        "website": "http://www.buscemiitsolutions.com"
      }
    },
    {
      "type": "Feature",
      "id": "overture:f3cf0d4e-8c2b-4ebf-b757-4ce81f41e4d1",
      "geometry": {
        "type": "Point",
        "coordinates": [
          -83.6440344,
          42.9696731
        ]
      },
      "properties": {
        "name": "UBaked",
        "category": "Professional & Personal Services",
        "address": "3245 Card Dr, Burton, MI 48529",
        "phone": "8102920729",
        "website": "https://ubakedus.com/contact/"
      }
    },
    {
      "type": "Feature",
      "id": "overture:f3f54a16-2ddb-4bec-a267-da672337044a",
      "geometry": {
        "type": "Point",
        "coordinates": [
          -83.63470196,
          42.99112826
        ]
      },
      "properties": {
        "name": "Boost Mobile",
        "category": "Retail & Shopping",
        "address": "2456 S Center Rd, Burton, MI 48519-1152",
        "phone": "+18104404025",
        "website": "https://www.boostmobile.com/locations/bd/boost-mobile-mi-burton-2456-s-center-rd-48519?ll=1&utm_source=facebook&utm_medium=lastmile&utm_campaign=0015e00000jB9SCAA0"
      }
    },
    {
      "type": "Feature",
      "id": "overture:f3fc228c-3d16-46f2-98bc-c7b4dcf0c4e7",
      "geometry": {
        "type": "Point",
        "coordinates": [
          -83.6528852,
          42.9836943
        ]
      },
      "properties": {
        "name": "810 Auto",
        "category": "Automotive",
        "address": "G3201 S Dort Hwy, Burton, MI 48529-1013",
        "phone": "18107443433"
      }
    },
    {
      "type": "Feature",
      "id": "overture:f4fed651-64d5-4c89-a0af-275b00389a04",
      "geometry": {
        "type": "Point",
        "coordinates": [
          -83.634806,
          43.021861
        ]
      },
      "properties": {
        "name": "US Speedo Inc",
        "category": "Automotive",
        "address": "1096 N Center Rd, Burton, MI 48509",
        "phone": "8102218562",
        "website": "http://www.usspeedo.com/"
      }
    },
    {
      "type": "Feature",
      "id": "overture:f56cf95e-3b18-45e7-aade-91d0d627a425",
      "geometry": {
        "type": "Point",
        "coordinates": [
          -83.69199,
          42.96089
        ]
      },
      "properties": {
        "name": "The Sassy Hair Lady INC",
        "category": "Professional & Personal Services",
        "address": "4479 Fenton Rd, Burton, MI 48529",
        "phone": "+18109314313"
      }
    },
    {
      "type": "Feature",
      "id": "overture:f57ed416-097c-450f-8781-8beb4ee64d45",
      "geometry": {
        "type": "Point",
        "coordinates": [
          -83.68723928,
          42.97375056
        ]
      },
      "properties": {
        "name": "Animal Emergency Hospital",
        "category": "Professional & Personal Services",
        "address": "1148 E Bristol Rd, Burton, MI 48529-1127",
        "phone": "+18102387557",
        "website": "https://animalemergencyhospital.net"
      }
    },
    {
      "type": "Feature",
      "id": "overture:f59a78bb-3d55-4fa9-930a-ec60081562d4",
      "geometry": {
        "type": "Point",
        "coordinates": [
          -83.6924453,
          42.96828360000001
        ]
      },
      "properties": {
        "name": "Spoiler and Wing King",
        "category": "Automotive",
        "address": "4211 Fenton Rd, Burton, MI 48507-2448",
        "phone": "+18107339464",
        "website": "http://www.spoilerandwingking.org/"
      }
    },
    {
      "type": "Feature",
      "id": "overture:f5bbd2ca-ed9f-4a67-81d5-072fe51df062",
      "geometry": {
        "type": "Point",
        "coordinates": [
          -83.617486,
          43.023529
        ]
      },
      "properties": {
        "name": "Cross Creek Condominiums",
        "category": "Arts & Entertainment",
        "address": "4470 Cross Creek Blvd, Burton, MI 48509-1402",
        "phone": "+18107422151"
      }
    },
    {
      "type": "Feature",
      "id": "overture:f616cb02-e68c-4213-b77e-82e212b7db8b",
      "geometry": {
        "type": "Point",
        "coordinates": [
          -83.66222008,
          42.9738309
        ]
      },
      "properties": {
        "name": "Bendle Middle School",
        "category": "Education",
        "address": "2294 E Bristol Rd, Burton, MI 48529-1371",
        "phone": "+18105913385",
        "website": "http://bendleschools.org"
      }
    },
    {
      "type": "Feature",
      "id": "overture:f619b869-3d9f-48bf-8259-2eebeb66fd43",
      "geometry": {
        "type": "Point",
        "coordinates": [
          -83.685941,
          42.981177
        ]
      },
      "properties": {
        "name": "Standard Solutions Maintenance Group",
        "category": "Professional & Personal Services",
        "address": "1190 Hemphill Rd, Flint, MI 48507",
        "phone": "8104225591",
        "website": "https://standardsolutionsusa.com/"
      }
    },
    {
      "type": "Feature",
      "id": "overture:f62d7d84-baf9-4cf0-be9d-52e7bd0436e2",
      "geometry": {
        "type": "Point",
        "coordinates": [
          -83.6834,
          42.974
        ]
      },
      "properties": {
        "name": "7-ELEVEN/SPEEDWAY #44371",
        "category": "Financial",
        "address": "1258 East Bristol Road, Burton, MI 48529",
        "website": "https://location.westernunion.com/us/mi/burton/257165c5c0712e9872bfe2ad9acfa7d9"
      }
    },
    {
      "type": "Feature",
      "id": "overture:f63776e1-18fe-4139-a882-b7e328e13260",
      "geometry": {
        "type": "Point",
        "coordinates": [
          -83.63392703091405,
          43.004473839674425
        ]
      },
      "properties": {
        "name": "Razzak, Abdul MD",
        "category": "Health & Medical",
        "address": "1513 S Center Rd, Burton, MI 48509",
        "phone": "(810) 744-0660",
        "website": "http://www.genesys.org"
      }
    },
    {
      "type": "Feature",
      "id": "overture:f646357c-1896-48a9-a31e-1b23d38b7280",
      "geometry": {
        "type": "Point",
        "coordinates": [
          -83.606295,
          43.024493
        ]
      },
      "properties": {
        "name": "Colberg Radiator Inc",
        "category": "Automotive",
        "address": "4114 Davison Rd, Burton, MI 48509",
        "phone": "8102304855",
        "website": "http://www.colbergradiator.com/"
      }
    },
    {
      "type": "Feature",
      "id": "overture:f68c2de5-4906-4879-a531-86e568ecfdcf",
      "geometry": {
        "type": "Point",
        "coordinates": [
          -83.67704692,
          42.97373741
        ]
      },
      "properties": {
        "name": "Flint Baptist Temple",
        "category": "Faith",
        "address": "1430 E Bristol Rd, Burton, MI 48529-2212",
        "phone": "+18107421677",
        "website": "http://www.fbtburton.com/"
      }
    },
    {
      "type": "Feature",
      "id": "overture:f6a70bef-f05b-4c7f-b1a1-645805526a7f",
      "geometry": {
        "type": "Point",
        "coordinates": [
          -83.67278511,
          42.97286954
        ]
      },
      "properties": {
        "name": "Fast Eddie's Car Wash and Oil Change",
        "category": "Automotive",
        "address": "G4068 S Saginaw St, Burton, MI 48529-1653",
        "phone": "+18107425870",
        "website": "https://www.fasteddiescarcare.com"
      }
    },
    {
      "type": "Feature",
      "id": "overture:f73f580b-72ed-40d2-af65-9925ed363efe",
      "geometry": {
        "type": "Point",
        "coordinates": [
          -83.58875205,
          43.01144078
        ]
      },
      "properties": {
        "name": "Rommel Aquino",
        "category": "Health & Medical",
        "address": "6175 Lapeer Rd, Burton, MI 48509-2417",
        "phone": "+18107431408",
        "website": "http://integratedproviders.com"
      }
    },
    {
      "type": "Feature",
      "id": "overture:f7bbb1c0-54f6-4192-9693-30b6f356da62",
      "geometry": {
        "type": "Point",
        "coordinates": [
          -83.59475449,
          43.01654842
        ]
      },
      "properties": {
        "name": "Sparkle Buggy Car Wash",
        "category": "Automotive",
        "address": "1095 S Belsay Rd, Burton, MI 48509-1913",
        "phone": "+18107437710",
        "website": "https://sparklebuggycarwash.com"
      }
    },
    {
      "type": "Feature",
      "id": "overture:f7eaa89f-2f1d-4f32-8c2c-9ecf300d16c1",
      "geometry": {
        "type": "Point",
        "coordinates": [
          -83.63438529,
          42.9925297
        ]
      },
      "properties": {
        "name": "Convenient Family Dentistry",
        "category": "Health & Medical",
        "address": "2414 S Center Rd, Burton, MI 48519-1152",
        "phone": "+18107443388",
        "website": "https://convenientfamilydentist.com/?y_source=1_MTQwNDUxNTEtNDQwLWxvY2F0aW9uLndlYnNpdGU="
      }
    },
    {
      "type": "Feature",
      "id": "overture:f81a2dce-c4ce-49e4-aeba-ef04d01dbea3",
      "geometry": {
        "type": "Point",
        "coordinates": [
          -83.63401204,
          43.00460107
        ]
      },
      "properties": {
        "name": "Dr. M Bashar Al-Jabban",
        "category": "Professional & Personal Services",
        "address": "1513 S Center Rd, Burton, MI 48509-1728",
        "phone": "+18107360970",
        "website": "www.healthgrades.com/physician/dr-mohamad-al-jabban-y6bvp"
      }
    },
    {
      "type": "Feature",
      "id": "overture:f83b5a55-67e2-4fe3-8053-65601b724a68",
      "geometry": {
        "type": "Point",
        "coordinates": [
          -83.65998155,
          42.97066823
        ]
      },
      "properties": {
        "name": "Bendle High School",
        "category": "Education",
        "address": "2283 E Scottwood Ave, Burton, MI 48529-1721",
        "phone": "+18105915103",
        "website": "http://Bendleschools.org/"
      }
    },
    {
      "type": "Feature",
      "id": "overture:f8846aa6-a4fa-49c1-9041-42a1652dbdb4",
      "geometry": {
        "type": "Point",
        "coordinates": [
          -83.620179,
          43.0132264
        ]
      },
      "properties": {
        "name": "Heffner Cement Work",
        "category": "Retail & Shopping",
        "address": "1181 Munson St, Burton, MI 48509",
        "phone": "8107434615",
        "website": "http://www.heffnercement.com/"
      }
    },
    {
      "type": "Feature",
      "id": "overture:f8bbecef-69e3-4c3f-b06e-603db2f2824b",
      "geometry": {
        "type": "Point",
        "coordinates": [
          -83.6724338,
          42.969616
        ]
      },
      "properties": {
        "name": "CHAIN PAINT GROUP INC",
        "category": "Retail & Shopping",
        "address": "BURTON, MI 48529"
      }
    },
    {
      "type": "Feature",
      "id": "overture:f8e56dd9-a77a-49f3-9919-c7e307079958",
      "geometry": {
        "type": "Point",
        "coordinates": [
          -83.6832046508789,
          42.97386169433594
        ]
      },
      "properties": {
        "name": "ATM Speedway",
        "category": "Financial",
        "address": "1258 E Bristol Rd, Burton, MI 48529"
      }
    },
    {
      "type": "Feature",
      "id": "overture:f93b2f63-3b46-44d6-bea3-e36137582b25",
      "geometry": {
        "type": "Point",
        "coordinates": [
          -83.63222350250302,
          43.012404892751555
        ]
      },
      "properties": {
        "name": "Faith Tabernacle",
        "category": "Faith",
        "address": "1225 S Center Rd, Burton, MI 48509",
        "phone": "(810) 743-0000",
        "website": "http://www.faithwaychristian.com"
      }
    },
    {
      "type": "Feature",
      "id": "overture:f9948071-3931-44ab-a2e9-c324246322ec",
      "geometry": {
        "type": "Point",
        "coordinates": [
          -83.59202218,
          43.02333037
        ]
      },
      "properties": {
        "name": "Bentley High School",
        "category": "Education",
        "address": "1150 N Belsay Rd, Burton, MI 48509-1659",
        "phone": "+18105915811",
        "website": "http://www.bentleyschools.org"
      }
    },
    {
      "type": "Feature",
      "id": "overture:f9e14a73-5a19-4712-8d13-405586773400",
      "geometry": {
        "type": "Point",
        "coordinates": [
          -83.5825633,
          43.0152458
        ]
      },
      "properties": {
        "name": "Michigan Auto Glass",
        "category": "Automotive",
        "address": "1140 Carlson Dr, Burton, MI 48509",
        "phone": "8105779943"
      }
    },
    {
      "type": "Feature",
      "id": "overture:fa57bec3-62eb-417c-893e-aa1183a2ca3e",
      "geometry": {
        "type": "Point",
        "coordinates": [
          -83.6347861,
          43.0331694
        ]
      },
      "properties": {
        "name": "Rite Aid",
        "category": "Grocery & Food",
        "address": "4001 Davison Rd, Burton, MI 48509",
        "phone": "8107420217"
      }
    },
    {
      "type": "Feature",
      "id": "overture:fa96166c-6747-4cb6-b3a2-17c4b5c8b1cd",
      "geometry": {
        "type": "Point",
        "coordinates": [
          -83.6060435,
          43.0100417
        ]
      },
      "properties": {
        "name": "Blue Rhino Propane Exchange",
        "category": "Retail & Shopping",
        "address": "5238 Lapeer Rd, Burton, MI 48509",
        "phone": "8102304160",
        "website": "https://bluerhino.com/propane-finder?utm_source=bing&utm_medium=map&utm_campaign=vending_map&utm_content=221161"
      }
    },
    {
      "type": "Feature",
      "id": "overture:fad0eada-f61c-41fe-bb45-2c300f4849de",
      "geometry": {
        "type": "Point",
        "coordinates": [
          -83.59532538,
          43.0333114
        ]
      },
      "properties": {
        "name": "One Stop Food Store",
        "category": "Grocery & Food",
        "address": "6010 Davison Rd, Burton, MI 48509-1607",
        "phone": "+18107427470",
        "website": "http://www.my1stopcard.com"
      }
    },
    {
      "type": "Feature",
      "id": "overture:fb624358-ea26-4acd-bbd7-21e8ad607631",
      "geometry": {
        "type": "Point",
        "coordinates": [
          -83.652968,
          42.974704
        ]
      },
      "properties": {
        "name": "Bitcoin Depot - Bitcoin ATM",
        "category": "Professional & Personal Services",
        "address": "G3509 S Dort Hwy, Burton, MI 48529",
        "phone": "+16784359604",
        "website": "https://bitcoindepot.com/"
      }
    },
    {
      "type": "Feature",
      "id": "overture:fb70a567-9042-4697-ac8c-ddcea996e56a",
      "geometry": {
        "type": "Point",
        "coordinates": [
          -83.63450157,
          42.99102988
        ]
      },
      "properties": {
        "name": "Hungry Howie's Pizza",
        "category": "Dining",
        "address": "2466 S Center Rd, Burton, MI 48519-1152",
        "phone": "+18107421122",
        "website": "https://www.hungryhowies.com/stores/mi/burton/2466-south-center?utm_source=google&utm_medium=organic&utm_campaign=googlebusinessprofile"
      }
    },
    {
      "type": "Feature",
      "id": "overture:fbaf5805-bc37-4977-9094-c6f22e1e83e3",
      "geometry": {
        "type": "Point",
        "coordinates": [
          -83.67261595,
          42.97617037
        ]
      },
      "properties": {
        "name": "Win's Electrical & Lighting Supply Co.",
        "category": "Professional & Personal Services",
        "address": "G3499 S Saginaw St, Burton, MI 48529-1212",
        "phone": "+18107441030",
        "website": "http://www.winselectric.com/"
      }
    },
    {
      "type": "Feature",
      "id": "overture:fbc0cdb0-2919-4b8f-8aa9-745b1935a9fb",
      "geometry": {
        "type": "Point",
        "coordinates": [
          -83.63093095,
          42.99382675
        ]
      },
      "properties": {
        "name": "Up In Style",
        "category": "Professional & Personal Services",
        "address": "2333 S Center Rd, Burton, MI 48519-1147",
        "phone": "+18107444279",
        "website": "http://upinstylehairsalon.godaddysites.com/"
      }
    },
    {
      "type": "Feature",
      "id": "overture:fbfee758-48e2-418a-8a4a-cf5c26b9a22a",
      "geometry": {
        "type": "Point",
        "coordinates": [
          -83.595413,
          43.03336
        ]
      },
      "properties": {
        "name": "1 STOP #22",
        "category": "Automotive",
        "address": "6010 DAVISON RD, BURTON, MI 48509",
        "website": "https://www.exxon.com/en/find-station/mobil-burton-mi-1stop22-200320379"
      }
    },
    {
      "type": "Feature",
      "id": "overture:fc0769e0-a823-417f-8025-ea309d726054",
      "geometry": {
        "type": "Point",
        "coordinates": [
          -83.67222716871213,
          42.9749291349394
        ]
      },
      "properties": {
        "name": "Oak Street Health",
        "category": "Health & Medical",
        "address": "G3525 S Saginaw St, Burton, MI 48529-1260",
        "phone": "+18448715650",
        "website": "https://www.oakstreethealth.com/locations/burton-mi/burton-doctors-office"
      }
    },
    {
      "type": "Feature",
      "id": "overture:fc26d40a-720c-426e-9478-fcd2d2210b23",
      "geometry": {
        "type": "Point",
        "coordinates": [
          -83.5947758,
          43.0109775
        ]
      },
      "properties": {
        "name": "BudgetCoinz Bitcoin ATM",
        "category": "Financial",
        "address": "6007 Lapeer Rd, Burton, MI 48509",
        "phone": "8005403220",
        "website": "https://budgetcoinz.com/"
      }
    },
    {
      "type": "Feature",
      "id": "overture:fc29b1a9-b39c-4524-8945-9d348b7fe565",
      "geometry": {
        "type": "Point",
        "coordinates": [
          -83.59589476,
          43.02871195
        ]
      },
      "properties": {
        "name": "Dr. Shenck Children's Dentist",
        "category": "Health & Medical",
        "address": "1359 N Belsay Rd, Burton, MI 48509-1602",
        "phone": "+18107428070",
        "website": "http://www.drjshenckchildrensdentist.com/"
      }
    },
    {
      "type": "Feature",
      "id": "overture:fc557451-2d07-46d8-8ed3-b3757f957073",
      "geometry": {
        "type": "Point",
        "coordinates": [
          -83.67173461,
          42.96927989
        ]
      },
      "properties": {
        "name": "Ike's Small Engines",
        "category": "Automotive",
        "address": "G4191 S Saginaw St, Burton, MI 48529-1630",
        "phone": "+18104441245"
      }
    },
    {
      "type": "Feature",
      "id": "overture:fc6b000f-3386-48c6-91b8-67ae1d085b26",
      "geometry": {
        "type": "Point",
        "coordinates": [
          -83.5977025,
          43.0171486
        ]
      },
      "properties": {
        "name": "National Storage",
        "category": "Professional & Personal Services",
        "address": "1056 Belsay Rd, Burton, MI 48509",
        "phone": "8104124401",
        "website": "https://storenational.com/locations/michigan/burton/1056-s-belsay-rd/"
      }
    },
    {
      "type": "Feature",
      "id": "overture:fc7ca5c1-1859-427f-a5e2-3091ebc73829",
      "geometry": {
        "type": "Point",
        "coordinates": [
          -83.59533,
          43.01399
        ]
      },
      "properties": {
        "name": "Labcorp",
        "category": "Professional & Personal Services",
        "address": "1096 S Belsay Rd Ste F, Burton, MI 48509",
        "phone": "8102583207",
        "website": "https://locations.labcorp.com/mi/burton/51536/"
      }
    },
    {
      "type": "Feature",
      "id": "overture:fc8a7ef0-0e53-4f82-9a0d-2154bf4b4e89",
      "geometry": {
        "type": "Point",
        "coordinates": [
          -83.6316223144531,
          42.9615669250488
        ]
      },
      "properties": {
        "name": "Goods Roofing, Inc.",
        "category": "Professional & Personal Services",
        "address": "4477 S Center Rd, Burton, MI 48519",
        "phone": "8106537663",
        "website": "http://www.goodsroofing.com/"
      }
    },
    {
      "type": "Feature",
      "id": "overture:fcaeb685-f303-4825-9786-6b6bb005e740",
      "geometry": {
        "type": "Point",
        "coordinates": [
          -83.59294680951615,
          42.96795478616441
        ]
      },
      "properties": {
        "name": "Kevco Building Service",
        "category": "Professional & Personal Services",
        "address": "4269 S Belsay Rd, Flint, MI 48519",
        "phone": "(810) 742-8344",
        "website": "http://www.kevco1.com"
      }
    },
    {
      "type": "Feature",
      "id": "overture:fcf4475a-f792-493d-b6ed-9f1e50c35949",
      "geometry": {
        "type": "Point",
        "coordinates": [
          -83.66967939,
          42.96172498
        ]
      },
      "properties": {
        "name": "Masterpiece Monogramming",
        "category": "Professional & Personal Services",
        "address": "G4470 S Saginaw St, Burton, MI 48529-2067",
        "phone": "+18107422901",
        "website": "http://www.masterpiecemonogramming.com/"
      }
    },
    {
      "type": "Feature",
      "id": "overture:fd02739b-abde-45ab-80ab-4bd8e2377ab7",
      "geometry": {
        "type": "Point",
        "coordinates": [
          -83.6300048,
          42.9741042
        ]
      },
      "properties": {
        "name": "Storage Rentals of America",
        "category": "Professional & Personal Services",
        "address": "4070 E Bristol Rd, Burton, MI 48519",
        "phone": "8106423551",
        "website": "https://www.sroa.com/storage-units/kentucky/crestwood-6440-w-hwy-146"
      }
    },
    {
      "type": "Feature",
      "id": "overture:fd09e6ad-1078-4c3d-b19c-8e0956d81940",
      "geometry": {
        "type": "Point",
        "coordinates": [
          -83.643911,
          42.999544
        ]
      },
      "properties": {
        "name": "Charles Salon",
        "category": "Professional & Personal Services",
        "address": "2503 Fox Ln, Flint, MI 48507",
        "phone": "+18107154501"
      }
    },
    {
      "type": "Feature",
      "id": "overture:fdf37f79-80fe-4114-862f-811550a4a692",
      "geometry": {
        "type": "Point",
        "coordinates": [
          -83.6145294,
          43.0105454
        ]
      },
      "properties": {
        "name": "Byte Federal Bitcoin ATM (Lapeer Road Market)",
        "category": "Financial",
        "address": "5006 Lapeer Rd, Burton, MI 48509",
        "phone": "7866862983",
        "website": "https://www.bytefederal.com/bitcoin-atm-near-me/michigan/burton/3031?src=map&y_source=1_MTA4ODE2NTg1Mi00ODMtbG9jYXRpb24ud2Vic2l0ZQ%3D%3D"
      }
    },
    {
      "type": "Feature",
      "id": "overture:fdf87b7e-c815-426b-b504-d24310bca79c",
      "geometry": {
        "type": "Point",
        "coordinates": [
          -83.67791,
          42.97817
        ]
      },
      "properties": {
        "name": "Custom Home Improvements",
        "category": "Professional & Personal Services",
        "address": "1403 Carman St, Burton, MI 48529",
        "phone": "8104587906"
      }
    },
    {
      "type": "Feature",
      "id": "overture:fe12e8eb-7ef0-4df5-b2b5-a8c1844356be",
      "geometry": {
        "type": "Point",
        "coordinates": [
          -83.67940116514139,
          42.97378740758509
        ]
      },
      "properties": {
        "name": "Tropi Tan",
        "category": "Professional & Personal Services",
        "address": "1354 Bristol Rd, Burton, MI 48529",
        "phone": "(810) 742-9600",
        "website": "http://www.tropitan.biz"
      }
    },
    {
      "type": "Feature",
      "id": "overture:fead47e0-4900-421d-ad15-d2dd8560f3e4",
      "geometry": {
        "type": "Point",
        "coordinates": [
          -83.5967191,
          43.03436144
        ]
      },
      "properties": {
        "name": "Biggby Coffee",
        "category": "Dining",
        "address": "5515 Davison Rd, Burton, MI 48509-1555",
        "phone": "+18103371948",
        "website": "https://www.biggby.com/"
      }
    },
    {
      "type": "Feature",
      "id": "overture:feda6b3d-e19f-40e0-86d5-7631ece92bdf",
      "geometry": {
        "type": "Point",
        "coordinates": [
          -83.63302811,
          42.98028453
        ]
      },
      "properties": {
        "name": "Wind Works",
        "category": "Retail & Shopping",
        "address": "3333 S Center Rd, Burton, MI 48519-1457",
        "phone": "+18107435420",
        "website": "http://www.windworksbandinstruments.com/"
      }
    },
    {
      "type": "Feature",
      "id": "overture:fefa7016-4590-4939-9aa5-fa10fdbbd5ed",
      "geometry": {
        "type": "Point",
        "coordinates": [
          -83.59389247,
          43.03450416
        ]
      },
      "properties": {
        "name": "IMA Brookwood Golf Club",
        "category": "Arts & Entertainment",
        "address": "6045 Davison Rd, Burton, MI 48509",
        "phone": "+18107424930",
        "website": "http://www.brookwoodgolfclub.com/"
      }
    },
    {
      "type": "Feature",
      "id": "overture:ff13da24-5d58-44ff-87b5-e75aa9f49949",
      "geometry": {
        "type": "Point",
        "coordinates": [
          -83.67176599,
          42.9677733
        ]
      },
      "properties": {
        "name": "Al's Classics",
        "category": "Dining",
        "address": "G4243 S Saginaw St, Burton, MI 48529-1607",
        "phone": "+18108208792"
      }
    },
    {
      "type": "Feature",
      "id": "overture:ff37e38f-806a-46ad-b264-43d2cc1cb8c4",
      "geometry": {
        "type": "Point",
        "coordinates": [
          -83.65218042,
          42.98164919
        ]
      },
      "properties": {
        "name": "Crank's Motel",
        "category": "Lodging",
        "address": "3030 E Hemphill Rd, Burton, MI 48529-1439",
        "phone": "+18107435173",
        "website": "https://cranks-motel.stayin.us"
      }
    },
    {
      "type": "Feature",
      "id": "overture:ff54cc73-3392-444e-9bc5-daf828d2a191",
      "geometry": {
        "type": "Point",
        "coordinates": [
          -83.689779,
          42.974843
        ]
      },
      "properties": {
        "name": "Molly Maid of Flint, Grand Blanc, and Fenton",
        "category": "Professional & Personal Services",
        "address": "1069 E Bristol Rd, Burton, MI 48529",
        "phone": "8103707676",
        "website": "https://mollymaid.com/flint"
      }
    },
    {
      "type": "Feature",
      "id": "overture:ff5f06bd-132a-4bad-bc23-48a03e8b30a4",
      "geometry": {
        "type": "Point",
        "coordinates": [
          -83.69034956,
          42.97424127
        ]
      },
      "properties": {
        "name": "Little Caesars Pizza",
        "category": "Dining",
        "address": "1063 E Bristol Rd, Burton, MI 48529-1126",
        "phone": "+18102326121",
        "website": "https://littlecaesars.com/en-us/store/1230"
      }
    },
    {
      "type": "Feature",
      "id": "overture:ff83b161-0a84-48d6-8faf-b1f062f7c380",
      "geometry": {
        "type": "Point",
        "coordinates": [
          -83.67795737,
          42.97388897
        ]
      },
      "properties": {
        "name": "Liquor and Smokers Plus Party Store",
        "category": "Grocery & Food",
        "address": "1390 E Bristol Rd, Burton, MI 48529-2212",
        "phone": "+18107428925"
      }
    },
    {
      "type": "Feature",
      "id": "overture:ffa89d5f-1c06-4260-89a6-5b1529b638c3",
      "geometry": {
        "type": "Point",
        "coordinates": [
          -83.691473,
          42.971265
        ]
      },
      "properties": {
        "name": "Deliverance Tabernacle",
        "category": "Faith",
        "address": "4089 Fenton Rd, Burton, MI 48529-1502",
        "phone": "+18102324371",
        "website": "http://www.deliverancetabernacle.com"
      }
    },
    {
      "type": "Feature",
      "id": "overture:ffdf382e-b9e7-47f5-9f6b-07a069548cf6",
      "geometry": {
        "type": "Point",
        "coordinates": [
          -83.63262,
          42.99539
        ]
      },
      "properties": {
        "name": "ELGA Credt Union Burton Branch",
        "category": "Financial",
        "address": "2303 S Center Rd, Burton, MI 48519",
        "phone": "8107153542",
        "website": "http://www.elgacu.com/"
      }
    }
  ]
}
