{"type":"FeatureCollection","_source":"FEMA National Flood Hazard Layer (NFHL), Flood Hazard Zones. Special Flood Hazard Areas (1%-annual-chance / high-risk) only, clipped to the Burton area.","features":[{"type":"Feature","properties":{"name":"FEMA Flood Zone AE - high risk (1% annual chance)","zone":"AE","_color":"#1e6fb8"},"geometry":{"type":"Polygon","coordinates":[[[-83.57279,43.02827],[-83.57367,43.02937],[-83.57509,43.02935],[-83.57536,43.03005],[-83.57626,43.02994],[-83.57692,43.03034],[-83.57737,43.03119],[-83.57736,43.03194],[-83.57891,43.03161],[-83.57874,43.03142],[-83.57911,43.03099],[-83.57996,43.03108],[-83.58015,43.03138],[-83.57974,43.03132],[-83.57931,43.03181],[-83.5803,43.03246],[-83.58081,43.03337],[-83.58025,43.03447],[-83.58061,43.03503],[-83.58022,43.03523],[-83.58063,43.03533],[-83.58078,43.03634],[-83.58083,43.0351],[-83.58031,43.03428],[-83.58151,43.03383],[-83.58109,43.03298],[-83.5814,43.03217],[-83.58029,43.0317],[-83.57996,43.03096],[-83.57768,43.03142],[-83.57674,43.03002],[-83.5758,43.02978],[-83.57434,43.02824],[-83.57279,43.02827]]]}},{"type":"Feature","properties":{"name":"FEMA Flood Zone AE - high risk (1% annual chance)","zone":"AE","_color":"#1e6fb8"},"geometry":{"type":"Polygon","coordinates":[[[-83.59042,43.03439],[-83.59135,43.03468],[-83.59108,43.03515],[-83.59169,43.03628],[-83.59143,43.03531],[-83.59166,43.03494],[-83.59042,43.03439]]]}},{"type":"Feature","properties":{"name":"FEMA Flood Zone AE - high risk (1% annual chance)","zone":"AE","_color":"#1e6fb8"},"geometry":{"type":"Polygon","coordinates":[[[-83.61771,43.01377],[-83.6176,43.01646],[-83.62291,43.01438],[-83.62295,43.01223],[-83.62032,43.01187],[-83.62015,43.0144],[-83.6182,43.01441],[-83.61771,43.01377]]]}},{"type":"Feature","properties":{"name":"FEMA Flood Zone AE - high risk (1% annual chance)","zone":"AE","_color":"#1e6fb8"},"geometry":{"type":"Polygon","coordinates":[[[-83.59602,42.98148],[-83.59601,42.98151],[-83.59601,42.98153],[-83.59602,42.98148]]]}},{"type":"Feature","properties":{"name":"FEMA Flood Zone AE - high risk (1% annual chance)","zone":"AE","_color":"#1e6fb8"},"geometry":{"type":"Polygon","coordinates":[[[-83.59796,42.98529],[-83.59796,42.98531],[-83.59796,42.98532],[-83.59796,42.98529]]]}},{"type":"Feature","properties":{"name":"FEMA Flood Zone AE - high risk (1% annual chance)","zone":"AE","_color":"#1e6fb8"},"geometry":{"type":"Polygon","coordinates":[[[-83.57577,42.98503],[-83.57591,42.98517],[-83.57599,42.98511],[-83.57577,42.98503]]]}},{"type":"Feature","properties":{"name":"FEMA Flood Zone AE - high risk (1% annual chance)","zone":"AE","_color":"#1e6fb8"},"geometry":{"type":"Polygon","coordinates":[[[-83.56894,43.01601],[-83.57241,43.0165],[-83.57394,43.01538],[-83.57406,43.01495],[-83.57494,43.01544],[-83.57537,43.01479],[-83.5753,43.01226],[-83.57508,43.01184],[-83.57371,43.01142],[-83.57478,43.01104],[-83.57316,43.00986],[-83.5729,43.00904],[-83.57246,43.00887],[-83.57256,43.00859],[-83.57185,43.00834],[-83.57188,43.00741],[-83.57086,43.00758],[-83.57053,43.00722],[-83.57062,43.00772],[-83.57202,43.00904],[-83.57241,43.01047],[-83.57331,43.01204],[-83.57198,43.01329],[-83.57251,43.01439],[-83.57056,43.01534],[-83.56913,43.01562],[-83.56894,43.01601]]]}},{"type":"Feature","properties":{"name":"FEMA Flood Zone AE - high risk (1% annual chance)","zone":"AE","_color":"#1e6fb8"},"geometry":{"type":"Polygon","coordinates":[[[-83.59788,42.98479],[-83.59799,42.98508],[-83.59796,42.98488],[-83.59788,42.98479]]]}},{"type":"Feature","properties":{"name":"FEMA Flood Zone AE - high risk (1% annual chance)","zone":"AE","_color":"#1e6fb8"},"geometry":{"type":"Polygon","coordinates":[[[-83.59807,42.98496],[-83.59808,42.98499],[-83.59808,42.98498],[-83.59807,42.98496]]]}},{"type":"Feature","properties":{"name":"FEMA Flood Zone AE - high risk (1% annual chance)","zone":"AE","_color":"#1e6fb8"},"geometry":{"type":"Polygon","coordinates":[[[-83.59799,42.98479],[-83.59806,42.98492],[-83.59805,42.98485],[-83.59799,42.98479]]]}},{"type":"Feature","properties":{"name":"FEMA Flood Zone AE - high risk (1% annual chance)","zone":"AE","_color":"#1e6fb8"},"geometry":{"type":"Polygon","coordinates":[[[-83.69803,42.98234],[-83.69918,42.98308],[-83.70019,42.98431],[-83.70311,42.98542],[-83.70316,42.98502],[-83.70208,42.98492],[-83.69997,42.98393],[-83.69743,42.98169],[-83.6974,42.98137],[-83.69575,42.98163],[-83.69514,42.98205],[-83.69586,42.98169],[-83.69696,42.98207],[-83.69772,42.98188],[-83.69803,42.98234]]]}},{"type":"Feature","properties":{"name":"FEMA Flood Zone AE - high risk (1% annual chance)","zone":"AE","_color":"#1e6fb8"},"geometry":{"type":"Polygon","coordinates":[[[-83.59772,42.98467],[-83.59786,42.98476],[-83.59738,42.98446],[-83.59772,42.98467]]]}},{"type":"Feature","properties":{"name":"FEMA Flood Zone AE - high risk (1% annual chance)","zone":"AE","_color":"#1e6fb8"},"geometry":{"type":"Polygon","coordinates":[[[-83.59668,42.984],[-83.59763,42.98452],[-83.59712,42.98415],[-83.59668,42.984]]]}},{"type":"Feature","properties":{"name":"FEMA Flood Zone AE - high risk (1% annual chance)","zone":"AE","_color":"#1e6fb8"},"geometry":{"type":"Polygon","coordinates":[[[-83.59715,42.98433],[-83.59616,42.98378],[-83.59641,42.98395],[-83.59715,42.98433]]]}},{"type":"Feature","properties":{"name":"FEMA Flood Zone AE - high risk (1% annual chance)","zone":"AE","_color":"#1e6fb8"},"geometry":{"type":"Polygon","coordinates":[[[-83.59657,42.98394],[-83.59664,42.98398],[-83.5966,42.98395],[-83.59657,42.98394]]]}},{"type":"Feature","properties":{"name":"FEMA Flood Zone AE - high risk (1% annual chance)","zone":"AE","_color":"#1e6fb8"},"geometry":{"type":"Polygon","coordinates":[[[-83.59639,42.98384],[-83.59642,42.98385],[-83.59641,42.98384],[-83.59639,42.98384]]]}},{"type":"Feature","properties":{"name":"FEMA Flood Zone AE - high risk (1% annual chance)","zone":"AE","_color":"#1e6fb8"},"geometry":{"type":"Polygon","coordinates":[[[-83.59624,42.98374],[-83.59636,42.98381],[-83.59633,42.98378],[-83.59624,42.98374]]]}},{"type":"Feature","properties":{"name":"FEMA Flood Zone AE - high risk (1% annual chance)","zone":"AE","_color":"#1e6fb8"},"geometry":{"type":"Polygon","coordinates":[[[-83.59614,42.98368],[-83.5962,42.98371],[-83.59619,42.9837],[-83.59614,42.98368]]]}},{"type":"Feature","properties":{"name":"FEMA Flood Zone AE - high risk (1% annual chance)","zone":"AE","_color":"#1e6fb8"},"geometry":{"type":"Polygon","coordinates":[[[-83.59595,42.98364],[-83.59596,42.98365],[-83.59597,42.98366],[-83.59595,42.98364]]]}},{"type":"Feature","properties":{"name":"FEMA Flood Zone AE - high risk (1% annual chance)","zone":"AE","_color":"#1e6fb8"},"geometry":{"type":"Polygon","coordinates":[[[-83.59602,42.98359],[-83.59608,42.98363],[-83.59604,42.9836],[-83.59602,42.98359]]]}},{"type":"Feature","properties":{"name":"FEMA Flood Zone AE - high risk (1% annual chance)","zone":"AE","_color":"#1e6fb8"},"geometry":{"type":"Polygon","coordinates":[[[-83.59583,42.98344],[-83.59588,42.98348],[-83.59586,42.98346],[-83.59583,42.98344]]]}},{"type":"Feature","properties":{"name":"FEMA Flood Zone AE - high risk (1% annual chance)","zone":"AE","_color":"#1e6fb8"},"geometry":{"type":"Polygon","coordinates":[[[-83.59558,42.98335],[-83.59561,42.98338],[-83.59563,42.98339],[-83.59558,42.98335]]]}},{"type":"Feature","properties":{"name":"FEMA Flood Zone AE - high risk (1% annual chance)","zone":"AE","_color":"#1e6fb8"},"geometry":{"type":"Polygon","coordinates":[[[-83.59566,42.98331],[-83.59572,42.98336],[-83.59571,42.98334],[-83.59566,42.98331]]]}},{"type":"Feature","properties":{"name":"FEMA Flood Zone AE - high risk (1% annual chance)","zone":"AE","_color":"#1e6fb8"},"geometry":{"type":"Polygon","coordinates":[[[-83.59536,42.98308],[-83.59541,42.98317],[-83.59553,42.9833],[-83.59536,42.98308]]]}},{"type":"Feature","properties":{"name":"FEMA Flood Zone AE - high risk (1% annual chance)","zone":"AE","_color":"#1e6fb8"},"geometry":{"type":"Polygon","coordinates":[[[-83.59547,42.98307],[-83.59557,42.98321],[-83.59555,42.98315],[-83.59547,42.98307]]]}},{"type":"Feature","properties":{"name":"FEMA Flood Zone AE - high risk (1% annual chance)","zone":"AE","_color":"#1e6fb8"},"geometry":{"type":"Polygon","coordinates":[[[-83.59541,42.98264],[-83.5954,42.98282],[-83.59547,42.98307],[-83.59541,42.98264]]]}},{"type":"Feature","properties":{"name":"FEMA Flood Zone AE - high risk (1% annual chance)","zone":"AE","_color":"#1e6fb8"},"geometry":{"type":"Polygon","coordinates":[[[-83.59533,42.98289],[-83.59532,42.98293],[-83.59535,42.98306],[-83.59533,42.98289]]]}},{"type":"Feature","properties":{"name":"FEMA Flood Zone AE - high risk (1% annual chance)","zone":"AE","_color":"#1e6fb8"},"geometry":{"type":"Polygon","coordinates":[[[-83.59533,42.98261],[-83.59529,42.98274],[-83.59533,42.98283],[-83.59533,42.98261]]]}},{"type":"Feature","properties":{"name":"FEMA Flood Zone AE - high risk (1% annual chance)","zone":"AE","_color":"#1e6fb8"},"geometry":{"type":"Polygon","coordinates":[[[-83.59539,42.98244],[-83.59533,42.98257],[-83.59534,42.98259],[-83.59539,42.98244]]]}},{"type":"Feature","properties":{"name":"FEMA Flood Zone AE - high risk (1% annual chance)","zone":"AE","_color":"#1e6fb8"},"geometry":{"type":"Polygon","coordinates":[[[-83.63794,42.98209],[-83.63795,42.98282],[-83.6382,42.98259],[-83.63794,42.98209]]]}},{"type":"Feature","properties":{"name":"FEMA Flood Zone AE - high risk (1% annual chance)","zone":"AE","_color":"#1e6fb8"},"geometry":{"type":"Polygon","coordinates":[[[-83.59551,42.98242],[-83.59546,42.98249],[-83.5955,42.98246],[-83.59551,42.98242]]]}},{"type":"Feature","properties":{"name":"FEMA Flood Zone AE - high risk (1% annual chance)","zone":"AE","_color":"#1e6fb8"},"geometry":{"type":"Polygon","coordinates":[[[-83.59549,42.9823],[-83.5954,42.98242],[-83.59539,42.98244],[-83.59549,42.9823]]]}},{"type":"Feature","properties":{"name":"FEMA Flood Zone AE - high risk (1% annual chance)","zone":"AE","_color":"#1e6fb8"},"geometry":{"type":"Polygon","coordinates":[[[-83.59555,42.98223],[-83.59553,42.98224],[-83.59553,42.98225],[-83.59555,42.98223]]]}},{"type":"Feature","properties":{"name":"FEMA Flood Zone AE - high risk (1% annual chance)","zone":"AE","_color":"#1e6fb8"},"geometry":{"type":"Polygon","coordinates":[[[-83.59582,42.98201],[-83.59566,42.98221],[-83.59577,42.9821],[-83.59582,42.98201]]]}},{"type":"Feature","properties":{"name":"FEMA Flood Zone AE - high risk (1% annual chance)","zone":"AE","_color":"#1e6fb8"},"geometry":{"type":"Polygon","coordinates":[[[-83.59591,42.9817],[-83.59571,42.98196],[-83.5956,42.98216],[-83.59591,42.9817]]]}},{"type":"Feature","properties":{"name":"FEMA Flood Zone AE - high risk (1% annual chance)","zone":"AE","_color":"#1e6fb8"},"geometry":{"type":"Polygon","coordinates":[[[-83.59605,42.98163],[-83.59592,42.98186],[-83.59601,42.98176],[-83.59605,42.98163]]]}},{"type":"Feature","properties":{"name":"FEMA Flood Zone AE - high risk (1% annual chance)","zone":"AE","_color":"#1e6fb8"},"geometry":{"type":"Polygon","coordinates":[[[-83.63792,42.98205],[-83.63794,42.98209],[-83.63793,42.98206],[-83.63792,42.98205]]]}},{"type":"Feature","properties":{"name":"FEMA Flood Zone AE - high risk (1% annual chance)","zone":"AE","_color":"#1e6fb8"},"geometry":{"type":"Polygon","coordinates":[[[-83.63784,42.98191],[-83.6379,42.98202],[-83.63789,42.98198],[-83.63784,42.98191]]]}},{"type":"Feature","properties":{"name":"FEMA Flood Zone AE - high risk (1% annual chance)","zone":"AE","_color":"#1e6fb8"},"geometry":{"type":"Polygon","coordinates":[[[-83.6377,42.98176],[-83.63781,42.98186],[-83.63781,42.98177],[-83.6377,42.98176]]]}},{"type":"Feature","properties":{"name":"FEMA Flood Zone AE - high risk (1% annual chance)","zone":"AE","_color":"#1e6fb8"},"geometry":{"type":"Polygon","coordinates":[[[-83.59609,42.98154],[-83.59608,42.98158],[-83.59609,42.98156],[-83.59609,42.98154]]]}},{"type":"Feature","properties":{"name":"FEMA Flood Zone AE - high risk (1% annual chance)","zone":"AE","_color":"#1e6fb8"},"geometry":{"type":"Polygon","coordinates":[[[-83.63752,42.98163],[-83.63765,42.98171],[-83.63761,42.98166],[-83.63752,42.98163]]]}},{"type":"Feature","properties":{"name":"FEMA Flood Zone AE - high risk (1% annual chance)","zone":"AE","_color":"#1e6fb8"},"geometry":{"type":"Polygon","coordinates":[[[-83.59863,42.99054],[-83.59864,42.99057],[-83.59866,42.99056],[-83.59863,42.99054]]]}},{"type":"Feature","properties":{"name":"FEMA Flood Zone AE - high risk (1% annual chance)","zone":"AE","_color":"#1e6fb8"},"geometry":{"type":"Polygon","coordinates":[[[-83.5974,42.98772],[-83.5974,42.98773],[-83.5974,42.98772],[-83.5974,42.98772]]]}},{"type":"Feature","properties":{"name":"FEMA Flood Zone AE - high risk (1% annual chance)","zone":"AE","_color":"#1e6fb8"},"geometry":{"type":"Polygon","coordinates":[[[-83.57499,42.9844],[-83.57542,42.98439],[-83.57574,42.98501],[-83.5755,42.98443],[-83.57499,42.9844]]]}},{"type":"Feature","properties":{"name":"FEMA Flood Zone AE - high risk (1% annual chance)","zone":"AE","_color":"#1e6fb8"},"geometry":{"type":"Polygon","coordinates":[[[-83.57482,42.98445],[-83.57475,42.98448],[-83.57489,42.98444],[-83.57482,42.98445]]]}},{"type":"Feature","properties":{"name":"FEMA Flood Zone AE - high risk (1% annual chance)","zone":"AE","_color":"#1e6fb8"},"geometry":{"type":"Polygon","coordinates":[[[-83.59566,42.98222],[-83.5956,42.98231],[-83.59565,42.98225],[-83.59566,42.98222]]]}},{"type":"Feature","properties":{"name":"FEMA Flood Zone AE - high risk (1% annual chance)","zone":"AE","_color":"#1e6fb8"},"geometry":{"type":"Polygon","coordinates":[[[-83.59835,42.99014],[-83.59847,42.9902],[-83.59842,42.99015],[-83.59835,42.99014]]]}},{"type":"Feature","properties":{"name":"FEMA Flood Zone AE - high risk (1% annual chance)","zone":"AE","_color":"#1e6fb8"},"geometry":{"type":"Polygon","coordinates":[[[-83.59753,42.99015],[-83.59756,42.99016],[-83.5976,42.99016],[-83.59753,42.99015]]]}},{"type":"Feature","properties":{"name":"FEMA Flood Zone AE - high risk (1% annual chance)","zone":"AE","_color":"#1e6fb8"},"geometry":{"type":"Polygon","coordinates":[[[-83.5974,42.98764],[-83.5974,42.98769],[-83.59741,42.98766],[-83.5974,42.98764]]]}},{"type":"Feature","properties":{"name":"FEMA Flood Zone AE - high risk (1% annual chance)","zone":"AE","_color":"#1e6fb8"},"geometry":{"type":"Polygon","coordinates":[[[-83.59746,42.98736],[-83.59745,42.9874],[-83.59746,42.98739],[-83.59746,42.98736]]]}},{"type":"Feature","properties":{"name":"FEMA Flood Zone AE - high risk (1% annual chance)","zone":"AE","_color":"#1e6fb8"},"geometry":{"type":"Polygon","coordinates":[[[-83.57734,42.98598],[-83.57853,42.98722],[-83.57841,42.98678],[-83.57734,42.98598]]]}},{"type":"Feature","properties":{"name":"FEMA Flood Zone AE - high risk (1% annual chance)","zone":"AE","_color":"#1e6fb8"},"geometry":{"type":"Polygon","coordinates":[[[-83.59758,42.98663],[-83.5974,42.98718],[-83.59738,42.98731],[-83.59758,42.98663]]]}},{"type":"Feature","properties":{"name":"FEMA Flood Zone AE - high risk (1% annual chance)","zone":"AE","_color":"#1e6fb8"},"geometry":{"type":"Polygon","coordinates":[[[-83.59755,42.98707],[-83.59751,42.98719],[-83.59755,42.98713],[-83.59755,42.98707]]]}},{"type":"Feature","properties":{"name":"FEMA Flood Zone AE - high risk (1% annual chance)","zone":"AE","_color":"#1e6fb8"},"geometry":{"type":"Polygon","coordinates":[[[-83.5976,42.98683],[-83.59758,42.98688],[-83.5976,42.98686],[-83.5976,42.98683]]]}},{"type":"Feature","properties":{"name":"FEMA Flood Zone AE - high risk (1% annual chance)","zone":"AE","_color":"#1e6fb8"},"geometry":{"type":"Polygon","coordinates":[[[-83.66648,42.99937],[-83.66614,42.99951],[-83.66799,42.99891],[-83.66648,42.99937]]]}},{"type":"Feature","properties":{"name":"FEMA Flood Zone AE - high risk (1% annual chance)","zone":"AE","_color":"#1e6fb8"},"geometry":{"type":"Polygon","coordinates":[[[-83.6812,42.99945],[-83.68104,42.99958],[-83.68166,42.99925],[-83.6812,42.99945]]]}},{"type":"Feature","properties":{"name":"FEMA Flood Zone AE - high risk (1% annual chance)","zone":"AE","_color":"#1e6fb8"},"geometry":{"type":"Polygon","coordinates":[[[-83.6649,42.99942],[-83.6653,42.99948],[-83.66518,42.99943],[-83.6649,42.99942]]]}},{"type":"Feature","properties":{"name":"FEMA Flood Zone AE - high risk (1% annual chance)","zone":"AE","_color":"#1e6fb8"},"geometry":{"type":"Polygon","coordinates":[[[-83.66487,42.99943],[-83.66485,42.99942],[-83.66484,42.99943],[-83.66487,42.99943]]]}},{"type":"Feature","properties":{"name":"FEMA Flood Zone AE - high risk (1% annual chance)","zone":"AE","_color":"#1e6fb8"},"geometry":{"type":"Polygon","coordinates":[[[-83.65613,42.99919],[-83.6561,42.99927],[-83.65618,42.99931],[-83.65613,42.99919]]]}},{"type":"Feature","properties":{"name":"FEMA Flood Zone AE - high risk (1% annual chance)","zone":"AE","_color":"#1e6fb8"},"geometry":{"type":"Polygon","coordinates":[[[-83.64233,42.99074],[-83.64361,42.99133],[-83.64287,42.99058],[-83.6424,42.99051],[-83.64233,42.99074]]]}},{"type":"Feature","properties":{"name":"FEMA Flood Zone AE - high risk (1% annual chance)","zone":"AE","_color":"#1e6fb8"},"geometry":{"type":"Polygon","coordinates":[[[-83.64365,42.99129],[-83.64364,42.9913],[-83.64363,42.99131],[-83.64365,42.99129]]]}},{"type":"Feature","properties":{"name":"FEMA Flood Zone AE - high risk (1% annual chance)","zone":"AE","_color":"#1e6fb8"},"geometry":{"type":"Polygon","coordinates":[[[-83.59877,42.99084],[-83.59882,42.99094],[-83.59884,42.99089],[-83.59877,42.99084]]]}},{"type":"Feature","properties":{"name":"FEMA Flood Zone AE - high risk (1% annual chance)","zone":"AE","_color":"#1e6fb8"},"geometry":{"type":"Polygon","coordinates":[[[-83.59865,42.9906],[-83.59875,42.9908],[-83.59875,42.99067],[-83.59865,42.9906]]]}},{"type":"Feature","properties":{"name":"FEMA Flood Zone AE - high risk (1% annual chance)","zone":"AE","_color":"#1e6fb8"},"geometry":{"type":"Polygon","coordinates":[[[-83.63806,42.983],[-83.63835,42.98337],[-83.63867,42.9871],[-83.63978,42.99005],[-83.64067,42.99081],[-83.64205,42.99074],[-83.64173,42.9906],[-83.64215,42.98985],[-83.6408,42.98937],[-83.64162,42.9888],[-83.64152,42.98848],[-83.64077,42.98831],[-83.64061,42.98911],[-83.64032,42.98908],[-83.63976,42.9879],[-83.63913,42.9875],[-83.63865,42.98561],[-83.63911,42.98355],[-83.63858,42.98278],[-83.63806,42.983]]]}},{"type":"Feature","properties":{"name":"FEMA Flood Zone AE - high risk (1% annual chance)","zone":"AE","_color":"#1e6fb8"},"geometry":{"type":"Polygon","coordinates":[[[-83.59861,42.99041],[-83.59861,42.99047],[-83.59862,42.99045],[-83.59861,42.99041]]]}},{"type":"Feature","properties":{"name":"FEMA Flood Zone AE - high risk (1% annual chance)","zone":"AE","_color":"#1e6fb8"},"geometry":{"type":"Polygon","coordinates":[[[-83.57853,42.98722],[-83.57912,42.98737],[-83.58014,42.9874],[-83.57853,42.98722]]]}},{"type":"Feature","properties":{"name":"FEMA Flood Zone AE - high risk (1% annual chance)","zone":"AE","_color":"#1e6fb8"},"geometry":{"type":"Polygon","coordinates":[[[-83.59745,42.98741],[-83.59741,42.98752],[-83.59745,42.98745],[-83.59745,42.98741]]]}},{"type":"Feature","properties":{"name":"FEMA Flood Zone AE - high risk (1% annual chance)","zone":"AE","_color":"#1e6fb8"},"geometry":{"type":"Polygon","coordinates":[[[-83.63646,42.99064],[-83.63657,42.9907],[-83.63664,42.99071],[-83.63646,42.99064]]]}},{"type":"Feature","properties":{"name":"FEMA Flood Zone AE - high risk (1% annual chance)","zone":"AE","_color":"#1e6fb8"},"geometry":{"type":"Polygon","coordinates":[[[-83.59859,42.99039],[-83.59861,42.99041],[-83.5986,42.9904],[-83.59859,42.99039]]]}},{"type":"Feature","properties":{"name":"FEMA Flood Zone AE - high risk (1% annual chance)","zone":"AE","_color":"#1e6fb8"},"geometry":{"type":"Polygon","coordinates":[[[-83.59847,42.9902],[-83.59852,42.99029],[-83.59851,42.99026],[-83.59847,42.9902]]]}},{"type":"Feature","properties":{"name":"FEMA Flood Zone AE - high risk (1% annual chance)","zone":"AE","_color":"#1e6fb8"},"geometry":{"type":"Polygon","coordinates":[[[-83.59734,42.99017],[-83.59741,42.99019],[-83.59736,42.99017],[-83.59734,42.99017]]]}},{"type":"Feature","properties":{"name":"FEMA Flood Zone AE - high risk (1% annual chance)","zone":"AE","_color":"#1e6fb8"},"geometry":{"type":"Polygon","coordinates":[[[-83.57529,42.98449],[-83.5759,42.98542],[-83.57643,42.98547],[-83.57594,42.98544],[-83.57529,42.98449]]]}},{"type":"Feature","properties":{"name":"FEMA Flood Zone AE - high risk (1% annual chance)","zone":"AE","_color":"#1e6fb8"},"geometry":{"type":"Polygon","coordinates":[[[-83.63386,42.98499],[-83.63483,42.98576],[-83.63552,42.98587],[-83.63386,42.98499]]]}},{"type":"Feature","properties":{"name":"FEMA Flood Zone AE - high risk (1% annual chance)","zone":"AE","_color":"#1e6fb8"},"geometry":{"type":"Polygon","coordinates":[[[-83.60167,42.96976],[-83.6035,42.97012],[-83.60367,42.97048],[-83.60495,42.9704],[-83.60477,42.97008],[-83.60167,42.96976]]]}},{"type":"Feature","properties":{"name":"FEMA Flood Zone AE - high risk (1% annual chance)","zone":"AE","_color":"#1e6fb8"},"geometry":{"type":"Polygon","coordinates":[[[-83.59772,42.98644],[-83.59761,42.98679],[-83.5977,42.98659],[-83.59772,42.98644]]]}},{"type":"Feature","properties":{"name":"FEMA Flood Zone AE - high risk (1% annual chance)","zone":"AE","_color":"#1e6fb8"},"geometry":{"type":"Polygon","coordinates":[[[-83.64702,42.95654],[-83.64777,42.95771],[-83.64915,42.95637],[-83.64823,42.95666],[-83.64702,42.95654]]]}},{"type":"Feature","properties":{"name":"FEMA Flood Zone AE - high risk (1% annual chance)","zone":"AE","_color":"#1e6fb8"},"geometry":{"type":"Polygon","coordinates":[[[-83.67444,42.95606],[-83.6752,42.95676],[-83.67515,42.9571],[-83.67557,42.95708],[-83.67632,42.95777],[-83.67444,42.95606]]]}},{"type":"Feature","properties":{"name":"FEMA Flood Zone AE - high risk (1% annual chance)","zone":"AE","_color":"#1e6fb8"},"geometry":{"type":"Polygon","coordinates":[[[-83.67454,42.956],[-83.67669,42.9575],[-83.67642,42.95676],[-83.67585,42.95695],[-83.67454,42.956]]]}},{"type":"Feature","properties":{"name":"FEMA Flood Zone AE - high risk (1% annual chance)","zone":"AE","_color":"#1e6fb8"},"geometry":{"type":"Polygon","coordinates":[[[-83.64713,42.95627],[-83.64677,42.95641],[-83.64673,42.95645],[-83.64713,42.95627]]]}},{"type":"Feature","properties":{"name":"FEMA Flood Zone AE - high risk (1% annual chance)","zone":"AE","_color":"#1e6fb8"},"geometry":{"type":"Polygon","coordinates":[[[-83.59784,42.98573],[-83.59758,42.98642],[-83.59758,42.98661],[-83.59784,42.98573]]]}},{"type":"Feature","properties":{"name":"FEMA Flood Zone AE - high risk (1% annual chance)","zone":"AE","_color":"#1e6fb8"},"geometry":{"type":"Polygon","coordinates":[[[-83.63804,42.96794],[-83.63636,42.96623],[-83.63561,42.96623],[-83.63516,42.96679],[-83.63538,42.968],[-83.63744,42.96946],[-83.63806,42.97144],[-83.6382,42.97043],[-83.63762,42.96987],[-83.63775,42.96907],[-83.63717,42.96853],[-83.63751,42.96823],[-83.63646,42.96756],[-83.63696,42.96733],[-83.63804,42.96794]]]}},{"type":"Feature","properties":{"name":"FEMA Flood Zone AE - high risk (1% annual chance)","zone":"AE","_color":"#1e6fb8"},"geometry":{"type":"Polygon","coordinates":[[[-83.64691,42.95686],[-83.64624,42.9584],[-83.64724,42.95781],[-83.64691,42.95686]]]}},{"type":"Feature","properties":{"name":"FEMA Flood Zone AE - high risk (1% annual chance)","zone":"AE","_color":"#1e6fb8"},"geometry":{"type":"Polygon","coordinates":[[[-83.63359,42.96796],[-83.63467,42.96903],[-83.63602,42.96959],[-83.63687,42.97094],[-83.63616,42.96958],[-83.63359,42.96796]]]}},{"type":"Feature","properties":{"name":"FEMA Flood Zone AE - high risk (1% annual chance)","zone":"AE","_color":"#1e6fb8"},"geometry":{"type":"Polygon","coordinates":[[[-83.67688,42.95766],[-83.67801,42.95821],[-83.67781,42.95768],[-83.67688,42.95766]]]}},{"type":"Feature","properties":{"name":"FEMA Flood Zone AE - high risk (1% annual chance)","zone":"AE","_color":"#1e6fb8"},"geometry":{"type":"Polygon","coordinates":[[[-83.69353,43.00289],[-83.69356,43.00295],[-83.69355,43.00291],[-83.69353,43.00289]]]}},{"type":"Feature","properties":{"name":"FEMA Flood Zone AE - high risk (1% annual chance)","zone":"AE","_color":"#1e6fb8"},"geometry":{"type":"Polygon","coordinates":[[[-83.59737,42.98935],[-83.59738,42.98941],[-83.59738,42.98938],[-83.59737,42.98935]]]}},{"type":"Feature","properties":{"name":"FEMA Flood Zone AE - high risk (1% annual chance)","zone":"AE","_color":"#1e6fb8"},"geometry":{"type":"Polygon","coordinates":[[[-83.59734,42.9889],[-83.59736,42.98926],[-83.59738,42.98907],[-83.59734,42.9889]]]}},{"type":"Feature","properties":{"name":"FEMA Flood Zone AE - high risk (1% annual chance)","zone":"AE","_color":"#1e6fb8"},"geometry":{"type":"Polygon","coordinates":[[[-83.59726,42.98903],[-83.59722,42.98909],[-83.59727,42.98918],[-83.59726,42.98903]]]}},{"type":"Feature","properties":{"name":"FEMA Flood Zone AE - high risk (1% annual chance)","zone":"AE","_color":"#1e6fb8"},"geometry":{"type":"Polygon","coordinates":[[[-83.64629,42.95675],[-83.64622,42.95676],[-83.64616,42.95683],[-83.64629,42.95675]]]}},{"type":"Feature","properties":{"name":"FEMA Flood Zone AE - high risk (1% annual chance)","zone":"AE","_color":"#1e6fb8"},"geometry":{"type":"Polygon","coordinates":[[[-83.64662,42.95651],[-83.64652,42.95654],[-83.6464,42.95666],[-83.64662,42.95651]]]}},{"type":"Feature","properties":{"name":"FEMA Flood Zone AE - high risk (1% annual chance)","zone":"AE","_color":"#1e6fb8"},"geometry":{"type":"Polygon","coordinates":[[[-83.65022,42.95605],[-83.65092,42.95645],[-83.65266,42.95517],[-83.65244,42.95431],[-83.65146,42.95566],[-83.65022,42.95605]]]}},{"type":"Feature","properties":{"name":"FEMA Flood Zone AE - high risk (1% annual chance)","zone":"AE","_color":"#1e6fb8"},"geometry":{"type":"Polygon","coordinates":[[[-83.64734,42.9562],[-83.64734,42.9562],[-83.64732,42.95621],[-83.64734,42.9562]]]}},{"type":"Feature","properties":{"name":"FEMA Flood Zone AE - high risk (1% annual chance)","zone":"AE","_color":"#1e6fb8"},"geometry":{"type":"Polygon","coordinates":[[[-83.67347,42.95507],[-83.67364,42.95544],[-83.67432,42.95594],[-83.67347,42.95507]]]}},{"type":"Feature","properties":{"name":"FEMA Flood Zone AE - high risk (1% annual chance)","zone":"AE","_color":"#1e6fb8"},"geometry":{"type":"Polygon","coordinates":[[[-83.61501,43.04493],[-83.61469,43.04522],[-83.61455,43.04547],[-83.61501,43.04493]]]}},{"type":"Feature","properties":{"name":"FEMA Flood Zone AE - high risk (1% annual chance)","zone":"AE","_color":"#1e6fb8"},"geometry":{"type":"Polygon","coordinates":[[[-83.68481,43.00315],[-83.68464,43.00309],[-83.6841,43.00329],[-83.68481,43.00315]]]}},{"type":"Feature","properties":{"name":"FEMA Flood Zone AE - high risk (1% annual chance)","zone":"AE","_color":"#1e6fb8"},"geometry":{"type":"Polygon","coordinates":[[[-83.69356,43.00296],[-83.69374,43.00333],[-83.69367,43.0031],[-83.69356,43.00296]]]}},{"type":"Feature","properties":{"name":"FEMA Flood Zone AE - high risk (1% annual chance)","zone":"AE","_color":"#1e6fb8"},"geometry":{"type":"Polygon","coordinates":[[[-83.68214,43.00298],[-83.68235,43.00313],[-83.68146,43.00259],[-83.68249,43.00186],[-83.68222,43.00089],[-83.6829,42.99954],[-83.68266,42.99922],[-83.68126,42.9997],[-83.68225,42.9998],[-83.68149,43.00126],[-83.68247,43.00189],[-83.68129,43.0026],[-83.68214,43.00298]]]}},{"type":"Feature","properties":{"name":"FEMA Flood Zone AE - high risk (1% annual chance)","zone":"AE","_color":"#1e6fb8"},"geometry":{"type":"Polygon","coordinates":[[[-83.65785,43.00273],[-83.65793,43.00285],[-83.65803,43.00287],[-83.65785,43.00273]]]}},{"type":"Feature","properties":{"name":"FEMA Flood Zone AE - high risk (1% annual chance)","zone":"AE","_color":"#1e6fb8"},"geometry":{"type":"Polygon","coordinates":[[[-83.69312,43.00275],[-83.6933,43.00301],[-83.69315,43.00278],[-83.69312,43.00275]]]}},{"type":"Feature","properties":{"name":"FEMA Flood Zone AE - high risk (1% annual chance)","zone":"AE","_color":"#1e6fb8"},"geometry":{"type":"Polygon","coordinates":[[[-83.63689,42.99016],[-83.6366,42.98995],[-83.63641,42.99035],[-83.63689,42.99016]]]}},{"type":"Feature","properties":{"name":"FEMA Flood Zone AE - high risk (1% annual chance)","zone":"AE","_color":"#1e6fb8"},"geometry":{"type":"Polygon","coordinates":[[[-83.59742,42.98995],[-83.59743,42.99],[-83.59744,42.98997],[-83.59742,42.98995]]]}},{"type":"Feature","properties":{"name":"FEMA Flood Zone AE - high risk (1% annual chance)","zone":"AE","_color":"#1e6fb8"},"geometry":{"type":"Polygon","coordinates":[[[-83.59734,42.98993],[-83.59735,42.98997],[-83.59736,42.98998],[-83.59734,42.98993]]]}},{"type":"Feature","properties":{"name":"FEMA Flood Zone AE - high risk (1% annual chance)","zone":"AE","_color":"#1e6fb8"},"geometry":{"type":"Polygon","coordinates":[[[-83.63742,42.98936],[-83.63758,42.98975],[-83.63694,42.99016],[-83.63767,42.98968],[-83.63742,42.98936]]]}},{"type":"Feature","properties":{"name":"FEMA Flood Zone AE - high risk (1% annual chance)","zone":"AE","_color":"#1e6fb8"},"geometry":{"type":"Polygon","coordinates":[[[-83.59732,42.9898],[-83.59732,42.98983],[-83.59733,42.98988],[-83.59732,42.9898]]]}},{"type":"Feature","properties":{"name":"FEMA Flood Zone AE - high risk (1% annual chance)","zone":"AE","_color":"#1e6fb8"},"geometry":{"type":"Polygon","coordinates":[[[-83.59728,42.98924],[-83.59725,42.98942],[-83.59732,42.98977],[-83.59728,42.98924]]]}},{"type":"Feature","properties":{"name":"FEMA Flood Zone AE - high risk (1% annual chance)","zone":"AE","_color":"#1e6fb8"},"geometry":{"type":"Polygon","coordinates":[[[-83.5974,42.98972],[-83.59741,42.98973],[-83.59741,42.98973],[-83.5974,42.98972]]]}},{"type":"Feature","properties":{"name":"FEMA Flood Zone AE - high risk (1% annual chance)","zone":"AE","_color":"#1e6fb8"},"geometry":{"type":"Polygon","coordinates":[[[-83.59733,42.98878],[-83.59734,42.98889],[-83.59734,42.98882],[-83.59733,42.98878]]]}},{"type":"Feature","properties":{"name":"FEMA Flood Zone AE - high risk (1% annual chance)","zone":"AE","_color":"#1e6fb8"},"geometry":{"type":"Polygon","coordinates":[[[-83.59725,42.98873],[-83.59725,42.98877],[-83.59725,42.98879],[-83.59725,42.98873]]]}},{"type":"Feature","properties":{"name":"FEMA Flood Zone AE - high risk (1% annual chance)","zone":"AE","_color":"#1e6fb8"},"geometry":{"type":"Polygon","coordinates":[[[-83.59731,42.9885],[-83.59733,42.98872],[-83.59732,42.98858],[-83.59731,42.9885]]]}},{"type":"Feature","properties":{"name":"FEMA Flood Zone AE - high risk (1% annual chance)","zone":"AE","_color":"#1e6fb8"},"geometry":{"type":"Polygon","coordinates":[[[-83.59731,42.98837],[-83.59731,42.98844],[-83.59732,42.98841],[-83.59731,42.98837]]]}},{"type":"Feature","properties":{"name":"FEMA Flood Zone AE - high risk (1% annual chance)","zone":"AE","_color":"#1e6fb8"},"geometry":{"type":"Polygon","coordinates":[[[-83.5973,42.98805],[-83.59724,42.98835],[-83.59725,42.98842],[-83.5973,42.98805]]]}},{"type":"Feature","properties":{"name":"FEMA Flood Zone AE - high risk (1% annual chance)","zone":"AE","_color":"#1e6fb8"},"geometry":{"type":"Polygon","coordinates":[[[-83.59737,42.98814],[-83.59736,42.98819],[-83.59737,42.98816],[-83.59737,42.98814]]]}},{"type":"Feature","properties":{"name":"FEMA Flood Zone AE - high risk (1% annual chance)","zone":"AE","_color":"#1e6fb8"},"geometry":{"type":"Polygon","coordinates":[[[-83.59739,42.98793],[-83.59739,42.98798],[-83.5974,42.98795],[-83.59739,42.98793]]]}},{"type":"Feature","properties":{"name":"FEMA Flood Zone AE - high risk (1% annual chance)","zone":"AE","_color":"#1e6fb8"},"geometry":{"type":"Polygon","coordinates":[[[-83.59734,42.9875],[-83.59731,42.98769],[-83.5973,42.98798],[-83.59734,42.9875]]]}},{"type":"Feature","properties":{"name":"FEMA Flood Zone AE - high risk (1% annual chance)","zone":"AE","_color":"#1e6fb8"},"geometry":{"type":"Polygon","coordinates":[[[-83.63734,42.96561],[-83.63788,42.96614],[-83.63748,42.96568],[-83.63734,42.96561]]]}},{"type":"Feature","properties":{"name":"FEMA Flood Zone AE - high risk (1% annual chance)","zone":"AE","_color":"#1e6fb8"},"geometry":{"type":"Polygon","coordinates":[[[-83.59748,42.99011],[-83.59749,42.99013],[-83.59751,42.99015],[-83.59748,42.99011]]]}},{"type":"Feature","properties":{"name":"FEMA Flood Zone AE - high risk (1% annual chance)","zone":"AE","_color":"#1e6fb8"},"geometry":{"type":"Polygon","coordinates":[[[-83.59827,42.99013],[-83.5982,42.99013],[-83.59818,42.99014],[-83.59827,42.99013]]]}},{"type":"Feature","properties":{"name":"FEMA Flood Zone AE - high risk (1% annual chance)","zone":"AE","_color":"#1e6fb8"},"geometry":{"type":"Polygon","coordinates":[[[-83.5981,42.99014],[-83.59815,42.99014],[-83.59812,42.99014],[-83.5981,42.99014]]]}},{"type":"Feature","properties":{"name":"FEMA Flood Zone AE - high risk (1% annual chance)","zone":"AE","_color":"#1e6fb8"},"geometry":{"type":"Polygon","coordinates":[[[-83.61368,43.04379],[-83.61497,43.04399],[-83.61508,43.0447],[-83.61478,43.04374],[-83.61368,43.04379]]]}},{"type":"Feature","properties":{"name":"FEMA Flood Zone AE - high risk (1% annual chance)","zone":"AE","_color":"#1e6fb8"},"geometry":{"type":"Polygon","coordinates":[[[-83.63401,42.96522],[-83.63354,42.96531],[-83.63396,42.96572],[-83.63401,42.96522]]]}},{"type":"Feature","properties":{"name":"FEMA Flood Zone AE - high risk (1% annual chance)","zone":"AE","_color":"#1e6fb8"},"geometry":{"type":"Polygon","coordinates":[[[-83.59807,42.96528],[-83.59812,42.96533],[-83.5981,42.96531],[-83.59807,42.96528]]]}},{"type":"Feature","properties":{"name":"FEMA Flood Zone AE - high risk (1% annual chance)","zone":"AE","_color":"#1e6fb8"},"geometry":{"type":"Polygon","coordinates":[[[-83.61609,43.05023],[-83.61653,43.05043],[-83.61638,43.05019],[-83.61609,43.05023]]]}},{"type":"Feature","properties":{"name":"FEMA Flood Zone AE - high risk (1% annual chance)","zone":"AE","_color":"#1e6fb8"},"geometry":{"type":"Polygon","coordinates":[[[-83.64601,42.96211],[-83.64722,42.96329],[-83.64745,42.96314],[-83.64696,42.96281],[-83.64659,42.96149],[-83.64601,42.96211]]]}},{"type":"Feature","properties":{"name":"FEMA Flood Zone AE - high risk (1% annual chance)","zone":"AE","_color":"#1e6fb8"},"geometry":{"type":"Polygon","coordinates":[[[-83.64351,42.96047],[-83.64522,42.96293],[-83.64418,42.96114],[-83.64351,42.96047]]]}},{"type":"Feature","properties":{"name":"FEMA Flood Zone AE - high risk (1% annual chance)","zone":"AE","_color":"#1e6fb8"},"geometry":{"type":"Polygon","coordinates":[[[-83.63725,43.0249],[-83.63714,43.0249],[-83.63681,43.02503],[-83.63725,43.0249]]]}},{"type":"Feature","properties":{"name":"FEMA Flood Zone AE - high risk (1% annual chance)","zone":"AE","_color":"#1e6fb8"},"geometry":{"type":"Polygon","coordinates":[[[-83.63795,43.02442],[-83.63734,43.02489],[-83.63759,43.02484],[-83.63795,43.02442]]]}},{"type":"Feature","properties":{"name":"FEMA Flood Zone AE - high risk (1% annual chance)","zone":"AE","_color":"#1e6fb8"},"geometry":{"type":"Polygon","coordinates":[[[-83.63935,43.02388],[-83.63902,43.02433],[-83.63795,43.02442],[-83.63913,43.02434],[-83.63935,43.02388]]]}},{"type":"Feature","properties":{"name":"FEMA Flood Zone AE - high risk (1% annual chance)","zone":"AE","_color":"#1e6fb8"},"geometry":{"type":"Polygon","coordinates":[[[-83.63935,43.02387],[-83.63995,43.02405],[-83.64053,43.02361],[-83.64092,43.02384],[-83.64185,43.02368],[-83.64052,43.02361],[-83.64,43.02403],[-83.63935,43.02387]]]}},{"type":"Feature","properties":{"name":"FEMA Flood Zone AE - high risk (1% annual chance)","zone":"AE","_color":"#1e6fb8"},"geometry":{"type":"Polygon","coordinates":[[[-83.6454,43.0237],[-83.64558,43.02381],[-83.64684,43.02377],[-83.6454,43.0237]]]}},{"type":"Feature","properties":{"name":"FEMA Flood Zone AE - high risk (1% annual chance)","zone":"AE","_color":"#1e6fb8"},"geometry":{"type":"Polygon","coordinates":[[[-83.65017,43.02375],[-83.65105,43.02381],[-83.65227,43.02365],[-83.65017,43.02375]]]}},{"type":"Feature","properties":{"name":"FEMA Flood Zone AE - high risk (1% annual chance)","zone":"AE","_color":"#1e6fb8"},"geometry":{"type":"Polygon","coordinates":[[[-83.64735,43.02376],[-83.64894,43.02376],[-83.64827,43.02372],[-83.64735,43.02376]]]}},{"type":"Feature","properties":{"name":"FEMA Flood Zone AE - high risk (1% annual chance)","zone":"AE","_color":"#1e6fb8"},"geometry":{"type":"Polygon","coordinates":[[[-83.64972,43.02373],[-83.64979,43.02376],[-83.64985,43.02374],[-83.64972,43.02373]]]}},{"type":"Feature","properties":{"name":"FEMA Flood Zone AE - high risk (1% annual chance)","zone":"AE","_color":"#1e6fb8"},"geometry":{"type":"Polygon","coordinates":[[[-83.68691,43.00565],[-83.68694,43.00565],[-83.68689,43.00563],[-83.68691,43.00565]]]}},{"type":"Feature","properties":{"name":"FEMA Flood Zone AE - high risk (1% annual chance)","zone":"AE","_color":"#1e6fb8"},"geometry":{"type":"Polygon","coordinates":[[[-83.67148,43.01226],[-83.67177,43.01222],[-83.67133,43.01169],[-83.67148,43.01226]]]}},{"type":"Feature","properties":{"name":"FEMA Flood Zone AE - high risk (1% annual chance)","zone":"AE","_color":"#1e6fb8"},"geometry":{"type":"Polygon","coordinates":[[[-83.65339,43.02289],[-83.65339,43.02291],[-83.6534,43.02292],[-83.65339,43.02289]]]}},{"type":"Feature","properties":{"name":"FEMA Flood Zone AE - high risk (1% annual chance)","zone":"AE","_color":"#1e6fb8"},"geometry":{"type":"Polygon","coordinates":[[[-83.65329,43.02251],[-83.65333,43.02281],[-83.65338,43.02284],[-83.65329,43.02251]]]}},{"type":"Feature","properties":{"name":"FEMA Flood Zone AE - high risk (1% annual chance)","zone":"AE","_color":"#1e6fb8"},"geometry":{"type":"Polygon","coordinates":[[[-83.65336,43.02244],[-83.65333,43.02246],[-83.65332,43.02248],[-83.65336,43.02244]]]}},{"type":"Feature","properties":{"name":"FEMA Flood Zone AE - high risk (1% annual chance)","zone":"AE","_color":"#1e6fb8"},"geometry":{"type":"Polygon","coordinates":[[[-83.65013,43.02362],[-83.65069,43.02355],[-83.65108,43.02334],[-83.65013,43.02362]]]}},{"type":"Feature","properties":{"name":"FEMA Flood Zone AE - high risk (1% annual chance)","zone":"AE","_color":"#1e6fb8"},"geometry":{"type":"Polygon","coordinates":[[[-83.65243,43.02364],[-83.65363,43.02351],[-83.65366,43.02277],[-83.65516,43.02325],[-83.65534,43.02243],[-83.65583,43.02208],[-83.65557,43.02143],[-83.65608,43.02105],[-83.65632,43.0199],[-83.65608,43.01949],[-83.65687,43.01918],[-83.6563,43.01859],[-83.6568,43.0184],[-83.65664,43.01808],[-83.65804,43.01773],[-83.65746,43.01711],[-83.6581,43.01716],[-83.65805,43.01657],[-83.65915,43.01631],[-83.65903,43.0158],[-83.65999,43.01572],[-83.66035,43.01611],[-83.66095,43.01526],[-83.66388,43.0153],[-83.6648,43.01501],[-83.66584,43.01386],[-83.66668,43.01369],[-83.66702,43.01323],[-83.66571,43.01387],[-83.6648,43.01501],[-83.65928,43.01554],[-83.65674,43.0169],[-83.65569,43.01827],[-83.65641,43.01846],[-83.65602,43.01864],[-83.65607,43.01986],[-83.6537,43.02221],[-83.65359,43.02353],[-83.65243,43.02364]]]}},{"type":"Feature","properties":{"name":"FEMA Flood Zone AE - high risk (1% annual chance)","zone":"AE","_color":"#1e6fb8"},"geometry":{"type":"Polygon","coordinates":[[[-83.66431,42.99975],[-83.66427,42.99979],[-83.66423,42.99986],[-83.66431,42.99975]]]}},{"type":"Feature","properties":{"name":"FEMA Flood Zone AE - high risk (1% annual chance)","zone":"AE","_color":"#1e6fb8"},"geometry":{"type":"Polygon","coordinates":[[[-83.68045,42.99989],[-83.68043,42.9999],[-83.68041,42.99992],[-83.68045,42.99989]]]}},{"type":"Feature","properties":{"name":"FEMA Flood Zone AE - high risk (1% annual chance)","zone":"AE","_color":"#1e6fb8"},"geometry":{"type":"Polygon","coordinates":[[[-83.59795,42.98535],[-83.5979,42.98545],[-83.5979,42.98556],[-83.59795,42.98535]]]}},{"type":"Feature","properties":{"name":"FEMA Flood Zone AE - high risk (1% annual chance)","zone":"AE","_color":"#1e6fb8"},"geometry":{"type":"Polygon","coordinates":[[[-83.61718,43.05201],[-83.61714,43.05209],[-83.61714,43.05214],[-83.61718,43.05201]]]}},{"type":"Feature","properties":{"name":"FEMA Flood Zone AE - high risk (1% annual chance)","zone":"AE","_color":"#1e6fb8"},"geometry":{"type":"Polygon","coordinates":[[[-83.61755,43.05171],[-83.61757,43.05194],[-83.6176,43.05185],[-83.61755,43.05171]]]}},{"type":"Feature","properties":{"name":"FEMA Flood Zone AE - high risk (1% annual chance)","zone":"AE","_color":"#1e6fb8"},"geometry":{"type":"Polygon","coordinates":[[[-83.6172,43.05188],[-83.6172,43.05193],[-83.61721,43.0519],[-83.6172,43.05188]]]}},{"type":"Feature","properties":{"name":"FEMA Flood Zone AE - high risk (1% annual chance)","zone":"AE","_color":"#1e6fb8"},"geometry":{"type":"Polygon","coordinates":[[[-83.64914,43.02374],[-83.64921,43.02374],[-83.6493,43.02373],[-83.64914,43.02374]]]}},{"type":"Feature","properties":{"name":"FEMA Flood Zone AE - high risk (1% annual chance)","zone":"AE","_color":"#1e6fb8"},"geometry":{"type":"Polygon","coordinates":[[[-83.65115,43.02328],[-83.65347,43.02337],[-83.65227,43.02346],[-83.65196,43.02277],[-83.65115,43.02328]]]}},{"type":"Feature","properties":{"name":"FEMA Flood Zone AE - high risk (1% annual chance)","zone":"AE","_color":"#1e6fb8"},"geometry":{"type":"Polygon","coordinates":[[[-83.68035,42.99996],[-83.68033,42.99997],[-83.68031,42.99999],[-83.68035,42.99996]]]}},{"type":"Feature","properties":{"name":"FEMA Flood Zone AE - high risk (1% annual chance)","zone":"AE","_color":"#1e6fb8"},"geometry":{"type":"Polygon","coordinates":[[[-83.59809,42.98509],[-83.59773,42.98642],[-83.59807,42.98549],[-83.59809,42.98509]]]}},{"type":"Feature","properties":{"name":"FEMA Flood Zone AE - high risk (1% annual chance)","zone":"AE","_color":"#1e6fb8"},"geometry":{"type":"Polygon","coordinates":[[[-83.57727,42.98594],[-83.5772,42.98611],[-83.57737,42.98624],[-83.57727,42.98594]]]}},{"type":"Feature","properties":{"name":"FEMA Flood Zone AE - high risk (1% annual chance)","zone":"AE","_color":"#1e6fb8"},"geometry":{"type":"Polygon","coordinates":[[[-83.64417,43.02284],[-83.64231,43.02275],[-83.64227,43.02328],[-83.64266,43.0235],[-83.64185,43.02368],[-83.64259,43.02359],[-83.64267,43.02312],[-83.64417,43.02284]]]}},{"type":"Feature","properties":{"name":"FEMA Flood Zone AE - high risk (1% annual chance)","zone":"AE","_color":"#1e6fb8"},"geometry":{"type":"Polygon","coordinates":[[[-83.64527,43.02366],[-83.64532,43.02367],[-83.6453,43.02366],[-83.64527,43.02366]]]}},{"type":"Feature","properties":{"name":"FEMA Flood Zone AE - high risk (1% annual chance)","zone":"AE","_color":"#1e6fb8"},"geometry":{"type":"Polygon","coordinates":[[[-83.65344,43.02313],[-83.65343,43.02317],[-83.65345,43.02322],[-83.65344,43.02313]]]}},{"type":"Feature","properties":{"name":"FEMA Flood Zone AE - high risk (1% annual chance)","zone":"AE","_color":"#1e6fb8"},"geometry":{"type":"Polygon","coordinates":[[[-83.6534,43.02294],[-83.6534,43.02308],[-83.65344,43.02312],[-83.6534,43.02294]]]}},{"type":"Feature","properties":{"name":"FEMA Flood Zone AE - high risk (1% annual chance)","zone":"AE","_color":"#1e6fb8"},"geometry":{"type":"Polygon","coordinates":[[[-83.57588,42.98522],[-83.57602,42.98542],[-83.57643,42.98546],[-83.57588,42.98522]]]}},{"type":"Feature","properties":{"name":"FEMA Flood Zone AE - high risk (1% annual chance)","zone":"AE","_color":"#1e6fb8"},"geometry":{"type":"Polygon","coordinates":[[[-83.68773,42.9709],[-83.68773,42.97092],[-83.68781,42.97101],[-83.68773,42.9709]]]}},{"type":"Feature","properties":{"name":"FEMA Flood Zone AE - high risk (1% annual chance)","zone":"AE","_color":"#1e6fb8"},"geometry":{"type":"Polygon","coordinates":[[[-83.63601,42.98586],[-83.63666,42.98586],[-83.63646,42.98373],[-83.63686,42.98266],[-83.63576,42.98122],[-83.63585,42.98034],[-83.63482,42.97997],[-83.63492,42.98049],[-83.63569,42.98084],[-83.63523,42.9809],[-83.63609,42.98224],[-83.63585,42.98302],[-83.6365,42.98493],[-83.63601,42.98586]]]}},{"type":"Feature","properties":{"name":"FEMA Flood Zone AE - high risk (1% annual chance)","zone":"AE","_color":"#1e6fb8"},"geometry":{"type":"Polygon","coordinates":[[[-83.57488,43.00192],[-83.57499,43.00193],[-83.57493,43.00192],[-83.57488,43.00192]]]}},{"type":"Feature","properties":{"name":"FEMA Flood Zone AE - high risk (1% annual chance)","zone":"AE","_color":"#1e6fb8"},"geometry":{"type":"Polygon","coordinates":[[[-83.60428,42.9975],[-83.60431,42.99755],[-83.60438,42.99759],[-83.60428,42.9975]]]}},{"type":"Feature","properties":{"name":"FEMA Flood Zone AE - high risk (1% annual chance)","zone":"AE","_color":"#1e6fb8"},"geometry":{"type":"Polygon","coordinates":[[[-83.6041,42.99716],[-83.60412,42.99726],[-83.60425,42.99745],[-83.6041,42.99716]]]}},{"type":"Feature","properties":{"name":"FEMA Flood Zone AE - high risk (1% annual chance)","zone":"AE","_color":"#1e6fb8"},"geometry":{"type":"Polygon","coordinates":[[[-83.60406,42.99709],[-83.60406,42.9971],[-83.60408,42.99712],[-83.60406,42.99709]]]}},{"type":"Feature","properties":{"name":"FEMA Flood Zone AE - high risk (1% annual chance)","zone":"AE","_color":"#1e6fb8"},"geometry":{"type":"Polygon","coordinates":[[[-83.60358,42.99606],[-83.60359,42.99634],[-83.60404,42.99705],[-83.60358,42.99606]]]}},{"type":"Feature","properties":{"name":"FEMA Flood Zone AE - high risk (1% annual chance)","zone":"AE","_color":"#1e6fb8"},"geometry":{"type":"Polygon","coordinates":[[[-83.64902,42.99697],[-83.64903,42.99697],[-83.64902,42.99697],[-83.64902,42.99697]]]}},{"type":"Feature","properties":{"name":"FEMA Flood Zone AE - high risk (1% annual chance)","zone":"AE","_color":"#1e6fb8"},"geometry":{"type":"Polygon","coordinates":[[[-83.60222,42.9932],[-83.60243,42.99388],[-83.60263,42.9942],[-83.60222,42.9932]]]}},{"type":"Feature","properties":{"name":"FEMA Flood Zone AE - high risk (1% annual chance)","zone":"AE","_color":"#1e6fb8"},"geometry":{"type":"Polygon","coordinates":[[[-83.6854,43.00366],[-83.6856,43.00457],[-83.68551,43.00398],[-83.6854,43.00366]]]}},{"type":"Feature","properties":{"name":"FEMA Flood Zone AE - high risk (1% annual chance)","zone":"AE","_color":"#1e6fb8"},"geometry":{"type":"Polygon","coordinates":[[[-83.57434,43.00326],[-83.57421,43.00334],[-83.57413,43.00368],[-83.57434,43.00326]]]}},{"type":"Feature","properties":{"name":"FEMA Flood Zone AE - high risk (1% annual chance)","zone":"AE","_color":"#1e6fb8"},"geometry":{"type":"Polygon","coordinates":[[[-83.69113,43.00372],[-83.69083,43.00399],[-83.69094,43.00391],[-83.69113,43.00372]]]}},{"type":"Feature","properties":{"name":"FEMA Flood Zone AE - high risk (1% annual chance)","zone":"AE","_color":"#1e6fb8"},"geometry":{"type":"Polygon","coordinates":[[[-83.69376,43.00343],[-83.69375,43.00348],[-83.69397,43.00385],[-83.69376,43.00343]]]}},{"type":"Feature","properties":{"name":"FEMA Flood Zone AE - high risk (1% annual chance)","zone":"AE","_color":"#1e6fb8"},"geometry":{"type":"Polygon","coordinates":[[[-83.63803,42.96812],[-83.63799,42.96839],[-83.63822,42.96857],[-83.63803,42.96812]]]}},{"type":"Feature","properties":{"name":"FEMA Flood Zone AE - high risk (1% annual chance)","zone":"AE","_color":"#1e6fb8"},"geometry":{"type":"Polygon","coordinates":[[[-83.64391,42.96836],[-83.64358,42.96836],[-83.64314,42.9685],[-83.64391,42.96836]]]}},{"type":"Feature","properties":{"name":"FEMA Flood Zone AE - high risk (1% annual chance)","zone":"AE","_color":"#1e6fb8"},"geometry":{"type":"Polygon","coordinates":[[[-83.68745,42.9696],[-83.68747,42.96981],[-83.68747,42.96967],[-83.68745,42.9696]]]}},{"type":"Feature","properties":{"name":"FEMA Flood Zone AE - high risk (1% annual chance)","zone":"AE","_color":"#1e6fb8"},"geometry":{"type":"Polygon","coordinates":[[[-83.63835,42.96866],[-83.63929,42.96937],[-83.63997,42.96945],[-83.63835,42.96866]]]}},{"type":"Feature","properties":{"name":"FEMA Flood Zone AE - high risk (1% annual chance)","zone":"AE","_color":"#1e6fb8"},"geometry":{"type":"Polygon","coordinates":[[[-83.63341,42.96785],[-83.63353,42.9679],[-83.6335,42.96773],[-83.63341,42.96785]]]}},{"type":"Feature","properties":{"name":"FEMA Flood Zone AE - high risk (1% annual chance)","zone":"AE","_color":"#1e6fb8"},"geometry":{"type":"Polygon","coordinates":[[[-83.64374,42.9949],[-83.64299,42.99522],[-83.64384,42.99591],[-83.64374,42.9949]]]}},{"type":"Feature","properties":{"name":"FEMA Flood Zone AE - high risk (1% annual chance)","zone":"AE","_color":"#1e6fb8"},"geometry":{"type":"Polygon","coordinates":[[[-83.63959,42.99212],[-83.64132,42.99264],[-83.64144,42.99304],[-83.64281,42.99291],[-83.64391,42.99391],[-83.64372,42.99433],[-83.64394,42.99464],[-83.64393,42.99355],[-83.64336,42.99244],[-83.64196,42.99174],[-83.6409,42.99198],[-83.6398,42.99153],[-83.63849,42.99168],[-83.63667,42.99073],[-83.63959,42.99212]]]}},{"type":"Feature","properties":{"name":"FEMA Flood Zone AE - high risk (1% annual chance)","zone":"AE","_color":"#1e6fb8"},"geometry":{"type":"Polygon","coordinates":[[[-83.60264,42.99424],[-83.60264,42.99426],[-83.60266,42.99429],[-83.60264,42.99424]]]}},{"type":"Feature","properties":{"name":"FEMA Flood Zone AE - high risk (1% annual chance)","zone":"AE","_color":"#1e6fb8"},"geometry":{"type":"Polygon","coordinates":[[[-83.68332,43.00191],[-83.68316,43.00204],[-83.68331,43.00195],[-83.68332,43.00191]]]}},{"type":"Feature","properties":{"name":"FEMA Flood Zone AE - high risk (1% annual chance)","zone":"AE","_color":"#1e6fb8"},"geometry":{"type":"Polygon","coordinates":[[[-83.68259,43.00355],[-83.68238,43.00372],[-83.682,43.00338],[-83.68174,43.00378],[-83.68309,43.00424],[-83.68353,43.00373],[-83.68259,43.00355]]]}},{"type":"Feature","properties":{"name":"FEMA Flood Zone AE - high risk (1% annual chance)","zone":"AE","_color":"#1e6fb8"},"geometry":{"type":"Polygon","coordinates":[[[-83.64695,42.96393],[-83.64692,42.96454],[-83.64459,42.96693],[-83.64429,42.96791],[-83.645,42.96753],[-83.64603,42.96626],[-83.64646,42.96507],[-83.64725,42.96469],[-83.64695,42.96393]]]}},{"type":"Feature","properties":{"name":"FEMA Flood Zone AE - high risk (1% annual chance)","zone":"AE","_color":"#1e6fb8"},"geometry":{"type":"Polygon","coordinates":[[[-83.64603,42.95689],[-83.64494,42.95752],[-83.64393,42.95977],[-83.64469,42.95915],[-83.64552,42.95735],[-83.64603,42.95689]]]}},{"type":"Feature","properties":{"name":"FEMA Flood Zone AE - high risk (1% annual chance)","zone":"AE","_color":"#1e6fb8"},"geometry":{"type":"Polygon","coordinates":[[[-83.64393,42.99139],[-83.64431,42.99641],[-83.6459,42.99634],[-83.64886,42.99694],[-83.64828,42.9964],[-83.64704,42.9963],[-83.64711,42.99555],[-83.64632,42.99501],[-83.64655,42.99457],[-83.64564,42.99442],[-83.64644,42.99365],[-83.64642,42.99331],[-83.64432,42.99214],[-83.64425,42.99152],[-83.64393,42.99139]]]}},{"type":"Feature","properties":{"name":"FEMA Flood Zone AE - high risk (1% annual chance)","zone":"AE","_color":"#1e6fb8"},"geometry":{"type":"Polygon","coordinates":[[[-83.6031,42.99521],[-83.60325,42.9955],[-83.60339,42.99571],[-83.6031,42.99521]]]}},{"type":"Feature","properties":{"name":"FEMA Flood Zone AE - high risk (1% annual chance)","zone":"AE","_color":"#1e6fb8"},"geometry":{"type":"Polygon","coordinates":[[[-83.60011,42.99226],[-83.60019,42.99231],[-83.60036,42.99237],[-83.60011,42.99226]]]}},{"type":"Feature","properties":{"name":"FEMA Flood Zone AE - high risk (1% annual chance)","zone":"AE","_color":"#1e6fb8"},"geometry":{"type":"Polygon","coordinates":[[[-83.59883,42.99095],[-83.59952,42.99191],[-83.60042,42.99231],[-83.59883,42.99095]]]}},{"type":"Feature","properties":{"name":"FEMA Flood Zone AE - high risk (1% annual chance)","zone":"AE","_color":"#1e6fb8"},"geometry":{"type":"Polygon","coordinates":[[[-83.60001,42.99221],[-83.60004,42.99223],[-83.60007,42.99224],[-83.60001,42.99221]]]}},{"type":"Feature","properties":{"name":"FEMA Flood Zone AE - high risk (1% annual chance)","zone":"AE","_color":"#1e6fb8"},"geometry":{"type":"Polygon","coordinates":[[[-83.59943,42.99196],[-83.59947,42.99199],[-83.59956,42.99201],[-83.59943,42.99196]]]}},{"type":"Feature","properties":{"name":"FEMA Flood Zone AE - high risk (1% annual chance)","zone":"AE","_color":"#1e6fb8"},"geometry":{"type":"Polygon","coordinates":[[[-83.59923,42.99171],[-83.59932,42.99186],[-83.5994,42.99194],[-83.59923,42.99171]]]}},{"type":"Feature","properties":{"name":"FEMA Flood Zone AE - high risk (1% annual chance)","zone":"AE","_color":"#1e6fb8"},"geometry":{"type":"Polygon","coordinates":[[[-83.59905,42.99139],[-83.59906,42.99149],[-83.59921,42.99167],[-83.59905,42.99139]]]}},{"type":"Feature","properties":{"name":"FEMA Flood Zone AE - high risk (1% annual chance)","zone":"AE","_color":"#1e6fb8"},"geometry":{"type":"Polygon","coordinates":[[[-83.65767,43.00173],[-83.65766,43.00178],[-83.6577,43.00181],[-83.65767,43.00173]]]}},{"type":"Feature","properties":{"name":"FEMA Flood Zone AE - high risk (1% annual chance)","zone":"AE","_color":"#1e6fb8"},"geometry":{"type":"Polygon","coordinates":[[[-83.65719,43.00147],[-83.65741,43.00163],[-83.65761,43.00166],[-83.65719,43.00147]]]}},{"type":"Feature","properties":{"name":"FEMA Flood Zone AE - high risk (1% annual chance)","zone":"AE","_color":"#1e6fb8"},"geometry":{"type":"Polygon","coordinates":[[[-83.61479,43.04858],[-83.61487,43.04888],[-83.61489,43.04873],[-83.61479,43.04858]]]}},{"type":"Feature","properties":{"name":"FEMA Flood Zone AE - high risk (1% annual chance)","zone":"AE","_color":"#1e6fb8"},"geometry":{"type":"Polygon","coordinates":[[[-83.60503,42.97025],[-83.60508,42.97034],[-83.60505,42.97029],[-83.60503,42.97025]]]}},{"type":"Feature","properties":{"name":"FEMA Flood Zone AE - high risk (1% annual chance)","zone":"AE","_color":"#1e6fb8"},"geometry":{"type":"Polygon","coordinates":[[[-83.68547,42.96454],[-83.68535,42.96554],[-83.6865,42.96689],[-83.68616,42.96722],[-83.68755,42.96861],[-83.68747,42.96759],[-83.68646,42.96686],[-83.68677,42.96677],[-83.68642,42.96649],[-83.68651,42.96617],[-83.68593,42.96594],[-83.68567,42.96527],[-83.68596,42.96467],[-83.68547,42.96454]]]}},{"type":"Feature","properties":{"name":"FEMA Flood Zone AE - high risk (1% annual chance)","zone":"AE","_color":"#1e6fb8"},"geometry":{"type":"Polygon","coordinates":[[[-83.60125,42.96784],[-83.60127,42.968],[-83.60127,42.96791],[-83.60125,42.96784]]]}},{"type":"Feature","properties":{"name":"FEMA Flood Zone AE - high risk (1% annual chance)","zone":"AE","_color":"#1e6fb8"},"geometry":{"type":"Polygon","coordinates":[[[-83.63805,42.96797],[-83.63805,42.968],[-83.63807,42.96803],[-83.63805,42.96797]]]}},{"type":"Feature","properties":{"name":"FEMA Flood Zone AE - high risk (1% annual chance)","zone":"AE","_color":"#1e6fb8"},"geometry":{"type":"Polygon","coordinates":[[[-83.63388,42.96598],[-83.63381,42.96625],[-83.63411,42.96665],[-83.63388,42.96598]]]}},{"type":"Feature","properties":{"name":"FEMA Flood Zone AE - high risk (1% annual chance)","zone":"AE","_color":"#1e6fb8"},"geometry":{"type":"Polygon","coordinates":[[[-83.68316,43.00143],[-83.68335,43.00165],[-83.68323,43.00147],[-83.68316,43.00143]]]}},{"type":"Feature","properties":{"name":"FEMA Flood Zone AE - high risk (1% annual chance)","zone":"AE","_color":"#1e6fb8"},"geometry":{"type":"Polygon","coordinates":[[[-83.58574,42.97145],[-83.58574,42.97148],[-83.58574,42.97147],[-83.58574,42.97145]]]}},{"type":"Feature","properties":{"name":"FEMA Flood Zone AE - high risk (1% annual chance)","zone":"AE","_color":"#1e6fb8"},"geometry":{"type":"Polygon","coordinates":[[[-83.56787,43.01879],[-83.56654,43.01925],[-83.56709,43.02098],[-83.56955,43.02148],[-83.57237,43.02357],[-83.57288,43.02508],[-83.57218,43.02718],[-83.5748,43.0271],[-83.57571,43.0278],[-83.57604,43.02854],[-83.57732,43.02874],[-83.57858,43.02991],[-83.5801,43.03041],[-83.58075,43.03103],[-83.58229,43.03138],[-83.58263,43.03245],[-83.58184,43.03356],[-83.58217,43.0343],[-83.58144,43.03469],[-83.58169,43.03554],[-83.58309,43.0359],[-83.58384,43.03667],[-83.58494,43.03593],[-83.5855,43.03514],[-83.58642,43.03473],[-83.58626,43.03415],[-83.58686,43.03386],[-83.58635,43.03402],[-83.58631,43.03456],[-83.58578,43.03472],[-83.58471,43.03605],[-83.58414,43.03626],[-83.58342,43.03605],[-83.58259,43.03516],[-83.58334,43.03438],[-83.58334,43.03357],[-83.58488,43.03348],[-83.58423,43.03334],[-83.58258,43.03184],[-83.58213,43.031],[-83.5824,43.03063],[-83.58118,43.02995],[-83.58015,43.02996],[-83.57994,43.0296],[-83.58033,43.02906],[-83.57953,43.02827],[-83.578,43.02748],[-83.57425,43.02692],[-83.57594,43.02666],[-83.57655,43.026],[-83.57563,43.02652],[-83.57308,43.02471],[-83.57272,43.02427],[-83.57298,43.02364],[-83.57183,43.02284],[-83.57163,43.02234],[-83.57103,43.02226],[-83.56905,43.02013],[-83.56833,43.0199],[-83.56852,43.0194],[-83.56821,43.01923],[-83.56846,43.01915],[-83.56787,43.01879]]]}},{"type":"Feature","properties":{"name":"FEMA Flood Zone AE - high risk (1% annual chance)","zone":"AE","_color":"#1e6fb8"},"geometry":{"type":"Polygon","coordinates":[[[-83.69845,43.00574],[-83.6965,43.00569],[-83.69602,43.00606],[-83.69665,43.00569],[-83.69787,43.00596],[-83.69845,43.00574]]]}},{"type":"Feature","properties":{"name":"FEMA Flood Zone AE - high risk (1% annual chance)","zone":"AE","_color":"#1e6fb8"},"geometry":{"type":"Polygon","coordinates":[[[-83.6874,42.96884],[-83.68744,42.9695],[-83.68747,42.96895],[-83.6874,42.96884]]]}},{"type":"Feature","properties":{"name":"FEMA Flood Zone AE - high risk (1% annual chance)","zone":"AE","_color":"#1e6fb8"},"geometry":{"type":"Polygon","coordinates":[[[-83.63801,42.96625],[-83.6395,42.96832],[-83.64051,42.96864],[-83.64155,42.96836],[-83.64257,42.96762],[-83.64372,42.96599],[-83.64515,42.96511],[-83.64547,42.96406],[-83.64534,42.96308],[-83.64469,42.96283],[-83.64402,42.96303],[-83.64426,42.96433],[-83.64512,42.96463],[-83.64453,42.96541],[-83.64148,42.96502],[-83.64109,42.9644],[-83.64029,42.96409],[-83.641,42.9645],[-83.64087,42.96554],[-83.63947,42.96633],[-83.63801,42.96625]]]}},{"type":"Feature","properties":{"name":"FEMA Flood Zone AE - high risk (1% annual chance)","zone":"AE","_color":"#1e6fb8"},"geometry":{"type":"Polygon","coordinates":[[[-83.68877,42.96139],[-83.6897,42.9613],[-83.68863,42.96132],[-83.68703,42.96042],[-83.6867,42.96065],[-83.68877,42.96139]]]}},{"type":"Feature","properties":{"name":"FEMA Flood Zone AE - high risk (1% annual chance)","zone":"AE","_color":"#1e6fb8"},"geometry":{"type":"Polygon","coordinates":[[[-83.64467,42.96044],[-83.64538,42.96076],[-83.64587,42.96194],[-83.6461,42.96128],[-83.64541,42.96044],[-83.64467,42.96044]]]}},{"type":"Feature","properties":{"name":"FEMA Flood Zone AE - high risk (1% annual chance)","zone":"AE","_color":"#1e6fb8"},"geometry":{"type":"Polygon","coordinates":[[[-83.60023,42.96709],[-83.60024,42.96709],[-83.60024,42.9671],[-83.60023,42.96709]]]}},{"type":"Feature","properties":{"name":"FEMA Flood Zone AE - high risk (1% annual chance)","zone":"AE","_color":"#1e6fb8"},"geometry":{"type":"Polygon","coordinates":[[[-83.60007,42.96681],[-83.6001,42.96687],[-83.60022,42.96706],[-83.60007,42.96681]]]}},{"type":"Feature","properties":{"name":"FEMA Flood Zone AE - high risk (1% annual chance)","zone":"AE","_color":"#1e6fb8"},"geometry":{"type":"Polygon","coordinates":[[[-83.67933,43.00043],[-83.67926,43.00043],[-83.67919,43.00046],[-83.67933,43.00043]]]}},{"type":"Feature","properties":{"name":"FEMA Flood Zone AE - high risk (1% annual chance)","zone":"AE","_color":"#1e6fb8"},"geometry":{"type":"Polygon","coordinates":[[[-83.67984,43.0003],[-83.67981,43.0003],[-83.6798,43.00031],[-83.67984,43.0003]]]}},{"type":"Feature","properties":{"name":"FEMA Flood Zone AE - high risk (1% annual chance)","zone":"AE","_color":"#1e6fb8"},"geometry":{"type":"Polygon","coordinates":[[[-83.65627,42.99949],[-83.65707,43.00136],[-83.65699,43.00056],[-83.65627,42.99949]]]}},{"type":"Feature","properties":{"name":"FEMA Flood Zone AE - high risk (1% annual chance)","zone":"AE","_color":"#1e6fb8"},"geometry":{"type":"Polygon","coordinates":[[[-83.66422,42.99988],[-83.66383,43.0003],[-83.66314,42.99985],[-83.66216,42.99975],[-83.66326,43.00057],[-83.66381,43.00043],[-83.66422,42.99988]]]}},{"type":"Feature","properties":{"name":"FEMA Flood Zone AE - high risk (1% annual chance)","zone":"AE","_color":"#1e6fb8"},"geometry":{"type":"Polygon","coordinates":[[[-83.68294,43.00109],[-83.68301,43.00124],[-83.68296,43.00111],[-83.68294,43.00109]]]}},{"type":"Feature","properties":{"name":"FEMA Flood Zone AE - high risk (1% annual chance)","zone":"AE","_color":"#1e6fb8"},"geometry":{"type":"Polygon","coordinates":[[[-83.6829,43.00096],[-83.6829,43.00098],[-83.68292,43.00103],[-83.6829,43.00096]]]}},{"type":"Feature","properties":{"name":"FEMA Flood Zone AE - high risk (1% annual chance)","zone":"AE","_color":"#1e6fb8"},"geometry":{"type":"Polygon","coordinates":[[[-83.58784,43.03513],[-83.58848,43.03511],[-83.58856,43.03447],[-83.58784,43.03513]]]}},{"type":"Feature","properties":{"name":"FEMA Flood Zone AE - high risk (1% annual chance)","zone":"AE","_color":"#1e6fb8"},"geometry":{"type":"Polygon","coordinates":[[[-83.68438,43.00349],[-83.68413,43.00346],[-83.6836,43.00371],[-83.68438,43.00349]]]}},{"type":"Feature","properties":{"name":"FEMA Flood Zone AE - high risk (1% annual chance)","zone":"AE","_color":"#1e6fb8"},"geometry":{"type":"Polygon","coordinates":[[[-83.66059,43.00345],[-83.66062,43.00346],[-83.66066,43.00345],[-83.66059,43.00345]]]}},{"type":"Feature","properties":{"name":"FEMA Flood Zone AE - high risk (1% annual chance)","zone":"AE","_color":"#1e6fb8"},"geometry":{"type":"Polygon","coordinates":[[[-83.66066,43.00345],[-83.66379,43.00313],[-83.66376,43.00267],[-83.66453,43.00142],[-83.66574,43.00041],[-83.6676,43.00042],[-83.66911,43.00086],[-83.66957,43.0008],[-83.67012,43.00002],[-83.66931,42.99901],[-83.66867,42.99883],[-83.66627,42.9995],[-83.66484,42.99943],[-83.66381,43.00043],[-83.66229,43.00084],[-83.66211,43.00166],[-83.66151,43.00206],[-83.66017,43.00236],[-83.6591,43.00194],[-83.65808,43.0007],[-83.65722,43.00023],[-83.65636,42.9985],[-83.65369,42.99852],[-83.64855,42.99676],[-83.6459,42.99634],[-83.64441,42.99648],[-83.64417,42.99624],[-83.64425,42.99306],[-83.64393,42.99139],[-83.64263,42.99079],[-83.64067,42.99081],[-83.63978,42.99005],[-83.63858,42.98671],[-83.63806,42.98235],[-83.63518,42.97731],[-83.63565,42.9749],[-83.63683,42.97381],[-83.63811,42.97186],[-83.63802,42.97079],[-83.63744,42.96946],[-83.63513,42.96763],[-83.63533,42.96648],[-83.63578,42.96616],[-83.63664,42.96636],[-83.63794,42.96764],[-83.63818,42.96854],[-83.64065,42.9697],[-83.64402,42.96832],[-83.64459,42.96693],[-83.64692,42.96454],[-83.64675,42.96337],[-83.64732,42.96315],[-83.64587,42.9621],[-83.64525,42.96062],[-83.64366,42.96033],[-83.64498,42.96002],[-83.64581,42.95937],[-83.64686,42.95727],[-83.64684,42.95656],[-83.64823,42.95666],[-83.6495,42.95609],[-83.65095,42.9559],[-83.65194,42.95525],[-83.65241,42.95445],[-83.65213,42.95358],[-83.65118,42.9528],[-83.65008,42.95215],[-83.64725,42.95128],[-83.64696,42.95046],[-83.64574,42.94924],[-83.64538,42.94705],[-83.64596,42.94564],[-83.64597,42.94429],[-83.64461,42.94303],[-83.64424,42.94284],[-83.64006,42.94328],[-83.63886,42.94295],[-83.63828,42.94211],[-83.63905,42.94002],[-83.63779,42.93844],[-83.63254,42.93862],[-83.63253,42.93907],[-83.63252,42.93862],[-83.63152,42.93819],[-83.62952,42.93612],[-83.62956,42.93303],[-83.62783,42.93238],[-83.62754,42.93167],[-83.62661,42.93131],[-83.62641,42.93089],[-83.62675,42.92979],[-83.62643,42.92911],[-83.62537,42.92878],[-83.62475,42.92814],[-83.62298,42.92845],[-83.62126,42.92796],[-83.62009,42.92714],[-83.61993,42.92591],[-83.61868,42.92518],[-83.61677,42.92537],[-83.61539,42.92698],[-83.61472,42.92717],[-83.61247,42.92698],[-83.61012,42.92628],[-83.60761,42.92698],[-83.60714,42.92732],[-83.60672,42.92844],[-83.60548,42.92931],[-83.60519,42.93004],[-83.60393,42.9304],[-83.60233,42.93037],[-83.60104,42.93113],[-83.60013,42.93248],[-83.60026,42.93484],[-83.59996,42.93536],[-83.59693,42.93585],[-83.59562,42.93703],[-83.59399,42.9378],[-83.59284,42.93727],[-83.59129,42.93577],[-83.58998,42.93539],[-83.58708,42.93533],[-83.58511,42.93663],[-83.58447,42.93631],[-83.58291,42.93638],[-83.58227,42.93367],[-83.58101,42.93262],[-83.57976,42.93281],[-83.5794,42.93361],[-83.57769,42.93357],[-83.5774,42.93433],[-83.57549,42.93355],[-83.57555,42.93317],[-83.57617,42.933],[-83.57602,42.93256],[-83.57462,42.93288],[-83.57278,42.93224],[-83.57279,42.9325],[-83.57374,42.93273],[-83.57539,42.93392],[-83.57756,42.93482],[-83.57833,42.93383],[-83.57957,42.93385],[-83.58024,42.93317],[-83.58082,42.93315],[-83.5818,42.93421],[-83.58202,42.93631],[-83.58235,42.93665],[-83.58491,42.93719],[-83.58653,42.937],[-83.58755,42.93647],[-83.58962,42.93664],[-83.59255,42.9389],[-83.59467,42.93988],[-83.5974,42.93828],[-83.59764,42.93643],[-83.59986,42.93605],[-83.60103,42.93537],[-83.60078,42.93259],[-83.60143,42.9318],[-83.60257,42.93103],[-83.60422,42.93116],[-83.60622,42.93052],[-83.60805,42.92738],[-83.61024,42.92706],[-83.61241,42.9277],[-83.61531,42.92801],[-83.61616,42.9276],[-83.61711,42.9264],[-83.61829,42.92629],[-83.6192,42.92759],[-83.62039,42.92841],[-83.62455,42.92948],[-83.62619,42.92944],[-83.62594,42.93058],[-83.62625,42.93135],[-83.62754,42.93267],[-83.629,42.93328],[-83.62934,42.93389],[-83.62871,42.9354],[-83.62917,42.93697],[-83.63115,42.93885],[-83.63294,42.93927],[-83.63447,42.93904],[-83.63459,42.93938],[-83.63711,42.93991],[-83.63744,42.94049],[-83.6365,42.94242],[-83.63792,42.94387],[-83.64025,42.94431],[-83.64085,42.9441],[-83.64135,42.94321],[-83.64211,42.94391],[-83.64557,42.94468],[-83.6448,42.94514],[-83.64442,42.9458],[-83.6441,42.94953],[-83.64572,42.95073],[-83.64674,42.95234],[-83.64938,42.9531],[-83.65097,42.95437],[-83.64939,42.95558],[-83.64718,42.95625],[-83.64582,42.95705],[-83.64496,42.95877],[-83.64358,42.96026],[-83.64534,42.96308],[-83.64547,42.96406],[-83.64509,42.96519],[-83.64372,42.96599],[-83.64219,42.96801],[-83.64015,42.96859],[-83.6395,42.96832],[-83.63854,42.96668],[-83.63656,42.96513],[-83.63396,42.96529],[-83.63387,42.96616],[-83.63418,42.96676],[-83.63353,42.9679],[-83.63635,42.96976],[-83.6372,42.97157],[-83.63612,42.97323],[-83.63558,42.97358],[-83.63546,42.97508],[-83.63458,42.97661],[-83.6339,42.97675],[-83.6347,42.97927],[-83.6344,42.97971],[-83.63578,42.98026],[-83.63576,42.98122],[-83.63686,42.98266],[-83.63646,42.98373],[-83.63666,42.98586],[-83.63493,42.98581],[-83.63299,42.98408],[-83.63115,42.98416],[-83.62963,42.98542],[-83.62714,42.98541],[-83.62679,42.98501],[-83.62678,42.98376],[-83.62547,42.98272],[-83.62336,42.98259],[-83.62203,42.98187],[-83.62186,42.9812],[-83.62128,42.98097],[-83.62117,42.97876],[-83.61964,42.97741],[-83.61872,42.97733],[-83.61728,42.97632],[-83.61362,42.97622],[-83.61116,42.97565],[-83.61054,42.97524],[-83.61037,42.97451],[-83.60761,42.97432],[-83.60693,42.97146],[-83.60589,42.97137],[-83.60492,42.96995],[-83.60116,42.96953],[-83.60125,42.96783],[-83.60024,42.96709],[-83.59995,42.96648],[-83.59769,42.96505],[-83.60108,42.96778],[-83.60107,42.96978],[-83.60482,42.97009],[-83.60558,42.97148],[-83.60673,42.97152],[-83.6069,42.97213],[-83.60667,42.9727],[-83.60709,42.97306],[-83.60741,42.97457],[-83.61028,42.9746],[-83.61047,42.97523],[-83.61115,42.97586],[-83.61341,42.9763],[-83.61718,42.97642],[-83.61866,42.97739],[-83.61952,42.97747],[-83.62107,42.97877],[-83.62114,42.98107],[-83.62173,42.98129],[-83.62189,42.98196],[-83.62333,42.98268],[-83.62508,42.98291],[-83.6263,42.98364],[-83.62665,42.98399],[-83.62645,42.98513],[-83.62677,42.98557],[-83.62976,42.98577],[-83.63167,42.98456],[-83.63332,42.98434],[-83.63435,42.98583],[-83.63666,42.98628],[-83.63767,42.98968],[-83.63641,42.99035],[-83.63646,42.99064],[-83.63849,42.99168],[-83.6398,42.99153],[-83.6409,42.99198],[-83.64196,42.99174],[-83.64348,42.99256],[-83.64393,42.99355],[-83.64366,42.9953],[-83.64394,42.99648],[-83.64579,42.99716],[-83.6482,42.9975],[-83.64906,42.99711],[-83.65113,42.99804],[-83.65373,42.99867],[-83.65585,42.99872],[-83.65699,43.00056],[-83.65707,43.00136],[-83.65777,43.00185],[-83.6577,43.0026],[-83.65906,43.0033],[-83.66066,43.00345]]]}},{"type":"Feature","properties":{"name":"FEMA Flood Zone AE - high risk (1% annual chance)","zone":"AE","_color":"#1e6fb8"},"geometry":{"type":"Polygon","coordinates":[[[-83.65998,43.00339],[-83.66,43.00342],[-83.66021,43.00344],[-83.65998,43.00339]]]}},{"type":"Feature","properties":{"name":"FEMA Flood Zone AE - high risk (1% annual chance)","zone":"AE","_color":"#1e6fb8"},"geometry":{"type":"Polygon","coordinates":[[[-83.57434,43.00279],[-83.57432,43.00281],[-83.57433,43.00287],[-83.57434,43.00279]]]}},{"type":"Feature","properties":{"name":"FEMA Flood Zone AE - high risk (1% annual chance)","zone":"AE","_color":"#1e6fb8"},"geometry":{"type":"Polygon","coordinates":[[[-83.65713,43.00005],[-83.65714,43.00012],[-83.65719,43.00017],[-83.65713,43.00005]]]}},{"type":"Feature","properties":{"name":"FEMA Flood Zone AE - high risk (1% annual chance)","zone":"AE","_color":"#1e6fb8"},"geometry":{"type":"Polygon","coordinates":[[[-83.68005,43.00017],[-83.68001,43.00018],[-83.67998,43.00021],[-83.68005,43.00017]]]}},{"type":"Feature","properties":{"name":"FEMA Flood Zone AE - high risk (1% annual chance)","zone":"AE","_color":"#1e6fb8"},"geometry":{"type":"Polygon","coordinates":[[[-83.67801,42.95852],[-83.68022,42.95818],[-83.68212,42.95869],[-83.68208,42.95824],[-83.68031,42.9577],[-83.6781,42.95828],[-83.67742,42.95813],[-83.67482,42.95627],[-83.67358,42.95487],[-83.66988,42.95507],[-83.66954,42.9526],[-83.67016,42.95141],[-83.6693,42.94955],[-83.66623,42.9497],[-83.66499,42.94926],[-83.66611,42.94976],[-83.66919,42.94957],[-83.67002,42.9513],[-83.66942,42.95261],[-83.66967,42.95498],[-83.67005,42.9552],[-83.6735,42.95507],[-83.67702,42.95839],[-83.67801,42.95852]]]}},{"type":"Feature","properties":{"name":"FEMA Flood Zone AE - high risk (1% annual chance)","zone":"AE","_color":"#1e6fb8"},"geometry":{"type":"Polygon","coordinates":[[[-83.61355,43.04383],[-83.61344,43.04386],[-83.61347,43.04386],[-83.61355,43.04383]]]}},{"type":"Feature","properties":{"name":"FEMA Flood Zone AE - high risk (1% annual chance)","zone":"AE","_color":"#1e6fb8"},"geometry":{"type":"Polygon","coordinates":[[[-83.65755,43.00272],[-83.65778,43.00267],[-83.65774,43.0019],[-83.65721,43.0024],[-83.65755,43.00272]]]}},{"type":"Feature","properties":{"name":"FEMA Flood Zone AE - high risk (1% annual chance)","zone":"AE","_color":"#1e6fb8"},"geometry":{"type":"Polygon","coordinates":[[[-83.57525,43.00194],[-83.57705,43.00199],[-83.57808,43.00162],[-83.58122,42.99871],[-83.58517,42.99739],[-83.5857,42.99695],[-83.58452,42.9959],[-83.5812,42.99444],[-83.58135,42.99354],[-83.58111,42.99277],[-83.57972,42.99233],[-83.5809,42.9898],[-83.58057,42.98774],[-83.57848,42.98726],[-83.57739,42.98627],[-83.57833,42.98756],[-83.57853,42.98732],[-83.58004,42.98751],[-83.57962,42.98863],[-83.58037,42.98906],[-83.5808,42.98976],[-83.57929,42.99126],[-83.57859,42.99157],[-83.57881,42.99168],[-83.57803,42.99223],[-83.57797,42.99274],[-83.58105,42.99282],[-83.58118,42.99417],[-83.58096,42.99435],[-83.58047,42.99385],[-83.58023,42.99492],[-83.58237,42.9952],[-83.58545,42.99683],[-83.5839,42.99775],[-83.58307,42.99753],[-83.58186,42.99805],[-83.58132,42.99797],[-83.58083,42.99861],[-83.57864,42.99778],[-83.57787,42.99829],[-83.57741,42.99939],[-83.57748,43.00023],[-83.57811,43.00088],[-83.57699,43.0017],[-83.57601,43.00154],[-83.57525,43.00194]]]}},{"type":"Feature","properties":{"name":"FEMA Flood Zone AE - high risk (1% annual chance)","zone":"AE","_color":"#1e6fb8"},"geometry":{"type":"Polygon","coordinates":[[[-83.69287,43.00264],[-83.69279,43.00263],[-83.69236,43.00273],[-83.69287,43.00264]]]}},{"type":"Feature","properties":{"name":"FEMA Flood Zone AE - high risk (1% annual chance)","zone":"AE","_color":"#1e6fb8"},"geometry":{"type":"Polygon","coordinates":[[[-83.68515,43.00332],[-83.68528,43.00343],[-83.68524,43.00338],[-83.68515,43.00332]]]}},{"type":"Feature","properties":{"name":"FEMA Flood Zone AE - high risk (1% annual chance)","zone":"AE","_color":"#1e6fb8"},"geometry":{"type":"Polygon","coordinates":[[[-83.68285,43.00319],[-83.68325,43.00341],[-83.68366,43.00339],[-83.68285,43.00319]]]}},{"type":"Feature","properties":{"name":"FEMA Flood Zone AE - high risk (1% annual chance)","zone":"AE","_color":"#1e6fb8"},"geometry":{"type":"Polygon","coordinates":[[[-83.69148,43.00339],[-83.69143,43.00343],[-83.69145,43.00342],[-83.69148,43.00339]]]}},{"type":"Feature","properties":{"name":"FEMA Flood Zone AE - high risk (1% annual chance)","zone":"AE","_color":"#1e6fb8"},"geometry":{"type":"Polygon","coordinates":[[[-83.67765,43.00325],[-83.67759,43.00336],[-83.67763,43.00332],[-83.67765,43.00325]]]}},{"type":"Feature","properties":{"name":"FEMA Flood Zone AE - high risk (1% annual chance)","zone":"AE","_color":"#1e6fb8"},"geometry":{"type":"Polygon","coordinates":[[[-83.68312,43.00058],[-83.68296,43.0007],[-83.68294,43.00075],[-83.68312,43.00058]]]}},{"type":"Feature","properties":{"name":"FEMA Flood Zone AE - high risk (1% annual chance)","zone":"AE","_color":"#1e6fb8"},"geometry":{"type":"Polygon","coordinates":[[[-83.66296,43.0006],[-83.66285,43.00059],[-83.66277,43.00062],[-83.66296,43.0006]]]}},{"type":"Feature","properties":{"name":"FEMA Flood Zone AE - high risk (1% annual chance)","zone":"AE","_color":"#1e6fb8"},"geometry":{"type":"Polygon","coordinates":[[[-83.65964,43.00338],[-83.65979,43.00337],[-83.6584,43.00301],[-83.65964,43.00338]]]}},{"type":"Feature","properties":{"name":"FEMA Flood Zone AE - high risk (1% annual chance)","zone":"AE","_color":"#1e6fb8"},"geometry":{"type":"Polygon","coordinates":[[[-83.68528,43.00343],[-83.68532,43.00352],[-83.68531,43.00346],[-83.68528,43.00343]]]}},{"type":"Feature","properties":{"name":"FEMA Flood Zone AE - high risk (1% annual chance)","zone":"AE","_color":"#1e6fb8"},"geometry":{"type":"Polygon","coordinates":[[[-83.67614,43.00342],[-83.67625,43.00344],[-83.6762,43.00339],[-83.67614,43.00342]]]}},{"type":"Feature","properties":{"name":"FEMA Flood Zone AE - high risk (1% annual chance)","zone":"AE","_color":"#1e6fb8"},"geometry":{"type":"Polygon","coordinates":[[[-83.69112,43.00349],[-83.6911,43.0035],[-83.69109,43.00352],[-83.69112,43.00349]]]}},{"type":"Feature","properties":{"name":"FEMA Flood Zone AE - high risk (1% annual chance)","zone":"AE","_color":"#1e6fb8"},"geometry":{"type":"Polygon","coordinates":[[[-83.57475,43.00191],[-83.5744,43.00194],[-83.57434,43.00274],[-83.57475,43.00191]]]}},{"type":"Feature","properties":{"name":"FEMA Flood Zone AE - high risk (1% annual chance)","zone":"AE","_color":"#1e6fb8"},"geometry":{"type":"Polygon","coordinates":[[[-83.65936,43.01237],[-83.66091,43.01213],[-83.66377,43.01259],[-83.66365,43.01234],[-83.66211,43.01207],[-83.65936,43.01237]]]}},{"type":"Feature","properties":{"name":"FEMA Flood Zone AE - high risk (1% annual chance)","zone":"AE","_color":"#1e6fb8"},"geometry":{"type":"Polygon","coordinates":[[[-83.61033,43.04249],[-83.61173,43.04302],[-83.6114,43.04256],[-83.61033,43.04249]]]}},{"type":"Feature","properties":{"name":"FEMA Flood Zone AE - high risk (1% annual chance)","zone":"AE","_color":"#1e6fb8"},"geometry":{"type":"Polygon","coordinates":[[[-83.61383,43.01971],[-83.6139,43.02032],[-83.6151,43.02082],[-83.61399,43.01957],[-83.61374,43.01865],[-83.6127,43.019],[-83.61359,43.01888],[-83.61321,43.01916],[-83.61383,43.01971]]]}},{"type":"Feature","properties":{"name":"FEMA Flood Zone AE - high risk (1% annual chance)","zone":"AE","_color":"#1e6fb8"},"geometry":{"type":"Polygon","coordinates":[[[-83.68269,43.00245],[-83.68249,43.00263],[-83.68259,43.00259],[-83.68269,43.00245]]]}},{"type":"Feature","properties":{"name":"FEMA Flood Zone AE - high risk (1% annual chance)","zone":"AE","_color":"#1e6fb8"},"geometry":{"type":"Polygon","coordinates":[[[-83.69126,43.00335],[-83.69265,43.00247],[-83.69337,43.00268],[-83.69272,43.00241],[-83.69126,43.00335]]]}},{"type":"Feature","properties":{"name":"FEMA Flood Zone AE - high risk (1% annual chance)","zone":"AE","_color":"#1e6fb8"},"geometry":{"type":"Polygon","coordinates":[[[-83.68242,43.00321],[-83.68235,43.00327],[-83.68251,43.00341],[-83.68242,43.00321]]]}},{"type":"Feature","properties":{"name":"FEMA Flood Zone AE - high risk (1% annual chance)","zone":"AE","_color":"#1e6fb8"},"geometry":{"type":"Polygon","coordinates":[[[-83.61525,43.01804],[-83.61523,43.01829],[-83.61586,43.01792],[-83.61525,43.01804]]]}},{"type":"Feature","properties":{"name":"FEMA Flood Zone AE - high risk (1% annual chance)","zone":"AE","_color":"#1e6fb8"},"geometry":{"type":"Polygon","coordinates":[[[-83.61515,43.01804],[-83.61513,43.01808],[-83.61512,43.01813],[-83.61515,43.01804]]]}},{"type":"Feature","properties":{"name":"FEMA Flood Zone AE - high risk (1% annual chance)","zone":"AE","_color":"#1e6fb8"},"geometry":{"type":"Polygon","coordinates":[[[-83.61923,43.0218],[-83.62092,43.02225],[-83.62295,43.02348],[-83.62544,43.02376],[-83.62643,43.02417],[-83.62752,43.02552],[-83.62667,43.02403],[-83.62587,43.02347],[-83.62547,43.02357],[-83.62536,43.02178],[-83.62534,43.02251],[-83.62474,43.02279],[-83.62214,43.02255],[-83.62159,43.02157],[-83.6205,43.02115],[-83.61988,43.02169],[-83.61923,43.0218]]]}},{"type":"Feature","properties":{"name":"FEMA Flood Zone AE - high risk (1% annual chance)","zone":"AE","_color":"#1e6fb8"},"geometry":{"type":"Polygon","coordinates":[[[-83.68697,43.00565],[-83.68729,43.00569],[-83.68759,43.0056],[-83.68697,43.00565]]]}},{"type":"Feature","properties":{"name":"FEMA Flood Zone AE - high risk (1% annual chance)","zone":"AE","_color":"#1e6fb8"},"geometry":{"type":"Polygon","coordinates":[[[-83.65561,43.01039],[-83.6566,43.0107],[-83.65745,43.01067],[-83.65561,43.01039]]]}},{"type":"Feature","properties":{"name":"FEMA Flood Zone AE - high risk (1% annual chance)","zone":"AE","_color":"#1e6fb8"},"geometry":{"type":"Polygon","coordinates":[[[-83.63673,43.02505],[-83.63535,43.02549],[-83.63528,43.02559],[-83.63673,43.02505]]]}},{"type":"Feature","properties":{"name":"FEMA Flood Zone AE - high risk (1% annual chance)","zone":"AE","_color":"#1e6fb8"},"geometry":{"type":"Polygon","coordinates":[[[-83.61596,43.05033],[-83.61601,43.05057],[-83.61632,43.05057],[-83.61596,43.05033]]]}},{"type":"Feature","properties":{"name":"FEMA Flood Zone AE - high risk (1% annual chance)","zone":"AE","_color":"#1e6fb8"},"geometry":{"type":"Polygon","coordinates":[[[-83.61173,43.04303],[-83.61189,43.0434],[-83.61225,43.04368],[-83.61173,43.04303]]]}},{"type":"Feature","properties":{"name":"FEMA Flood Zone AE - high risk (1% annual chance)","zone":"AE","_color":"#1e6fb8"},"geometry":{"type":"Polygon","coordinates":[[[-83.61535,43.04982],[-83.61544,43.05013],[-83.61561,43.05023],[-83.61535,43.04982]]]}},{"type":"Feature","properties":{"name":"FEMA Flood Zone AE - high risk (1% annual chance)","zone":"AE","_color":"#1e6fb8"},"geometry":{"type":"Polygon","coordinates":[[[-83.61807,43.01123],[-83.61824,43.01147],[-83.61813,43.0113],[-83.61807,43.01123]]]}},{"type":"Feature","properties":{"name":"FEMA Flood Zone AE - high risk (1% annual chance)","zone":"AE","_color":"#1e6fb8"},"geometry":{"type":"Polygon","coordinates":[[[-83.61758,43.00895],[-83.61751,43.01042],[-83.61782,43.00942],[-83.61758,43.00895]]]}},{"type":"Feature","properties":{"name":"FEMA Flood Zone AE - high risk (1% annual chance)","zone":"AE","_color":"#1e6fb8"},"geometry":{"type":"Polygon","coordinates":[[[-83.61735,43.00878],[-83.61737,43.00886],[-83.6174,43.00888],[-83.61735,43.00878]]]}},{"type":"Feature","properties":{"name":"FEMA Flood Zone AE - high risk (1% annual chance)","zone":"AE","_color":"#1e6fb8"},"geometry":{"type":"Polygon","coordinates":[[[-83.61743,43.00876],[-83.61751,43.00886],[-83.6175,43.00881],[-83.61743,43.00876]]]}},{"type":"Feature","properties":{"name":"FEMA Flood Zone AE - high risk (1% annual chance)","zone":"AE","_color":"#1e6fb8"},"geometry":{"type":"Polygon","coordinates":[[[-83.6151,43.00847],[-83.61651,43.00821],[-83.61733,43.00876],[-83.61666,43.0082],[-83.6151,43.00847]]]}},{"type":"Feature","properties":{"name":"FEMA Flood Zone AE - high risk (1% annual chance)","zone":"AE","_color":"#1e6fb8"},"geometry":{"type":"Polygon","coordinates":[[[-83.61732,43.00863],[-83.6174,43.00873],[-83.61743,43.00865],[-83.61732,43.00863]]]}},{"type":"Feature","properties":{"name":"FEMA Flood Zone AE - high risk (1% annual chance)","zone":"AE","_color":"#1e6fb8"},"geometry":{"type":"Polygon","coordinates":[[[-83.61755,43.00907],[-83.61757,43.00912],[-83.61757,43.00909],[-83.61755,43.00907]]]}},{"type":"Feature","properties":{"name":"FEMA Flood Zone AE - high risk (1% annual chance)","zone":"AE","_color":"#1e6fb8"},"geometry":{"type":"Polygon","coordinates":[[[-83.61745,43.00896],[-83.61747,43.00899],[-83.6175,43.00901],[-83.61745,43.00896]]]}},{"type":"Feature","properties":{"name":"FEMA Flood Zone AE - high risk (1% annual chance)","zone":"AE","_color":"#1e6fb8"},"geometry":{"type":"Polygon","coordinates":[[[-83.61754,43.0089],[-83.61756,43.00893],[-83.61755,43.00891],[-83.61754,43.0089]]]}},{"type":"Feature","properties":{"name":"FEMA Flood Zone AE - high risk (1% annual chance)","zone":"AE","_color":"#1e6fb8"},"geometry":{"type":"Polygon","coordinates":[[[-83.61705,43.00826],[-83.61726,43.00854],[-83.61727,43.00841],[-83.61705,43.00826]]]}},{"type":"Feature","properties":{"name":"FEMA Flood Zone AE - high risk (1% annual chance)","zone":"AE","_color":"#1e6fb8"},"geometry":{"type":"Polygon","coordinates":[[[-83.61371,43.00777],[-83.61442,43.00842],[-83.61484,43.00847],[-83.61371,43.00777]]]}},{"type":"Feature","properties":{"name":"FEMA Flood Zone AE - high risk (1% annual chance)","zone":"AE","_color":"#1e6fb8"},"geometry":{"type":"Polygon","coordinates":[[[-83.61465,43.00838],[-83.61467,43.00839],[-83.61468,43.00839],[-83.61465,43.00838]]]}},{"type":"Feature","properties":{"name":"FEMA Flood Zone AE - high risk (1% annual chance)","zone":"AE","_color":"#1e6fb8"},"geometry":{"type":"Polygon","coordinates":[[[-83.6145,43.00827],[-83.61453,43.00833],[-83.61461,43.00837],[-83.6145,43.00827]]]}},{"type":"Feature","properties":{"name":"FEMA Flood Zone AE - high risk (1% annual chance)","zone":"AE","_color":"#1e6fb8"},"geometry":{"type":"Polygon","coordinates":[[[-83.61481,43.00836],[-83.6148,43.00836],[-83.61478,43.00837],[-83.61481,43.00836]]]}},{"type":"Feature","properties":{"name":"FEMA Flood Zone AE - high risk (1% annual chance)","zone":"AE","_color":"#1e6fb8"},"geometry":{"type":"Polygon","coordinates":[[[-83.617,43.00822],[-83.61633,43.00794],[-83.61508,43.00835],[-83.61652,43.00804],[-83.617,43.00822]]]}},{"type":"Feature","properties":{"name":"FEMA Flood Zone AE - high risk (1% annual chance)","zone":"AE","_color":"#1e6fb8"},"geometry":{"type":"Polygon","coordinates":[[[-83.61265,43.00715],[-83.61391,43.00764],[-83.61448,43.00823],[-83.6141,43.00755],[-83.61265,43.00715]]]}},{"type":"Feature","properties":{"name":"FEMA Flood Zone AE - high risk (1% annual chance)","zone":"AE","_color":"#1e6fb8"},"geometry":{"type":"Polygon","coordinates":[[[-83.64368,42.96012],[-83.64352,42.96025],[-83.64356,42.96032],[-83.64368,42.96012]]]}},{"type":"Feature","properties":{"name":"FEMA Flood Zone AE - high risk (1% annual chance)","zone":"AE","_color":"#1e6fb8"},"geometry":{"type":"Polygon","coordinates":[[[-83.6048,42.97008],[-83.60486,42.9701],[-83.60482,42.97009],[-83.6048,42.97008]]]}},{"type":"Feature","properties":{"name":"FEMA Flood Zone AE - high risk (1% annual chance)","zone":"AE","_color":"#1e6fb8"},"geometry":{"type":"Polygon","coordinates":[[[-83.64423,42.96026],[-83.64595,42.96004],[-83.64583,42.95934],[-83.64423,42.96026]]]}},{"type":"Feature","properties":{"name":"FEMA Flood Zone AE - high risk (1% annual chance)","zone":"AE","_color":"#1e6fb8"},"geometry":{"type":"Polygon","coordinates":[[[-83.64375,42.96003],[-83.64371,42.96006],[-83.64371,42.96008],[-83.64375,42.96003]]]}},{"type":"Feature","properties":{"name":"FEMA Flood Zone AE - high risk (1% annual chance)","zone":"AE","_color":"#1e6fb8"},"geometry":{"type":"Polygon","coordinates":[[[-83.68594,42.95985],[-83.68617,42.96006],[-83.68606,42.95993],[-83.68594,42.95985]]]}},{"type":"Feature","properties":{"name":"FEMA Flood Zone AE - high risk (1% annual chance)","zone":"AE","_color":"#1e6fb8"},"geometry":{"type":"Polygon","coordinates":[[[-83.64046,42.96965],[-83.64218,42.9693],[-83.64266,42.96884],[-83.64046,42.96965]]]}},{"type":"Feature","properties":{"name":"FEMA Flood Zone AE - high risk (1% annual chance)","zone":"AE","_color":"#1e6fb8"},"geometry":{"type":"Polygon","coordinates":[[[-83.69326,42.97581],[-83.69411,42.97623],[-83.69308,42.97569],[-83.69301,42.9753],[-83.69326,42.97581]]]}},{"type":"Feature","properties":{"name":"FEMA Flood Zone AE - high risk (1% annual chance)","zone":"AE","_color":"#1e6fb8"},"geometry":{"type":"Polygon","coordinates":[[[-83.63524,42.97542],[-83.63511,42.97551],[-83.63506,42.97572],[-83.63524,42.97542]]]}},{"type":"Feature","properties":{"name":"FEMA Flood Zone AE - high risk (1% annual chance)","zone":"AE","_color":"#1e6fb8"},"geometry":{"type":"Polygon","coordinates":[[[-83.61792,43.01275],[-83.61785,43.01286],[-83.6179,43.01279],[-83.61792,43.01275]]]}},{"type":"Feature","properties":{"name":"FEMA Flood Zone AE - high risk (1% annual chance)","zone":"AE","_color":"#1e6fb8"},"geometry":{"type":"Polygon","coordinates":[[[-83.61783,43.01263],[-83.61769,43.01272],[-83.61767,43.01276],[-83.61783,43.01263]]]}},{"type":"Feature","properties":{"name":"FEMA Flood Zone AE - high risk (1% annual chance)","zone":"AE","_color":"#1e6fb8"},"geometry":{"type":"Polygon","coordinates":[[[-83.66498,43.01302],[-83.66508,43.01304],[-83.665,43.01301],[-83.66498,43.01302]]]}},{"type":"Feature","properties":{"name":"FEMA Flood Zone AE - high risk (1% annual chance)","zone":"AE","_color":"#1e6fb8"},"geometry":{"type":"Polygon","coordinates":[[[-83.66868,43.01158],[-83.66859,43.01202],[-83.66733,43.01305],[-83.66771,43.01255],[-83.66846,43.01228],[-83.66868,43.01158]]]}},{"type":"Feature","properties":{"name":"FEMA Flood Zone AE - high risk (1% annual chance)","zone":"AE","_color":"#1e6fb8"},"geometry":{"type":"Polygon","coordinates":[[[-83.61047,42.97523],[-83.61047,42.97523],[-83.61047,42.97523],[-83.61047,42.97523]]]}},{"type":"Feature","properties":{"name":"FEMA Flood Zone AE - high risk (1% annual chance)","zone":"AE","_color":"#1e6fb8"},"geometry":{"type":"Polygon","coordinates":[[[-83.61057,42.97521],[-83.61055,42.97523],[-83.61056,42.97522],[-83.61057,42.97521]]]}},{"type":"Feature","properties":{"name":"FEMA Flood Zone AE - high risk (1% annual chance)","zone":"AE","_color":"#1e6fb8"},"geometry":{"type":"Polygon","coordinates":[[[-83.61743,43.01057],[-83.61808,43.01156],[-83.61785,43.0126],[-83.61813,43.01166],[-83.61743,43.01057]]]}},{"type":"Feature","properties":{"name":"FEMA Flood Zone AE - high risk (1% annual chance)","zone":"AE","_color":"#1e6fb8"},"geometry":{"type":"Polygon","coordinates":[[[-83.61829,43.01159],[-83.61807,43.01253],[-83.61848,43.01174],[-83.61829,43.01159]]]}},{"type":"Feature","properties":{"name":"FEMA Flood Zone AE - high risk (1% annual chance)","zone":"AE","_color":"#1e6fb8"},"geometry":{"type":"Polygon","coordinates":[[[-83.69599,43.00613],[-83.69598,43.00618],[-83.69599,43.00618],[-83.69599,43.00613]]]}},{"type":"Feature","properties":{"name":"FEMA Flood Zone AE - high risk (1% annual chance)","zone":"AE","_color":"#1e6fb8"},"geometry":{"type":"Polygon","coordinates":[[[-83.69601,43.00607],[-83.696,43.00611],[-83.69601,43.00609],[-83.69601,43.00607]]]}},{"type":"Feature","properties":{"name":"FEMA Flood Zone AE - high risk (1% annual chance)","zone":"AE","_color":"#1e6fb8"},"geometry":{"type":"Polygon","coordinates":[[[-83.59007,42.97373],[-83.59023,42.97416],[-83.59161,42.97379],[-83.59139,42.97276],[-83.59081,42.97289],[-83.59007,42.97373]]]}},{"type":"Feature","properties":{"name":"FEMA Flood Zone AE - high risk (1% annual chance)","zone":"AE","_color":"#1e6fb8"},"geometry":{"type":"Polygon","coordinates":[[[-83.58583,42.97398],[-83.58616,42.97405],[-83.58628,42.97405],[-83.58583,42.97398]]]}},{"type":"Feature","properties":{"name":"FEMA Flood Zone AE - high risk (1% annual chance)","zone":"AE","_color":"#1e6fb8"},"geometry":{"type":"Polygon","coordinates":[[[-83.59619,42.98132],[-83.59615,42.9814],[-83.59618,42.98137],[-83.59619,42.98132]]]}},{"type":"Feature","properties":{"name":"FEMA Flood Zone AE - high risk (1% annual chance)","zone":"AE","_color":"#1e6fb8"},"geometry":{"type":"Polygon","coordinates":[[[-83.59624,42.9812],[-83.59619,42.98131],[-83.59624,42.98124],[-83.59624,42.9812]]]}},{"type":"Feature","properties":{"name":"FEMA Flood Zone AE - high risk (1% annual chance)","zone":"AE","_color":"#1e6fb8"},"geometry":{"type":"Polygon","coordinates":[[[-83.63695,42.98011],[-83.6374,42.98153],[-83.6375,42.98125],[-83.63695,42.98011]]]}},{"type":"Feature","properties":{"name":"FEMA Flood Zone AE - high risk (1% annual chance)","zone":"AE","_color":"#1e6fb8"},"geometry":{"type":"Polygon","coordinates":[[[-83.59609,42.98118],[-83.59606,42.9812],[-83.59608,42.98124],[-83.59609,42.98118]]]}},{"type":"Feature","properties":{"name":"FEMA Flood Zone AE - high risk (1% annual chance)","zone":"AE","_color":"#1e6fb8"},"geometry":{"type":"Polygon","coordinates":[[[-83.59526,42.97977],[-83.59611,42.98007],[-83.5954,42.97975],[-83.59526,42.97977]]]}},{"type":"Feature","properties":{"name":"FEMA Flood Zone AE - high risk (1% annual chance)","zone":"AE","_color":"#1e6fb8"},"geometry":{"type":"Polygon","coordinates":[[[-83.59557,42.97997],[-83.5956,42.98],[-83.59573,42.98002],[-83.59557,42.97997]]]}},{"type":"Feature","properties":{"name":"FEMA Flood Zone AE - high risk (1% annual chance)","zone":"AE","_color":"#1e6fb8"},"geometry":{"type":"Polygon","coordinates":[[[-83.59535,42.97991],[-83.59549,42.97997],[-83.59555,42.97996],[-83.59535,42.97991]]]}},{"type":"Feature","properties":{"name":"FEMA Flood Zone AE - high risk (1% annual chance)","zone":"AE","_color":"#1e6fb8"},"geometry":{"type":"Polygon","coordinates":[[[-83.59434,42.979],[-83.59483,42.97954],[-83.59531,42.97989],[-83.59434,42.979]]]}},{"type":"Feature","properties":{"name":"FEMA Flood Zone AE - high risk (1% annual chance)","zone":"AE","_color":"#1e6fb8"},"geometry":{"type":"Polygon","coordinates":[[[-83.63567,42.97508],[-83.63518,42.97731],[-83.63687,42.98003],[-83.63642,42.9785],[-83.63523,42.97733],[-83.63614,42.97538],[-83.63567,42.97508]]]}},{"type":"Feature","properties":{"name":"FEMA Flood Zone AE - high risk (1% annual chance)","zone":"AE","_color":"#1e6fb8"},"geometry":{"type":"Polygon","coordinates":[[[-83.6344,42.97971],[-83.63443,42.97985],[-83.63468,42.97992],[-83.6344,42.97971]]]}},{"type":"Feature","properties":{"name":"FEMA Flood Zone AE - high risk (1% annual chance)","zone":"AE","_color":"#1e6fb8"},"geometry":{"type":"Polygon","coordinates":[[[-83.59493,42.97948],[-83.5951,42.97966],[-83.59512,42.97954],[-83.59493,42.97948]]]}},{"type":"Feature","properties":{"name":"FEMA Flood Zone AE - high risk (1% annual chance)","zone":"AE","_color":"#1e6fb8"},"geometry":{"type":"Polygon","coordinates":[[[-83.59438,42.9789],[-83.59491,42.97947],[-83.59483,42.9793],[-83.59438,42.9789]]]}},{"type":"Feature","properties":{"name":"FEMA Flood Zone AE - high risk (1% annual chance)","zone":"AE","_color":"#1e6fb8"},"geometry":{"type":"Polygon","coordinates":[[[-83.58987,42.97369],[-83.59004,42.97372],[-83.59,42.97366],[-83.58987,42.97369]]]}},{"type":"Feature","properties":{"name":"FEMA Flood Zone AE - high risk (1% annual chance)","zone":"AE","_color":"#1e6fb8"},"geometry":{"type":"Polygon","coordinates":[[[-83.58951,42.97362],[-83.58964,42.97365],[-83.58954,42.97362],[-83.58951,42.97362]]]}},{"type":"Feature","properties":{"name":"FEMA Flood Zone AE - high risk (1% annual chance)","zone":"AE","_color":"#1e6fb8"},"geometry":{"type":"Polygon","coordinates":[[[-83.58356,42.97319],[-83.5837,42.97346],[-83.58403,42.97358],[-83.58356,42.97319]]]}},{"type":"Feature","properties":{"name":"FEMA Flood Zone AE - high risk (1% annual chance)","zone":"AE","_color":"#1e6fb8"},"geometry":{"type":"Polygon","coordinates":[[[-83.58754,42.97355],[-83.58891,42.97359],[-83.58793,42.97345],[-83.58754,42.97355]]]}},{"type":"Feature","properties":{"name":"FEMA Flood Zone AE - high risk (1% annual chance)","zone":"AE","_color":"#1e6fb8"},"geometry":{"type":"Polygon","coordinates":[[[-83.63558,42.97358],[-83.63552,42.97361],[-83.63553,42.97377],[-83.63558,42.97358]]]}},{"type":"Feature","properties":{"name":"FEMA Flood Zone AE - high risk (1% annual chance)","zone":"AE","_color":"#1e6fb8"},"geometry":{"type":"Polygon","coordinates":[[[-83.6359,42.97334],[-83.63557,42.97346],[-83.63558,42.97354],[-83.6359,42.97334]]]}},{"type":"Feature","properties":{"name":"FEMA Flood Zone AE - high risk (1% annual chance)","zone":"AE","_color":"#1e6fb8"},"geometry":{"type":"Polygon","coordinates":[[[-83.58349,42.97294],[-83.58348,42.97306],[-83.58354,42.97314],[-83.58349,42.97294]]]}},{"type":"Feature","properties":{"name":"FEMA Flood Zone AE - high risk (1% annual chance)","zone":"AE","_color":"#1e6fb8"},"geometry":{"type":"Polygon","coordinates":[[[-83.58363,42.97311],[-83.58363,42.97312],[-83.58364,42.97313],[-83.58363,42.97311]]]}},{"type":"Feature","properties":{"name":"FEMA Flood Zone AE - high risk (1% annual chance)","zone":"AE","_color":"#1e6fb8"},"geometry":{"type":"Polygon","coordinates":[[[-83.59396,42.97857],[-83.59421,42.97874],[-83.59412,42.9783],[-83.59396,42.97857]]]}},{"type":"Feature","properties":{"name":"FEMA Flood Zone AE - high risk (1% annual chance)","zone":"AE","_color":"#1e6fb8"},"geometry":{"type":"Polygon","coordinates":[[[-83.59346,42.97839],[-83.59336,42.97861],[-83.59373,42.97868],[-83.59346,42.97839]]]}},{"type":"Feature","properties":{"name":"FEMA Flood Zone AE - high risk (1% annual chance)","zone":"AE","_color":"#1e6fb8"},"geometry":{"type":"Polygon","coordinates":[[[-83.67157,43.01186],[-83.67172,43.01219],[-83.67193,43.0122],[-83.67157,43.01186]]]}},{"type":"Feature","properties":{"name":"FEMA Flood Zone AE - high risk (1% annual chance)","zone":"AE","_color":"#1e6fb8"},"geometry":{"type":"Polygon","coordinates":[[[-83.66381,43.01277],[-83.66339,43.01312],[-83.66463,43.01305],[-83.66381,43.01277]]]}},{"type":"Feature","properties":{"name":"FEMA Flood Zone AE - high risk (1% annual chance)","zone":"AE","_color":"#1e6fb8"},"geometry":{"type":"Polygon","coordinates":[[[-83.66715,43.01316],[-83.66709,43.01319],[-83.66712,43.01318],[-83.66715,43.01316]]]}},{"type":"Feature","properties":{"name":"FEMA Flood Zone AE - high risk (1% annual chance)","zone":"AE","_color":"#1e6fb8"},"geometry":{"type":"Polygon","coordinates":[[[-83.58993,42.97379],[-83.59006,42.97563],[-83.59008,42.97405],[-83.58993,42.97379]]]}},{"type":"Feature","properties":{"name":"FEMA Flood Zone AE - high risk (1% annual chance)","zone":"AE","_color":"#1e6fb8"},"geometry":{"type":"Polygon","coordinates":[[[-83.59575,42.98003],[-83.59608,42.98107],[-83.59614,42.98026],[-83.59575,42.98003]]]}},{"type":"Feature","properties":{"name":"FEMA Flood Zone AE - high risk (1% annual chance)","zone":"AE","_color":"#1e6fb8"},"geometry":{"type":"Polygon","coordinates":[[[-83.6341,42.97703],[-83.6337,42.97767],[-83.6345,42.97891],[-83.63443,42.97953],[-83.6347,42.97927],[-83.6341,42.97703]]]}},{"type":"Feature","properties":{"name":"FEMA Flood Zone AE - high risk (1% annual chance)","zone":"AE","_color":"#1e6fb8"},"geometry":{"type":"Polygon","coordinates":[[[-83.59422,42.97876],[-83.59437,42.9789],[-83.59433,42.97881],[-83.59422,42.97876]]]}},{"type":"Feature","properties":{"name":"FEMA Flood Zone AE - high risk (1% annual chance)","zone":"AE","_color":"#1e6fb8"},"geometry":{"type":"Polygon","coordinates":[[[-83.59399,42.97881],[-83.594,42.97886],[-83.59412,42.97884],[-83.59399,42.97881]]]}},{"type":"Feature","properties":{"name":"FEMA Flood Zone AE - high risk (1% annual chance)","zone":"AE","_color":"#1e6fb8"},"geometry":{"type":"Polygon","coordinates":[[[-83.59137,42.97647],[-83.59377,42.97852],[-83.59309,42.97785],[-83.59358,42.97779],[-83.59243,42.97681],[-83.59137,42.97647]]]}},{"type":"Feature","properties":{"name":"FEMA Flood Zone AE - high risk (1% annual chance)","zone":"AE","_color":"#1e6fb8"},"geometry":{"type":"Polygon","coordinates":[[[-83.63486,42.97598],[-83.63449,42.97658],[-83.63352,42.97653],[-83.63356,42.97678],[-83.63458,42.97661],[-83.63486,42.97598]]]}},{"type":"Feature","properties":{"name":"FEMA Flood Zone AE - high risk (1% annual chance)","zone":"AE","_color":"#1e6fb8"},"geometry":{"type":"Polygon","coordinates":[[[-83.59015,42.97576],[-83.59028,42.97588],[-83.59117,42.97634],[-83.59015,42.97576]]]}},{"type":"Feature","properties":{"name":"FEMA Flood Zone AE - high risk (1% annual chance)","zone":"AE","_color":"#1e6fb8"},"geometry":{"type":"Polygon","coordinates":[[[-83.69412,42.97623],[-83.69415,42.97629],[-83.69459,42.97656],[-83.69412,42.97623]]]}},{"type":"Feature","properties":{"name":"FEMA Flood Zone AE - high risk (1% annual chance)","zone":"AE","_color":"#1e6fb8"},"geometry":{"type":"Polygon","coordinates":[[[-83.62664,43.02642],[-83.62714,43.02726],[-83.62643,43.02816],[-83.62979,43.02897],[-83.62969,43.02959],[-83.62935,43.02977],[-83.62991,43.03089],[-83.63113,43.03051],[-83.63086,43.02872],[-83.63132,43.02839],[-83.63268,43.02832],[-83.63354,43.02792],[-83.63476,43.02835],[-83.63448,43.02874],[-83.6351,43.02878],[-83.63497,43.02658],[-83.6347,43.02731],[-83.63332,43.02777],[-83.63282,43.02827],[-83.63041,43.02868],[-83.62805,43.02825],[-83.62712,43.02747],[-83.62714,43.02686],[-83.62664,43.02642]]]}},{"type":"Feature","properties":{"name":"FEMA Flood Zone AE - high risk (1% annual chance)","zone":"AE","_color":"#1e6fb8"},"geometry":{"type":"Polygon","coordinates":[[[-83.59754,43.03879],[-83.59739,43.03885],[-83.59739,43.03905],[-83.59754,43.03879]]]}},{"type":"Feature","properties":{"name":"FEMA Flood Zone AE - high risk (1% annual chance)","zone":"AE","_color":"#1e6fb8"},"geometry":{"type":"Polygon","coordinates":[[[-83.67483,43.02961],[-83.67737,43.03027],[-83.67671,43.02949],[-83.67498,43.0293],[-83.67483,43.02961]]]}},{"type":"Feature","properties":{"name":"FEMA Flood Zone AE - high risk (1% annual chance)","zone":"AE","_color":"#1e6fb8"},"geometry":{"type":"Polygon","coordinates":[[[-83.59336,43.03738],[-83.59386,43.0377],[-83.59369,43.0375],[-83.59336,43.03738]]]}},{"type":"Feature","properties":{"name":"FEMA Flood Zone AE - high risk (1% annual chance)","zone":"AE","_color":"#1e6fb8"},"geometry":{"type":"Polygon","coordinates":[[[-83.63711,42.97133],[-83.6371,42.97133],[-83.63712,42.97136],[-83.63711,42.97133]]]}},{"type":"Feature","properties":{"name":"FEMA Flood Zone AE - high risk (1% annual chance)","zone":"AE","_color":"#1e6fb8"},"geometry":{"type":"Polygon","coordinates":[[[-83.61078,42.97539],[-83.61116,42.97565],[-83.61361,42.97622],[-83.61078,42.97539]]]}},{"type":"Feature","properties":{"name":"FEMA Flood Zone AE - high risk (1% annual chance)","zone":"AE","_color":"#1e6fb8"},"geometry":{"type":"Polygon","coordinates":[[[-83.59204,43.03711],[-83.59112,43.03844],[-83.5912,43.03914],[-83.59254,43.04023],[-83.59154,43.03896],[-83.59156,43.03855],[-83.5922,43.03795],[-83.59204,43.03711]]]}},{"type":"Feature","properties":{"name":"FEMA Flood Zone AE - high risk (1% annual chance)","zone":"AE","_color":"#1e6fb8"},"geometry":{"type":"Polygon","coordinates":[[[-83.59789,43.04008],[-83.59787,43.04011],[-83.59788,43.0401],[-83.59789,43.04008]]]}},{"type":"Feature","properties":{"name":"FEMA Flood Zone AE - high risk (1% annual chance)","zone":"AE","_color":"#1e6fb8"},"geometry":{"type":"Polygon","coordinates":[[[-83.60205,43.03696],[-83.6011,43.03713],[-83.60042,43.03768],[-83.60205,43.03696]]]}},{"type":"Feature","properties":{"name":"FEMA Flood Zone AE - high risk (1% annual chance)","zone":"AE","_color":"#1e6fb8"},"geometry":{"type":"Polygon","coordinates":[[[-83.60339,43.03697],[-83.60334,43.03734],[-83.60397,43.03755],[-83.60339,43.03697]]]}},{"type":"Feature","properties":{"name":"FEMA Flood Zone AE - high risk (1% annual chance)","zone":"AE","_color":"#1e6fb8"},"geometry":{"type":"Polygon","coordinates":[[[-83.637,42.97112],[-83.63702,42.97121],[-83.6371,42.97132],[-83.637,42.97112]]]}},{"type":"Feature","properties":{"name":"FEMA Flood Zone AE - high risk (1% annual chance)","zone":"AE","_color":"#1e6fb8"},"geometry":{"type":"Polygon","coordinates":[[[-83.59783,43.04015],[-83.59773,43.04029],[-83.59778,43.04024],[-83.59783,43.04015]]]}},{"type":"Feature","properties":{"name":"FEMA Flood Zone AE - high risk (1% annual chance)","zone":"AE","_color":"#1e6fb8"},"geometry":{"type":"Polygon","coordinates":[[[-83.62667,43.02626],[-83.62622,43.02623],[-83.62667,43.02636],[-83.62667,43.02626]]]}},{"type":"Feature","properties":{"name":"FEMA Flood Zone AE - high risk (1% annual chance)","zone":"AE","_color":"#1e6fb8"},"geometry":{"type":"Polygon","coordinates":[[[-83.60186,43.03609],[-83.60098,43.03565],[-83.59965,43.03593],[-83.59873,43.03658],[-83.59845,43.03737],[-83.60059,43.03625],[-83.60186,43.03609]]]}},{"type":"Feature","properties":{"name":"FEMA Flood Zone AE - high risk (1% annual chance)","zone":"AE","_color":"#1e6fb8"},"geometry":{"type":"Polygon","coordinates":[[[-83.58736,43.0338],[-83.59015,43.03381],[-83.59208,43.0343],[-83.59335,43.03612],[-83.59339,43.03722],[-83.59358,43.03536],[-83.59296,43.03535],[-83.59336,43.03508],[-83.59277,43.03498],[-83.59243,43.03459],[-83.59259,43.03435],[-83.5922,43.03439],[-83.59221,43.03376],[-83.59155,43.03371],[-83.59234,43.03348],[-83.5921,43.03326],[-83.59084,43.03333],[-83.58882,43.03277],[-83.58774,43.0332],[-83.58783,43.03367],[-83.58736,43.0338]]]}},{"type":"Feature","properties":{"name":"FEMA Flood Zone AE - high risk (1% annual chance)","zone":"AE","_color":"#1e6fb8"},"geometry":{"type":"Polygon","coordinates":[[[-83.58881,43.03426],[-83.58921,43.03462],[-83.58918,43.03415],[-83.58881,43.03426]]]}},{"type":"Feature","properties":{"name":"FEMA Flood Zone AE - high risk (1% annual chance)","zone":"AE","_color":"#1e6fb8"},"geometry":{"type":"Polygon","coordinates":[[[-83.59341,43.03878],[-83.59429,43.04],[-83.59566,43.04063],[-83.59698,43.03997],[-83.59735,43.03912],[-83.59678,43.03995],[-83.59605,43.03985],[-83.59607,43.04039],[-83.59571,43.04055],[-83.5957,43.03954],[-83.59472,43.03986],[-83.59341,43.03878]]]}},{"type":"Feature","properties":{"name":"FEMA Flood Zone A - high risk (1% annual chance)","zone":"A","_color":"#1e6fb8"},"geometry":{"type":"Polygon","coordinates":[[[-83.58574,42.97142],[-83.58513,42.97006],[-83.5849,42.96753],[-83.58505,42.96817],[-83.58566,42.96764],[-83.5889,42.96722],[-83.58934,42.96677],[-83.58744,42.9666],[-83.58486,42.96734],[-83.58482,42.96679],[-83.5861,42.96639],[-83.58624,42.9656],[-83.58506,42.96602],[-83.58473,42.96662],[-83.584,42.96633],[-83.58462,42.96683],[-83.58492,42.96918],[-83.58449,42.96908],[-83.58493,42.96939],[-83.58514,42.97058],[-83.58574,42.97142]]]}},{"type":"Feature","properties":{"name":"FEMA Flood Zone AE - high risk (1% annual chance)","zone":"AE","_color":"#1e6fb8"},"geometry":{"type":"Polygon","coordinates":[[[-83.63806,42.9715],[-83.63809,42.97175],[-83.63814,42.97162],[-83.63806,42.9715]]]}},{"type":"Feature","properties":{"name":"FEMA Flood Zone AE - high risk (1% annual chance)","zone":"AE","_color":"#1e6fb8"},"geometry":{"type":"Polygon","coordinates":[[[-83.63719,42.97161],[-83.63718,42.97164],[-83.63719,42.97166],[-83.63719,42.97161]]]}},{"type":"Feature","properties":{"name":"FEMA Flood Zone AE - high risk (1% annual chance)","zone":"AE","_color":"#1e6fb8"},"geometry":{"type":"Polygon","coordinates":[[[-83.63717,42.9715],[-83.63717,42.97152],[-83.63718,42.97154],[-83.63717,42.9715]]]}},{"type":"Feature","properties":{"name":"FEMA Flood Zone AE - high risk (1% annual chance)","zone":"AE","_color":"#1e6fb8"},"geometry":{"type":"Polygon","coordinates":[[[-83.59897,43.03877],[-83.59847,43.03913],[-83.59826,43.03954],[-83.59897,43.03877]]]}},{"type":"Feature","properties":{"name":"FEMA Flood Zone AE - high risk (1% annual chance)","zone":"AE","_color":"#1e6fb8"},"geometry":{"type":"Polygon","coordinates":[[[-83.58364,43.03941],[-83.58449,43.03941],[-83.58462,43.03901],[-83.58514,43.03903],[-83.58499,43.0387],[-83.58606,43.03723],[-83.58602,43.0369],[-83.58693,43.03648],[-83.58755,43.03538],[-83.58582,43.03678],[-83.58577,43.03732],[-83.58487,43.03844],[-83.58315,43.03818],[-83.5829,43.03734],[-83.58317,43.03655],[-83.58206,43.03622],[-83.58242,43.03697],[-83.58158,43.03689],[-83.58124,43.03752],[-83.58201,43.03726],[-83.58261,43.03749],[-83.58291,43.03824],[-83.58376,43.03851],[-83.58348,43.03863],[-83.58364,43.03941]]]}},{"type":"Feature","properties":{"name":"FEMA Flood Zone AE - high risk (1% annual chance)","zone":"AE","_color":"#1e6fb8"},"geometry":{"type":"Polygon","coordinates":[[[-83.59966,43.03811],[-83.59905,43.03872],[-83.59974,43.03828],[-83.59966,43.03811]]]}},{"type":"Feature","properties":{"name":"FEMA Flood Zone AE - high risk (1% annual chance)","zone":"AE","_color":"#1e6fb8"},"geometry":{"type":"Polygon","coordinates":[[[-83.59842,43.03802],[-83.59773,43.03857],[-83.59813,43.03842],[-83.59842,43.03802]]]}},{"type":"Feature","properties":{"name":"FEMA Flood Zone AE - high risk (1% annual chance)","zone":"AE","_color":"#1e6fb8"},"geometry":{"type":"Polygon","coordinates":[[[-83.59985,43.0379],[-83.59973,43.03797],[-83.59968,43.03807],[-83.59985,43.0379]]]}},{"type":"Feature","properties":{"name":"FEMA Flood Zone AE - high risk (1% annual chance)","zone":"AE","_color":"#1e6fb8"},"geometry":{"type":"Polygon","coordinates":[[[-83.60196,43.03608],[-83.60307,43.03583],[-83.60404,43.03604],[-83.60478,43.0369],[-83.60541,43.03685],[-83.60615,43.03731],[-83.60637,43.0382],[-83.60786,43.03935],[-83.60958,43.03984],[-83.61015,43.04064],[-83.60939,43.04174],[-83.61083,43.04192],[-83.61152,43.04156],[-83.61095,43.04186],[-83.60963,43.04152],[-83.61068,43.03995],[-83.61032,43.0396],[-83.60967,43.03973],[-83.6087,43.03935],[-83.60884,43.03877],[-83.60847,43.0384],[-83.60765,43.03893],[-83.60804,43.03851],[-83.60768,43.03796],[-83.60645,43.03766],[-83.60675,43.03724],[-83.60626,43.03629],[-83.60495,43.03647],[-83.6041,43.03538],[-83.60296,43.0347],[-83.60301,43.0353],[-83.60196,43.03608]]]}},{"type":"Feature","properties":{"name":"FEMA Flood Zone AE - high risk (1% annual chance)","zone":"AE","_color":"#1e6fb8"},"geometry":{"type":"Polygon","coordinates":[[[-83.61856,43.05607],[-83.61924,43.05598],[-83.62095,43.05689],[-83.62223,43.05659],[-83.62201,43.05579],[-83.62102,43.05499],[-83.61891,43.05522],[-83.61964,43.0548],[-83.61972,43.05441],[-83.61859,43.0541],[-83.61893,43.05338],[-83.61737,43.05292],[-83.61749,43.05159],[-83.61637,43.05019],[-83.61592,43.05016],[-83.61537,43.04914],[-83.61539,43.04606],[-83.61573,43.04488],[-83.61557,43.0436],[-83.61472,43.04278],[-83.61349,43.04297],[-83.61293,43.04274],[-83.61255,43.04156],[-83.61221,43.04135],[-83.61083,43.04192],[-83.60939,43.04174],[-83.61015,43.04064],[-83.60986,43.04007],[-83.60918,43.0396],[-83.60786,43.03935],[-83.60637,43.0382],[-83.60579,43.037],[-83.6049,43.03696],[-83.60357,43.03586],[-83.60001,43.03651],[-83.5985,43.03745],[-83.59836,43.03814],[-83.59754,43.03879],[-83.59698,43.03997],[-83.59566,43.04063],[-83.59429,43.04],[-83.59334,43.03874],[-83.59396,43.03787],[-83.59333,43.03732],[-83.59335,43.03612],[-83.59264,43.03485],[-83.59155,43.03408],[-83.59015,43.03381],[-83.58647,43.03395],[-83.58623,43.03425],[-83.58642,43.03473],[-83.5855,43.03514],[-83.58494,43.03593],[-83.58377,43.03665],[-83.58309,43.0359],[-83.5816,43.03541],[-83.58144,43.03469],[-83.58217,43.0343],[-83.58184,43.03356],[-83.58263,43.03245],[-83.58229,43.03138],[-83.58075,43.03103],[-83.5801,43.03041],[-83.57858,43.02991],[-83.57732,43.02874],[-83.57604,43.02854],[-83.57571,43.0278],[-83.5748,43.0271],[-83.57218,43.02718],[-83.57288,43.02508],[-83.57237,43.02357],[-83.56955,43.02148],[-83.56736,43.02115],[-83.56668,43.0203],[-83.56661,43.01914],[-83.56912,43.01848],[-83.56873,43.01638],[-83.56913,43.01562],[-83.57056,43.01534],[-83.57247,43.01446],[-83.57198,43.01329],[-83.57329,43.01212],[-83.57202,43.00904],[-83.57056,43.00763],[-83.57077,43.00647],[-83.57325,43.00541],[-83.5745,43.00373],[-83.57456,43.0026],[-83.57488,43.00215],[-83.57714,43.00226],[-83.57997,43.00147],[-83.58237,42.99949],[-83.58594,42.99836],[-83.58666,42.99773],[-83.58583,42.99644],[-83.58484,42.99615],[-83.58465,42.99566],[-83.58179,42.99429],[-83.58172,42.9928],[-83.58046,42.99225],[-83.58143,42.98974],[-83.58109,42.98732],[-83.57853,42.98723],[-83.57736,42.98613],[-83.57714,42.98549],[-83.57602,42.98542],[-83.57542,42.98439],[-83.57475,42.98448],[-83.5754,42.98453],[-83.57601,42.98547],[-83.5771,42.98554],[-83.57743,42.98634],[-83.57848,42.98726],[-83.58057,42.98774],[-83.5809,42.9898],[-83.58002,42.99131],[-83.57976,42.99241],[-83.58111,42.99277],[-83.58135,42.99354],[-83.5812,42.99444],[-83.58148,42.99473],[-83.58452,42.9959],[-83.58568,42.99703],[-83.58122,42.99871],[-83.57769,43.0018],[-83.57452,43.00202],[-83.57431,43.00339],[-83.57312,43.00524],[-83.57067,43.00625],[-83.57011,43.00794],[-83.57121,43.00915],[-83.57192,43.01094],[-83.57278,43.01211],[-83.57173,43.01321],[-83.57208,43.0136],[-83.57202,43.01432],[-83.57014,43.01519],[-83.56887,43.01522],[-83.56877,43.01399],[-83.56812,43.01404],[-83.56773,43.01323],[-83.56718,43.01296],[-83.56494,43.01292],[-83.56408,43.01334],[-83.56506,43.01274],[-83.56502,43.01208],[-83.56438,43.01168],[-83.56359,43.01175],[-83.56358,43.012],[-83.56225,43.01172],[-83.56236,43.01112],[-83.56146,43.01047],[-83.56163,43.00998],[-83.55936,43.0089],[-83.55828,43.00887],[-83.55756,43.00953],[-83.55581,43.00952],[-83.55546,43.0098],[-83.55318,43.00967],[-83.55285,43.01012],[-83.5521,43.01018],[-83.55196,43.00915],[-83.55025,43.00867],[-83.5512,43.00799],[-83.55098,43.00685],[-83.54969,43.00644],[-83.54867,43.00459],[-83.54779,43.00414],[-83.54734,43.00342],[-83.54618,43.0029],[-83.54495,43.00162],[-83.54363,43.00194],[-83.54229,43.00184],[-83.54149,43.00293],[-83.54006,43.0037],[-83.53897,43.00163],[-83.53633,43.001],[-83.53446,42.99935],[-83.53317,42.99976],[-83.53213,42.99954],[-83.53119,43.00022],[-83.52958,43.00011],[-83.52855,43.00039],[-83.52518,42.99944],[-83.52476,42.99843],[-83.52403,42.99789],[-83.52294,42.99808],[-83.52084,42.9976],[-83.5192,42.99854],[-83.51844,42.99802],[-83.51878,42.99691],[-83.51704,42.99631],[-83.5178,42.99517],[-83.51676,42.99304],[-83.51526,42.99241],[-83.51443,42.9916],[-83.51433,42.98989],[-83.5137,42.98978],[-83.51527,42.98841],[-83.51627,42.98806],[-83.51733,42.98576],[-83.51713,42.98531],[-83.51567,42.98424],[-83.51579,42.98387],[-83.51631,42.9837],[-83.51667,42.98269],[-83.51521,42.98076],[-83.5155,42.97958],[-83.51538,42.97738],[-83.51467,42.97659],[-83.51502,42.97489],[-83.51664,42.97348],[-83.5159,42.97072],[-83.51535,42.96983],[-83.51555,42.96913],[-83.51608,42.96855],[-83.52,42.96813],[-83.52052,42.96777],[-83.52342,42.96805],[-83.52402,42.96677],[-83.52621,42.96488],[-83.52924,42.96461],[-83.5308,42.96505],[-83.53135,42.96567],[-83.53377,42.96539],[-83.53554,42.96415],[-83.53496,42.96021],[-83.5355,42.95893],[-83.53758,42.95805],[-83.54355,42.95704],[-83.54631,42.95522],[-83.54659,42.95374],[-83.54461,42.95207],[-83.54365,42.95075],[-83.54175,42.95074],[-83.53868,42.94858],[-83.53738,42.94837],[-83.53684,42.94755],[-83.53684,42.94718],[-83.53795,42.94636],[-83.53931,42.94453],[-83.53743,42.94257],[-83.53744,42.94218],[-83.53823,42.94184],[-83.53944,42.94208],[-83.54031,42.94189],[-83.54075,42.94146],[-83.54101,42.94055],[-83.54082,42.94019],[-83.5402,42.9399],[-83.53911,42.94005],[-83.53765,42.93905],[-83.53574,42.9394],[-83.53446,42.93894],[-83.53363,42.93754],[-83.53134,42.93691],[-83.53075,42.93709],[-83.53101,42.93579],[-83.53043,42.93472],[-83.52491,42.93529],[-83.52398,42.93491],[-83.52412,42.93436],[-83.52529,42.93393],[-83.52522,42.9335],[-83.52408,42.93244],[-83.52459,42.93103],[-83.52648,42.92998],[-83.52702,42.92891],[-83.52707,42.928],[-83.52587,42.92723],[-83.52579,42.92545],[-83.52433,42.92588],[-83.52228,42.92594],[-83.52257,42.92543],[-83.52437,42.92418],[-83.52454,42.92314],[-83.52664,42.92088],[-83.52674,42.92012],[-83.52566,42.91939],[-83.52432,42.91909],[-83.52397,42.91843],[-83.5222,42.9183],[-83.52173,42.92038],[-83.52246,42.92163],[-83.52146,42.92188],[-83.52087,42.92254],[-83.52038,42.92377],[-83.52046,42.92463],[-83.51954,42.92534],[-83.5192,42.92531],[-83.51865,42.92393],[-83.51645,42.92326],[-83.51418,42.92187],[-83.51348,42.92103],[-83.5122,42.92102],[-83.51146,42.92137],[-83.50922,42.92089],[-83.50616,42.92141],[-83.50513,42.92128],[-83.50532,42.91961],[-83.50374,42.91842],[-83.5029,42.91738],[-83.50292,42.91692],[-83.50351,42.91681],[-83.50332,42.91633],[-83.50476,42.91545],[-83.50601,42.91508],[-83.50751,42.91529],[-83.50844,42.91402],[-83.50813,42.91352],[-83.50735,42.91361],[-83.50713,42.91248],[-83.50865,42.91289],[-83.50877,42.91254],[-83.50935,42.91238],[-83.50889,42.9115],[-83.50831,42.91127],[-83.50766,42.91146],[-83.50808,42.91078],[-83.50611,42.90806],[-83.50567,42.90806],[-83.50568,42.90836],[-83.50421,42.90783],[-83.50125,42.90771],[-83.50097,42.90799],[-83.49953,42.90619],[-83.49813,42.90631],[-83.49733,42.90544],[-83.49453,42.90572],[-83.49464,42.90702],[-83.4961,42.90623],[-83.49738,42.90602],[-83.49802,42.90729],[-83.49931,42.90726],[-83.49998,42.90789],[-83.50289,42.90892],[-83.50396,42.90996],[-83.50519,42.90931],[-83.50649,42.91069],[-83.50548,42.91152],[-83.5053,42.91231],[-83.50689,42.91408],[-83.5068,42.91457],[-83.50585,42.91425],[-83.50458,42.9143],[-83.50295,42.91507],[-83.50207,42.91646],[-83.50283,42.91695],[-83.50259,42.9175],[-83.50293,42.91836],[-83.50343,42.91832],[-83.50296,42.91853],[-83.50312,42.91996],[-83.50286,42.92033],[-83.50306,42.92057],[-83.50276,42.92072],[-83.50282,42.92145],[-83.50459,42.92287],[-83.50613,42.92304],[-83.50752,42.92203],[-83.51115,42.9222],[-83.51259,42.92124],[-83.51319,42.92144],[-83.51355,42.92212],[-83.51427,42.92207],[-83.51592,42.92383],[-83.5177,42.92421],[-83.51883,42.92552],[-83.51964,42.92598],[-83.52027,42.92582],[-83.52156,42.92464],[-83.52083,42.92313],[-83.52323,42.92152],[-83.52248,42.92064],[-83.52284,42.91973],[-83.52346,42.91958],[-83.52474,42.92009],[-83.52504,42.92158],[-83.52374,42.92275],[-83.52352,42.92329],[-83.52372,42.92385],[-83.5228,42.9245],[-83.52186,42.92613],[-83.52294,42.92612],[-83.52415,42.92655],[-83.52521,42.92642],[-83.52477,42.92682],[-83.52447,42.92784],[-83.5248,42.92825],[-83.52562,42.92836],[-83.52571,42.92869],[-83.5254,42.92932],[-83.52422,42.92943],[-83.52362,42.9298],[-83.52277,42.93145],[-83.52277,42.93217],[-83.52411,42.93342],[-83.52305,42.93444],[-83.52278,42.93524],[-83.52505,42.93626],[-83.52956,42.93626],[-83.52977,42.93666],[-83.52885,42.93768],[-83.5294,42.93826],[-83.52937,42.9387],[-83.52986,42.93898],[-83.53351,42.93843],[-83.53412,42.93942],[-83.53524,42.94012],[-83.53616,42.94024],[-83.53753,42.93988],[-83.54002,42.9409],[-83.53974,42.94148],[-83.53806,42.94116],[-83.53703,42.94176],[-83.53662,42.94275],[-83.53858,42.94448],[-83.53687,42.94545],[-83.53646,42.94651],[-83.5357,42.94682],[-83.53567,42.94768],[-83.53742,42.94888],[-83.53705,42.95026],[-83.54026,42.95137],[-83.5434,42.95188],[-83.54343,42.95305],[-83.54449,42.95383],[-83.54341,42.95456],[-83.54256,42.95443],[-83.5407,42.95486],[-83.53757,42.95657],[-83.53548,42.95712],[-83.53391,42.95803],[-83.53268,42.95798],[-83.53348,42.95843],[-83.53328,42.95983],[-83.53237,42.96067],[-83.53252,42.96116],[-83.53314,42.96145],[-83.53302,42.96257],[-83.53361,42.96306],[-83.53334,42.96411],[-83.53054,42.96461],[-83.52894,42.96359],[-83.52603,42.96406],[-83.52481,42.96396],[-83.52397,42.96545],[-83.52347,42.96566],[-83.52289,42.96704],[-83.52214,42.96659],[-83.52018,42.96647],[-83.51879,42.96709],[-83.51711,42.96725],[-83.51612,42.96672],[-83.51531,42.96714],[-83.51503,42.96778],[-83.51545,42.96843],[-83.51406,42.96959],[-83.51373,42.9727],[-83.5147,42.97424],[-83.51414,42.97693],[-83.51451,42.97819],[-83.51416,42.98004],[-83.51489,42.98156],[-83.51559,42.98197],[-83.51583,42.98258],[-83.5146,42.98459],[-83.51535,42.98516],[-83.51574,42.98627],[-83.51491,42.98672],[-83.51463,42.98787],[-83.5126,42.9895],[-83.5127,42.99013],[-83.51402,42.99097],[-83.51344,42.9927],[-83.5137,42.99321],[-83.51417,42.99367],[-83.5153,42.99382],[-83.5156,42.99479],[-83.51696,42.99522],[-83.51601,42.99699],[-83.51652,42.99794],[-83.51672,42.99952],[-83.51779,43.00011],[-83.51897,42.99994],[-83.5201,42.99938],[-83.52085,42.99826],[-83.52143,42.99826],[-83.52359,42.99896],[-83.52377,42.99924],[-83.52322,42.99983],[-83.52365,43.00071],[-83.52535,43.00064],[-83.52682,43.0001],[-83.52699,43.00114],[-83.52787,43.00158],[-83.52995,43.00117],[-83.53108,43.00129],[-83.53428,43.00009],[-83.53381,43.00185],[-83.53442,43.00272],[-83.53524,43.003],[-83.5368,43.0025],[-83.53859,43.0029],[-83.53918,43.00434],[-83.53973,43.00465],[-83.54083,43.00398],[-83.54182,43.00401],[-83.54223,43.00353],[-83.54312,43.00348],[-83.54371,43.00295],[-83.54602,43.00519],[-83.54844,43.00543],[-83.54825,43.00616],[-83.54861,43.00718],[-83.54981,43.00743],[-83.54899,43.00841],[-83.54943,43.00947],[-83.55011,43.01002],[-83.5499,43.01106],[-83.55266,43.01142],[-83.55362,43.01105],[-83.55406,43.0102],[-83.55532,43.00995],[-83.55651,43.01003],[-83.55695,43.01083],[-83.55782,43.01124],[-83.55822,43.01111],[-83.55888,43.00981],[-83.55927,43.00968],[-83.56032,43.01047],[-83.56003,43.01147],[-83.56215,43.01168],[-83.56221,43.01236],[-83.56325,43.01373],[-83.56432,43.0139],[-83.56692,43.01347],[-83.56876,43.01587],[-83.5684,43.01641],[-83.56746,43.01653],[-83.56699,43.01703],[-83.56868,43.01835],[-83.56659,43.01866],[-83.56615,43.01958],[-83.56616,43.02098],[-83.56722,43.02302],[-83.56554,43.02281],[-83.56409,43.02161],[-83.563,43.02125],[-83.55963,43.02172],[-83.55642,43.02354],[-83.55633,43.02406],[-83.55576,43.02425],[-83.55487,43.02524],[-83.55261,43.02593],[-83.552,43.02747],[-83.5514,43.02775],[-83.55029,43.02713],[-83.54985,43.02616],[-83.5488,43.02508],[-83.5467,43.02496],[-83.54609,43.02593],[-83.53768,43.02714],[-83.53477,43.02607],[-83.52707,43.02602],[-83.52548,43.02635],[-83.52534,43.02695],[-83.52485,43.02717],[-83.52125,43.02733],[-83.51977,43.02823],[-83.51541,43.02825],[-83.51184,43.0304],[-83.51022,43.03048],[-83.50907,43.02956],[-83.50809,43.02951],[-83.50009,43.03359],[-83.49964,43.03415],[-83.49952,43.03504],[-83.49999,43.03643],[-83.49901,43.03672],[-83.4983,43.03655],[-83.4983,43.03718],[-83.50069,43.03664],[-83.50058,43.03599],[-83.49979,43.03522],[-83.50006,43.03395],[-83.50466,43.03229],[-83.50515,43.03187],[-83.50499,43.0315],[-83.5054,43.03114],[-83.5053,43.03089],[-83.50788,43.03006],[-83.50942,43.03056],[-83.51347,43.03032],[-83.51509,43.02903],[-83.51661,43.02892],[-83.51689,43.02842],[-83.51776,43.02876],[-83.51821,43.0284],[-83.51918,43.02855],[-83.52056,43.02816],[-83.52134,43.02735],[-83.52609,43.02736],[-83.52846,43.02814],[-83.53553,43.02721],[-83.5371,43.02756],[-83.53766,43.0282],[-83.53862,43.02759],[-83.54046,43.02709],[-83.54235,43.02721],[-83.54498,43.02616],[-83.54719,43.02573],[-83.5483,43.02575],[-83.5498,43.0276],[-83.55045,43.02799],[-83.55163,43.02805],[-83.55258,43.0275],[-83.55354,43.02596],[-83.5542,43.02598],[-83.55501,43.02552],[-83.55603,43.02431],[-83.55744,43.02375],[-83.55883,43.02274],[-83.5608,43.02201],[-83.56309,43.02183],[-83.56467,43.02315],[-83.56749,43.02355],[-83.56825,43.02454],[-83.56841,43.02536],[-83.57153,43.02683],[-83.57162,43.02759],[-83.5723,43.0282],[-83.57434,43.02824],[-83.5758,43.02978],[-83.57674,43.03002],[-83.57768,43.03142],[-83.57918,43.03094],[-83.5801,43.03103],[-83.58029,43.0317],[-83.5814,43.03217],[-83.58111,43.03314],[-83.5816,43.03359],[-83.58119,43.03406],[-83.58031,43.03428],[-83.58083,43.0351],[-83.58069,43.03623],[-83.58298,43.03639],[-83.58327,43.03677],[-83.5829,43.03725],[-83.58297,43.03793],[-83.58334,43.0383],[-83.58504,43.03837],[-83.58582,43.03678],[-83.58924,43.03403],[-83.59166,43.03494],[-83.59143,43.03531],[-83.59222,43.03776],[-83.59154,43.03896],[-83.59237,43.04011],[-83.5936,43.04087],[-83.59562,43.04087],[-83.59746,43.04044],[-83.59989,43.03779],[-83.60256,43.03665],[-83.60342,43.03665],[-83.60365,43.03746],[-83.60526,43.03757],[-83.60575,43.0387],[-83.60772,43.03961],[-83.6079,43.04026],[-83.60866,43.04069],[-83.6085,43.04151],[-83.60892,43.04218],[-83.6114,43.04256],[-83.6125,43.04378],[-83.61448,43.04364],[-83.61495,43.04389],[-83.6151,43.04484],[-83.61443,43.04588],[-83.61455,43.0482],[-83.61552,43.05013],[-83.61653,43.05071],[-83.61718,43.05165],[-83.61699,43.05249],[-83.61749,43.05341],[-83.61727,43.05354],[-83.6175,43.05463],[-83.61687,43.05535],[-83.61785,43.0561],[-83.61856,43.05607]]]}},{"type":"Feature","properties":{"name":"FEMA Flood Zone AE - high risk (1% annual chance)","zone":"AE","_color":"#1e6fb8"},"geometry":{"type":"Polygon","coordinates":[[[-83.68589,43.00526],[-83.68552,43.00504],[-83.68566,43.00517],[-83.68589,43.00526]]]}},{"type":"Feature","properties":{"name":"FEMA Flood Zone AE - high risk (1% annual chance)","zone":"AE","_color":"#1e6fb8"},"geometry":{"type":"Polygon","coordinates":[[[-83.68468,43.00342],[-83.68512,43.00361],[-83.68513,43.00455],[-83.68548,43.00499],[-83.68509,43.00352],[-83.68468,43.00342]]]}},{"type":"Feature","properties":{"name":"FEMA Flood Zone AE - high risk (1% annual chance)","zone":"AE","_color":"#1e6fb8"},"geometry":{"type":"Polygon","coordinates":[[[-83.68567,43.00493],[-83.68567,43.00493],[-83.6857,43.00495],[-83.68567,43.00493]]]}},{"type":"Feature","properties":{"name":"FEMA Flood Zone AE - high risk (1% annual chance)","zone":"AE","_color":"#1e6fb8"},"geometry":{"type":"Polygon","coordinates":[[[-83.68193,42.99916],[-83.68202,42.99914],[-83.68198,42.99914],[-83.68193,42.99916]]]}},{"type":"Feature","properties":{"name":"FEMA Flood Zone AE - high risk (1% annual chance)","zone":"AE","_color":"#1e6fb8"},"geometry":{"type":"Polygon","coordinates":[[[-83.66843,42.99883],[-83.669,42.99889],[-83.66841,42.9985],[-83.66843,42.99883]]]}},{"type":"Feature","properties":{"name":"FEMA Flood Zone AE - high risk (1% annual chance)","zone":"AE","_color":"#1e6fb8"},"geometry":{"type":"Polygon","coordinates":[[[-83.65582,42.99872],[-83.65588,42.99875],[-83.65585,42.99872],[-83.65582,42.99872]]]}},{"type":"Feature","properties":{"name":"FEMA Flood Zone AE - high risk (1% annual chance)","zone":"AE","_color":"#1e6fb8"},"geometry":{"type":"Polygon","coordinates":[[[-83.58359,42.97284],[-83.58362,42.97307],[-83.58364,42.97299],[-83.58359,42.97284]]]}},{"type":"Feature","properties":{"name":"FEMA Flood Zone AE - high risk (1% annual chance)","zone":"AE","_color":"#1e6fb8"},"geometry":{"type":"Polygon","coordinates":[[[-83.58355,42.97249],[-83.58348,42.97255],[-83.58349,42.97273],[-83.58355,42.97249]]]}},{"type":"Feature","properties":{"name":"FEMA Flood Zone AE - high risk (1% annual chance)","zone":"AE","_color":"#1e6fb8"},"geometry":{"type":"Polygon","coordinates":[[[-83.60692,43.03921],[-83.60772,43.03964],[-83.60734,43.04014],[-83.60758,43.04085],[-83.60836,43.0411],[-83.6085,43.04152],[-83.60875,43.0408],[-83.6079,43.04026],[-83.60772,43.03961],[-83.60692,43.03921]]]}},{"type":"Feature","properties":{"name":"FEMA Flood Zone AE - high risk (1% annual chance)","zone":"AE","_color":"#1e6fb8"},"geometry":{"type":"Polygon","coordinates":[[[-83.61265,43.00701],[-83.61265,43.00713],[-83.61267,43.00705],[-83.61265,43.00701]]]}},{"type":"Feature","properties":{"name":"FEMA Flood Zone AE - high risk (1% annual chance)","zone":"AE","_color":"#1e6fb8"},"geometry":{"type":"Polygon","coordinates":[[[-83.57413,43.00369],[-83.57311,43.00522],[-83.57219,43.0057],[-83.57312,43.00524],[-83.57413,43.00369]]]}},{"type":"Feature","properties":{"name":"FEMA Flood Zone AE - high risk (1% annual chance)","zone":"AE","_color":"#1e6fb8"},"geometry":{"type":"Polygon","coordinates":[[[-83.68664,43.00556],[-83.68668,43.00556],[-83.68593,43.00527],[-83.68664,43.00556]]]}},{"type":"Feature","properties":{"name":"FEMA Flood Zone AE - high risk (1% annual chance)","zone":"AE","_color":"#1e6fb8"},"geometry":{"type":"Polygon","coordinates":[[[-83.68701,43.00549],[-83.68722,43.0055],[-83.68714,43.00548],[-83.68701,43.00549]]]}},{"type":"Feature","properties":{"name":"FEMA Flood Zone AE - high risk (1% annual chance)","zone":"AE","_color":"#1e6fb8"},"geometry":{"type":"Polygon","coordinates":[[[-83.68689,43.00547],[-83.68696,43.00549],[-83.68692,43.00547],[-83.68689,43.00547]]]}},{"type":"Feature","properties":{"name":"FEMA Flood Zone AE - high risk (1% annual chance)","zone":"AE","_color":"#1e6fb8"},"geometry":{"type":"Polygon","coordinates":[[[-83.68879,43.00493],[-83.68757,43.00531],[-83.68737,43.00547],[-83.68879,43.00493]]]}},{"type":"Feature","properties":{"name":"FEMA Flood Zone AE - high risk (1% annual chance)","zone":"AE","_color":"#1e6fb8"},"geometry":{"type":"Polygon","coordinates":[[[-83.65385,42.99852],[-83.65626,42.99847],[-83.65685,42.99921],[-83.65667,42.99863],[-83.65597,42.99812],[-83.65385,42.99852]]]}},{"type":"Feature","properties":{"name":"FEMA Flood Zone AE - high risk (1% annual chance)","zone":"AE","_color":"#1e6fb8"},"geometry":{"type":"Polygon","coordinates":[[[-83.6561,42.99909],[-83.6561,42.99912],[-83.65611,42.99914],[-83.6561,42.99909]]]}},{"type":"Feature","properties":{"name":"FEMA Flood Zone AE - high risk (1% annual chance)","zone":"AE","_color":"#1e6fb8"},"geometry":{"type":"Polygon","coordinates":[[[-83.63654,42.97234],[-83.63634,42.9728],[-83.63687,42.97215],[-83.63654,42.97234]]]}},{"type":"Feature","properties":{"name":"FEMA Flood Zone AE - high risk (1% annual chance)","zone":"AE","_color":"#1e6fb8"},"geometry":{"type":"Polygon","coordinates":[[[-83.60503,42.99817],[-83.60507,42.99858],[-83.60438,42.99859],[-83.60402,42.99933],[-83.60394,42.99977],[-83.6047,43.00098],[-83.60438,43.0017],[-83.60319,43.00162],[-83.60201,43.00204],[-83.60194,43.00275],[-83.60417,43.00352],[-83.60524,43.00315],[-83.60598,43.00357],[-83.60895,43.00321],[-83.60951,43.00452],[-83.60913,43.00518],[-83.60909,43.0063],[-83.60989,43.00664],[-83.61203,43.00657],[-83.6125,43.00714],[-83.61133,43.00536],[-83.60868,43.00283],[-83.60677,43.00191],[-83.60648,43.00084],[-83.60472,43.00072],[-83.60456,43.00023],[-83.60503,42.99817]]]}},{"type":"Feature","properties":{"name":"FEMA Flood Zone AE - high risk (1% annual chance)","zone":"AE","_color":"#1e6fb8"},"geometry":{"type":"Polygon","coordinates":[[[-83.6095,43.00311],[-83.61217,43.00506],[-83.61268,43.00695],[-83.61293,43.00688],[-83.61273,43.00559],[-83.61179,43.0048],[-83.61112,43.00362],[-83.61046,43.00301],[-83.6095,43.00311]]]}},{"type":"Feature","properties":{"name":"FEMA Flood Zone AE - high risk (1% annual chance)","zone":"AE","_color":"#1e6fb8"},"geometry":{"type":"Polygon","coordinates":[[[-83.69429,43.005],[-83.69474,43.00535],[-83.69558,43.00568],[-83.69429,43.005]]]}},{"type":"Feature","properties":{"name":"FEMA Flood Zone AE - high risk (1% annual chance)","zone":"AE","_color":"#1e6fb8"},"geometry":{"type":"Polygon","coordinates":[[[-83.68676,43.0056],[-83.68679,43.0056],[-83.68675,43.00558],[-83.68676,43.0056]]]}},{"type":"Feature","properties":{"name":"FEMA Flood Zone AE - high risk (1% annual chance)","zone":"AE","_color":"#1e6fb8"},"geometry":{"type":"Polygon","coordinates":[[[-83.69056,43.0042],[-83.68958,43.00481],[-83.68996,43.0046],[-83.69056,43.0042]]]}},{"type":"Feature","properties":{"name":"FEMA Flood Zone AE - high risk (1% annual chance)","zone":"AE","_color":"#1e6fb8"},"geometry":{"type":"Polygon","coordinates":[[[-83.6907,43.00385],[-83.69042,43.00397],[-83.69093,43.00336],[-83.69055,43.003],[-83.68909,43.00337],[-83.68883,43.00381],[-83.68942,43.00468],[-83.6907,43.00385]]]}},{"type":"Feature","properties":{"name":"FEMA Flood Zone AE - high risk (1% annual chance)","zone":"AE","_color":"#1e6fb8"},"geometry":{"type":"Polygon","coordinates":[[[-83.68292,42.99919],[-83.68313,42.99942],[-83.68307,42.99924],[-83.68292,42.99919]]]}},{"type":"Feature","properties":{"name":"FEMA Flood Zone AE - high risk (1% annual chance)","zone":"AE","_color":"#1e6fb8"},"geometry":{"type":"Polygon","coordinates":[[[-83.65572,42.9987],[-83.65577,42.99872],[-83.6558,42.99872],[-83.65572,42.9987]]]}},{"type":"Feature","properties":{"name":"FEMA Flood Zone AE - high risk (1% annual chance)","zone":"AE","_color":"#1e6fb8"},"geometry":{"type":"Polygon","coordinates":[[[-83.6491,42.99698],[-83.65362,42.99847],[-83.65357,42.9979],[-83.65277,42.99731],[-83.65103,42.99702],[-83.65034,42.99736],[-83.6491,42.99698]]]}},{"type":"Feature","properties":{"name":"FEMA Flood Zone AE - high risk (1% annual chance)","zone":"AE","_color":"#1e6fb8"},"geometry":{"type":"Polygon","coordinates":[[[-83.6048,42.99789],[-83.60502,42.99815],[-83.60439,42.9976],[-83.6048,42.99789]]]}},{"type":"Feature","properties":{"name":"FEMA Flood Zone AE - high risk (1% annual chance)","zone":"AE","_color":"#1e6fb8"},"geometry":{"type":"Polygon","coordinates":[[[-83.64412,42.99663],[-83.64758,42.99828],[-83.64887,42.99813],[-83.64892,42.9971],[-83.6482,42.9975],[-83.64579,42.99716],[-83.64392,42.99645],[-83.64412,42.99663]]]}},{"type":"Feature","properties":{"name":"FEMA Flood Zone AE - high risk (1% annual chance)","zone":"AE","_color":"#1e6fb8"},"geometry":{"type":"Polygon","coordinates":[[[-83.60515,42.97048],[-83.60544,42.97144],[-83.60686,42.9718],[-83.60673,42.97152],[-83.60558,42.97148],[-83.60515,42.97048]]]}},{"type":"Feature","properties":{"name":"FEMA Flood Zone AE - high risk (1% annual chance)","zone":"AE","_color":"#1e6fb8"},"geometry":{"type":"Polygon","coordinates":[[[-83.63543,42.97511],[-83.6353,42.97519],[-83.63526,42.97537],[-83.63543,42.97511]]]}},{"type":"Feature","properties":{"name":"FEMA Flood Zone AE - high risk (1% annual chance)","zone":"AE","_color":"#1e6fb8"},"geometry":{"type":"Polygon","coordinates":[[[-83.67133,43.01173],[-83.67119,43.01189],[-83.67148,43.01226],[-83.67133,43.01173]]]}},{"type":"Feature","properties":{"name":"FEMA Flood Zone AE - high risk (1% annual chance)","zone":"AE","_color":"#1e6fb8"},"geometry":{"type":"Polygon","coordinates":[[[-83.57511,43.00218],[-83.57462,43.00238],[-83.5745,43.00373],[-83.57325,43.00541],[-83.57089,43.00639],[-83.57053,43.00716],[-83.5709,43.00641],[-83.57374,43.00546],[-83.57383,43.00475],[-83.575,43.00412],[-83.57487,43.00334],[-83.57513,43.00298],[-83.57465,43.0025],[-83.57511,43.00218]]]}},{"type":"Feature","properties":{"name":"FEMA Flood Zone AE - high risk (1% annual chance)","zone":"AE","_color":"#1e6fb8"},"geometry":{"type":"Polygon","coordinates":[[[-83.6125,43.00716],[-83.6125,43.00722],[-83.61252,43.00725],[-83.6125,43.00716]]]}},{"type":"Feature","properties":{"name":"FEMA Flood Zone AE - high risk (1% annual chance)","zone":"AE","_color":"#1e6fb8"},"geometry":{"type":"Polygon","coordinates":[[[-83.68583,43.00502],[-83.6865,43.00532],[-83.68666,43.00504],[-83.68583,43.00502]]]}},{"type":"Feature","properties":{"name":"FEMA Flood Zone AE - high risk (1% annual chance)","zone":"AE","_color":"#1e6fb8"},"geometry":{"type":"Polygon","coordinates":[[[-83.65397,42.99869],[-83.65402,42.9987],[-83.65397,42.99869],[-83.65397,42.99869]]]}},{"type":"Feature","properties":{"name":"FEMA Flood Zone AE - high risk (1% annual chance)","zone":"AE","_color":"#1e6fb8"},"geometry":{"type":"Polygon","coordinates":[[[-83.65383,42.99868],[-83.65386,42.99868],[-83.65382,42.99868],[-83.65383,42.99868]]]}},{"type":"Feature","properties":{"name":"FEMA Flood Zone AE - high risk (1% annual chance)","zone":"AE","_color":"#1e6fb8"},"geometry":{"type":"Polygon","coordinates":[[[-83.65367,42.99867],[-83.65113,42.99804],[-83.64911,42.99715],[-83.6492,42.99837],[-83.64979,42.99861],[-83.65367,42.99867]]]}},{"type":"Feature","properties":{"name":"FEMA Flood Zone AE - high risk (1% annual chance)","zone":"AE","_color":"#1e6fb8"},"geometry":{"type":"Polygon","coordinates":[[[-83.58552,42.97197],[-83.58542,42.972],[-83.58525,42.97215],[-83.58552,42.97197]]]}},{"type":"Feature","properties":{"name":"FEMA Flood Zone AE - high risk (1% annual chance)","zone":"AE","_color":"#1e6fb8"},"geometry":{"type":"Polygon","coordinates":[[[-83.58549,42.97205],[-83.58542,42.97213],[-83.58545,42.97211],[-83.58549,42.97205]]]}},{"type":"Feature","properties":{"name":"FEMA Flood Zone AE - high risk (1% annual chance)","zone":"AE","_color":"#1e6fb8"},"geometry":{"type":"Polygon","coordinates":[[[-83.58559,42.97201],[-83.58554,42.97203],[-83.58557,42.97202],[-83.58559,42.97201]]]}},{"type":"Feature","properties":{"name":"FEMA Flood Zone AE - high risk (1% annual chance)","zone":"AE","_color":"#1e6fb8"},"geometry":{"type":"Polygon","coordinates":[[[-83.58568,42.97191],[-83.5856,42.97193],[-83.58554,42.97196],[-83.58568,42.97191]]]}},{"type":"Feature","properties":{"name":"FEMA Flood Zone AE - high risk (1% annual chance)","zone":"AE","_color":"#1e6fb8"},"geometry":{"type":"Polygon","coordinates":[[[-83.58582,42.9718],[-83.58579,42.97193],[-83.58583,42.9719],[-83.58582,42.9718]]]}},{"type":"Feature","properties":{"name":"FEMA Flood Zone AE - high risk (1% annual chance)","zone":"AE","_color":"#1e6fb8"},"geometry":{"type":"Polygon","coordinates":[[[-83.58575,42.97182],[-83.5857,42.9719],[-83.58572,42.97189],[-83.58575,42.97182]]]}},{"type":"Feature","properties":{"name":"FEMA Flood Zone AE - high risk (1% annual chance)","zone":"AE","_color":"#1e6fb8"},"geometry":{"type":"Polygon","coordinates":[[[-83.58579,42.97166],[-83.58582,42.97178],[-83.58583,42.97173],[-83.58579,42.97166]]]}},{"type":"Feature","properties":{"name":"FEMA Flood Zone AE - high risk (1% annual chance)","zone":"AE","_color":"#1e6fb8"},"geometry":{"type":"Polygon","coordinates":[[[-83.5857,42.97164],[-83.58569,42.97165],[-83.58574,42.97175],[-83.5857,42.97164]]]}},{"type":"Feature","properties":{"name":"FEMA Flood Zone AE - high risk (1% annual chance)","zone":"AE","_color":"#1e6fb8"},"geometry":{"type":"Polygon","coordinates":[[[-83.63718,42.97173],[-83.63698,42.97205],[-83.63707,42.97198],[-83.63718,42.97173]]]}},{"type":"Feature","properties":{"name":"FEMA Flood Zone AE - high risk (1% annual chance)","zone":"AE","_color":"#1e6fb8"},"geometry":{"type":"Polygon","coordinates":[[[-83.58567,42.97157],[-83.58569,42.97159],[-83.58565,42.97149],[-83.58567,42.97157]]]}},{"type":"Feature","properties":{"name":"FEMA Flood Zone AE - high risk (1% annual chance)","zone":"AE","_color":"#1e6fb8"},"geometry":{"type":"Polygon","coordinates":[[[-83.6063,42.97144],[-83.60708,42.97169],[-83.60756,42.97429],[-83.61037,42.97451],[-83.61057,42.9752],[-83.61038,42.97451],[-83.60762,42.97422],[-83.60757,42.97387],[-83.60785,42.97375],[-83.60726,42.97243],[-83.60805,42.97236],[-83.60687,42.97142],[-83.6063,42.97144]]]}},{"type":"Feature","properties":{"name":"FEMA Flood Zone AE - high risk (1% annual chance)","zone":"AE","_color":"#1e6fb8"},"geometry":{"type":"Polygon","coordinates":[[[-83.60687,42.97192],[-83.60686,42.97217],[-83.60628,42.9722],[-83.60615,42.97191],[-83.60585,42.97248],[-83.60709,42.97311],[-83.60659,42.97416],[-83.60749,42.9746],[-83.61027,42.97461],[-83.61044,42.97518],[-83.61028,42.9746],[-83.60736,42.97453],[-83.60709,42.97306],[-83.60667,42.9727],[-83.60687,42.97192]]]}},{"type":"Feature","properties":{"name":"FEMA Flood Zone AE - high risk (1% annual chance)","zone":"AE","_color":"#1e6fb8"},"geometry":{"type":"Polygon","coordinates":[[[-83.66978,43.01102],[-83.66981,43.01102],[-83.66985,43.01102],[-83.66978,43.01102]]]}},{"type":"Feature","properties":{"name":"FEMA Flood Zone AE - high risk (1% annual chance)","zone":"AE","_color":"#1e6fb8"},"geometry":{"type":"Polygon","coordinates":[[[-83.61253,43.0073],[-83.61263,43.00764],[-83.61356,43.00778],[-83.61253,43.0073]]]}},{"type":"Feature","properties":{"name":"FEMA Flood Zone AE - high risk (1% annual chance)","zone":"AE","_color":"#1e6fb8"},"geometry":{"type":"Polygon","coordinates":[[[-83.66931,43.01103],[-83.66941,43.01105],[-83.66964,43.01102],[-83.66931,43.01103]]]}},{"type":"Feature","properties":{"name":"FEMA Flood Zone AE - high risk (1% annual chance)","zone":"AE","_color":"#1e6fb8"},"geometry":{"type":"Polygon","coordinates":[[[-83.67049,43.01101],[-83.67054,43.01102],[-83.67065,43.01102],[-83.67049,43.01101]]]}},{"type":"Feature","properties":{"name":"FEMA Flood Zone AE - high risk (1% annual chance)","zone":"AE","_color":"#1e6fb8"},"geometry":{"type":"Polygon","coordinates":[[[-83.57121,43.02714],[-83.5707,43.02719],[-83.57084,43.02814],[-83.57027,43.02841],[-83.57246,43.02824],[-83.57121,43.02714]]]}},{"type":"Feature","properties":{"name":"FEMA Flood Zone AE - high risk (1% annual chance)","zone":"AE","_color":"#1e6fb8"},"geometry":{"type":"Polygon","coordinates":[[[-83.62664,43.02642],[-83.62714,43.02686],[-83.62712,43.02747],[-83.62805,43.02825],[-83.63041,43.02868],[-83.63282,43.02827],[-83.63332,43.02777],[-83.63479,43.02724],[-83.63546,43.0259],[-83.63722,43.0258],[-83.6376,43.02493],[-83.6403,43.0241],[-83.64228,43.02418],[-83.64247,43.02381],[-83.64381,43.02352],[-83.64628,43.02378],[-83.65352,43.02355],[-83.6537,43.02221],[-83.65611,43.01978],[-83.65602,43.01864],[-83.65641,43.01846],[-83.65569,43.01827],[-83.65674,43.0169],[-83.65928,43.01554],[-83.66482,43.01499],[-83.66571,43.01387],[-83.66842,43.01219],[-83.6691,43.01104],[-83.67075,43.01103],[-83.67143,43.01144],[-83.67084,43.01096],[-83.66895,43.01097],[-83.66637,43.01324],[-83.6628,43.01235],[-83.66091,43.01213],[-83.65932,43.01238],[-83.66266,43.01245],[-83.66528,43.01316],[-83.66571,43.01361],[-83.66436,43.01482],[-83.65792,43.01527],[-83.65603,43.01692],[-83.65525,43.01803],[-83.65562,43.01872],[-83.65541,43.01929],[-83.65334,43.01958],[-83.65343,43.02345],[-83.65205,43.0235],[-83.65146,43.02317],[-83.65022,43.02363],[-83.64576,43.02367],[-83.64496,43.02347],[-83.64429,43.02268],[-83.64254,43.02318],[-83.64259,43.02359],[-83.64092,43.02384],[-83.64053,43.02361],[-83.63995,43.02405],[-83.63935,43.02387],[-83.63913,43.02434],[-83.63795,43.02442],[-83.63759,43.02484],[-83.63466,43.02582],[-83.63314,43.02682],[-83.63218,43.02708],[-83.63162,43.02767],[-83.62895,43.02772],[-83.62784,43.02679],[-83.62745,43.02556],[-83.62643,43.02417],[-83.62544,43.02376],[-83.62295,43.02348],[-83.62092,43.02225],[-83.61721,43.02126],[-83.61464,43.01952],[-83.61424,43.01873],[-83.61523,43.01829],[-83.61529,43.01733],[-83.61777,43.01627],[-83.6177,43.01373],[-83.61832,43.0117],[-83.61748,43.01055],[-83.61763,43.00901],[-83.61675,43.00804],[-83.61467,43.00839],[-83.61391,43.00764],[-83.61276,43.00737],[-83.61217,43.00506],[-83.60691,43.00153],[-83.60663,43.00073],[-83.60515,43.00034],[-83.60539,42.99831],[-83.60439,42.99738],[-83.60226,42.99303],[-83.59952,42.99191],[-83.59847,42.9902],[-83.59749,42.99013],[-83.59739,42.98757],[-83.59806,42.9849],[-83.59618,42.98374],[-83.5954,42.98282],[-83.59635,42.98107],[-83.59632,42.98016],[-83.59517,42.97972],[-83.59251,42.9772],[-83.59017,42.97579],[-83.59018,42.97378],[-83.58776,42.97336],[-83.58616,42.97405],[-83.58373,42.97329],[-83.5836,42.97258],[-83.58512,42.97239],[-83.58582,42.97191],[-83.58574,42.97142],[-83.58572,42.97189],[-83.58499,42.97236],[-83.58355,42.97249],[-83.58366,42.9734],[-83.58552,42.97398],[-83.58632,42.97411],[-83.58793,42.97345],[-83.58991,42.97377],[-83.59007,42.97583],[-83.59186,42.97689],[-83.59518,42.97982],[-83.59612,42.98021],[-83.59607,42.98135],[-83.59539,42.98244],[-83.59535,42.98306],[-83.59799,42.98503],[-83.59735,42.98743],[-83.59734,42.99017],[-83.59836,42.99024],[-83.59943,42.99196],[-83.60218,42.99304],[-83.60423,42.99741],[-83.60513,42.9983],[-83.6046,43.00058],[-83.60491,43.00084],[-83.60648,43.00084],[-83.60677,43.00191],[-83.60868,43.00283],[-83.6111,43.00511],[-83.61238,43.00663],[-83.61259,43.00743],[-83.6138,43.00776],[-83.61457,43.00847],[-83.61672,43.00822],[-83.61757,43.00909],[-83.61741,43.01071],[-83.61813,43.0118],[-83.61726,43.0143],[-83.61731,43.01586],[-83.61494,43.01709],[-83.61512,43.01815],[-83.61359,43.01875],[-83.61399,43.01957],[-83.61681,43.02181],[-83.61957,43.02256],[-83.62236,43.02434],[-83.62558,43.02475],[-83.62676,43.02567],[-83.62664,43.02642]]]}},{"type":"Feature","properties":{"name":"FEMA Flood Zone AE - high risk (1% annual chance)","zone":"AE","_color":"#1e6fb8"},"geometry":{"type":"Polygon","coordinates":[[[-83.61795,43.0127],[-83.61793,43.01274],[-83.61794,43.01272],[-83.61795,43.0127]]]}},{"type":"Feature","properties":{"name":"FEMA Flood Zone AE - high risk (1% annual chance)","zone":"AE","_color":"#1e6fb8"},"geometry":{"type":"Polygon","coordinates":[[[-83.65729,43.00026],[-83.65982,43.00228],[-83.66104,43.00226],[-83.66215,43.00149],[-83.66214,43.00108],[-83.66122,43.00116],[-83.66076,43.00207],[-83.65963,43.00219],[-83.65871,43.00163],[-83.65826,43.00043],[-83.65729,43.00026]]]}},{"type":"Feature","properties":{"name":"FEMA Flood Zone AE - high risk (1% annual chance)","zone":"AE","_color":"#1e6fb8"},"geometry":{"type":"Polygon","coordinates":[[[-83.65911,43.0112],[-83.65912,43.01125],[-83.65912,43.01122],[-83.65911,43.0112]]]}},{"type":"Feature","properties":{"name":"FEMA Flood Zone AE - high risk (1% annual chance)","zone":"AE","_color":"#1e6fb8"},"geometry":{"type":"Polygon","coordinates":[[[-83.66901,43.01108],[-83.66891,43.01112],[-83.66875,43.0113],[-83.66901,43.01108]]]}},{"type":"Feature","properties":{"name":"FEMA Flood Zone AE - high risk (1% annual chance)","zone":"AE","_color":"#1e6fb8"},"geometry":{"type":"Polygon","coordinates":[[[-83.66932,43.01091],[-83.6687,43.01097],[-83.66863,43.01125],[-83.66932,43.01091]]]}},{"type":"Feature","properties":{"name":"FEMA Flood Zone AE - high risk (1% annual chance)","zone":"AE","_color":"#1e6fb8"},"geometry":{"type":"Polygon","coordinates":[[[-83.65752,43.01068],[-83.65875,43.01069],[-83.65911,43.01118],[-83.65878,43.01068],[-83.65752,43.01068]]]}},{"type":"Feature","properties":{"name":"FEMA Flood Zone AE - high risk (1% annual chance)","zone":"AE","_color":"#1e6fb8"},"geometry":{"type":"Polygon","coordinates":[[[-83.63554,42.97409],[-83.63534,42.9745],[-83.63546,42.97487],[-83.63554,42.97409]]]}},{"type":"Feature","properties":{"name":"FEMA Flood Zone AE - high risk (1% annual chance)","zone":"AE","_color":"#1e6fb8"},"geometry":{"type":"Polygon","coordinates":[[[-83.63811,42.97184],[-83.63582,42.97485],[-83.63626,42.9748],[-83.63733,42.97306],[-83.63838,42.97246],[-83.63845,42.97207],[-83.63811,42.97184]]]}},{"type":"Feature","properties":{"name":"FEMA Flood Zone AE - high risk (1% annual chance)","zone":"AE","_color":"#1e6fb8"},"geometry":{"type":"Polygon","coordinates":[[[-83.62769,43.02631],[-83.62837,43.02737],[-83.62983,43.0279],[-83.63162,43.02767],[-83.63415,43.02609],[-83.6334,43.02612],[-83.63218,43.02684],[-83.63156,43.02765],[-83.6302,43.02746],[-83.6296,43.02784],[-83.6286,43.02736],[-83.62769,43.02631]]]}},{"type":"Feature","properties":{"name":"FEMA Flood Zone AE - high risk (1% annual chance)","zone":"AE","_color":"#1e6fb8"},"geometry":{"type":"Polygon","coordinates":[[[-83.5562,43.02433],[-83.55641,43.0247],[-83.55684,43.02417],[-83.5581,43.02382],[-83.55998,43.02525],[-83.56329,43.02611],[-83.564,43.02575],[-83.56658,43.02635],[-83.56725,43.02601],[-83.56703,43.02492],[-83.56585,43.0241],[-83.56581,43.02379],[-83.56702,43.02363],[-83.56788,43.02438],[-83.56739,43.02443],[-83.56745,43.02463],[-83.56803,43.02493],[-83.56801,43.02531],[-83.56944,43.02674],[-83.57151,43.02698],[-83.56841,43.02536],[-83.56825,43.02454],[-83.56749,43.02355],[-83.56467,43.02315],[-83.56309,43.02183],[-83.55981,43.02226],[-83.5562,43.02433]]]}},{"type":"Feature","properties":{"name":"FEMA Flood Zone AE - high risk (1% annual chance)","zone":"AE","_color":"#1e6fb8"},"geometry":{"type":"Polygon","coordinates":[[[-83.61802,43.01261],[-83.61799,43.01264],[-83.618,43.01264],[-83.61802,43.01261]]]}},{"type":"Feature","properties":{"name":"FEMA Flood Zone AE - high risk (1% annual chance)","zone":"AE","_color":"#1e6fb8"},"geometry":{"type":"Polygon","coordinates":[[[-83.65332,43.0209],[-83.65334,43.01958],[-83.65536,43.01933],[-83.65562,43.01888],[-83.65533,43.01846],[-83.65551,43.01817],[-83.65515,43.01834],[-83.6555,43.01886],[-83.65525,43.01925],[-83.65357,43.01878],[-83.65321,43.01981],[-83.65332,43.0209]]]}},{"type":"Feature","properties":{"name":"FEMA Flood Zone AE - high risk (1% annual chance)","zone":"AE","_color":"#1e6fb8"},"geometry":{"type":"Polygon","coordinates":[[[-83.61469,43.01844],[-83.61423,43.01882],[-83.61503,43.01993],[-83.61451,43.01926],[-83.61469,43.01844]]]}},{"type":"Feature","properties":{"name":"FEMA Flood Zone AE - high risk (1% annual chance)","zone":"AE","_color":"#1e6fb8"},"geometry":{"type":"Polygon","coordinates":[[[-83.6138,43.01863],[-83.61377,43.01864],[-83.61375,43.01864],[-83.6138,43.01863]]]}},{"type":"Feature","properties":{"name":"FEMA Flood Zone AE - high risk (1% annual chance)","zone":"AE","_color":"#1e6fb8"},"geometry":{"type":"Polygon","coordinates":[[[-83.6712,43.01139],[-83.67129,43.01159],[-83.67098,43.01116],[-83.6712,43.01139]]]}},{"type":"Feature","properties":{"name":"FEMA Flood Zone AE - high risk (1% annual chance)","zone":"AE","_color":"#1e6fb8"},"geometry":{"type":"Polygon","coordinates":[[[-83.67437,43.03056],[-83.6756,43.03169],[-83.67649,43.03163],[-83.67694,43.03119],[-83.67437,43.03056]]]}},{"type":"Feature","properties":{"name":"FEMA Flood Zone AE - high risk (1% annual chance)","zone":"AE","_color":"#1e6fb8"},"geometry":{"type":"Polygon","coordinates":[[[-83.61765,43.01337],[-83.61687,43.01502],[-83.61522,43.01552],[-83.61467,43.01614],[-83.6129,43.01591],[-83.61206,43.01791],[-83.61256,43.01799],[-83.61235,43.01818],[-83.61304,43.01801],[-83.60906,43.01895],[-83.61187,43.0185],[-83.6148,43.01752],[-83.61504,43.01784],[-83.61486,43.01729],[-83.6151,43.01692],[-83.61731,43.01586],[-83.61726,43.0143],[-83.61765,43.01337]]]}},{"type":"Feature","properties":{"name":"FEMA Flood Zone AE - high risk (1% annual chance)","zone":"AE","_color":"#1e6fb8"},"geometry":{"type":"Polygon","coordinates":[[[-83.61403,43.01855],[-83.61394,43.01858],[-83.61505,43.01817],[-83.61403,43.01855]]]}},{"type":"Feature","properties":{"name":"FEMA Flood Zone AE - high risk (1% annual chance)","zone":"AE","_color":"#1e6fb8"},"geometry":{"type":"Polygon","coordinates":[[[-83.61476,43.01843],[-83.61478,43.01842],[-83.6148,43.01842],[-83.61476,43.01843]]]}},{"type":"Feature","properties":{"name":"FEMA Flood Zone AE - high risk (1% annual chance)","zone":"AE","_color":"#1e6fb8"},"geometry":{"type":"Polygon","coordinates":[[[-83.61496,43.01838],[-83.61505,43.0184],[-83.61517,43.01834],[-83.61496,43.01838]]]}},{"type":"Feature","properties":{"name":"FEMA Flood Zone AE - high risk (1% annual chance)","zone":"AE","_color":"#1e6fb8"},"geometry":{"type":"Polygon","coordinates":[[[-83.67021,43.01101],[-83.67025,43.01102],[-83.67047,43.01101],[-83.67021,43.01101]]]}},{"type":"Feature","properties":{"name":"FEMA Flood Zone AE - high risk (1% annual chance)","zone":"AE","_color":"#1e6fb8"},"geometry":{"type":"Polygon","coordinates":[[[-83.61749,43.01055],[-83.61756,43.01066],[-83.61755,43.01058],[-83.61749,43.01055]]]}},{"type":"Feature","properties":{"name":"FEMA Flood Zone AE - high risk (1% annual chance)","zone":"AE","_color":"#1e6fb8"},"geometry":{"type":"Polygon","coordinates":[[[-83.67043,43.01092],[-83.67084,43.01096],[-83.67074,43.01092],[-83.67043,43.01092]]]}},{"type":"Feature","properties":{"name":"FEMA Flood Zone AE - high risk (1% annual chance)","zone":"AE","_color":"#1e6fb8"},"geometry":{"type":"Polygon","coordinates":[[[-83.66952,43.01091],[-83.6699,43.0109],[-83.66983,43.01089],[-83.66952,43.01091]]]}},{"type":"Feature","properties":{"name":"FEMA Flood Zone AE - high risk (1% annual chance)","zone":"AE","_color":"#1e6fb8"},"geometry":{"type":"Polygon","coordinates":[[[-83.6703,43.01091],[-83.67038,43.01091],[-83.67034,43.01091],[-83.6703,43.01091]]]}},{"type":"Feature","properties":{"name":"FEMA Flood Zone AE - high risk (1% annual chance)","zone":"AE","_color":"#1e6fb8"},"geometry":{"type":"Polygon","coordinates":[[[-83.67008,43.0109],[-83.67023,43.01091],[-83.67013,43.0109],[-83.67008,43.0109]]]}},{"type":"Feature","properties":{"name":"FEMA Flood Zone AE - high risk (1% annual chance)","zone":"AE","_color":"#1e6fb8"},"geometry":{"type":"Polygon","coordinates":[[[-83.56779,43.01338],[-83.56812,43.01404],[-83.56877,43.01399],[-83.56874,43.01506],[-83.56912,43.0153],[-83.57046,43.01513],[-83.57209,43.01421],[-83.57173,43.01321],[-83.57206,43.01373],[-83.57165,43.01386],[-83.57149,43.01465],[-83.57105,43.01487],[-83.57049,43.01468],[-83.57002,43.01398],[-83.56897,43.0145],[-83.56906,43.01365],[-83.56867,43.01311],[-83.56779,43.01338]]]}},{"type":"Feature","properties":{"name":"FEMA Flood Zone AE - high risk (1% annual chance)","zone":"AE","_color":"#1e6fb8"},"geometry":{"type":"Polygon","coordinates":[[[-83.58376,42.97331],[-83.58444,42.97363],[-83.58558,42.97391],[-83.58376,42.97331]]]}},{"type":"Feature","properties":{"name":"FEMA Flood Zone AE - high risk (1% annual chance)","zone":"AE","_color":"#1e6fb8"},"geometry":{"type":"Polygon","coordinates":[[[-83.61178,43.04138],[-83.61255,43.04156],[-83.61293,43.04274],[-83.61349,43.04297],[-83.61472,43.04278],[-83.61557,43.0436],[-83.61573,43.04488],[-83.61539,43.04606],[-83.61531,43.04888],[-83.61582,43.04993],[-83.6154,43.04905],[-83.61547,43.0484],[-83.61726,43.04718],[-83.61614,43.04628],[-83.61539,43.04281],[-83.61468,43.04242],[-83.61374,43.04271],[-83.61271,43.04207],[-83.61314,43.04139],[-83.61178,43.04138]]]}},{"type":"Feature","properties":{"name":"FEMA Flood Zone AE - high risk (1% annual chance)","zone":"AE","_color":"#1e6fb8"},"geometry":{"type":"Polygon","coordinates":[[[-83.61492,43.04915],[-83.61491,43.04919],[-83.61496,43.04925],[-83.61492,43.04915]]]}},{"type":"Feature","properties":{"name":"FEMA Flood Zone AE - high risk (1% annual chance)","zone":"AE","_color":"#1e6fb8"},"geometry":{"type":"Polygon","coordinates":[[[-83.61459,43.04827],[-83.6146,43.04831],[-83.61466,43.04837],[-83.61459,43.04827]]]}},{"type":"Feature","properties":{"name":"FEMA Flood Zone AE - high risk (1% annual chance)","zone":"AE","_color":"#1e6fb8"},"geometry":{"type":"Polygon","coordinates":[[[-83.56875,43.01644],[-83.56889,43.01764],[-83.56941,43.01713],[-83.57015,43.01715],[-83.56985,43.01705],[-83.57027,43.01683],[-83.57178,43.01704],[-83.56875,43.01644]]]}},{"type":"Feature","properties":{"name":"FEMA Flood Zone AE - high risk (1% annual chance)","zone":"AE","_color":"#1e6fb8"},"geometry":{"type":"Polygon","coordinates":[[[-83.65519,43.01812],[-83.65603,43.01692],[-83.65816,43.01515],[-83.66436,43.01482],[-83.66571,43.01346],[-83.66497,43.01307],[-83.6656,43.01354],[-83.66427,43.01483],[-83.66177,43.01382],[-83.66112,43.014],[-83.66046,43.01494],[-83.65778,43.0144],[-83.65724,43.01492],[-83.65735,43.01539],[-83.65623,43.01554],[-83.65634,43.01632],[-83.65538,43.01698],[-83.65567,43.01758],[-83.65519,43.01812]]]}},{"type":"Feature","properties":{"name":"FEMA Flood Zone AE - high risk (1% annual chance)","zone":"AE","_color":"#1e6fb8"},"geometry":{"type":"Polygon","coordinates":[[[-83.61525,43.0176],[-83.61525,43.01779],[-83.61527,43.01769],[-83.61525,43.0176]]]}},{"type":"Feature","properties":{"name":"FEMA Flood Zone AE - high risk (1% annual chance)","zone":"AE","_color":"#1e6fb8"},"geometry":{"type":"Polygon","coordinates":[[[-83.61757,43.01068],[-83.61797,43.01113],[-83.61774,43.01084],[-83.61757,43.01068]]]}},{"type":"Feature","properties":{"name":"FEMA Flood Zone AE - high risk (1% annual chance)","zone":"AE","_color":"#1e6fb8"},"geometry":{"type":"Polygon","coordinates":[[[-83.69307,42.9742],[-83.69319,42.97503],[-83.69325,42.9743],[-83.69307,42.9742]]]}},{"type":"Feature","properties":{"name":"FEMA Flood Zone AE - high risk (1% annual chance)","zone":"AE","_color":"#1e6fb8"},"geometry":{"type":"Polygon","coordinates":[[[-83.67086,43.01097],[-83.67146,43.01156],[-83.67155,43.0112],[-83.67221,43.0114],[-83.67241,43.01118],[-83.67086,43.01097]]]}},{"type":"Feature","properties":{"name":"FEMA Flood Zone AE - high risk (1% annual chance)","zone":"AE","_color":"#1e6fb8"},"geometry":{"type":"Polygon","coordinates":[[[-83.69299,42.97429],[-83.69295,42.97434],[-83.693,42.975],[-83.69299,42.97429]]]}},{"type":"Feature","properties":{"name":"FEMA Flood Zone AE - high risk (1% annual chance)","zone":"AE","_color":"#1e6fb8"},"geometry":{"type":"Polygon","coordinates":[[[-83.59605,42.98139],[-83.59604,42.98141],[-83.59604,42.98143],[-83.59605,42.98139]]]}},{"type":"Feature","properties":{"name":"FEMA Flood Zone AE - high risk (1% annual chance)","zone":"AE","_color":"#1e6fb8"},"geometry":{"type":"Polygon","coordinates":[[[-83.58491,42.97384],[-83.58498,42.97386],[-83.58502,42.97387],[-83.58491,42.97384]]]}},{"type":"Feature","properties":{"name":"FEMA Flood Zone AE - high risk (1% annual chance)","zone":"AE","_color":"#1e6fb8"},"geometry":{"type":"Polygon","coordinates":[[[-83.5841,42.9736],[-83.58431,42.97372],[-83.58461,42.97376],[-83.5841,42.9736]]]}},{"type":"Feature","properties":{"name":"FEMA Flood Zone AE - high risk (1% annual chance)","zone":"AE","_color":"#1e6fb8"},"geometry":{"type":"Polygon","coordinates":[[[-83.59632,42.98016],[-83.59627,42.98073],[-83.59652,42.98107],[-83.59632,42.98016]]]}},{"type":"Feature","properties":{"name":"FEMA Flood Zone AE - high risk (1% annual chance)","zone":"AE","_color":"#1e6fb8"},"geometry":{"type":"Polygon","coordinates":[[[-83.59614,42.98007],[-83.59623,42.9801],[-83.59619,42.98008],[-83.59614,42.98007]]]}},{"type":"Feature","properties":{"name":"FEMA Flood Zone AE - high risk (1% annual chance)","zone":"AE","_color":"#1e6fb8"},"geometry":{"type":"Polygon","coordinates":[[[-83.63552,42.97382],[-83.63548,42.97392],[-83.63554,42.97409],[-83.63552,42.97382]]]}},{"type":"Feature","properties":{"name":"FEMA Flood Zone AE - high risk (1% annual chance)","zone":"AE","_color":"#1e6fb8"},"geometry":{"type":"Polygon","coordinates":[[[-83.61772,43.01365],[-83.61771,43.01369],[-83.61772,43.01369],[-83.61772,43.01365]]]}},{"type":"Feature","properties":{"name":"FEMA Flood Zone AE - high risk (1% annual chance)","zone":"AE","_color":"#1e6fb8"},"geometry":{"type":"Polygon","coordinates":[[[-83.6178,43.01305],[-83.61773,43.0136],[-83.61782,43.01323],[-83.6178,43.01305]]]}},{"type":"Feature","properties":{"name":"FEMA Flood Zone AE - high risk (1% annual chance)","zone":"AE","_color":"#1e6fb8"},"geometry":{"type":"Polygon","coordinates":[[[-83.56774,43.00858],[-83.56829,43.00966],[-83.56908,43.01006],[-83.56879,43.01046],[-83.56957,43.01126],[-83.56944,43.01144],[-83.57038,43.01134],[-83.57086,43.01086],[-83.57251,43.01204],[-83.57173,43.01321],[-83.57215,43.01297],[-83.57278,43.01188],[-83.57211,43.0113],[-83.57121,43.00915],[-83.57011,43.00794],[-83.57067,43.00625],[-83.57217,43.00572],[-83.57148,43.0058],[-83.57142,43.00518],[-83.57069,43.00545],[-83.57104,43.00597],[-83.57057,43.00624],[-83.56997,43.00773],[-83.56948,43.00806],[-83.56937,43.00882],[-83.56837,43.00844],[-83.56774,43.00858]]]}},{"type":"Feature","properties":{"name":"FEMA Flood Zone AE - high risk (1% annual chance)","zone":"AE","_color":"#1e6fb8"},"geometry":{"type":"Polygon","coordinates":[[[-83.61763,43.01304],[-83.61766,43.01334],[-83.61769,43.01323],[-83.61763,43.01304]]]}},{"type":"Feature","properties":{"name":"FEMA Flood Zone AE - high risk (1% annual chance)","zone":"AE","_color":"#1e6fb8"},"geometry":{"type":"Polygon","coordinates":[[[-83.61766,43.01278],[-83.61754,43.0129],[-83.61758,43.013],[-83.61766,43.01278]]]}},{"type":"Feature","properties":{"name":"FEMA Flood Zone AE - high risk (1% annual chance)","zone":"AE","_color":"#1e6fb8"},"geometry":{"type":"Polygon","coordinates":[[[-83.61782,43.01296],[-83.6178,43.01301],[-83.61781,43.01299],[-83.61782,43.01296]]]}},{"type":"Feature","properties":{"name":"FEMA Flood Zone AE - high risk (1% annual chance)","zone":"AE","_color":"#1e6fb8"},"geometry":{"type":"Polygon","coordinates":[[[-83.66517,43.01306],[-83.66659,43.01315],[-83.66859,43.01142],[-83.66683,43.01197],[-83.66654,43.01282],[-83.66517,43.01306]]]}},{"type":"Feature","properties":{"name":"FEMA Flood Zone AE - high risk (1% annual chance)","zone":"AE","_color":"#1e6fb8"},"geometry":{"type":"Polygon","coordinates":[[[-83.61453,43.04798],[-83.61452,43.04812],[-83.61455,43.0482],[-83.61453,43.04798]]]}},{"type":"Feature","properties":{"name":"FEMA Flood Zone AE - high risk (1% annual chance)","zone":"AE","_color":"#1e6fb8"},"geometry":{"type":"Polygon","coordinates":[[[-83.61332,43.04389],[-83.61337,43.04388],[-83.61341,43.04387],[-83.61332,43.04389]]]}},{"type":"Feature","properties":{"name":"FEMA Flood Zone AE - high risk (1% annual chance)","zone":"AE","_color":"#1e6fb8"},"geometry":{"type":"Polygon","coordinates":[[[-83.65892,43.01129],[-83.65908,43.01101],[-83.65875,43.01069],[-83.6566,43.0107],[-83.65559,43.01038],[-83.65684,43.01086],[-83.65859,43.01081],[-83.65892,43.01129]]]}},{"type":"Feature","properties":{"name":"FEMA Flood Zone AE - high risk (1% annual chance)","zone":"AE","_color":"#1e6fb8"},"geometry":{"type":"Polygon","coordinates":[[[-83.61523,43.02012],[-83.61636,43.02091],[-83.61921,43.0218],[-83.618,43.02137],[-83.61789,43.02087],[-83.61626,43.02069],[-83.61523,43.02012]]]}},{"type":"Feature","properties":{"name":"FEMA Flood Zone AE - high risk (1% annual chance)","zone":"AE","_color":"#1e6fb8"},"geometry":{"type":"Polygon","coordinates":[[[-83.61524,43.02231],[-83.61707,43.02214],[-83.61742,43.02285],[-83.61835,43.02286],[-83.61842,43.0233],[-83.61951,43.02378],[-83.61985,43.02436],[-83.62106,43.02438],[-83.62099,43.02463],[-83.61995,43.02482],[-83.62012,43.02521],[-83.62352,43.02511],[-83.62488,43.02578],[-83.62675,43.02567],[-83.62558,43.02475],[-83.62236,43.02434],[-83.61957,43.02256],[-83.61681,43.02181],[-83.61525,43.02053],[-83.61525,43.02137],[-83.61535,43.02101],[-83.6158,43.02122],[-83.61517,43.02165],[-83.61509,43.02123],[-83.61466,43.02205],[-83.61455,43.02147],[-83.61375,43.02124],[-83.61367,43.02052],[-83.61287,43.02107],[-83.61142,43.02126],[-83.61124,43.02174],[-83.61061,43.02136],[-83.61049,43.02269],[-83.61016,43.02245],[-83.60902,43.02456],[-83.6114,43.02492],[-83.61258,43.02383],[-83.61417,43.02333],[-83.61441,43.02271],[-83.6151,43.02313],[-83.61524,43.02231]]]}},{"type":"Feature","properties":{"name":"FEMA Flood Zone AE - high risk (1% annual chance)","zone":"AE","_color":"#1e6fb8"},"geometry":{"type":"Polygon","coordinates":[[[-83.61443,43.04587],[-83.61412,43.04593],[-83.6145,43.04782],[-83.61443,43.04587]]]}},{"type":"Feature","properties":{"name":"FEMA Flood Zone A - high risk (1% annual chance)","zone":"A","_color":"#1e6fb8"},"geometry":{"type":"Polygon","coordinates":[[[-83.58364,43.03941],[-83.584,43.04178],[-83.58378,43.04223],[-83.58245,43.0428],[-83.58131,43.04283],[-83.58059,43.04354],[-83.5791,43.04347],[-83.57912,43.04403],[-83.57666,43.04741],[-83.57761,43.04674],[-83.57905,43.04475],[-83.58222,43.04349],[-83.58409,43.04325],[-83.58453,43.04284],[-83.58449,43.03941],[-83.58364,43.03941]]]}},{"type":"Feature","properties":{"name":"FEMA Flood Zone AE - high risk (1% annual chance)","zone":"AE","_color":"#1e6fb8"},"geometry":{"type":"Polygon","coordinates":[[[-83.65337,43.02212],[-83.65337,43.02243],[-83.65333,43.02094],[-83.65337,43.02212]]]}},{"type":"Feature","properties":{"name":"FEMA Flood Zone AE - high risk (1% annual chance)","zone":"AE","_color":"#1e6fb8"},"geometry":{"type":"Polygon","coordinates":[[[-83.69758,43.01468],[-83.6971,43.01465],[-83.69726,43.01429],[-83.69672,43.01399],[-83.69598,43.01437],[-83.69669,43.0146],[-83.69618,43.01494],[-83.69758,43.01468]]]}},{"type":"Feature","properties":{"name":"FEMA Flood Zone AE - high risk (1% annual chance)","zone":"AE","_color":"#1e6fb8"},"geometry":{"type":"Polygon","coordinates":[[[-83.69662,43.01519],[-83.69701,43.0151],[-83.69674,43.01515],[-83.69662,43.01519]]]}},{"type":"Feature","properties":{"name":"FEMA Flood Zone AE - high risk (1% annual chance)","zone":"AE","_color":"#1e6fb8"},"geometry":{"type":"Polygon","coordinates":[[[-83.69603,43.01529],[-83.6958,43.01545],[-83.69599,43.01536],[-83.69603,43.01529]]]}},{"type":"Feature","properties":{"name":"FEMA Flood Zone AE - high risk (1% annual chance)","zone":"AE","_color":"#1e6fb8"},"geometry":{"type":"Polygon","coordinates":[[[-83.69538,43.01524],[-83.69511,43.0154],[-83.69494,43.01554],[-83.69538,43.01524]]]}},{"type":"Feature","properties":{"name":"FEMA Flood Zone AE - high risk (1% annual chance)","zone":"AE","_color":"#1e6fb8"},"geometry":{"type":"Polygon","coordinates":[[[-83.6949,43.01559],[-83.69405,43.01664],[-83.69427,43.01778],[-83.69415,43.01652],[-83.6949,43.01559]]]}},{"type":"Feature","properties":{"name":"FEMA Flood Zone AE - high risk (1% annual chance)","zone":"AE","_color":"#1e6fb8"},"geometry":{"type":"Polygon","coordinates":[[[-83.69567,43.01555],[-83.69498,43.01646],[-83.69499,43.01725],[-83.69444,43.01832],[-83.69514,43.01733],[-83.69504,43.01651],[-83.69543,43.0167],[-83.69647,43.01619],[-83.69645,43.01589],[-83.69606,43.01601],[-83.69596,43.01576],[-83.69556,43.01595],[-83.69567,43.01555]]]}},{"type":"Feature","properties":{"name":"FEMA Flood Zone AE - high risk (1% annual chance)","zone":"AE","_color":"#1e6fb8"},"geometry":{"type":"Polygon","coordinates":[[[-83.69305,43.01847],[-83.69374,43.01832],[-83.69414,43.01796],[-83.69401,43.01773],[-83.69309,43.01799],[-83.69305,43.01847]]]}},{"type":"Feature","properties":{"name":"FEMA Flood Zone AE - high risk (1% annual chance)","zone":"AE","_color":"#1e6fb8"},"geometry":{"type":"Polygon","coordinates":[[[-83.69378,43.0189],[-83.6944,43.01892],[-83.69433,43.01844],[-83.69378,43.0189]]]}},{"type":"Feature","properties":{"name":"FEMA Flood Zone AE - high risk (1% annual chance)","zone":"AE","_color":"#1e6fb8"},"geometry":{"type":"Polygon","coordinates":[[[-83.69346,43.01905],[-83.69363,43.01905],[-83.69378,43.0189],[-83.69346,43.01905]]]}},{"type":"Feature","properties":{"name":"FEMA Flood Zone AE - high risk (1% annual chance)","zone":"AE","_color":"#1e6fb8"},"geometry":{"type":"Polygon","coordinates":[[[-83.69279,43.01855],[-83.69216,43.0186],[-83.69254,43.01836],[-83.69216,43.01813],[-83.69168,43.01909],[-83.69095,43.019],[-83.69027,43.01945],[-83.69227,43.01895],[-83.69279,43.01855]]]}},{"type":"Feature","properties":{"name":"FEMA Flood Zone AE - high risk (1% annual chance)","zone":"AE","_color":"#1e6fb8"},"geometry":{"type":"Polygon","coordinates":[[[-83.69206,43.01953],[-83.69302,43.01934],[-83.6933,43.01913],[-83.69206,43.01953]]]}},{"type":"Feature","properties":{"name":"FEMA Flood Zone AE - high risk (1% annual chance)","zone":"AE","_color":"#1e6fb8"},"geometry":{"type":"Polygon","coordinates":[[[-83.69016,43.01948],[-83.68946,43.01968],[-83.68915,43.01989],[-83.69016,43.01948]]]}},{"type":"Feature","properties":{"name":"FEMA Flood Zone AE - high risk (1% annual chance)","zone":"AE","_color":"#1e6fb8"},"geometry":{"type":"Polygon","coordinates":[[[-83.68885,43.02019],[-83.68871,43.02038],[-83.68877,43.02031],[-83.68885,43.02019]]]}},{"type":"Feature","properties":{"name":"FEMA Flood Zone AE - high risk (1% annual chance)","zone":"AE","_color":"#1e6fb8"},"geometry":{"type":"Polygon","coordinates":[[[-83.69188,43.01958],[-83.68965,43.02039],[-83.69123,43.01993],[-83.69179,43.02006],[-83.69188,43.01958]]]}},{"type":"Feature","properties":{"name":"FEMA Flood Zone AE - high risk (1% annual chance)","zone":"AE","_color":"#1e6fb8"},"geometry":{"type":"Polygon","coordinates":[[[-83.68867,43.02043],[-83.6884,43.02081],[-83.68848,43.02073],[-83.68867,43.02043]]]}},{"type":"Feature","properties":{"name":"FEMA Flood Zone AE - high risk (1% annual chance)","zone":"AE","_color":"#1e6fb8"},"geometry":{"type":"Polygon","coordinates":[[[-83.68832,43.02094],[-83.68818,43.02112],[-83.68827,43.02102],[-83.68832,43.02094]]]}},{"type":"Feature","properties":{"name":"FEMA Flood Zone AE - high risk (1% annual chance)","zone":"AE","_color":"#1e6fb8"},"geometry":{"type":"Polygon","coordinates":[[[-83.68749,43.0219],[-83.68705,43.02243],[-83.68699,43.02293],[-83.68749,43.0219]]]}},{"type":"Feature","properties":{"name":"FEMA Flood Zone AE - high risk (1% annual chance)","zone":"AE","_color":"#1e6fb8"},"geometry":{"type":"Polygon","coordinates":[[[-83.68915,43.02091],[-83.68793,43.02242],[-83.68765,43.02303],[-83.68915,43.02091]]]}},{"type":"Feature","properties":{"name":"FEMA Flood Zone AE - high risk (1% annual chance)","zone":"AE","_color":"#1e6fb8"},"geometry":{"type":"Polygon","coordinates":[[[-83.68698,43.023],[-83.68694,43.02316],[-83.68693,43.02324],[-83.68698,43.023]]]}},{"type":"Feature","properties":{"name":"FEMA Flood Zone AE - high risk (1% annual chance)","zone":"AE","_color":"#1e6fb8"},"geometry":{"type":"Polygon","coordinates":[[[-83.68693,43.02324],[-83.68686,43.02378],[-83.68693,43.02363],[-83.68693,43.02324]]]}},{"type":"Feature","properties":{"name":"FEMA Flood Zone AE - high risk (1% annual chance)","zone":"AE","_color":"#1e6fb8"},"geometry":{"type":"Polygon","coordinates":[[[-83.68685,43.02378],[-83.68682,43.02385],[-83.68679,43.02396],[-83.68685,43.02378]]]}},{"type":"Feature","properties":{"name":"FEMA Flood Zone AE - high risk (1% annual chance)","zone":"AE","_color":"#1e6fb8"},"geometry":{"type":"Polygon","coordinates":[[[-83.68679,43.02398],[-83.68683,43.02438],[-83.68685,43.02429],[-83.68679,43.02398]]]}},{"type":"Feature","properties":{"name":"FEMA Flood Zone AE - high risk (1% annual chance)","zone":"AE","_color":"#1e6fb8"},"geometry":{"type":"Polygon","coordinates":[[[-83.68681,43.02446],[-83.68672,43.02472],[-83.68676,43.02464],[-83.68681,43.02446]]]}},{"type":"Feature","properties":{"name":"FEMA Flood Zone AE - high risk (1% annual chance)","zone":"AE","_color":"#1e6fb8"},"geometry":{"type":"Polygon","coordinates":[[[-83.67841,43.03125],[-83.67845,43.03135],[-83.67854,43.03135],[-83.67841,43.03125]]]}},{"type":"Feature","properties":{"name":"FEMA Flood Zone AE - high risk (1% annual chance)","zone":"AE","_color":"#1e6fb8"},"geometry":{"type":"Polygon","coordinates":[[[-83.67854,43.03135],[-83.67862,43.03139],[-83.67857,43.03135],[-83.67854,43.03135]]]}},{"type":"Feature","properties":{"name":"FEMA Flood Zone AE - high risk (1% annual chance)","zone":"AE","_color":"#1e6fb8"},"geometry":{"type":"Polygon","coordinates":[[[-83.67867,43.0311],[-83.67913,43.03154],[-83.67876,43.03111],[-83.67867,43.0311]]]}},{"type":"Feature","properties":{"name":"FEMA Flood Zone AE - high risk (1% annual chance)","zone":"AE","_color":"#1e6fb8"},"geometry":{"type":"Polygon","coordinates":[[[-83.67916,43.03155],[-83.67932,43.03163],[-83.67942,43.03163],[-83.67916,43.03155]]]}},{"type":"Feature","properties":{"name":"FEMA Flood Zone AE - high risk (1% annual chance)","zone":"AE","_color":"#1e6fb8"},"geometry":{"type":"Polygon","coordinates":[[[-83.67863,43.0314],[-83.67904,43.03169],[-83.67936,43.03181],[-83.67863,43.0314]]]}},{"type":"Feature","properties":{"name":"FEMA Flood Zone AE - high risk (1% annual chance)","zone":"AE","_color":"#1e6fb8"},"geometry":{"type":"Polygon","coordinates":[[[-83.6796,43.03172],[-83.68124,43.03238],[-83.68198,43.03193],[-83.68133,43.03236],[-83.68103,43.03196],[-83.6796,43.03172]]]}},{"type":"Feature","properties":{"name":"FEMA Flood Zone AE - high risk (1% annual chance)","zone":"AE","_color":"#1e6fb8"},"geometry":{"type":"Polygon","coordinates":[[[-83.68322,43.03325],[-83.6834,43.03337],[-83.68381,43.03277],[-83.68378,43.03236],[-83.68512,43.03046],[-83.6857,43.02911],[-83.6856,43.02841],[-83.68598,43.02839],[-83.68563,43.02818],[-83.68552,43.02715],[-83.68609,43.02697],[-83.68661,43.02632],[-83.68676,43.02647],[-83.68771,43.0254],[-83.68757,43.02331],[-83.68759,43.02448],[-83.68696,43.02588],[-83.68526,43.02729],[-83.685,43.03026],[-83.68349,43.03226],[-83.68322,43.03325]]]}},{"type":"Feature","properties":{"name":"FEMA Flood Zone AE - high risk (1% annual chance)","zone":"AE","_color":"#1e6fb8"},"geometry":{"type":"Polygon","coordinates":[[[-83.67946,43.03185],[-83.68123,43.03252],[-83.68124,43.03317],[-83.68158,43.03352],[-83.68128,43.03254],[-83.67946,43.03185]]]}},{"type":"Feature","properties":{"name":"FEMA Flood Zone AE - high risk (1% annual chance)","zone":"AE","_color":"#1e6fb8"},"geometry":{"type":"Polygon","coordinates":[[[-83.68308,43.03348],[-83.68297,43.03355],[-83.68297,43.03362],[-83.68308,43.03348]]]}},{"type":"Feature","properties":{"name":"FEMA Flood Zone AE - high risk (1% annual chance)","zone":"AE","_color":"#1e6fb8"},"geometry":{"type":"Polygon","coordinates":[[[-83.68164,43.03358],[-83.68172,43.03368],[-83.6818,43.03373],[-83.68164,43.03358]]]}},{"type":"Feature","properties":{"name":"FEMA Flood Zone AE - high risk (1% annual chance)","zone":"AE","_color":"#1e6fb8"},"geometry":{"type":"Polygon","coordinates":[[[-83.68193,43.03381],[-83.68199,43.03387],[-83.68208,43.03393],[-83.68193,43.03381]]]}},{"type":"Feature","properties":{"name":"FEMA Flood Zone AE - high risk (1% annual chance)","zone":"AE","_color":"#1e6fb8"},"geometry":{"type":"Polygon","coordinates":[[[-83.6825,43.03447],[-83.68246,43.03428],[-83.68233,43.03413],[-83.6825,43.03447]]]}},{"type":"Feature","properties":{"name":"FEMA Flood Zone AE - high risk (1% annual chance)","zone":"AE","_color":"#1e6fb8"},"geometry":{"type":"Polygon","coordinates":[[[-83.68306,43.03437],[-83.68306,43.03455],[-83.68309,43.03446],[-83.68306,43.03437]]]}},{"type":"Feature","properties":{"name":"FEMA Flood Zone AE - high risk (1% annual chance)","zone":"AE","_color":"#1e6fb8"},"geometry":{"type":"Polygon","coordinates":[[[-83.68301,43.03467],[-83.68294,43.03477],[-83.683,43.03472],[-83.68301,43.03467]]]}},{"type":"Feature","properties":{"name":"FEMA Flood Zone AE - high risk (1% annual chance)","zone":"AE","_color":"#1e6fb8"},"geometry":{"type":"Polygon","coordinates":[[[-83.6816,43.03537],[-83.68177,43.03534],[-83.68235,43.03513],[-83.6816,43.03537]]]}},{"type":"Feature","properties":{"name":"FEMA Flood Zone AE - high risk (1% annual chance)","zone":"AE","_color":"#1e6fb8"},"geometry":{"type":"Polygon","coordinates":[[[-83.68117,43.0355],[-83.68061,43.03586],[-83.68049,43.03635],[-83.68117,43.0355]]]}},{"type":"Feature","properties":{"name":"FEMA Flood Zone AE - high risk (1% annual chance)","zone":"AE","_color":"#1e6fb8"},"geometry":{"type":"Polygon","coordinates":[[[-83.68188,43.03458],[-83.68107,43.03418],[-83.67976,43.03461],[-83.68021,43.03473],[-83.68002,43.03509],[-83.67836,43.03463],[-83.67825,43.03547],[-83.67769,43.03546],[-83.67771,43.03579],[-83.6794,43.03574],[-83.67861,43.03678],[-83.67739,43.03728],[-83.67705,43.03838],[-83.67636,43.0384],[-83.67555,43.04065],[-83.67659,43.0386],[-83.67875,43.03725],[-83.68011,43.03552],[-83.68188,43.03458]]]}},{"type":"Feature","properties":{"name":"FEMA Flood Zone AE - high risk (1% annual chance)","zone":"AE","_color":"#1e6fb8"},"geometry":{"type":"Polygon","coordinates":[[[-83.67724,43.03926],[-83.67751,43.04002],[-83.67783,43.03979],[-83.67837,43.03998],[-83.67958,43.03832],[-83.67724,43.03926]]]}},{"type":"Feature","properties":{"name":"FEMA Flood Zone AE - high risk (1% annual chance)","zone":"AE","_color":"#1e6fb8"},"geometry":{"type":"Polygon","coordinates":[[[-83.67681,43.03967],[-83.67642,43.0403],[-83.67615,43.04243],[-83.67681,43.03967]]]}},{"type":"Feature","properties":{"name":"FEMA Flood Zone AE - high risk (1% annual chance)","zone":"AE","_color":"#1e6fb8"},"geometry":{"type":"Polygon","coordinates":[[[-83.6755,43.04088],[-83.67507,43.0424],[-83.67517,43.04278],[-83.6755,43.04088]]]}},{"type":"Feature","properties":{"name":"FEMA Flood Zone AE - high risk (1% annual chance)","zone":"AE","_color":"#1e6fb8"},"geometry":{"type":"Polygon","coordinates":[[[-83.67505,43.04309],[-83.67454,43.04333],[-83.67348,43.04542],[-83.67505,43.04309]]]}},{"type":"Feature","properties":{"name":"FEMA Flood Zone AE - high risk (1% annual chance)","zone":"AE","_color":"#1e6fb8"},"geometry":{"type":"Polygon","coordinates":[[[-83.67605,43.04297],[-83.67402,43.04585],[-83.67408,43.04734],[-83.67369,43.04825],[-83.67414,43.04729],[-83.67488,43.04718],[-83.67429,43.04699],[-83.67605,43.04297]]]}},{"type":"Feature","properties":{"name":"FEMA Flood Zone AE - high risk (1% annual chance)","zone":"AE","_color":"#1e6fb8"},"geometry":{"type":"Polygon","coordinates":[[[-83.67244,43.04709],[-83.67055,43.05027],[-83.67204,43.04864],[-83.67244,43.04709]]]}},{"type":"Feature","properties":{"name":"FEMA Flood Zone AE - high risk (1% annual chance)","zone":"AE","_color":"#1e6fb8"},"geometry":{"type":"Polygon","coordinates":[[[-83.66991,43.05329],[-83.67082,43.05335],[-83.67161,43.05274],[-83.67143,43.05244],[-83.6722,43.05204],[-83.6721,43.0517],[-83.67287,43.05121],[-83.67258,43.0505],[-83.67313,43.05054],[-83.67349,43.04875],[-83.67065,43.05295],[-83.66991,43.05329]]]}},{"type":"Feature","properties":{"name":"FEMA Flood Zone AE - high risk (1% annual chance)","zone":"AE","_color":"#1e6fb8"},"geometry":{"type":"Polygon","coordinates":[[[-83.65655,43.05465],[-83.65651,43.05618],[-83.65689,43.05613],[-83.6569,43.05571],[-83.65791,43.05597],[-83.65881,43.05576],[-83.65936,43.05427],[-83.66051,43.05374],[-83.66265,43.05403],[-83.66672,43.05323],[-83.66854,43.05382],[-83.67004,43.05104],[-83.66953,43.05138],[-83.66922,43.05124],[-83.66891,43.05032],[-83.66979,43.04923],[-83.66954,43.04914],[-83.66994,43.04898],[-83.66935,43.049],[-83.66864,43.05014],[-83.6686,43.05137],[-83.66797,43.05183],[-83.66906,43.05202],[-83.66875,43.05253],[-83.66672,43.05234],[-83.66644,43.05245],[-83.66703,43.05275],[-83.66695,43.0532],[-83.66355,43.0539],[-83.66006,43.05378],[-83.65935,43.05422],[-83.65902,43.05546],[-83.65852,43.05586],[-83.65693,43.05556],[-83.65673,43.05575],[-83.65655,43.05465]]]}},{"type":"Feature","properties":{"name":"FEMA Flood Zone AE - high risk (1% annual chance)","zone":"AE","_color":"#1e6fb8"},"geometry":{"type":"Polygon","coordinates":[[[-83.65094,43.07886],[-83.65447,43.07973],[-83.65448,43.0783],[-83.65559,43.07778],[-83.65593,43.07713],[-83.6548,43.07664],[-83.65481,43.0763],[-83.65619,43.07512],[-83.65668,43.0735],[-83.65667,43.07306],[-83.65479,43.07189],[-83.65475,43.07033],[-83.65659,43.06889],[-83.6587,43.06944],[-83.65997,43.06897],[-83.66106,43.0653],[-83.66494,43.06187],[-83.6671,43.05873],[-83.66706,43.05776],[-83.66664,43.05724],[-83.66925,43.05438],[-83.66988,43.0533],[-83.67065,43.05295],[-83.67325,43.04921],[-83.67408,43.04734],[-83.67402,43.04585],[-83.67605,43.04306],[-83.67642,43.0403],[-83.67683,43.03951],[-83.67957,43.03833],[-83.67946,43.03814],[-83.6803,43.03726],[-83.68063,43.03583],[-83.68299,43.03471],[-83.68281,43.03387],[-83.68336,43.0325],[-83.68501,43.03022],[-83.68526,43.02729],[-83.68713,43.02558],[-83.68791,43.02246],[-83.68977,43.02032],[-83.69407,43.01876],[-83.69474,43.01796],[-83.69498,43.01646],[-83.69572,43.01551],[-83.69737,43.0151],[-83.69825,43.01523],[-83.69988,43.0161],[-83.70189,43.01597],[-83.70324,43.01497],[-83.70625,43.01355],[-83.70716,43.01099],[-83.71172,43.00897],[-83.71333,43.00879],[-83.71643,43.00951],[-83.71955,43.00957],[-83.71998,43.01029],[-83.71969,43.01192],[-83.72041,43.01276],[-83.72184,43.01359],[-83.72381,43.01417],[-83.72451,43.01515],[-83.7296,43.01701],[-83.73228,43.01834],[-83.73377,43.01841],[-83.73475,43.01768],[-83.73587,43.01753],[-83.73575,43.01696],[-83.73427,43.01733],[-83.73292,43.01714],[-83.73096,43.01543],[-83.72896,43.01435],[-83.72072,43.0114],[-83.72058,43.00977],[-83.71951,43.009],[-83.71662,43.00903],[-83.71334,43.00833],[-83.71153,43.00852],[-83.70666,43.01077],[-83.70624,43.01149],[-83.70613,43.01271],[-83.70565,43.01333],[-83.70013,43.01557],[-83.69939,43.01501],[-83.6991,43.0137],[-83.69813,43.01291],[-83.69957,43.01096],[-83.6992,43.01093],[-83.69763,43.01241],[-83.69785,43.01323],[-83.69896,43.0141],[-83.69897,43.01508],[-83.69715,43.01466],[-83.69519,43.01535],[-83.69415,43.01652],[-83.69428,43.01775],[-83.69375,43.01832],[-83.69308,43.01837],[-83.69304,43.0188],[-83.69275,43.01855],[-83.69232,43.01893],[-83.6893,43.0198],[-83.68733,43.02207],[-83.68659,43.02501],[-83.68434,43.02751],[-83.68441,43.02981],[-83.68363,43.03083],[-83.68129,43.03238],[-83.67827,43.03095],[-83.6781,43.03123],[-83.68128,43.03254],[-83.68157,43.0335],[-83.68251,43.03448],[-83.68138,43.03463],[-83.67998,43.03564],[-83.67875,43.03726],[-83.67657,43.03863],[-83.67562,43.04029],[-83.67505,43.04322],[-83.67279,43.04632],[-83.67211,43.04851],[-83.67026,43.05069],[-83.6687,43.0537],[-83.6677,43.05374],[-83.66672,43.05323],[-83.66265,43.05403],[-83.66051,43.05374],[-83.65936,43.05427],[-83.6588,43.05577],[-83.65791,43.05597],[-83.6569,43.05571],[-83.65689,43.05613],[-83.65882,43.05612],[-83.65967,43.0557],[-83.65964,43.05509],[-83.66025,43.05449],[-83.66287,43.05457],[-83.66354,43.05413],[-83.66584,43.0537],[-83.66736,43.05373],[-83.66841,43.05412],[-83.66686,43.05625],[-83.66617,43.05672],[-83.66532,43.05886],[-83.66257,43.06051],[-83.66255,43.06079],[-83.66104,43.06146],[-83.65937,43.06383],[-83.65795,43.06508],[-83.65658,43.06716],[-83.65223,43.07135],[-83.65174,43.07274],[-83.65197,43.07332],[-83.65321,43.07567],[-83.65427,43.07631],[-83.65263,43.07691],[-83.65295,43.07719],[-83.65279,43.07751],[-83.65094,43.07886]]]}},{"type":"Feature","properties":{"name":"FEMA Flood Zone AE - high risk (1% annual chance)","zone":"AE","_color":"#1e6fb8"},"geometry":{"type":"Polygon","coordinates":[[[-83.67413,43.03039],[-83.67437,43.03056],[-83.67442,43.03046],[-83.67413,43.03039]]]}},{"type":"Feature","properties":{"name":"FEMA Flood Zone AE - high risk (1% annual chance)","zone":"AE","_color":"#1e6fb8"},"geometry":{"type":"Polygon","coordinates":[[[-83.67123,43.02721],[-83.67387,43.02936],[-83.67483,43.02961],[-83.67491,43.02927],[-83.67382,43.02927],[-83.67392,43.02814],[-83.67298,43.02745],[-83.67236,43.0273],[-83.67224,43.02763],[-83.67291,43.02839],[-83.67123,43.02721]]]}},{"type":"Feature","properties":{"name":"FEMA Flood Zone AE - high risk (1% annual chance)","zone":"AE","_color":"#1e6fb8"},"geometry":{"type":"Polygon","coordinates":[[[-83.67102,43.02738],[-83.67053,43.02774],[-83.67132,43.0284],[-83.67132,43.02884],[-83.67076,43.02932],[-83.67086,43.02971],[-83.67178,43.02999],[-83.67257,43.03075],[-83.6741,43.03039],[-83.67242,43.02989],[-83.6715,43.02925],[-83.67085,43.02764],[-83.67102,43.02738]]]}},{"type":"Feature","properties":{"name":"FEMA Flood Zone AE - high risk (1% annual chance)","zone":"AE","_color":"#1e6fb8"},"geometry":{"type":"Polygon","coordinates":[[[-83.67177,43.01222],[-83.67228,43.01322],[-83.67269,43.01295],[-83.67224,43.013],[-83.67177,43.01222]]]}},{"type":"Feature","properties":{"name":"FEMA Flood Zone AE - high risk (1% annual chance)","zone":"AE","_color":"#1e6fb8"},"geometry":{"type":"Polygon","coordinates":[[[-83.67538,43.01779],[-83.67545,43.01841],[-83.67498,43.01802],[-83.67419,43.01829],[-83.67441,43.01907],[-83.675,43.01948],[-83.67425,43.02152],[-83.67349,43.02202],[-83.67155,43.02238],[-83.67102,43.02386],[-83.67157,43.02238],[-83.6735,43.02202],[-83.67427,43.02151],[-83.67485,43.02023],[-83.6751,43.01852],[-83.67549,43.01838],[-83.67565,43.01771],[-83.67503,43.01704],[-83.67362,43.01688],[-83.67254,43.0161],[-83.67211,43.01543],[-83.67261,43.01488],[-83.67239,43.01402],[-83.67166,43.0137],[-83.67137,43.01287],[-83.67156,43.01238],[-83.67109,43.01258],[-83.6707,43.01313],[-83.67078,43.01335],[-83.67108,43.01316],[-83.67089,43.01394],[-83.67134,43.01421],[-83.67239,43.01404],[-83.67261,43.01489],[-83.67203,43.01529],[-83.67244,43.01629],[-83.67447,43.01769],[-83.67538,43.01779]]]}},{"type":"Feature","properties":{"name":"FEMA Flood Zone AE - high risk (1% annual chance)","zone":"AE","_color":"#1e6fb8"},"geometry":{"type":"Polygon","coordinates":[[[-83.6738,43.01449],[-83.67396,43.0149],[-83.67371,43.01511],[-83.6743,43.01511],[-83.6738,43.01449]]]}},{"type":"Feature","properties":{"name":"FEMA Flood Zone AE - high risk (1% annual chance)","zone":"AE","_color":"#1e6fb8"},"geometry":{"type":"Polygon","coordinates":[[[-83.6758,43.01841],[-83.67612,43.01815],[-83.67645,43.01847],[-83.67696,43.01812],[-83.67676,43.01749],[-83.67635,43.01734],[-83.67693,43.01701],[-83.67583,43.01679],[-83.67551,43.01591],[-83.67399,43.01612],[-83.67369,43.01576],[-83.6743,43.01527],[-83.67365,43.01541],[-83.67323,43.0151],[-83.67325,43.01468],[-83.67279,43.01486],[-83.67228,43.01325],[-83.67279,43.01486],[-83.67399,43.01614],[-83.67554,43.01629],[-83.67628,43.01706],[-83.67639,43.01784],[-83.6758,43.01841]]]}},{"type":"Feature","properties":{"name":"FEMA Flood Zone AE - high risk (1% annual chance)","zone":"AE","_color":"#1e6fb8"},"geometry":{"type":"Polygon","coordinates":[[[-83.67102,43.02386],[-83.66953,43.0242],[-83.66952,43.02447],[-83.66953,43.02421],[-83.67102,43.02386]]]}},{"type":"Feature","properties":{"name":"FEMA Flood Zone AE - high risk (1% annual chance)","zone":"AE","_color":"#1e6fb8"},"geometry":{"type":"Polygon","coordinates":[[[-83.66951,43.02451],[-83.67011,43.02533],[-83.67076,43.02549],[-83.67001,43.02522],[-83.66951,43.02451]]]}},{"type":"Feature","properties":{"name":"FEMA Flood Zone AE - high risk (1% annual chance)","zone":"AE","_color":"#1e6fb8"},"geometry":{"type":"Polygon","coordinates":[[[-83.67153,43.02324],[-83.67113,43.024],[-83.66973,43.02461],[-83.67089,43.0255],[-83.66973,43.02462],[-83.67123,43.02393],[-83.67153,43.02324]]]}},{"type":"Feature","properties":{"name":"FEMA Flood Zone AE - high risk (1% annual chance)","zone":"AE","_color":"#1e6fb8"},"geometry":{"type":"Polygon","coordinates":[[[-83.67136,43.02703],[-83.67193,43.02624],[-83.67107,43.02609],[-83.67089,43.02573],[-83.67136,43.02703]]]}},{"type":"Feature","properties":{"name":"FEMA Flood Zone AE - high risk (1% annual chance)","zone":"AE","_color":"#1e6fb8"},"geometry":{"type":"Polygon","coordinates":[[[-83.67071,43.02596],[-83.66939,43.02626],[-83.67019,43.02717],[-83.67107,43.0271],[-83.67058,43.0264],[-83.67071,43.02596]]]}},{"type":"Feature","properties":{"name":"FEMA Flood Zone AE - high risk (1% annual chance)","zone":"AE","_color":"#1e6fb8"},"geometry":{"type":"Polygon","coordinates":[[[-83.67076,43.02549],[-83.66976,43.02454],[-83.67125,43.02391],[-83.67158,43.02297],[-83.67418,43.02232],[-83.67567,43.01979],[-83.67557,43.01872],[-83.67644,43.01764],[-83.67561,43.01632],[-83.67404,43.01617],[-83.67279,43.01486],[-83.67177,43.01222],[-83.67149,43.01227],[-83.67137,43.01287],[-83.6717,43.01376],[-83.67239,43.01402],[-83.67261,43.01488],[-83.67214,43.0153],[-83.67225,43.01573],[-83.67341,43.01678],[-83.67499,43.01702],[-83.67565,43.01771],[-83.67549,43.01838],[-83.6751,43.01852],[-83.67485,43.02023],[-83.67425,43.02154],[-83.6735,43.02202],[-83.67157,43.02238],[-83.67119,43.02375],[-83.6695,43.02423],[-83.66967,43.02491],[-83.67076,43.02549]]]}},{"type":"Feature","properties":{"name":"FEMA Flood Zone AE - high risk (1% annual chance)","zone":"AE","_color":"#1e6fb8"},"geometry":{"type":"Polygon","coordinates":[[[-83.67107,43.0271],[-83.67144,43.02694],[-83.67084,43.02569],[-83.67054,43.02617],[-83.67079,43.02702],[-83.67107,43.0271]]]}},{"type":"Feature","properties":{"name":"FEMA Flood Zone AE - high risk (1% annual chance)","zone":"AE","_color":"#1e6fb8"},"geometry":{"type":"Polygon","coordinates":[[[-83.67413,43.03039],[-83.67442,43.03046],[-83.67483,43.02961],[-83.67387,43.02936],[-83.67235,43.02792],[-83.67171,43.02773],[-83.6715,43.02719],[-83.6711,43.02721],[-83.67085,43.02764],[-83.6715,43.02925],[-83.67242,43.02989],[-83.67413,43.03039]]]}},{"type":"Feature","properties":{"name":"FEMA Flood Zone AE - high risk (1% annual chance)","zone":"AE","_color":"#1e6fb8"},"geometry":{"type":"Polygon","coordinates":[[[-83.61386,42.97616],[-83.61516,42.97618],[-83.61386,42.976],[-83.61386,42.97616]]]}},{"type":"Feature","properties":{"name":"FEMA Flood Zone AE - high risk (1% annual chance)","zone":"AE","_color":"#1e6fb8"},"geometry":{"type":"Polygon","coordinates":[[[-83.62497,42.98257],[-83.6258,42.98297],[-83.62522,42.9826],[-83.62336,42.98259],[-83.62261,42.98222],[-83.62258,42.98182],[-83.62127,42.98076],[-83.62115,42.97868],[-83.61962,42.97735],[-83.61873,42.9773],[-83.61763,42.97648],[-83.61759,42.97587],[-83.6172,42.9763],[-83.61521,42.97619],[-83.61728,42.97632],[-83.61872,42.97733],[-83.6196,42.97738],[-83.62117,42.97876],[-83.62128,42.98097],[-83.62186,42.9812],[-83.62203,42.98187],[-83.62336,42.98259],[-83.62497,42.98257]]]}},{"type":"Feature","properties":{"name":"FEMA Flood Zone AE - high risk (1% annual chance)","zone":"AE","_color":"#1e6fb8"},"geometry":{"type":"Polygon","coordinates":[[[-83.6335,42.98452],[-83.63364,42.98469],[-83.63362,42.98467],[-83.6335,42.98452]]]}},{"type":"Feature","properties":{"name":"FEMA Flood Zone AE - high risk (1% annual chance)","zone":"AE","_color":"#1e6fb8"},"geometry":{"type":"Polygon","coordinates":[[[-83.63364,42.98469],[-83.63385,42.98496],[-83.63385,42.98495],[-83.63364,42.98469]]]}},{"type":"Feature","properties":{"name":"FEMA Flood Zone AE - high risk (1% annual chance)","zone":"AE","_color":"#1e6fb8"},"geometry":{"type":"Polygon","coordinates":[[[-83.6335,42.98452],[-83.63336,42.98378],[-83.63312,42.98379],[-83.63114,42.98416],[-83.62962,42.98542],[-83.6272,42.98543],[-83.62679,42.98503],[-83.6268,42.98378],[-83.6258,42.98297],[-83.62678,42.98376],[-83.62679,42.98501],[-83.6272,42.98544],[-83.62963,42.98542],[-83.63115,42.98416],[-83.63299,42.98408],[-83.6335,42.98452]]]}},{"type":"Feature","properties":{"name":"FEMA Flood Zone AE - high risk (1% annual chance)","zone":"AE","_color":"#1e6fb8"},"geometry":{"type":"Polygon","coordinates":[[[-83.61737,43.01655],[-83.61743,43.01653],[-83.6175,43.01651],[-83.61737,43.01655]]]}},{"type":"Feature","properties":{"name":"FEMA Flood Zone AE - high risk (1% annual chance)","zone":"AE","_color":"#1e6fb8"},"geometry":{"type":"Polygon","coordinates":[[[-83.61727,43.01659],[-83.61727,43.01659],[-83.6173,43.01658],[-83.61727,43.01659]]]}},{"type":"Feature","properties":{"name":"FEMA Flood Zone AE - high risk (1% annual chance)","zone":"AE","_color":"#1e6fb8"},"geometry":{"type":"Polygon","coordinates":[[[-83.61726,43.01659],[-83.61726,43.01659],[-83.61727,43.01659],[-83.61726,43.01659]]]}},{"type":"Feature","properties":{"name":"FEMA Flood Zone AE - high risk (1% annual chance)","zone":"AE","_color":"#1e6fb8"},"geometry":{"type":"Polygon","coordinates":[[[-83.61726,43.01659],[-83.61717,43.01663],[-83.61721,43.01662],[-83.61726,43.01659]]]}},{"type":"Feature","properties":{"name":"FEMA Flood Zone AE - high risk (1% annual chance)","zone":"AE","_color":"#1e6fb8"},"geometry":{"type":"Polygon","coordinates":[[[-83.61543,43.01726],[-83.61525,43.01756],[-83.61714,43.01664],[-83.61543,43.01726]]]}},{"type":"Feature","properties":{"name":"FEMA Flood Zone AE - high risk (1% annual chance)","zone":"AE","_color":"#1e6fb8"},"geometry":{"type":"Polygon","coordinates":[[[-83.59786,42.98468],[-83.59788,42.98469],[-83.59785,42.98467],[-83.59786,42.98468]]]}},{"type":"Feature","properties":{"name":"FEMA Flood Zone AE - high risk (1% annual chance)","zone":"AE","_color":"#1e6fb8"},"geometry":{"type":"Polygon","coordinates":[[[-83.59796,42.98474],[-83.59794,42.98472],[-83.5979,42.98471],[-83.59796,42.98474]]]}},{"type":"Feature","properties":{"name":"FEMA Flood Zone AE - high risk (1% annual chance)","zone":"AE","_color":"#1e6fb8"},"geometry":{"type":"Polygon","coordinates":[[[-83.59796,42.98474],[-83.59798,42.98477],[-83.59797,42.98476],[-83.59796,42.98474]]]}},{"type":"Feature","properties":{"name":"FEMA Flood Zone AE - high risk (1% annual chance)","zone":"AE","_color":"#1e6fb8"},"geometry":{"type":"Polygon","coordinates":[[[-83.57488,42.98452],[-83.57526,42.98448],[-83.57524,42.98447],[-83.57488,42.98452]]]}},{"type":"Feature","properties":{"name":"FEMA Flood Zone AE - high risk (1% annual chance)","zone":"AE","_color":"#1e6fb8"},"geometry":{"type":"Polygon","coordinates":[[[-83.57488,42.98452],[-83.57476,42.98451],[-83.57482,42.98454],[-83.57488,42.98452]]]}},{"type":"Feature","properties":{"name":"FEMA Flood Zone AE - high risk (1% annual chance)","zone":"AE","_color":"#1e6fb8"},"geometry":{"type":"Polygon","coordinates":[[[-83.69914,42.98251],[-83.69861,42.98144],[-83.69903,42.98107],[-83.69905,42.98032],[-83.69963,42.97977],[-83.69946,42.97866],[-83.69911,42.97852],[-83.69941,42.97741],[-83.69816,42.97728],[-83.69794,42.97677],[-83.69504,42.97651],[-83.69332,42.97571],[-83.6932,42.97523],[-83.69324,42.97568],[-83.69508,42.97654],[-83.69682,42.97682],[-83.69726,42.97739],[-83.69869,42.97805],[-83.69918,42.97949],[-83.69825,42.98035],[-83.6984,42.98106],[-83.69792,42.98136],[-83.69841,42.98155],[-83.69914,42.98251]]]}},{"type":"Feature","properties":{"name":"FEMA Flood Zone AE - high risk (1% annual chance)","zone":"AE","_color":"#1e6fb8"},"geometry":{"type":"Polygon","coordinates":[[[-83.59552,42.98227],[-83.59553,42.98226],[-83.59552,42.98226],[-83.59552,42.98227]]]}},{"type":"Feature","properties":{"name":"FEMA Flood Zone AE - high risk (1% annual chance)","zone":"AE","_color":"#1e6fb8"},"geometry":{"type":"Polygon","coordinates":[[[-83.59552,42.98227],[-83.59552,42.98227],[-83.59552,42.98227],[-83.59552,42.98227]]]}},{"type":"Feature","properties":{"name":"FEMA Flood Zone AE - high risk (1% annual chance)","zone":"AE","_color":"#1e6fb8"},"geometry":{"type":"Polygon","coordinates":[[[-83.59773,42.99016],[-83.5977,42.99015],[-83.59761,42.99016],[-83.59773,42.99016]]]}},{"type":"Feature","properties":{"name":"FEMA Flood Zone AE - high risk (1% annual chance)","zone":"AE","_color":"#1e6fb8"},"geometry":{"type":"Polygon","coordinates":[[[-83.59773,42.99016],[-83.59803,42.99014],[-83.59779,42.99014],[-83.59773,42.99016]]]}},{"type":"Feature","properties":{"name":"FEMA Flood Zone AE - high risk (1% annual chance)","zone":"AE","_color":"#1e6fb8"},"geometry":{"type":"Polygon","coordinates":[[[-83.68034,42.95771],[-83.68037,42.95772],[-83.68032,42.9577],[-83.68034,42.95771]]]}},{"type":"Feature","properties":{"name":"FEMA Flood Zone AE - high risk (1% annual chance)","zone":"AE","_color":"#1e6fb8"},"geometry":{"type":"Polygon","coordinates":[[[-83.67988,42.95772],[-83.67974,42.95777],[-83.68031,42.9577],[-83.67988,42.95772]]]}},{"type":"Feature","properties":{"name":"FEMA Flood Zone AE - high risk (1% annual chance)","zone":"AE","_color":"#1e6fb8"},"geometry":{"type":"Polygon","coordinates":[[[-83.67848,42.95815],[-83.67973,42.95777],[-83.67887,42.95798],[-83.67848,42.95815]]]}},{"type":"Feature","properties":{"name":"FEMA Flood Zone AE - high risk (1% annual chance)","zone":"AE","_color":"#1e6fb8"},"geometry":{"type":"Polygon","coordinates":[[[-83.68127,42.95806],[-83.68206,42.95824],[-83.68202,42.95776],[-83.68137,42.95805],[-83.68039,42.95772],[-83.68127,42.95806]]]}},{"type":"Feature","properties":{"name":"FEMA Flood Zone AE - high risk (1% annual chance)","zone":"AE","_color":"#1e6fb8"},"geometry":{"type":"Polygon","coordinates":[[[-83.67848,42.95815],[-83.67811,42.95823],[-83.67803,42.95828],[-83.67848,42.95815]]]}},{"type":"Feature","properties":{"name":"FEMA Flood Zone AE - high risk (1% annual chance)","zone":"AE","_color":"#1e6fb8"},"geometry":{"type":"Polygon","coordinates":[[[-83.60233,42.96982],[-83.60185,42.96974],[-83.60176,42.96974],[-83.60233,42.96982]]]}},{"type":"Feature","properties":{"name":"FEMA Flood Zone AE - high risk (1% annual chance)","zone":"AE","_color":"#1e6fb8"},"geometry":{"type":"Polygon","coordinates":[[[-83.60233,42.96982],[-83.60297,42.96991],[-83.60241,42.96983],[-83.60233,42.96982]]]}},{"type":"Feature","properties":{"name":"FEMA Flood Zone AE - high risk (1% annual chance)","zone":"AE","_color":"#1e6fb8"},"geometry":{"type":"Polygon","coordinates":[[[-83.60432,42.96991],[-83.60445,42.96991],[-83.60442,42.96991],[-83.60432,42.96991]]]}},{"type":"Feature","properties":{"name":"FEMA Flood Zone AE - high risk (1% annual chance)","zone":"AE","_color":"#1e6fb8"},"geometry":{"type":"Polygon","coordinates":[[[-83.60419,42.96992],[-83.60429,42.96991],[-83.60422,42.96991],[-83.60419,42.96992]]]}},{"type":"Feature","properties":{"name":"FEMA Flood Zone AE - high risk (1% annual chance)","zone":"AE","_color":"#1e6fb8"},"geometry":{"type":"Polygon","coordinates":[[[-83.60419,42.96992],[-83.60313,42.96993],[-83.60355,42.96997],[-83.60419,42.96992]]]}},{"type":"Feature","properties":{"name":"FEMA Flood Zone AE - high risk (1% annual chance)","zone":"AE","_color":"#1e6fb8"},"geometry":{"type":"Polygon","coordinates":[[[-83.60492,42.96995],[-83.60545,42.97088],[-83.60503,42.96998],[-83.60446,42.96991],[-83.60492,42.96995]]]}},{"type":"Feature","properties":{"name":"FEMA Flood Zone AE - high risk (1% annual chance)","zone":"AE","_color":"#1e6fb8"},"geometry":{"type":"Polygon","coordinates":[[[-83.6785,43.00223],[-83.67842,43.0024],[-83.67851,43.00219],[-83.6785,43.00223]]]}},{"type":"Feature","properties":{"name":"FEMA Flood Zone AE - high risk (1% annual chance)","zone":"AE","_color":"#1e6fb8"},"geometry":{"type":"Polygon","coordinates":[[[-83.6784,43.00242],[-83.67841,43.00241],[-83.6784,43.00242],[-83.6784,43.00242]]]}},{"type":"Feature","properties":{"name":"FEMA Flood Zone AE - high risk (1% annual chance)","zone":"AE","_color":"#1e6fb8"},"geometry":{"type":"Polygon","coordinates":[[[-83.6784,43.00242],[-83.67796,43.00292],[-83.67816,43.00272],[-83.6784,43.00242]]]}},{"type":"Feature","properties":{"name":"FEMA Flood Zone AE - high risk (1% annual chance)","zone":"AE","_color":"#1e6fb8"},"geometry":{"type":"Polygon","coordinates":[[[-83.61387,42.97624],[-83.61387,42.97623],[-83.61381,42.97624],[-83.61387,42.97624]]]}},{"type":"Feature","properties":{"name":"FEMA Flood Zone AE - high risk (1% annual chance)","zone":"AE","_color":"#1e6fb8"},"geometry":{"type":"Polygon","coordinates":[[[-83.61323,42.97637],[-83.61359,42.97662],[-83.61362,42.97625],[-83.61115,42.97586],[-83.61058,42.97549],[-83.61112,42.97594],[-83.61323,42.97637]]]}},{"type":"Feature","properties":{"name":"FEMA Flood Zone AE - high risk (1% annual chance)","zone":"AE","_color":"#1e6fb8"},"geometry":{"type":"Polygon","coordinates":[[[-83.61387,42.97624],[-83.61387,42.97652],[-83.61391,42.97627],[-83.61471,42.97624],[-83.61722,42.97644],[-83.61859,42.97747],[-83.6196,42.97756],[-83.62106,42.97878],[-83.62107,42.98123],[-83.62132,42.98169],[-83.62338,42.98272],[-83.62443,42.98277],[-83.62532,42.9832],[-83.62539,42.98386],[-83.62669,42.98445],[-83.62643,42.98523],[-83.62684,42.9857],[-83.62809,42.98568],[-83.629,42.98628],[-83.63203,42.98455],[-83.63328,42.98445],[-83.63323,42.98597],[-83.63295,42.98617],[-83.63341,42.98612],[-83.63344,42.98508],[-83.63382,42.98499],[-83.63363,42.98543],[-83.63393,42.98545],[-83.63396,42.98593],[-83.63499,42.98623],[-83.63642,42.98726],[-83.63637,42.98865],[-83.63728,42.98892],[-83.63742,42.98936],[-83.63666,42.98628],[-83.63435,42.98583],[-83.63332,42.98434],[-83.63167,42.98456],[-83.62976,42.98577],[-83.62677,42.98557],[-83.62645,42.98513],[-83.62665,42.98399],[-83.6263,42.98364],[-83.62508,42.98291],[-83.62333,42.98268],[-83.62189,42.98196],[-83.62173,42.98129],[-83.62114,42.98107],[-83.62107,42.97877],[-83.61959,42.97751],[-83.61866,42.97739],[-83.61718,42.97642],[-83.61387,42.97624]]]}},{"type":"Feature","properties":{"name":"FEMA Flood Zone AE - high risk (1% annual chance)","zone":"AE","_color":"#1e6fb8"},"geometry":{"type":"Polygon","coordinates":[[[-83.67411,42.95547],[-83.67428,42.95566],[-83.67419,42.95554],[-83.67411,42.95547]]]}},{"type":"Feature","properties":{"name":"FEMA Flood Zone AE - high risk (1% annual chance)","zone":"AE","_color":"#1e6fb8"},"geometry":{"type":"Polygon","coordinates":[[[-83.67428,42.95566],[-83.67428,42.95566],[-83.67428,42.95566],[-83.67428,42.95566]]]}},{"type":"Feature","properties":{"name":"FEMA Flood Zone AE - high risk (1% annual chance)","zone":"AE","_color":"#1e6fb8"},"geometry":{"type":"Polygon","coordinates":[[[-83.67432,42.95571],[-83.67444,42.95586],[-83.67429,42.95567],[-83.67432,42.95571]]]}},{"type":"Feature","properties":{"name":"FEMA Flood Zone AE - high risk (1% annual chance)","zone":"AE","_color":"#1e6fb8"},"geometry":{"type":"Polygon","coordinates":[[[-83.6168,43.05073],[-83.61669,43.05058],[-83.61664,43.05054],[-83.6168,43.05073]]]}},{"type":"Feature","properties":{"name":"FEMA Flood Zone AE - high risk (1% annual chance)","zone":"AE","_color":"#1e6fb8"},"geometry":{"type":"Polygon","coordinates":[[[-83.6168,43.05073],[-83.61712,43.05115],[-83.61709,43.05107],[-83.6168,43.05073]]]}},{"type":"Feature","properties":{"name":"FEMA Flood Zone AE - high risk (1% annual chance)","zone":"AE","_color":"#1e6fb8"},"geometry":{"type":"Polygon","coordinates":[[[-83.68628,42.95993],[-83.6864,42.96026],[-83.68628,42.95985],[-83.68628,42.95993]]]}},{"type":"Feature","properties":{"name":"FEMA Flood Zone AE - high risk (1% annual chance)","zone":"AE","_color":"#1e6fb8"},"geometry":{"type":"Polygon","coordinates":[[[-83.68646,42.9605],[-83.68644,42.96032],[-83.68638,42.96027],[-83.68646,42.9605]]]}},{"type":"Feature","properties":{"name":"FEMA Flood Zone AE - high risk (1% annual chance)","zone":"AE","_color":"#1e6fb8"},"geometry":{"type":"Polygon","coordinates":[[[-83.68646,42.9605],[-83.68614,42.96187],[-83.68655,42.96065],[-83.68646,42.9605]]]}},{"type":"Feature","properties":{"name":"FEMA Flood Zone AE - high risk (1% annual chance)","zone":"AE","_color":"#1e6fb8"},"geometry":{"type":"Polygon","coordinates":[[[-83.68614,42.96187],[-83.68611,42.9632],[-83.68569,42.964],[-83.68615,42.96317],[-83.68614,42.96187]]]}},{"type":"Feature","properties":{"name":"FEMA Flood Zone AE - high risk (1% annual chance)","zone":"AE","_color":"#1e6fb8"},"geometry":{"type":"Polygon","coordinates":[[[-83.69482,43.00576],[-83.69552,43.00608],[-83.69622,43.0077],[-83.69756,43.0081],[-83.69946,43.00983],[-83.69956,43.01023],[-83.69914,43.01067],[-83.69957,43.01094],[-83.69987,43.00982],[-83.69776,43.00788],[-83.6963,43.00698],[-83.69599,43.00654],[-83.69607,43.00588],[-83.69816,43.00586],[-83.69884,43.00546],[-83.69916,43.00429],[-83.6997,43.00384],[-83.7026,43.00351],[-83.7034,43.00262],[-83.70283,43.00098],[-83.70777,42.99942],[-83.70711,42.99783],[-83.70726,42.99756],[-83.71291,42.99692],[-83.71533,42.996],[-83.71605,42.99534],[-83.71627,42.99465],[-83.71572,42.99233],[-83.71943,42.99132],[-83.72155,42.98995],[-83.72965,42.98851],[-83.73083,42.98746],[-83.73246,42.98872],[-83.73272,42.98797],[-83.73419,42.98799],[-83.73473,42.98738],[-83.73562,42.98704],[-83.73671,42.98701],[-83.73755,42.98757],[-83.73851,42.98757],[-83.73944,42.98595],[-83.74276,42.9856],[-83.74516,42.98434],[-83.74555,42.98375],[-83.74815,42.98311],[-83.74863,42.98216],[-83.74923,42.98191],[-83.74937,42.98056],[-83.75118,42.98071],[-83.75386,42.98001],[-83.7556,42.97918],[-83.756,42.97824],[-83.76061,42.9783],[-83.7628,42.97617],[-83.76278,42.97554],[-83.7631,42.97537],[-83.76363,42.97527],[-83.76474,42.97589],[-83.7674,42.97516],[-83.76868,42.97403],[-83.7681,42.9727],[-83.7698,42.9719],[-83.77169,42.97131],[-83.77336,42.97144],[-83.77738,42.97311],[-83.78036,42.97335],[-83.78057,42.97272],[-83.78111,42.97233],[-83.78252,42.97249],[-83.78485,42.97221],[-83.78934,42.96997],[-83.79509,42.9689],[-83.79612,42.96901],[-83.79777,42.96802],[-83.80137,42.9667],[-83.80137,42.96509],[-83.80279,42.96406],[-83.80643,42.96337],[-83.80937,42.96357],[-83.81068,42.96264],[-83.81116,42.96151],[-83.81824,42.9587],[-83.82138,42.95688],[-83.82474,42.956],[-83.82818,42.95589],[-83.83202,42.95428],[-83.83315,42.95436],[-83.84213,42.9528],[-83.84582,42.95081],[-83.85061,42.9474],[-83.85118,42.9467],[-83.85411,42.94496],[-83.86565,42.94473],[-83.86563,42.94447],[-83.8652,42.94443],[-83.85483,42.94458],[-83.85331,42.94502],[-83.85186,42.94604],[-83.85069,42.94639],[-83.85131,42.94546],[-83.85257,42.94494],[-83.85632,42.94221],[-83.86466,42.94193],[-83.86705,42.94228],[-83.87111,42.94204],[-83.87135,42.94236],[-83.87979,42.94096],[-83.87971,42.94014],[-83.87113,42.94177],[-83.8705,42.94139],[-83.86347,42.94184],[-83.85874,42.94179],[-83.85843,42.94145],[-83.85618,42.94144],[-83.8552,42.94177],[-83.85273,42.94395],[-83.85272,42.94212],[-83.85158,42.94103],[-83.84845,42.94092],[-83.84877,42.93994],[-83.84738,42.93862],[-83.84537,42.93766],[-83.8438,42.9376],[-83.83909,42.9361],[-83.83908,42.93494],[-83.84036,42.93378],[-83.84057,42.93307],[-83.8395,42.93144],[-83.83877,42.92916],[-83.83708,42.92723],[-83.83513,42.92671],[-83.83467,42.92514],[-83.83375,42.92447],[-83.83343,42.92286],[-83.83138,42.92089],[-83.82842,42.91958],[-83.82614,42.91937],[-83.82464,42.91843],[-83.82391,42.91673],[-83.82272,42.91529],[-83.82268,42.9143],[-83.82319,42.91333],[-83.82248,42.91315],[-83.82196,42.91531],[-83.82312,42.91671],[-83.8237,42.91842],[-83.82538,42.91967],[-83.82848,42.92012],[-83.83078,42.92104],[-83.83277,42.92313],[-83.83349,42.92648],[-83.83476,42.92736],[-83.83431,42.92759],[-83.83795,42.92955],[-83.83792,42.93221],[-83.8383,42.93327],[-83.8326,42.93277],[-83.83039,42.9321],[-83.82948,42.93228],[-83.82613,42.932],[-83.82387,42.93125],[-83.81458,42.93139],[-83.81204,42.93064],[-83.81038,42.93084],[-83.81038,42.93118],[-83.81514,42.93157],[-83.82387,42.93134],[-83.82609,42.93209],[-83.83823,42.93335],[-83.8372,42.9345],[-83.83711,42.93608],[-83.8376,42.93676],[-83.83923,42.93815],[-83.84072,42.93884],[-83.84179,42.94029],[-83.84358,42.94154],[-83.85086,42.94278],[-83.85096,42.94345],[-83.8504,42.94524],[-83.851,42.94566],[-83.84486,42.95083],[-83.84285,42.95188],[-83.84073,42.95267],[-83.83858,42.95249],[-83.83426,42.95333],[-83.82746,42.95546],[-83.82534,42.95541],[-83.82321,42.95579],[-83.81819,42.95849],[-83.8112,42.9613],[-83.81046,42.96269],[-83.80929,42.96346],[-83.80642,42.96324],[-83.80273,42.96391],[-83.80112,42.96518],[-83.80116,42.96646],[-83.79957,42.96686],[-83.79599,42.96883],[-83.79154,42.96935],[-83.79083,42.96909],[-83.78883,42.96978],[-83.78533,42.97185],[-83.78332,42.97222],[-83.78151,42.97212],[-83.78029,42.97276],[-83.77841,42.97275],[-83.77658,42.9715],[-83.77559,42.9715],[-83.7746,42.97103],[-83.77004,42.9713],[-83.76803,42.97223],[-83.7679,42.97335],[-83.76714,42.97423],[-83.76621,42.97472],[-83.76318,42.97498],[-83.76066,42.97596],[-83.76056,42.97516],[-83.76252,42.97387],[-83.76127,42.97305],[-83.76157,42.97272],[-83.76126,42.97245],[-83.75937,42.97231],[-83.75853,42.97099],[-83.7615,42.96964],[-83.76167,42.96883],[-83.76134,42.96725],[-83.76015,42.96652],[-83.75655,42.96566],[-83.75648,42.96452],[-83.75568,42.96328],[-83.75381,42.96236],[-83.75499,42.96034],[-83.7543,42.95879],[-83.7537,42.9586],[-83.7543,42.95842],[-83.75425,42.95806],[-83.75359,42.95769],[-83.75406,42.95728],[-83.75396,42.9567],[-83.7552,42.95471],[-83.7552,42.9537],[-83.75413,42.95282],[-83.74815,42.95131],[-83.74646,42.95044],[-83.74616,42.94942],[-83.74693,42.94876],[-83.74692,42.94817],[-83.74617,42.9473],[-83.74648,42.94595],[-83.74554,42.94467],[-83.74551,42.94408],[-83.74444,42.94389],[-83.74404,42.94324],[-83.74319,42.94277],[-83.74025,42.94294],[-83.73915,42.94263],[-83.73823,42.94164],[-83.73856,42.93936],[-83.74069,42.93881],[-83.74174,42.93759],[-83.74127,42.93642],[-83.74155,42.9354],[-83.74122,42.93473],[-83.74051,42.93425],[-83.73788,42.9345],[-83.73667,42.93405],[-83.73464,42.93484],[-83.73329,42.9348],[-83.73185,42.93347],[-83.73311,42.93225],[-83.7326,42.93057],[-83.73322,42.92925],[-83.73291,42.92874],[-83.73187,42.92832],[-83.72589,42.92874],[-83.72507,42.9291],[-83.72484,42.93006],[-83.72441,42.93025],[-83.72297,42.92969],[-83.72268,42.9287],[-83.7221,42.92808],[-83.7212,42.92767],[-83.71965,42.92762],[-83.71898,42.9271],[-83.71874,42.92646],[-83.71896,42.92571],[-83.72122,42.92496],[-83.72175,42.92427],[-83.72087,42.92295],[-83.72108,42.92083],[-83.71941,42.92041],[-83.72023,42.91993],[-83.7225,42.92016],[-83.7231,42.91968],[-83.72335,42.91894],[-83.7226,42.91641],[-83.72138,42.91512],[-83.72045,42.91489],[-83.7201,42.91256],[-83.71725,42.91196],[-83.71658,42.91094],[-83.71684,42.90795],[-83.71603,42.90751],[-83.71629,42.9059],[-83.71523,42.9039],[-83.71739,42.90257],[-83.71725,42.90175],[-83.71568,42.90077],[-83.71403,42.90088],[-83.71219,42.9015],[-83.71222,42.90086],[-83.71135,42.90046],[-83.71027,42.9012],[-83.70785,42.90132],[-83.70661,42.902],[-83.70593,42.90117],[-83.70421,42.90074],[-83.70343,42.90095],[-83.70274,42.90196],[-83.7013,42.90124],[-83.7004,42.90235],[-83.69985,42.90257],[-83.69959,42.90188],[-83.69834,42.9018],[-83.69729,42.90126],[-83.69631,42.90169],[-83.696,42.90248],[-83.69478,42.90296],[-83.69206,42.90043],[-83.69202,42.89953],[-83.69366,42.89784],[-83.69327,42.89674],[-83.69343,42.89575],[-83.693,42.89525],[-83.69312,42.89423],[-83.69171,42.89355],[-83.68946,42.89321],[-83.68963,42.89255],[-83.68827,42.89186],[-83.68794,42.8911],[-83.68885,42.8907],[-83.68956,42.89115],[-83.69034,42.8911],[-83.69202,42.8895],[-83.69209,42.88866],[-83.69306,42.88784],[-83.69248,42.88667],[-83.69143,42.88574],[-83.69288,42.88401],[-83.6931,42.88251],[-83.69101,42.88098],[-83.69063,42.87997],[-83.68984,42.87923],[-83.68882,42.87878],[-83.68964,42.87788],[-83.69069,42.87752],[-83.69154,42.87648],[-83.69226,42.8767],[-83.69271,42.87648],[-83.69286,42.87589],[-83.69437,42.87564],[-83.69384,42.87489],[-83.69392,42.87409],[-83.69468,42.87449],[-83.69528,42.87432],[-83.69369,42.87123],[-83.69296,42.87125],[-83.69322,42.87206],[-83.69417,42.87286],[-83.69505,42.87424],[-83.69461,42.87438],[-83.69384,42.87399],[-83.69354,42.87453],[-83.69399,42.87551],[-83.69262,42.87577],[-83.69231,42.87639],[-83.69146,42.87613],[-83.68801,42.87867],[-83.68827,42.87938],[-83.68924,42.87972],[-83.68945,42.88022],[-83.6902,42.88037],[-83.68973,42.88113],[-83.69153,42.88272],[-83.69264,42.88316],[-83.69256,42.884],[-83.69103,42.88563],[-83.69136,42.88689],[-83.69275,42.88783],[-83.69195,42.88844],[-83.69173,42.88945],[-83.69068,42.89006],[-83.69012,42.89084],[-83.68917,42.89031],[-83.68731,42.89095],[-83.68738,42.89234],[-83.68776,42.89288],[-83.68698,42.89346],[-83.68646,42.89499],[-83.68727,42.89551],[-83.68881,42.89544],[-83.6909,42.89474],[-83.69279,42.89502],[-83.69293,42.89685],[-83.69341,42.89788],[-83.69175,42.89949],[-83.69168,42.90013],[-83.69273,42.90167],[-83.69292,42.90274],[-83.69098,42.90321],[-83.68889,42.90209],[-83.68306,42.90287],[-83.68294,42.90228],[-83.68212,42.90193],[-83.6814,42.90096],[-83.67957,42.90046],[-83.67941,42.90009],[-83.67687,42.89872],[-83.67656,42.89839],[-83.67649,42.89729],[-83.67359,42.89648],[-83.66556,42.89731],[-83.66476,42.89795],[-83.66326,42.89814],[-83.66462,42.89809],[-83.66543,42.89755],[-83.67293,42.89657],[-83.67508,42.89693],[-83.6764,42.89752],[-83.67623,42.89839],[-83.67693,42.89885],[-83.67692,42.89923],[-83.68007,42.90088],[-83.68135,42.90103],[-83.68191,42.90187],[-83.68273,42.9023],[-83.68276,42.90288],[-83.68307,42.90302],[-83.68873,42.90249],[-83.69031,42.90334],[-83.69402,42.90305],[-83.69477,42.9035],[-83.69674,42.90298],[-83.69751,42.9022],[-83.69998,42.90309],[-83.70065,42.90281],[-83.70128,42.90176],[-83.70246,42.90203],[-83.70263,42.9024],[-83.70316,42.90225],[-83.70365,42.90132],[-83.70418,42.90109],[-83.7055,42.90135],[-83.70663,42.90255],[-83.70778,42.90172],[-83.71059,42.90158],[-83.71125,42.90128],[-83.71183,42.90229],[-83.71507,42.90198],[-83.71515,42.90302],[-83.71388,42.90404],[-83.71458,42.90472],[-83.71487,42.90573],[-83.71461,42.90646],[-83.71515,42.90835],[-83.716,42.90957],[-83.71601,42.91008],[-83.7152,42.91142],[-83.71688,42.91217],[-83.71778,42.91295],[-83.71913,42.91325],[-83.72049,42.91532],[-83.72143,42.91599],[-83.72191,42.91849],[-83.72166,42.91948],[-83.71953,42.91932],[-83.71846,42.92031],[-83.71871,42.92101],[-83.72002,42.92142],[-83.71916,42.92227],[-83.71988,42.92313],[-83.71954,42.92367],[-83.71961,42.92445],[-83.71793,42.92496],[-83.7173,42.92586],[-83.71718,42.92691],[-83.71788,42.92819],[-83.71926,42.92918],[-83.72029,42.92934],[-83.723,42.93066],[-83.72382,42.93066],[-83.72416,42.93032],[-83.72563,42.93042],[-83.72602,42.92966],[-83.72681,42.9294],[-83.73154,42.92926],[-83.73196,42.92974],[-83.73142,42.93036],[-83.73195,42.93197],[-83.73135,42.93258],[-83.73153,42.93413],[-83.73271,42.93552],[-83.73369,42.93578],[-83.73652,42.93524],[-83.73742,42.93548],[-83.7401,42.93509],[-83.73998,42.93632],[-83.74047,42.9376],[-83.73995,42.93797],[-83.73834,42.93803],[-83.73807,42.93869],[-83.73659,42.93968],[-83.73627,42.9419],[-83.73741,42.94309],[-83.7388,42.94383],[-83.74287,42.94346],[-83.74425,42.94382],[-83.74449,42.94413],[-83.74414,42.94443],[-83.74423,42.94495],[-83.7451,42.94613],[-83.7452,42.94799],[-83.74583,42.94834],[-83.74527,42.94897],[-83.74512,42.95068],[-83.74771,42.95231],[-83.75159,42.95309],[-83.75224,42.9536],[-83.75326,42.95368],[-83.75383,42.95423],[-83.75318,42.955],[-83.75336,42.95536],[-83.75306,42.95634],[-83.752,42.95789],[-83.75303,42.95834],[-83.75274,42.95847],[-83.75345,42.95847],[-83.75281,42.95882],[-83.75299,42.95945],[-83.75368,42.96009],[-83.75256,42.96162],[-83.75266,42.9624],[-83.75324,42.96317],[-83.75453,42.96383],[-83.75466,42.9648],[-83.75555,42.96628],[-83.76005,42.96694],[-83.76091,42.96739],[-83.76128,42.96901],[-83.76101,42.96966],[-83.7582,42.97073],[-83.75898,42.97241],[-83.75947,42.97275],[-83.76074,42.97281],[-83.76175,42.97403],[-83.76028,42.97515],[-83.7605,42.97649],[-83.75996,42.97794],[-83.75619,42.97798],[-83.74412,42.98214],[-83.74256,42.98315],[-83.74249,42.98418],[-83.7415,42.98442],[-83.74078,42.98517],[-83.73957,42.9849],[-83.73784,42.9873],[-83.73661,42.9866],[-83.73529,42.98696],[-83.73437,42.98669],[-83.7338,42.98703],[-83.73287,42.98695],[-83.73256,42.98615],[-83.73211,42.98596],[-83.73047,42.98613],[-83.72926,42.98656],[-83.72875,42.98733],[-83.72654,42.98754],[-83.72465,42.98834],[-83.72008,42.98917],[-83.71825,42.9902],[-83.71655,42.99024],[-83.71427,42.99192],[-83.71407,42.99259],[-83.71461,42.99322],[-83.71325,42.99366],[-83.71264,42.99314],[-83.71038,42.99262],[-83.70915,42.9907],[-83.70718,42.9902],[-83.70651,42.98917],[-83.70533,42.98857],[-83.70531,42.98825],[-83.70703,42.98697],[-83.70672,42.98543],[-83.70556,42.98483],[-83.70329,42.98472],[-83.70201,42.98432],[-83.70057,42.9836],[-83.69799,42.98144],[-83.6984,42.98106],[-83.69825,42.98035],[-83.69918,42.97949],[-83.69851,42.97784],[-83.69726,42.97739],[-83.69682,42.97682],[-83.69508,42.97654],[-83.69324,42.97568],[-83.69307,42.9742],[-83.69222,42.97362],[-83.68953,42.97284],[-83.68936,42.97229],[-83.68769,42.97072],[-83.68737,42.96955],[-83.68757,42.96858],[-83.68616,42.96722],[-83.68647,42.96678],[-83.68528,42.96522],[-83.68611,42.9632],[-83.68604,42.96197],[-83.68646,42.9605],[-83.68628,42.95968],[-83.68566,42.95883],[-83.68305,42.95851],[-83.68307,42.95876],[-83.68541,42.95903],[-83.68632,42.96029],[-83.68621,42.96119],[-83.68422,42.9657],[-83.68528,42.96639],[-83.68679,42.96852],[-83.68732,42.96867],[-83.68735,42.96969],[-83.68706,42.96994],[-83.68867,42.97199],[-83.6887,42.97247],[-83.68911,42.9725],[-83.68926,42.97304],[-83.69006,42.97353],[-83.69163,42.97371],[-83.69298,42.97428],[-83.69308,42.97569],[-83.69798,42.97823],[-83.69846,42.97914],[-83.69766,42.98005],[-83.69736,42.98153],[-83.69997,42.98393],[-83.70259,42.98507],[-83.70496,42.98492],[-83.70642,42.98578],[-83.70653,42.98695],[-83.70556,42.98767],[-83.70506,42.98851],[-83.70641,42.98937],[-83.70691,42.99039],[-83.70871,42.9911],[-83.7102,42.9927],[-83.71244,42.99326],[-83.71448,42.99429],[-83.71447,42.99465],[-83.71356,42.99534],[-83.71026,42.99625],[-83.70776,42.99638],[-83.70678,42.99776],[-83.7075,42.9993],[-83.70283,43.00072],[-83.70238,43.00185],[-83.7025,43.0029],[-83.69831,43.00352],[-83.69748,43.00528],[-83.6958,43.00575],[-83.69437,43.00511],[-83.69389,43.00441],[-83.69397,43.00386],[-83.69353,43.00289],[-83.69293,43.00244],[-83.69192,43.0028],[-83.68974,43.00451],[-83.68753,43.00544],[-83.68577,43.00501],[-83.68513,43.0033],[-83.68469,43.00312],[-83.68326,43.00341],[-83.68229,43.00278],[-83.68336,43.00179],[-83.68286,43.00086],[-83.68319,43.00029],[-83.68311,42.99932],[-83.68248,42.9991],[-83.67903,43.00057],[-83.67827,43.00223],[-83.67735,43.00336],[-83.67553,43.00345],[-83.67742,43.00351],[-83.67956,43.00061],[-83.68266,42.99922],[-83.6829,42.99954],[-83.68222,43.00089],[-83.68249,43.00186],[-83.68146,43.00259],[-83.68212,43.00284],[-83.68259,43.00355],[-83.68353,43.00373],[-83.68499,43.00337],[-83.68552,43.00504],[-83.68721,43.00567],[-83.68958,43.00481],[-83.6921,43.00284],[-83.69293,43.00264],[-83.69375,43.00372],[-83.69375,43.00458],[-83.69482,43.00576]]]}},{"type":"Feature","properties":{"name":"FEMA Flood Zone AE - high risk (1% annual chance)","zone":"AE","_color":"#1e6fb8"},"geometry":{"type":"Polygon","coordinates":[[[-83.67442,43.03046],[-83.67696,43.0312],[-83.6781,43.03123],[-83.67827,43.03095],[-83.67545,43.02967],[-83.67483,43.02961],[-83.67442,43.03046]]]}},{"type":"Feature","properties":{"name":"FEMA Flood Zone AE - high risk (1% annual chance)","zone":"AE","_color":"#1e6fb8"},"geometry":{"type":"Polygon","coordinates":[[[-83.64882,43.02355],[-83.64869,43.02357],[-83.6489,43.02355],[-83.64882,43.02355]]]}},{"type":"Feature","properties":{"name":"FEMA Flood Zone AE - high risk (1% annual chance)","zone":"AE","_color":"#1e6fb8"},"geometry":{"type":"Polygon","coordinates":[[[-83.64895,43.02355],[-83.64988,43.0236],[-83.64986,43.02316],[-83.64962,43.02353],[-83.64895,43.02355]]]}},{"type":"Feature","properties":{"name":"FEMA Flood Zone AE - high risk (1% annual chance)","zone":"AE","_color":"#1e6fb8"},"geometry":{"type":"Polygon","coordinates":[[[-83.64751,43.0236],[-83.64744,43.02362],[-83.64865,43.02357],[-83.64751,43.0236]]]}},{"type":"Feature","properties":{"name":"FEMA Flood Zone AE - high risk (1% annual chance)","zone":"AE","_color":"#1e6fb8"},"geometry":{"type":"Polygon","coordinates":[[[-83.64576,43.02367],[-83.64739,43.02362],[-83.64522,43.02349],[-83.64491,43.0226],[-83.64436,43.02248],[-83.6442,43.02281],[-83.64457,43.02278],[-83.64496,43.02347],[-83.64576,43.02367]]]}},{"type":"Feature","properties":{"name":"FEMA Flood Zone AE - high risk (1% annual chance)","zone":"AE","_color":"#1e6fb8"},"geometry":{"type":"Polygon","coordinates":[[[-83.60075,42.99247],[-83.60142,42.99276],[-83.60046,42.99233],[-83.60075,42.99247]]]}},{"type":"Feature","properties":{"name":"FEMA Flood Zone AE - high risk (1% annual chance)","zone":"AE","_color":"#1e6fb8"},"geometry":{"type":"Polygon","coordinates":[[[-83.60154,42.99279],[-83.60226,42.99303],[-83.60277,42.99427],[-83.60207,42.99189],[-83.60154,42.99279]]]}},{"type":"Feature","properties":{"name":"FEMA Flood Zone AE - high risk (1% annual chance)","zone":"AE","_color":"#1e6fb8"},"geometry":{"type":"Polygon","coordinates":[[[-83.60086,42.9676],[-83.60083,42.96758],[-83.6008,42.96757],[-83.60086,42.9676]]]}},{"type":"Feature","properties":{"name":"FEMA Flood Zone AE - high risk (1% annual chance)","zone":"AE","_color":"#1e6fb8"},"geometry":{"type":"Polygon","coordinates":[[[-83.60101,42.96774],[-83.60097,42.96768],[-83.60091,42.96764],[-83.60101,42.96774]]]}},{"type":"Feature","properties":{"name":"FEMA Flood Zone AE - high risk (1% annual chance)","zone":"AE","_color":"#1e6fb8"},"geometry":{"type":"Polygon","coordinates":[[[-83.60101,42.96774],[-83.60115,42.9698],[-83.60145,42.96965],[-83.60095,42.96962],[-83.60101,42.96774]]]}},{"type":"Feature","properties":{"name":"FEMA Flood Zone AE - high risk (1% annual chance)","zone":"AE","_color":"#1e6fb8"},"geometry":{"type":"Polygon","coordinates":[[[-83.60126,42.96819],[-83.60127,42.96812],[-83.60127,42.96802],[-83.60126,42.96819]]]}},{"type":"Feature","properties":{"name":"FEMA Flood Zone AE - high risk (1% annual chance)","zone":"AE","_color":"#1e6fb8"},"geometry":{"type":"Polygon","coordinates":[[[-83.60126,42.96819],[-83.60125,42.96829],[-83.60126,42.96821],[-83.60126,42.96819]]]}},{"type":"Feature","properties":{"name":"FEMA Flood Zone AE - high risk (1% annual chance)","zone":"AE","_color":"#1e6fb8"},"geometry":{"type":"Polygon","coordinates":[[[-83.60125,42.96829],[-83.60117,42.96877],[-83.60123,42.96841],[-83.60125,42.96829]]]}},{"type":"Feature","properties":{"name":"FEMA Flood Zone AE - high risk (1% annual chance)","zone":"AE","_color":"#1e6fb8"},"geometry":{"type":"Polygon","coordinates":[[[-83.60115,42.96912],[-83.60116,42.96887],[-83.60115,42.9689],[-83.60115,42.96912]]]}},{"type":"Feature","properties":{"name":"FEMA Flood Zone AE - high risk (1% annual chance)","zone":"AE","_color":"#1e6fb8"},"geometry":{"type":"Polygon","coordinates":[[[-83.60115,42.96912],[-83.60114,42.96923],[-83.60115,42.96913],[-83.60115,42.96912]]]}},{"type":"Feature","properties":{"name":"FEMA Flood Zone AE - high risk (1% annual chance)","zone":"AE","_color":"#1e6fb8"},"geometry":{"type":"Polygon","coordinates":[[[-83.60114,42.96923],[-83.60114,42.96933],[-83.60117,42.96953],[-83.60114,42.96923]]]}},{"type":"Feature","properties":{"name":"FEMA Flood Zone AE - high risk (1% annual chance)","zone":"AE","_color":"#1e6fb8"},"geometry":{"type":"Polygon","coordinates":[[[-83.60133,42.96959],[-83.60122,42.96957],[-83.60126,42.96958],[-83.60133,42.96959]]]}},{"type":"Feature","properties":{"name":"FEMA Flood Zone AE - high risk (1% annual chance)","zone":"AE","_color":"#1e6fb8"},"geometry":{"type":"Polygon","coordinates":[[[-83.60133,42.96959],[-83.60156,42.96966],[-83.60143,42.96957],[-83.60133,42.96959]]]}},{"type":"Feature","properties":{"name":"FEMA Flood Zone AE - high risk (1% annual chance)","zone":"AE","_color":"#1e6fb8"},"geometry":{"type":"Polygon","coordinates":[[[-83.59744,42.99021],[-83.59812,42.99019],[-83.59741,42.9902],[-83.59744,42.99021]]]}},{"type":"Feature","properties":{"name":"FEMA Flood Zone AE - high risk (1% annual chance)","zone":"AE","_color":"#1e6fb8"},"geometry":{"type":"Polygon","coordinates":[[[-83.59796,42.99116],[-83.59816,42.99247],[-83.59848,42.99148],[-83.59884,42.99116],[-83.59904,42.99138],[-83.59829,42.9902],[-83.59794,42.9903],[-83.59796,42.99116]]]}},{"type":"Feature","properties":{"name":"FEMA Flood Zone AE - high risk (1% annual chance)","zone":"AE","_color":"#1e6fb8"},"geometry":{"type":"Polygon","coordinates":[[[-83.60275,42.99448],[-83.60272,42.99442],[-83.60273,42.99445],[-83.60275,42.99448]]]}},{"type":"Feature","properties":{"name":"FEMA Flood Zone AE - high risk (1% annual chance)","zone":"AE","_color":"#1e6fb8"},"geometry":{"type":"Polygon","coordinates":[[[-83.60275,42.99448],[-83.60277,42.99454],[-83.60281,42.99458],[-83.60275,42.99448]]]}},{"type":"Feature","properties":{"name":"FEMA Flood Zone AE - high risk (1% annual chance)","zone":"AE","_color":"#1e6fb8"},"geometry":{"type":"Polygon","coordinates":[[[-83.60281,42.99458],[-83.60282,42.99459],[-83.60282,42.99459],[-83.60281,42.99458]]]}},{"type":"Feature","properties":{"name":"FEMA Flood Zone AE - high risk (1% annual chance)","zone":"AE","_color":"#1e6fb8"},"geometry":{"type":"Polygon","coordinates":[[[-83.60282,42.9946],[-83.60282,42.99462],[-83.60282,42.9946],[-83.60282,42.9946]]]}},{"type":"Feature","properties":{"name":"FEMA Flood Zone AE - high risk (1% annual chance)","zone":"AE","_color":"#1e6fb8"},"geometry":{"type":"Polygon","coordinates":[[[-83.60286,42.9947],[-83.60283,42.99463],[-83.60284,42.99468],[-83.60286,42.9947]]]}},{"type":"Feature","properties":{"name":"FEMA Flood Zone AE - high risk (1% annual chance)","zone":"AE","_color":"#1e6fb8"},"geometry":{"type":"Polygon","coordinates":[[[-83.60286,42.9947],[-83.6029,42.9948],[-83.60292,42.99482],[-83.60286,42.9947]]]}},{"type":"Feature","properties":{"name":"FEMA Flood Zone AE - high risk (1% annual chance)","zone":"AE","_color":"#1e6fb8"},"geometry":{"type":"Polygon","coordinates":[[[-83.60292,42.99484],[-83.60292,42.99483],[-83.60292,42.99483],[-83.60292,42.99484]]]}},{"type":"Feature","properties":{"name":"FEMA Flood Zone AE - high risk (1% annual chance)","zone":"AE","_color":"#1e6fb8"},"geometry":{"type":"Polygon","coordinates":[[[-83.60292,42.99484],[-83.60293,42.99484],[-83.60293,42.99484],[-83.60292,42.99484]]]}},{"type":"Feature","properties":{"name":"FEMA Flood Zone AE - high risk (1% annual chance)","zone":"AE","_color":"#1e6fb8"},"geometry":{"type":"Polygon","coordinates":[[[-83.60293,42.99485],[-83.60299,42.99503],[-83.60308,42.99517],[-83.60293,42.99485]]]}},{"type":"Feature","properties":{"name":"FEMA Flood Zone AE - high risk (1% annual chance)","zone":"AE","_color":"#1e6fb8"},"geometry":{"type":"Polygon","coordinates":[[[-83.58529,42.99626],[-83.58549,42.99631],[-83.58493,42.99601],[-83.58484,42.99553],[-83.58449,42.99556],[-83.5829,42.99411],[-83.5838,42.99345],[-83.5828,42.99219],[-83.58228,42.99201],[-83.58326,42.99111],[-83.58383,42.99189],[-83.5842,42.99189],[-83.58443,42.99139],[-83.58522,42.99099],[-83.58508,42.99022],[-83.58639,42.98954],[-83.58608,42.98926],[-83.58462,42.98926],[-83.58462,42.98789],[-83.58541,42.98759],[-83.58626,42.98831],[-83.58766,42.98805],[-83.58653,42.98762],[-83.58643,42.98724],[-83.58504,42.98644],[-83.58506,42.98562],[-83.58478,42.98536],[-83.58445,42.98557],[-83.58491,42.98637],[-83.58385,42.9878],[-83.58315,42.9882],[-83.58355,42.98649],[-83.58239,42.98628],[-83.58079,42.98529],[-83.58009,42.98571],[-83.57945,42.98552],[-83.5801,42.98631],[-83.58001,42.98707],[-83.58038,42.9874],[-83.58015,42.9874],[-83.58098,42.98729],[-83.58132,42.98765],[-83.58143,42.98974],[-83.58046,42.99225],[-83.58172,42.9928],[-83.58179,42.99429],[-83.58465,42.99566],[-83.58477,42.9961],[-83.58529,42.99626]]]}},{"type":"Feature","properties":{"name":"FEMA Flood Zone AE - high risk (1% annual chance)","zone":"AE","_color":"#1e6fb8"},"geometry":{"type":"Polygon","coordinates":[[[-83.57821,43.00392],[-83.57883,43.00306],[-83.57863,43.0023],[-83.58144,43.00193],[-83.58211,43.00061],[-83.58265,43.00035],[-83.58262,42.99957],[-83.58614,42.99864],[-83.58724,42.99761],[-83.58601,42.99623],[-83.5855,42.99632],[-83.58663,42.99746],[-83.58619,42.99824],[-83.58237,42.99949],[-83.57948,43.00166],[-83.57714,43.00226],[-83.57525,43.0022],[-83.57591,43.00283],[-83.57631,43.0025],[-83.57684,43.00267],[-83.57807,43.00237],[-83.5785,43.00299],[-83.57821,43.00392]]]}},{"type":"Feature","properties":{"name":"FEMA Flood Zone AE - high risk (1% annual chance)","zone":"AE","_color":"#1e6fb8"},"geometry":{"type":"Polygon","coordinates":[[[-83.68619,42.96009],[-83.68634,42.96057],[-83.68601,42.9616],[-83.68636,42.96068],[-83.68619,42.96009]]]}},{"type":"Feature","properties":{"name":"FEMA Flood Zone AE - high risk (1% annual chance)","zone":"AE","_color":"#1e6fb8"},"geometry":{"type":"Polygon","coordinates":[[[-83.68601,42.96161],[-83.68602,42.96161],[-83.68601,42.9616],[-83.68601,42.96161]]]}},{"type":"Feature","properties":{"name":"FEMA Flood Zone AE - high risk (1% annual chance)","zone":"AE","_color":"#1e6fb8"},"geometry":{"type":"Polygon","coordinates":[[[-83.68601,42.96161],[-83.68601,42.96162],[-83.68602,42.96161],[-83.68601,42.96161]]]}},{"type":"Feature","properties":{"name":"FEMA Flood Zone AE - high risk (1% annual chance)","zone":"AE","_color":"#1e6fb8"},"geometry":{"type":"Polygon","coordinates":[[[-83.68554,42.9626],[-83.68599,42.96165],[-83.68576,42.96203],[-83.68554,42.9626]]]}},{"type":"Feature","properties":{"name":"FEMA Flood Zone AE - high risk (1% annual chance)","zone":"AE","_color":"#1e6fb8"},"geometry":{"type":"Polygon","coordinates":[[[-83.68554,42.9626],[-83.68472,42.96358],[-83.68419,42.96569],[-83.68583,42.96711],[-83.6859,42.96802],[-83.68655,42.96805],[-83.68679,42.96852],[-83.68528,42.96639],[-83.68422,42.9657],[-83.68554,42.9626]]]}},{"type":"Feature","properties":{"name":"FEMA Flood Zone AE - high risk (1% annual chance)","zone":"AE","_color":"#1e6fb8"},"geometry":{"type":"Polygon","coordinates":[[[-83.68679,42.96852],[-83.68687,42.96862],[-83.68716,42.96862],[-83.68679,42.96852]]]}},{"type":"Feature","properties":{"name":"FEMA Flood Zone AE - high risk (1% annual chance)","zone":"AE","_color":"#1e6fb8"},"geometry":{"type":"Polygon","coordinates":[[[-83.68726,42.97008],[-83.68706,42.96994],[-83.68735,42.96969],[-83.68728,42.96886],[-83.68734,42.96971],[-83.68705,42.96994],[-83.68726,42.97008]]]}},{"type":"Feature","properties":{"name":"FEMA Flood Zone AE - high risk (1% annual chance)","zone":"AE","_color":"#1e6fb8"},"geometry":{"type":"Polygon","coordinates":[[[-83.68726,42.97008],[-83.68727,42.97009],[-83.68727,42.97008],[-83.68726,42.97008]]]}},{"type":"Feature","properties":{"name":"FEMA Flood Zone AE - high risk (1% annual chance)","zone":"AE","_color":"#1e6fb8"},"geometry":{"type":"Polygon","coordinates":[[[-83.68727,42.97009],[-83.68749,42.97075],[-83.68772,42.97088],[-83.68727,42.97009]]]}},{"type":"Feature","properties":{"name":"FEMA Flood Zone AE - high risk (1% annual chance)","zone":"AE","_color":"#1e6fb8"},"geometry":{"type":"Polygon","coordinates":[[[-83.6012,42.9678],[-83.60121,42.96781],[-83.60116,42.96775],[-83.6012,42.9678]]]}},{"type":"Feature","properties":{"name":"FEMA Flood Zone AE - high risk (1% annual chance)","zone":"AE","_color":"#1e6fb8"},"geometry":{"type":"Polygon","coordinates":[[[-83.60125,42.96783],[-83.60124,42.96782],[-83.60122,42.96781],[-83.60125,42.96783]]]}},{"type":"Feature","properties":{"name":"FEMA Flood Zone AE - high risk (1% annual chance)","zone":"AE","_color":"#1e6fb8"},"geometry":{"type":"Polygon","coordinates":[[[-83.60051,42.96731],[-83.60051,42.96731],[-83.60038,42.9672],[-83.60051,42.96731]]]}},{"type":"Feature","properties":{"name":"FEMA Flood Zone AE - high risk (1% annual chance)","zone":"AE","_color":"#1e6fb8"},"geometry":{"type":"Polygon","coordinates":[[[-83.60067,42.96741],[-83.60076,42.96746],[-83.60063,42.96738],[-83.60067,42.96741]]]}},{"type":"Feature","properties":{"name":"FEMA Flood Zone AE - high risk (1% annual chance)","zone":"AE","_color":"#1e6fb8"},"geometry":{"type":"Polygon","coordinates":[[[-83.60085,42.96755],[-83.60078,42.96747],[-83.60077,42.96747],[-83.60085,42.96755]]]}},{"type":"Feature","properties":{"name":"FEMA Flood Zone AE - high risk (1% annual chance)","zone":"AE","_color":"#1e6fb8"},"geometry":{"type":"Polygon","coordinates":[[[-83.60113,42.96773],[-83.60112,42.96773],[-83.60109,42.96771],[-83.60113,42.96773]]]}},{"type":"Feature","properties":{"name":"FEMA Flood Zone AE - high risk (1% annual chance)","zone":"AE","_color":"#1e6fb8"},"geometry":{"type":"Polygon","coordinates":[[[-83.59761,42.96508],[-83.59806,42.96536],[-83.59769,42.96505],[-83.59761,42.96508]]]}},{"type":"Feature","properties":{"name":"FEMA Flood Zone AE - high risk (1% annual chance)","zone":"AE","_color":"#1e6fb8"},"geometry":{"type":"Polygon","coordinates":[[[-83.59815,42.96546],[-83.5982,42.96551],[-83.59807,42.96538],[-83.59815,42.96546]]]}},{"type":"Feature","properties":{"name":"FEMA Flood Zone AE - high risk (1% annual chance)","zone":"AE","_color":"#1e6fb8"},"geometry":{"type":"Polygon","coordinates":[[[-83.59828,42.96559],[-83.59957,42.96634],[-83.6008,42.96756],[-83.59962,42.96636],[-83.59828,42.96559]]]}},{"type":"Feature","properties":{"name":"FEMA Flood Zone AE - high risk (1% annual chance)","zone":"AE","_color":"#1e6fb8"},"geometry":{"type":"Polygon","coordinates":[[[-83.68309,42.9589],[-83.68318,42.95912],[-83.684,42.9588],[-83.68309,42.9589]]]}},{"type":"Feature","properties":{"name":"FEMA Flood Zone AE - high risk (1% annual chance)","zone":"AE","_color":"#1e6fb8"},"geometry":{"type":"Polygon","coordinates":[[[-83.68548,42.95927],[-83.68592,42.95972],[-83.68541,42.95903],[-83.68401,42.9588],[-83.68548,42.95927]]]}},{"type":"Feature","properties":{"name":"FEMA Flood Zone AE - high risk (1% annual chance)","zone":"AE","_color":"#1e6fb8"},"geometry":{"type":"Polygon","coordinates":[[[-83.59834,42.96553],[-83.59836,42.96555],[-83.59818,42.96539],[-83.59834,42.96553]]]}},{"type":"Feature","properties":{"name":"FEMA Flood Zone AE - high risk (1% annual chance)","zone":"AE","_color":"#1e6fb8"},"geometry":{"type":"Polygon","coordinates":[[[-83.59856,42.96568],[-83.5988,42.9658],[-83.59849,42.96563],[-83.59856,42.96568]]]}},{"type":"Feature","properties":{"name":"FEMA Flood Zone AE - high risk (1% annual chance)","zone":"AE","_color":"#1e6fb8"},"geometry":{"type":"Polygon","coordinates":[[[-83.59897,42.96589],[-83.59906,42.96594],[-83.59889,42.96585],[-83.59897,42.96589]]]}},{"type":"Feature","properties":{"name":"FEMA Flood Zone AE - high risk (1% annual chance)","zone":"AE","_color":"#1e6fb8"},"geometry":{"type":"Polygon","coordinates":[[[-83.59938,42.96611],[-83.60003,42.96671],[-83.59995,42.96648],[-83.59938,42.96611]]]}},{"type":"Feature","properties":{"name":"FEMA Flood Zone AE - high risk (1% annual chance)","zone":"AE","_color":"#1e6fb8"},"geometry":{"type":"Polygon","coordinates":[[[-83.6862,42.95951],[-83.68563,42.95874],[-83.68379,42.95812],[-83.68306,42.95832],[-83.68566,42.95883],[-83.6862,42.95951]]]}},{"type":"Feature","properties":{"name":"FEMA Flood Zone AE - high risk (1% annual chance)","zone":"AE","_color":"#1e6fb8"},"geometry":{"type":"Polygon","coordinates":[[[-83.6862,42.95951],[-83.68626,42.95963],[-83.68624,42.95955],[-83.6862,42.95951]]]}},{"type":"Feature","properties":{"name":"FEMA Flood Zone AE - high risk (1% annual chance)","zone":"AE","_color":"#1e6fb8"},"geometry":{"type":"Polygon","coordinates":[[[-83.67675,42.95807],[-83.67679,42.95795],[-83.67674,42.95801],[-83.67675,42.95807]]]}},{"type":"Feature","properties":{"name":"FEMA Flood Zone AE - high risk (1% annual chance)","zone":"AE","_color":"#1e6fb8"},"geometry":{"type":"Polygon","coordinates":[[[-83.67675,42.95807],[-83.67675,42.95809],[-83.67675,42.95808],[-83.67675,42.95807]]]}},{"type":"Feature","properties":{"name":"FEMA Flood Zone AE - high risk (1% annual chance)","zone":"AE","_color":"#1e6fb8"},"geometry":{"type":"Polygon","coordinates":[[[-83.67675,42.95811],[-83.67676,42.95812],[-83.67675,42.9581],[-83.67675,42.95811]]]}},{"type":"Feature","properties":{"name":"FEMA Flood Zone AE - high risk (1% annual chance)","zone":"AE","_color":"#1e6fb8"},"geometry":{"type":"Polygon","coordinates":[[[-83.67683,42.95846],[-83.6779,42.9585],[-83.67676,42.95813],[-83.67683,42.95846]]]}},{"type":"Feature","properties":{"name":"FEMA Flood Zone AE - high risk (1% annual chance)","zone":"AE","_color":"#1e6fb8"},"geometry":{"type":"Polygon","coordinates":[[[-83.67798,42.95852],[-83.67799,42.95852],[-83.67797,42.95851],[-83.67798,42.95852]]]}},{"type":"Feature","properties":{"name":"FEMA Flood Zone AE - high risk (1% annual chance)","zone":"AE","_color":"#1e6fb8"},"geometry":{"type":"Polygon","coordinates":[[[-83.68195,42.95906],[-83.6821,42.95879],[-83.68042,42.9582],[-83.67801,42.95852],[-83.67963,42.95828],[-83.68195,42.95906]]]}},{"type":"Feature","properties":{"name":"FEMA Flood Zone AE - high risk (1% annual chance)","zone":"AE","_color":"#1e6fb8"},"geometry":{"type":"Polygon","coordinates":[[[-83.67917,43.00048],[-83.67897,43.00056],[-83.67892,43.00073],[-83.67917,43.00048]]]}},{"type":"Feature","properties":{"name":"FEMA Flood Zone AE - high risk (1% annual chance)","zone":"AE","_color":"#1e6fb8"},"geometry":{"type":"Polygon","coordinates":[[[-83.67891,43.00074],[-83.67891,43.00075],[-83.67892,43.00074],[-83.67891,43.00074]]]}},{"type":"Feature","properties":{"name":"FEMA Flood Zone AE - high risk (1% annual chance)","zone":"AE","_color":"#1e6fb8"},"geometry":{"type":"Polygon","coordinates":[[[-83.67887,43.00083],[-83.67891,43.00075],[-83.67887,43.00082],[-83.67887,43.00083]]]}},{"type":"Feature","properties":{"name":"FEMA Flood Zone AE - high risk (1% annual chance)","zone":"AE","_color":"#1e6fb8"},"geometry":{"type":"Polygon","coordinates":[[[-83.67887,43.00083],[-83.67886,43.00085],[-83.67886,43.00086],[-83.67887,43.00083]]]}},{"type":"Feature","properties":{"name":"FEMA Flood Zone AE - high risk (1% annual chance)","zone":"AE","_color":"#1e6fb8"},"geometry":{"type":"Polygon","coordinates":[[[-83.67883,43.00088],[-83.6788,43.00093],[-83.67884,43.00087],[-83.67883,43.00088]]]}},{"type":"Feature","properties":{"name":"FEMA Flood Zone AE - high risk (1% annual chance)","zone":"AE","_color":"#1e6fb8"},"geometry":{"type":"Polygon","coordinates":[[[-83.67879,43.00094],[-83.67877,43.00096],[-83.6788,43.00093],[-83.67879,43.00094]]]}},{"type":"Feature","properties":{"name":"FEMA Flood Zone AE - high risk (1% annual chance)","zone":"AE","_color":"#1e6fb8"},"geometry":{"type":"Polygon","coordinates":[[[-83.67656,43.00353],[-83.67769,43.00304],[-83.67875,43.00097],[-83.67771,43.00291],[-83.67729,43.00338],[-83.67656,43.00353]]]}},{"type":"Feature","properties":{"name":"FEMA Flood Zone AE - high risk (1% annual chance)","zone":"AE","_color":"#1e6fb8"},"geometry":{"type":"Polygon","coordinates":[[[-83.60291,42.99453],[-83.60293,42.99458],[-83.60286,42.99437],[-83.60291,42.99453]]]}},{"type":"Feature","properties":{"name":"FEMA Flood Zone AE - high risk (1% annual chance)","zone":"AE","_color":"#1e6fb8"},"geometry":{"type":"Polygon","coordinates":[[[-83.60913,43.0029],[-83.60943,43.00308],[-83.60996,43.0027],[-83.60949,43.00217],[-83.60774,43.0016],[-83.60796,43.00089],[-83.60737,43.00111],[-83.60674,43.00063],[-83.60611,43.00064],[-83.60568,42.99985],[-83.60524,42.99977],[-83.60579,42.99844],[-83.60561,42.998],[-83.6042,42.99696],[-83.60424,42.99654],[-83.60294,42.99459],[-83.60448,42.99753],[-83.60539,42.99831],[-83.60503,43.00018],[-83.60663,43.00073],[-83.60691,43.00153],[-83.60913,43.0029]]]}},{"type":"Feature","properties":{"name":"FEMA Flood Zone AE - high risk (1% annual chance)","zone":"AE","_color":"#1e6fb8"},"geometry":{"type":"Polygon","coordinates":[[[-83.61738,43.01037],[-83.61758,43.00917],[-83.61716,43.00959],[-83.61738,43.01037]]]}},{"type":"Feature","properties":{"name":"FEMA Flood Zone AE - high risk (1% annual chance)","zone":"AE","_color":"#1e6fb8"},"geometry":{"type":"Polygon","coordinates":[[[-83.61738,43.01037],[-83.61739,43.01041],[-83.61743,43.01043],[-83.61738,43.01037]]]}},{"type":"Feature","properties":{"name":"FEMA Flood Zone AE - high risk (1% annual chance)","zone":"AE","_color":"#1e6fb8"},"geometry":{"type":"Polygon","coordinates":[[[-83.6772,43.00362],[-83.67732,43.0036],[-83.67742,43.00351],[-83.6772,43.00362]]]}},{"type":"Feature","properties":{"name":"FEMA Flood Zone AE - high risk (1% annual chance)","zone":"AE","_color":"#1e6fb8"},"geometry":{"type":"Polygon","coordinates":[[[-83.6772,43.00362],[-83.67553,43.00345],[-83.6759,43.00334],[-83.67569,43.00252],[-83.67372,42.99853],[-83.67223,42.99742],[-83.67247,42.9963],[-83.6711,42.99661],[-83.67106,42.9958],[-83.67065,42.99555],[-83.67054,42.99659],[-83.6702,42.99668],[-83.66998,42.99564],[-83.6705,42.99497],[-83.67124,42.9943],[-83.6725,42.99448],[-83.67281,42.99386],[-83.6729,42.99196],[-83.67145,42.99115],[-83.67166,42.99269],[-83.67125,42.99286],[-83.6711,42.99238],[-83.67042,42.99212],[-83.67065,42.99346],[-83.66984,42.99429],[-83.6698,42.99483],[-83.66875,42.99642],[-83.66937,42.99751],[-83.67018,42.99779],[-83.67006,42.99863],[-83.66917,42.99894],[-83.67012,43.00002],[-83.66957,43.0008],[-83.66574,43.00041],[-83.66453,43.00142],[-83.66376,43.00267],[-83.66379,43.00313],[-83.66101,43.00346],[-83.66351,43.0034],[-83.66458,43.0023],[-83.66518,43.00292],[-83.66528,43.00244],[-83.66734,43.00188],[-83.6677,43.00162],[-83.66741,43.00129],[-83.6686,43.00081],[-83.66991,43.00092],[-83.67078,43.00147],[-83.67112,43.00217],[-83.67219,43.00227],[-83.67316,43.00308],[-83.67351,43.00307],[-83.6739,43.00244],[-83.67515,43.00343],[-83.6772,43.00362]]]}},{"type":"Feature","properties":{"name":"FEMA Flood Zone AE - high risk (1% annual chance)","zone":"AE","_color":"#1e6fb8"},"geometry":{"type":"Polygon","coordinates":[[[-83.6004,42.99239],[-83.60043,42.9924],[-83.6004,42.99238],[-83.6004,42.99239]]]}},{"type":"Feature","properties":{"name":"FEMA Flood Zone AE - high risk (1% annual chance)","zone":"AE","_color":"#1e6fb8"},"geometry":{"type":"Polygon","coordinates":[[[-83.60047,42.99241],[-83.60045,42.9924],[-83.60043,42.9924],[-83.60047,42.99241]]]}},{"type":"Feature","properties":{"name":"FEMA Flood Zone AE - high risk (1% annual chance)","zone":"AE","_color":"#1e6fb8"},"geometry":{"type":"Polygon","coordinates":[[[-83.60047,42.99241],[-83.60052,42.99244],[-83.60069,42.9925],[-83.60047,42.99241]]]}},{"type":"Feature","properties":{"name":"FEMA Flood Zone AE - high risk (1% annual chance)","zone":"AE","_color":"#1e6fb8"},"geometry":{"type":"Polygon","coordinates":[[[-83.60069,42.9925],[-83.60221,42.99312],[-83.60211,42.99301],[-83.60069,42.9925]]]}},{"type":"Feature","properties":{"name":"FEMA Flood Zone AE - high risk (1% annual chance)","zone":"AE","_color":"#1e6fb8"},"geometry":{"type":"Polygon","coordinates":[[[-83.67883,43.00161],[-83.67885,43.00162],[-83.67884,43.00161],[-83.67883,43.00161]]]}},{"type":"Feature","properties":{"name":"FEMA Flood Zone AE - high risk (1% annual chance)","zone":"AE","_color":"#1e6fb8"},"geometry":{"type":"Polygon","coordinates":[[[-83.67883,43.00161],[-83.67882,43.00162],[-83.67878,43.00168],[-83.67883,43.00161]]]}},{"type":"Feature","properties":{"name":"FEMA Flood Zone AE - high risk (1% annual chance)","zone":"AE","_color":"#1e6fb8"},"geometry":{"type":"Polygon","coordinates":[[[-83.67878,43.00168],[-83.67877,43.00169],[-83.67876,43.0017],[-83.67878,43.00168]]]}},{"type":"Feature","properties":{"name":"FEMA Flood Zone AE - high risk (1% annual chance)","zone":"AE","_color":"#1e6fb8"},"geometry":{"type":"Polygon","coordinates":[[[-83.67876,43.00172],[-83.67875,43.00173],[-83.67876,43.00171],[-83.67876,43.00172]]]}},{"type":"Feature","properties":{"name":"FEMA Flood Zone AE - high risk (1% annual chance)","zone":"AE","_color":"#1e6fb8"},"geometry":{"type":"Polygon","coordinates":[[[-83.67873,43.00175],[-83.67864,43.00188],[-83.67875,43.00174],[-83.67873,43.00175]]]}},{"type":"Feature","properties":{"name":"FEMA Flood Zone AE - high risk (1% annual chance)","zone":"AE","_color":"#1e6fb8"},"geometry":{"type":"Polygon","coordinates":[[[-83.67885,43.00162],[-83.67907,43.00203],[-83.67985,43.0015],[-83.68042,43.00048],[-83.68111,43.00028],[-83.6812,42.99975],[-83.67956,43.00061],[-83.67885,43.00162]]]}},{"type":"Feature","properties":{"name":"FEMA Flood Zone AE - high risk (1% annual chance)","zone":"AE","_color":"#1e6fb8"},"geometry":{"type":"Polygon","coordinates":[[[-83.66392,43.01265],[-83.66388,43.01264],[-83.66387,43.01265],[-83.66392,43.01265]]]}},{"type":"Feature","properties":{"name":"FEMA Flood Zone AE - high risk (1% annual chance)","zone":"AE","_color":"#1e6fb8"},"geometry":{"type":"Polygon","coordinates":[[[-83.66392,43.01265],[-83.66472,43.01291],[-83.66435,43.01261],[-83.66392,43.01265]]]}},{"type":"Feature","properties":{"name":"FEMA Flood Zone AE - high risk (1% annual chance)","zone":"AE","_color":"#1e6fb8"},"geometry":{"type":"Polygon","coordinates":[[[-83.58724,42.97367],[-83.58704,42.97376],[-83.58728,42.97365],[-83.58724,42.97367]]]}},{"type":"Feature","properties":{"name":"FEMA Flood Zone AE - high risk (1% annual chance)","zone":"AE","_color":"#1e6fb8"},"geometry":{"type":"Polygon","coordinates":[[[-83.58699,42.9738],[-83.587,42.97379],[-83.58701,42.97378],[-83.58699,42.9738]]]}},{"type":"Feature","properties":{"name":"FEMA Flood Zone AE - high risk (1% annual chance)","zone":"AE","_color":"#1e6fb8"},"geometry":{"type":"Polygon","coordinates":[[[-83.58697,42.9738],[-83.58698,42.9738],[-83.58697,42.9738],[-83.58697,42.9738]]]}},{"type":"Feature","properties":{"name":"FEMA Flood Zone AE - high risk (1% annual chance)","zone":"AE","_color":"#1e6fb8"},"geometry":{"type":"Polygon","coordinates":[[[-83.58697,42.9738],[-83.58697,42.9738],[-83.58697,42.9738],[-83.58697,42.9738]]]}},{"type":"Feature","properties":{"name":"FEMA Flood Zone AE - high risk (1% annual chance)","zone":"AE","_color":"#1e6fb8"},"geometry":{"type":"Polygon","coordinates":[[[-83.58671,42.97392],[-83.58682,42.97389],[-83.58692,42.97383],[-83.58671,42.97392]]]}},{"type":"Feature","properties":{"name":"FEMA Flood Zone AE - high risk (1% annual chance)","zone":"AE","_color":"#1e6fb8"},"geometry":{"type":"Polygon","coordinates":[[[-83.58671,42.97392],[-83.58644,42.97405],[-83.58649,42.97406],[-83.58671,42.97392]]]}},{"type":"Feature","properties":{"name":"FEMA Flood Zone AE - high risk (1% annual chance)","zone":"AE","_color":"#1e6fb8"},"geometry":{"type":"Polygon","coordinates":[[[-83.58776,42.97336],[-83.58779,42.97335],[-83.58778,42.97335],[-83.58776,42.97336]]]}},{"type":"Feature","properties":{"name":"FEMA Flood Zone AE - high risk (1% annual chance)","zone":"AE","_color":"#1e6fb8"},"geometry":{"type":"Polygon","coordinates":[[[-83.58874,42.97348],[-83.58812,42.97334],[-83.58787,42.97335],[-83.58874,42.97348]]]}},{"type":"Feature","properties":{"name":"FEMA Flood Zone AE - high risk (1% annual chance)","zone":"AE","_color":"#1e6fb8"},"geometry":{"type":"Polygon","coordinates":[[[-83.58874,42.97348],[-83.58875,42.97348],[-83.58876,42.97348],[-83.58874,42.97348]]]}},{"type":"Feature","properties":{"name":"FEMA Flood Zone AE - high risk (1% annual chance)","zone":"AE","_color":"#1e6fb8"},"geometry":{"type":"Polygon","coordinates":[[[-83.58891,42.97351],[-83.58886,42.97349],[-83.58878,42.97349],[-83.58891,42.97351]]]}},{"type":"Feature","properties":{"name":"FEMA Flood Zone AE - high risk (1% annual chance)","zone":"AE","_color":"#1e6fb8"},"geometry":{"type":"Polygon","coordinates":[[[-83.6349,42.97591],[-83.63502,42.97577],[-83.63495,42.97583],[-83.6349,42.97591]]]}},{"type":"Feature","properties":{"name":"FEMA Flood Zone AE - high risk (1% annual chance)","zone":"AE","_color":"#1e6fb8"},"geometry":{"type":"Polygon","coordinates":[[[-83.6349,42.97591],[-83.63489,42.97593],[-83.63489,42.97593],[-83.6349,42.97591]]]}},{"type":"Feature","properties":{"name":"FEMA Flood Zone AE - high risk (1% annual chance)","zone":"AE","_color":"#1e6fb8"},"geometry":{"type":"Polygon","coordinates":[[[-83.59012,42.97527],[-83.5902,42.97473],[-83.59018,42.9747],[-83.59012,42.97527]]]}},{"type":"Feature","properties":{"name":"FEMA Flood Zone AE - high risk (1% annual chance)","zone":"AE","_color":"#1e6fb8"},"geometry":{"type":"Polygon","coordinates":[[[-83.59012,42.97527],[-83.59012,42.97528],[-83.59012,42.9753],[-83.59012,42.97527]]]}},{"type":"Feature","properties":{"name":"FEMA Flood Zone AE - high risk (1% annual chance)","zone":"AE","_color":"#1e6fb8"},"geometry":{"type":"Polygon","coordinates":[[[-83.59012,42.97531],[-83.59012,42.97535],[-83.59012,42.97531],[-83.59012,42.97531]]]}},{"type":"Feature","properties":{"name":"FEMA Flood Zone AE - high risk (1% annual chance)","zone":"AE","_color":"#1e6fb8"},"geometry":{"type":"Polygon","coordinates":[[[-83.59013,42.97542],[-83.59013,42.97538],[-83.59012,42.97536],[-83.59013,42.97542]]]}},{"type":"Feature","properties":{"name":"FEMA Flood Zone AE - high risk (1% annual chance)","zone":"AE","_color":"#1e6fb8"},"geometry":{"type":"Polygon","coordinates":[[[-83.59013,42.97542],[-83.59013,42.97557],[-83.59014,42.97554],[-83.59013,42.97542]]]}},{"type":"Feature","properties":{"name":"FEMA Flood Zone AE - high risk (1% annual chance)","zone":"AE","_color":"#1e6fb8"},"geometry":{"type":"Polygon","coordinates":[[[-83.59013,42.97557],[-83.5901,42.97563],[-83.59014,42.97561],[-83.59013,42.97557]]]}},{"type":"Feature","properties":{"name":"FEMA Flood Zone AE - high risk (1% annual chance)","zone":"AE","_color":"#1e6fb8"},"geometry":{"type":"Polygon","coordinates":[[[-83.59418,42.9789],[-83.59417,42.97885],[-83.59413,42.97884],[-83.59418,42.9789]]]}},{"type":"Feature","properties":{"name":"FEMA Flood Zone AE - high risk (1% annual chance)","zone":"AE","_color":"#1e6fb8"},"geometry":{"type":"Polygon","coordinates":[[[-83.59418,42.9789],[-83.59419,42.97891],[-83.59428,42.97894],[-83.59418,42.9789]]]}},{"type":"Feature","properties":{"name":"FEMA Flood Zone AE - high risk (1% annual chance)","zone":"AE","_color":"#1e6fb8"},"geometry":{"type":"Polygon","coordinates":[[[-83.59036,42.97601],[-83.58999,42.97581],[-83.59,42.9759],[-83.59036,42.97601]]]}},{"type":"Feature","properties":{"name":"FEMA Flood Zone AE - high risk (1% annual chance)","zone":"AE","_color":"#1e6fb8"},"geometry":{"type":"Polygon","coordinates":[[[-83.59036,42.97601],[-83.59037,42.97602],[-83.59037,42.97601],[-83.59036,42.97601]]]}},{"type":"Feature","properties":{"name":"FEMA Flood Zone AE - high risk (1% annual chance)","zone":"AE","_color":"#1e6fb8"},"geometry":{"type":"Polygon","coordinates":[[[-83.59039,42.97604],[-83.59039,42.97603],[-83.59038,42.97603],[-83.59039,42.97604]]]}},{"type":"Feature","properties":{"name":"FEMA Flood Zone AE - high risk (1% annual chance)","zone":"AE","_color":"#1e6fb8"},"geometry":{"type":"Polygon","coordinates":[[[-83.59039,42.97604],[-83.59062,42.97663],[-83.59196,42.97702],[-83.59266,42.97798],[-83.59328,42.97821],[-83.59039,42.97604]]]}},{"type":"Feature","properties":{"name":"FEMA Flood Zone AE - high risk (1% annual chance)","zone":"AE","_color":"#1e6fb8"},"geometry":{"type":"Polygon","coordinates":[[[-83.59328,42.97821],[-83.59337,42.97832],[-83.59344,42.97836],[-83.59328,42.97821]]]}},{"type":"Feature","properties":{"name":"FEMA Flood Zone AE - high risk (1% annual chance)","zone":"AE","_color":"#1e6fb8"},"geometry":{"type":"Polygon","coordinates":[[[-83.60556,42.97098],[-83.60553,42.97095],[-83.6055,42.97093],[-83.60556,42.97098]]]}},{"type":"Feature","properties":{"name":"FEMA Flood Zone AE - high risk (1% annual chance)","zone":"AE","_color":"#1e6fb8"},"geometry":{"type":"Polygon","coordinates":[[[-83.60556,42.97098],[-83.60589,42.97137],[-83.60629,42.97144],[-83.60556,42.97098]]]}},{"type":"Feature","properties":{"name":"FEMA Flood Zone AE - high risk (1% annual chance)","zone":"AE","_color":"#1e6fb8"},"geometry":{"type":"Polygon","coordinates":[[[-83.68918,43.00498],[-83.68924,43.00495],[-83.68926,43.00494],[-83.68918,43.00498]]]}},{"type":"Feature","properties":{"name":"FEMA Flood Zone AE - high risk (1% annual chance)","zone":"AE","_color":"#1e6fb8"},"geometry":{"type":"Polygon","coordinates":[[[-83.68887,43.0051],[-83.68894,43.00508],[-83.68915,43.00499],[-83.68887,43.0051]]]}},{"type":"Feature","properties":{"name":"FEMA Flood Zone AE - high risk (1% annual chance)","zone":"AE","_color":"#1e6fb8"},"geometry":{"type":"Polygon","coordinates":[[[-83.68219,42.99911],[-83.68216,42.99912],[-83.68238,42.99909],[-83.68219,42.99911]]]}},{"type":"Feature","properties":{"name":"FEMA Flood Zone AE - high risk (1% annual chance)","zone":"AE","_color":"#1e6fb8"},"geometry":{"type":"Polygon","coordinates":[[[-83.68213,42.99912],[-83.68211,42.99912],[-83.68214,42.99912],[-83.68213,42.99912]]]}},{"type":"Feature","properties":{"name":"FEMA Flood Zone AE - high risk (1% annual chance)","zone":"AE","_color":"#1e6fb8"},"geometry":{"type":"Polygon","coordinates":[[[-83.65546,42.99871],[-83.65567,42.9987],[-83.655,42.99873],[-83.65546,42.99871]]]}},{"type":"Feature","properties":{"name":"FEMA Flood Zone AE - high risk (1% annual chance)","zone":"AE","_color":"#1e6fb8"},"geometry":{"type":"Polygon","coordinates":[[[-83.65477,42.99875],[-83.65498,42.99873],[-83.65461,42.99873],[-83.65477,42.99875]]]}},{"type":"Feature","properties":{"name":"FEMA Flood Zone AE - high risk (1% annual chance)","zone":"AE","_color":"#1e6fb8"},"geometry":{"type":"Polygon","coordinates":[[[-83.68918,42.97224],[-83.68944,42.97171],[-83.68882,42.97123],[-83.68827,42.97137],[-83.68745,42.96994],[-83.68769,42.97072],[-83.68918,42.97224]]]}},{"type":"Feature","properties":{"name":"FEMA Flood Zone AE - high risk (1% annual chance)","zone":"AE","_color":"#1e6fb8"},"geometry":{"type":"Polygon","coordinates":[[[-83.68918,42.97224],[-83.68943,42.97274],[-83.68976,42.97296],[-83.68918,42.97224]]]}},{"type":"Feature","properties":{"name":"FEMA Flood Zone AE - high risk (1% annual chance)","zone":"AE","_color":"#1e6fb8"},"geometry":{"type":"Polygon","coordinates":[[[-83.68979,42.97297],[-83.68981,42.97298],[-83.68978,42.97297],[-83.68979,42.97297]]]}},{"type":"Feature","properties":{"name":"FEMA Flood Zone AE - high risk (1% annual chance)","zone":"AE","_color":"#1e6fb8"},"geometry":{"type":"Polygon","coordinates":[[[-83.69214,42.97361],[-83.69044,42.97295],[-83.68982,42.97298],[-83.69214,42.97361]]]}},{"type":"Feature","properties":{"name":"FEMA Flood Zone AE - high risk (1% annual chance)","zone":"AE","_color":"#1e6fb8"},"geometry":{"type":"Polygon","coordinates":[[[-83.69225,42.97363],[-83.69261,42.97381],[-83.69248,42.9737],[-83.69225,42.97363]]]}},{"type":"Feature","properties":{"name":"FEMA Flood Zone AE - high risk (1% annual chance)","zone":"AE","_color":"#1e6fb8"},"geometry":{"type":"Polygon","coordinates":[[[-83.58358,42.97264],[-83.58363,42.97255],[-83.5836,42.97258],[-83.58358,42.97264]]]}},{"type":"Feature","properties":{"name":"FEMA Flood Zone AE - high risk (1% annual chance)","zone":"AE","_color":"#1e6fb8"},"geometry":{"type":"Polygon","coordinates":[[[-83.58358,42.97264],[-83.58358,42.97264],[-83.58358,42.97264],[-83.58358,42.97264]]]}},{"type":"Feature","properties":{"name":"FEMA Flood Zone AE - high risk (1% annual chance)","zone":"AE","_color":"#1e6fb8"},"geometry":{"type":"Polygon","coordinates":[[[-83.58358,42.9727],[-83.58357,42.97265],[-83.58357,42.97268],[-83.58358,42.9727]]]}},{"type":"Feature","properties":{"name":"FEMA Flood Zone AE - high risk (1% annual chance)","zone":"AE","_color":"#1e6fb8"},"geometry":{"type":"Polygon","coordinates":[[[-83.58358,42.9727],[-83.58358,42.97272],[-83.58358,42.97271],[-83.58358,42.9727]]]}},{"type":"Feature","properties":{"name":"FEMA Flood Zone AE - high risk (1% annual chance)","zone":"AE","_color":"#1e6fb8"},"geometry":{"type":"Polygon","coordinates":[[[-83.58358,42.97274],[-83.58358,42.97273],[-83.58358,42.97273],[-83.58358,42.97274]]]}},{"type":"Feature","properties":{"name":"FEMA Flood Zone AE - high risk (1% annual chance)","zone":"AE","_color":"#1e6fb8"},"geometry":{"type":"Polygon","coordinates":[[[-83.58358,42.97274],[-83.58357,42.97275],[-83.58358,42.97274],[-83.58358,42.97274]]]}},{"type":"Feature","properties":{"name":"FEMA Flood Zone AE - high risk (1% annual chance)","zone":"AE","_color":"#1e6fb8"},"geometry":{"type":"Polygon","coordinates":[[[-83.58357,42.97276],[-83.58357,42.97276],[-83.58357,42.97275],[-83.58357,42.97276]]]}},{"type":"Feature","properties":{"name":"FEMA Flood Zone AE - high risk (1% annual chance)","zone":"AE","_color":"#1e6fb8"},"geometry":{"type":"Polygon","coordinates":[[[-83.58357,42.97276],[-83.58358,42.9728],[-83.58359,42.97278],[-83.58357,42.97276]]]}},{"type":"Feature","properties":{"name":"FEMA Flood Zone AE - high risk (1% annual chance)","zone":"AE","_color":"#1e6fb8"},"geometry":{"type":"Polygon","coordinates":[[[-83.58485,42.97244],[-83.58539,42.97216],[-83.58409,42.9724],[-83.58485,42.97244]]]}},{"type":"Feature","properties":{"name":"FEMA Flood Zone AE - high risk (1% annual chance)","zone":"AE","_color":"#1e6fb8"},"geometry":{"type":"Polygon","coordinates":[[[-83.58405,42.97239],[-83.58378,42.97248],[-83.58406,42.97239],[-83.58405,42.97239]]]}},{"type":"Feature","properties":{"name":"FEMA Flood Zone AE - high risk (1% annual chance)","zone":"AE","_color":"#1e6fb8"},"geometry":{"type":"Polygon","coordinates":[[[-83.58376,42.97248],[-83.58373,42.9725],[-83.58377,42.97248],[-83.58376,42.97248]]]}},{"type":"Feature","properties":{"name":"FEMA Flood Zone AE - high risk (1% annual chance)","zone":"AE","_color":"#1e6fb8"},"geometry":{"type":"Polygon","coordinates":[[[-83.58371,42.97251],[-83.58367,42.97253],[-83.58371,42.97251],[-83.58371,42.97251]]]}},{"type":"Feature","properties":{"name":"FEMA Flood Zone AE - high risk (1% annual chance)","zone":"AE","_color":"#1e6fb8"},"geometry":{"type":"Polygon","coordinates":[[[-83.58407,42.97234],[-83.58401,42.97234],[-83.58408,42.97234],[-83.58407,42.97234]]]}},{"type":"Feature","properties":{"name":"FEMA Flood Zone AE - high risk (1% annual chance)","zone":"AE","_color":"#1e6fb8"},"geometry":{"type":"Polygon","coordinates":[[[-83.58432,42.97234],[-83.58458,42.97235],[-83.58411,42.97233],[-83.58432,42.97234]]]}},{"type":"Feature","properties":{"name":"FEMA Flood Zone AE - high risk (1% annual chance)","zone":"AE","_color":"#1e6fb8"},"geometry":{"type":"Polygon","coordinates":[[[-83.58399,42.97234],[-83.58382,42.97239],[-83.58355,42.97249],[-83.58399,42.97234]]]}},{"type":"Feature","properties":{"name":"FEMA Flood Zone AE - high risk (1% annual chance)","zone":"AE","_color":"#1e6fb8"},"geometry":{"type":"Polygon","coordinates":[[[-83.7041,43.00027],[-83.70214,43.00111],[-83.70263,43.00123],[-83.70185,43.00153],[-83.70232,43.00224],[-83.70179,43.00274],[-83.70077,43.00281],[-83.70097,43.00182],[-83.70063,43.00134],[-83.69744,43.00248],[-83.6979,43.00393],[-83.69776,43.00485],[-83.69738,43.00528],[-83.696,43.00566],[-83.69748,43.00528],[-83.69831,43.00352],[-83.7025,43.0029],[-83.70264,43.00085],[-83.7041,43.00027]]]}},{"type":"Feature","properties":{"name":"FEMA Flood Zone AE - high risk (1% annual chance)","zone":"AE","_color":"#1e6fb8"},"geometry":{"type":"Polygon","coordinates":[[[-83.58516,42.97223],[-83.58504,42.97233],[-83.5851,42.97229],[-83.58516,42.97223]]]}},{"type":"Feature","properties":{"name":"FEMA Flood Zone AE - high risk (1% annual chance)","zone":"AE","_color":"#1e6fb8"},"geometry":{"type":"Polygon","coordinates":[[[-83.58474,42.97236],[-83.58477,42.97236],[-83.58461,42.97235],[-83.58474,42.97236]]]}},{"type":"Feature","properties":{"name":"FEMA Flood Zone AE - high risk (1% annual chance)","zone":"AE","_color":"#1e6fb8"},"geometry":{"type":"Polygon","coordinates":[[[-83.58499,42.97235],[-83.58496,42.97237],[-83.585,42.97235],[-83.58499,42.97235]]]}},{"type":"Feature","properties":{"name":"FEMA Flood Zone AE - high risk (1% annual chance)","zone":"AE","_color":"#1e6fb8"},"geometry":{"type":"Polygon","coordinates":[[[-83.58479,42.97237],[-83.58496,42.97237],[-83.58486,42.97236],[-83.58479,42.97237]]]}},{"type":"Feature","properties":{"name":"FEMA Flood Zone AE - high risk (1% annual chance)","zone":"AE","_color":"#1e6fb8"},"geometry":{"type":"Polygon","coordinates":[[[-83.69389,43.00432],[-83.69397,43.00404],[-83.69397,43.00386],[-83.69389,43.00432]]]}},{"type":"Feature","properties":{"name":"FEMA Flood Zone AE - high risk (1% annual chance)","zone":"AE","_color":"#1e6fb8"},"geometry":{"type":"Polygon","coordinates":[[[-83.69389,43.00432],[-83.69389,43.00441],[-83.69389,43.00441],[-83.69389,43.00432]]]}},{"type":"Feature","properties":{"name":"FEMA Flood Zone AE - high risk (1% annual chance)","zone":"AE","_color":"#1e6fb8"},"geometry":{"type":"Polygon","coordinates":[[[-83.69389,43.00441],[-83.69393,43.0045],[-83.69419,43.00486],[-83.69389,43.00441]]]}},{"type":"Feature","properties":{"name":"FEMA Flood Zone AE - high risk (1% annual chance)","zone":"AE","_color":"#1e6fb8"},"geometry":{"type":"Polygon","coordinates":[[[-83.69419,43.00486],[-83.69422,43.0049],[-83.69422,43.00489],[-83.69419,43.00486]]]}},{"type":"Feature","properties":{"name":"FEMA Flood Zone AE - high risk (1% annual chance)","zone":"AE","_color":"#1e6fb8"},"geometry":{"type":"Polygon","coordinates":[[[-83.69339,43.00314],[-83.69338,43.00322],[-83.69359,43.00344],[-83.69339,43.00314]]]}},{"type":"Feature","properties":{"name":"FEMA Flood Zone AE - high risk (1% annual chance)","zone":"AE","_color":"#1e6fb8"},"geometry":{"type":"Polygon","coordinates":[[[-83.69683,43.00819],[-83.69738,43.00803],[-83.69591,43.00736],[-83.69552,43.00608],[-83.69485,43.00583],[-83.69375,43.00458],[-83.6936,43.00346],[-83.69371,43.00468],[-83.69481,43.00569],[-83.69567,43.00735],[-83.69683,43.00819]]]}},{"type":"Feature","properties":{"name":"FEMA Flood Zone AE - high risk (1% annual chance)","zone":"AE","_color":"#1e6fb8"},"geometry":{"type":"Polygon","coordinates":[[[-83.69776,43.00788],[-83.69632,43.00693],[-83.69596,43.00625],[-83.6963,43.00698],[-83.69776,43.00788]]]}},{"type":"Feature","properties":{"name":"FEMA Flood Zone AE - high risk (1% annual chance)","zone":"AE","_color":"#1e6fb8"},"geometry":{"type":"Polygon","coordinates":[[[-83.65865,43.01084],[-83.65889,43.01119],[-83.65859,43.01081],[-83.65697,43.01087],[-83.6556,43.01055],[-83.65705,43.01104],[-83.65865,43.01084]]]}},{"type":"Feature","properties":{"name":"FEMA Flood Zone AE - high risk (1% annual chance)","zone":"AE","_color":"#1e6fb8"},"geometry":{"type":"Polygon","coordinates":[[[-83.65889,43.0112],[-83.65891,43.01125],[-83.65889,43.0112],[-83.65889,43.0112]]]}},{"type":"Feature","properties":{"name":"FEMA Flood Zone AE - high risk (1% annual chance)","zone":"AE","_color":"#1e6fb8"},"geometry":{"type":"Polygon","coordinates":[[[-83.6594,43.01251],[-83.65951,43.01251],[-83.65935,43.0125],[-83.6594,43.01251]]]}},{"type":"Feature","properties":{"name":"FEMA Flood Zone AE - high risk (1% annual chance)","zone":"AE","_color":"#1e6fb8"},"geometry":{"type":"Polygon","coordinates":[[[-83.66299,43.01285],[-83.66361,43.01272],[-83.66164,43.01228],[-83.65952,43.01251],[-83.66165,43.01229],[-83.66267,43.01247],[-83.66299,43.01285]]]}},{"type":"Feature","properties":{"name":"FEMA Flood Zone AE - high risk (1% annual chance)","zone":"AE","_color":"#1e6fb8"},"geometry":{"type":"Polygon","coordinates":[[[-83.58753,42.97345],[-83.5877,42.97336],[-83.58764,42.97336],[-83.58753,42.97345]]]}},{"type":"Feature","properties":{"name":"FEMA Flood Zone AE - high risk (1% annual chance)","zone":"AE","_color":"#1e6fb8"},"geometry":{"type":"Polygon","coordinates":[[[-83.58753,42.97345],[-83.58681,42.97379],[-83.58661,42.97391],[-83.58753,42.97345]]]}},{"type":"Feature","properties":{"name":"FEMA Flood Zone AE - high risk (1% annual chance)","zone":"AE","_color":"#1e6fb8"},"geometry":{"type":"Polygon","coordinates":[[[-83.58655,42.97394],[-83.58646,42.97397],[-83.58643,42.97402],[-83.58655,42.97394]]]}},{"type":"Feature","properties":{"name":"FEMA Flood Zone AE - high risk (1% annual chance)","zone":"AE","_color":"#1e6fb8"},"geometry":{"type":"Polygon","coordinates":[[[-83.69567,42.97733],[-83.69624,42.97724],[-83.69558,42.9772],[-83.69464,42.97659],[-83.69567,42.97733]]]}},{"type":"Feature","properties":{"name":"FEMA Flood Zone AE - high risk (1% annual chance)","zone":"AE","_color":"#1e6fb8"},"geometry":{"type":"Polygon","coordinates":[[[-83.69783,42.9795],[-83.69751,42.98104],[-83.69766,42.98005],[-83.6984,42.97938],[-83.69841,42.97895],[-83.69798,42.97823],[-83.69688,42.97782],[-83.69636,42.97726],[-83.69705,42.97814],[-83.69797,42.97823],[-83.69783,42.9795]]]}},{"type":"Feature","properties":{"name":"FEMA Flood Zone AE - high risk (1% annual chance)","zone":"AE","_color":"#1e6fb8"},"geometry":{"type":"Polygon","coordinates":[[[-83.58969,42.97373],[-83.58967,42.97372],[-83.58966,42.97373],[-83.58969,42.97373]]]}},{"type":"Feature","properties":{"name":"FEMA Flood Zone AE - high risk (1% annual chance)","zone":"AE","_color":"#1e6fb8"},"geometry":{"type":"Polygon","coordinates":[[[-83.58969,42.97373],[-83.58971,42.97373],[-83.58971,42.97373],[-83.58969,42.97373]]]}},{"type":"Feature","properties":{"name":"FEMA Flood Zone AE - high risk (1% annual chance)","zone":"AE","_color":"#1e6fb8"},"geometry":{"type":"Polygon","coordinates":[[[-83.5896,42.97374],[-83.58964,42.97373],[-83.58949,42.97369],[-83.5896,42.97374]]]}},{"type":"Feature","properties":{"name":"FEMA Flood Zone AE - high risk (1% annual chance)","zone":"AE","_color":"#1e6fb8"},"geometry":{"type":"Polygon","coordinates":[[[-83.58973,42.97374],[-83.58972,42.97374],[-83.58972,42.97374],[-83.58973,42.97374]]]}},{"type":"Feature","properties":{"name":"FEMA Flood Zone AE - high risk (1% annual chance)","zone":"AE","_color":"#1e6fb8"},"geometry":{"type":"Polygon","coordinates":[[[-83.58973,42.97374],[-83.5898,42.9738],[-83.58986,42.97377],[-83.58973,42.97374]]]}},{"type":"Feature","properties":{"name":"FEMA Flood Zone AE - high risk (1% annual chance)","zone":"AE","_color":"#1e6fb8"},"geometry":{"type":"Polygon","coordinates":[[[-83.589,42.97361],[-83.58906,42.97361],[-83.58892,42.97359],[-83.589,42.97361]]]}},{"type":"Feature","properties":{"name":"FEMA Flood Zone AE - high risk (1% annual chance)","zone":"AE","_color":"#1e6fb8"},"geometry":{"type":"Polygon","coordinates":[[[-83.58922,42.97364],[-83.58924,42.97364],[-83.58921,42.97364],[-83.58922,42.97364]]]}},{"type":"Feature","properties":{"name":"FEMA Flood Zone AE - high risk (1% annual chance)","zone":"AE","_color":"#1e6fb8"},"geometry":{"type":"Polygon","coordinates":[[[-83.58927,42.97365],[-83.58927,42.97365],[-83.58926,42.97365],[-83.58927,42.97365]]]}},{"type":"Feature","properties":{"name":"FEMA Flood Zone AE - high risk (1% annual chance)","zone":"AE","_color":"#1e6fb8"},"geometry":{"type":"Polygon","coordinates":[[[-83.58936,42.97369],[-83.58946,42.97369],[-83.58927,42.97365],[-83.58936,42.97369]]]}},{"type":"Feature","properties":{"name":"FEMA Flood Zone AE - high risk (1% annual chance)","zone":"AE","_color":"#1e6fb8"},"geometry":{"type":"Polygon","coordinates":[[[-83.68823,42.9715],[-83.68798,42.97123],[-83.68806,42.97136],[-83.68823,42.9715]]]}},{"type":"Feature","properties":{"name":"FEMA Flood Zone AE - high risk (1% annual chance)","zone":"AE","_color":"#1e6fb8"},"geometry":{"type":"Polygon","coordinates":[[[-83.68823,42.9715],[-83.6887,42.97249],[-83.68915,42.97255],[-83.68914,42.97299],[-83.68972,42.97341],[-83.69206,42.97401],[-83.68976,42.97338],[-83.68926,42.97304],[-83.68911,42.9725],[-83.6887,42.97247],[-83.68823,42.9715]]]}},{"type":"Feature","properties":{"name":"FEMA Flood Zone AE - high risk (1% annual chance)","zone":"AE","_color":"#1e6fb8"},"geometry":{"type":"Polygon","coordinates":[[[-83.64236,43.02389],[-83.64229,43.02418],[-83.64254,43.02382],[-83.64375,43.02355],[-83.64514,43.02372],[-83.64381,43.02352],[-83.64236,43.02389]]]}},{"type":"Feature","properties":{"name":"FEMA Flood Zone AE - high risk (1% annual chance)","zone":"AE","_color":"#1e6fb8"},"geometry":{"type":"Polygon","coordinates":[[[-83.63592,43.02604],[-83.63722,43.02601],[-83.63739,43.02538],[-83.63814,43.02534],[-83.63888,43.02459],[-83.6405,43.02415],[-83.64172,43.0241],[-83.64211,43.02442],[-83.64228,43.02418],[-83.6403,43.0241],[-83.6376,43.02493],[-83.63722,43.0258],[-83.63549,43.02589],[-83.63592,43.02604]]]}},{"type":"Feature","properties":{"name":"FEMA Flood Zone AE - high risk (1% annual chance)","zone":"AE","_color":"#1e6fb8"},"geometry":{"type":"Polygon","coordinates":[[[-83.68668,43.0248],[-83.68537,43.02631],[-83.68423,43.027],[-83.68393,43.02784],[-83.68334,43.02839],[-83.6837,43.02856],[-83.68303,43.02872],[-83.6831,43.02943],[-83.6824,43.02978],[-83.68255,43.03027],[-83.68107,43.03114],[-83.68166,43.03104],[-83.68148,43.0314],[-83.68185,43.03122],[-83.68219,43.0317],[-83.68253,43.03162],[-83.68235,43.03176],[-83.68413,43.03033],[-83.68442,43.02973],[-83.68423,43.02806],[-83.68448,43.02721],[-83.68668,43.0248]],[[-83.68345,43.0298],[-83.68365,43.02992],[-83.68328,43.03026],[-83.68345,43.0298]],[[-83.68324,43.03043],[-83.68383,43.03013],[-83.68362,43.03046],[-83.68324,43.03043]],[[-83.68242,43.03118],[-83.68191,43.03094],[-83.68295,43.03048],[-83.68242,43.03118]],[[-83.68229,43.03146],[-83.68268,43.03138],[-83.68243,43.03154],[-83.68229,43.03146]]]}},{"type":"Feature","properties":{"name":"FEMA Flood Zone AE - high risk (1% annual chance)","zone":"AE","_color":"#1e6fb8"},"geometry":{"type":"Polygon","coordinates":[[[-83.67153,43.02319],[-83.67234,43.02271],[-83.67453,43.02246],[-83.67471,43.02264],[-83.67223,43.02319],[-83.67363,43.0235],[-83.67531,43.02336],[-83.67518,43.02264],[-83.67612,43.02213],[-83.67632,43.0217],[-83.67597,43.02146],[-83.67607,43.021],[-83.67686,43.01956],[-83.67556,43.01893],[-83.67569,43.01855],[-83.67567,43.01979],[-83.67421,43.02228],[-83.67233,43.02267],[-83.67153,43.02319]],[[-83.67519,43.02253],[-83.6752,43.02259],[-83.67507,43.02261],[-83.67519,43.02253]],[[-83.67487,43.02335],[-83.67493,43.02321],[-83.67512,43.02327],[-83.67487,43.02335]]]}}]}
