{"type":"FeatureCollection","_source":"Genesee County (GCMPC) PASER pavement ratings (2024-25), federal-aid roads within the City of Burton, colored Good/Fair/Poor.","features":[{"type":"Feature","properties":{"name":"W I 69/Center RAMP","condition":"Fair","_color":"#e08a00","_weight":4,"_popupRows":[["Condition","Fair"],["PASER rating","5/10"],["Surface","Concrete"],["Rated","2024"]]},"geometry":{"type":"LineString","coordinates":[[-83.6282,43.01417],[-83.63037,43.01435],[-83.63159,43.01473],[-83.63329,43.01554],[-83.63477,43.01562]]}},{"type":"Feature","properties":{"name":"Davison Rd","condition":"Poor","_color":"#c0392b","_weight":4,"_popupRows":[["Condition","Poor"],["PASER rating","3/10"],["Surface","Composite"],["Rated","2024"]]},"geometry":{"type":"LineString","coordinates":[[-83.63536,43.03324],[-83.63243,43.03319]]}},{"type":"Feature","properties":{"name":"Davison Rd","condition":"Poor","_color":"#c0392b","_weight":4,"_popupRows":[["Condition","Poor"],["PASER rating","3/10"],["Surface","Composite"],["Rated","2024"]]},"geometry":{"type":"LineString","coordinates":[[-83.63243,43.03319],[-83.63037,43.03315]]}},{"type":"Feature","properties":{"name":"Davison Rd","condition":"Poor","_color":"#c0392b","_weight":4,"_popupRows":[["Condition","Poor"],["PASER rating","3/10"],["Surface","Composite"],["Rated","2024"]]},"geometry":{"type":"LineString","coordinates":[[-83.63037,43.03315],[-83.62549,43.03314]]}},{"type":"Feature","properties":{"name":"Davison Rd","condition":"Poor","_color":"#c0392b","_weight":4,"_popupRows":[["Condition","Poor"],["PASER rating","3/10"],["Surface","Asphalt"],["Rated","2024"]]},"geometry":{"type":"LineString","coordinates":[[-83.62549,43.03314],[-83.62298,43.03311]]}},{"type":"Feature","properties":{"name":"Davison Rd","condition":"Poor","_color":"#c0392b","_weight":4,"_popupRows":[["Condition","Poor"],["PASER rating","3/10"],["Surface","Asphalt"],["Rated","2024"]]},"geometry":{"type":"LineString","coordinates":[[-83.62298,43.03311],[-83.62132,43.03308]]}},{"type":"Feature","properties":{"name":"Davison Rd","condition":"Poor","_color":"#c0392b","_weight":4,"_popupRows":[["Condition","Poor"],["PASER rating","3/10"],["Surface","Asphalt"],["Rated","2024"]]},"geometry":{"type":"LineString","coordinates":[[-83.62132,43.03308],[-83.61542,43.03305]]}},{"type":"Feature","properties":{"name":"Davison Rd","condition":"Poor","_color":"#c0392b","_weight":4,"_popupRows":[["Condition","Poor"],["PASER rating","3/10"],["Surface","Asphalt"],["Rated","2024"]]},"geometry":{"type":"LineString","coordinates":[[-83.61542,43.03305],[-83.61211,43.03313]]}},{"type":"Feature","properties":{"name":"Davison Rd","condition":"Poor","_color":"#c0392b","_weight":4,"_popupRows":[["Condition","Poor"],["PASER rating","2/10"],["Surface","Asphalt"],["Rated","2024"]]},"geometry":{"type":"LineString","coordinates":[[-83.61211,43.03313],[-83.60801,43.03322]]}},{"type":"Feature","properties":{"name":"Davison Rd","condition":"Poor","_color":"#c0392b","_weight":4,"_popupRows":[["Condition","Poor"],["PASER rating","3/10"],["Surface","Asphalt"],["Rated","2024"]]},"geometry":{"type":"LineString","coordinates":[[-83.60801,43.03322],[-83.60491,43.03332]]}},{"type":"Feature","properties":{"name":"Davison Rd","condition":"Poor","_color":"#c0392b","_weight":4,"_popupRows":[["Condition","Poor"],["PASER rating","3/10"],["Surface","Asphalt"],["Rated","2024"]]},"geometry":{"type":"LineString","coordinates":[[-83.60491,43.03332],[-83.60175,43.03343]]}},{"type":"Feature","properties":{"name":"Davison Rd","condition":"Poor","_color":"#c0392b","_weight":4,"_popupRows":[["Condition","Poor"],["PASER rating","3/10"],["Surface","Asphalt"],["Rated","2024"]]},"geometry":{"type":"LineString","coordinates":[[-83.60175,43.03343],[-83.59977,43.03352]]}},{"type":"Feature","properties":{"name":"Davison Rd","condition":"Poor","_color":"#c0392b","_weight":4,"_popupRows":[["Condition","Poor"],["PASER rating","3/10"],["Surface","Asphalt"],["Rated","2024"]]},"geometry":{"type":"LineString","coordinates":[[-83.59977,43.03352],[-83.59571,43.03365]]}},{"type":"Feature","properties":{"name":"Davison Rd","condition":"Poor","_color":"#c0392b","_weight":4,"_popupRows":[["Condition","Poor"],["PASER rating","3/10"],["Surface","Asphalt"],["Rated","2024"]]},"geometry":{"type":"LineString","coordinates":[[-83.59571,43.03365],[-83.59263,43.03364]]}},{"type":"Feature","properties":{"name":"Davison Rd","condition":"Poor","_color":"#c0392b","_weight":4,"_popupRows":[["Condition","Poor"],["PASER rating","3/10"],["Surface","Asphalt"],["Rated","2024"]]},"geometry":{"type":"LineString","coordinates":[[-83.59263,43.03364],[-83.5871,43.03362]]}},{"type":"Feature","properties":{"name":"Davison Rd","condition":"Poor","_color":"#c0392b","_weight":4,"_popupRows":[["Condition","Poor"],["PASER rating","4/10"],["Surface","Asphalt"],["Rated","2024"]]},"geometry":{"type":"LineString","coordinates":[[-83.5871,43.03362],[-83.58536,43.03362]]}},{"type":"Feature","properties":{"name":"Davison Rd","condition":"Poor","_color":"#c0392b","_weight":4,"_popupRows":[["Condition","Poor"],["PASER rating","4/10"],["Surface","Asphalt"],["Rated","2024"]]},"geometry":{"type":"LineString","coordinates":[[-83.58536,43.03362],[-83.58197,43.03362]]}},{"type":"Feature","properties":{"name":"Davison Rd","condition":"Poor","_color":"#c0392b","_weight":4,"_popupRows":[["Condition","Poor"],["PASER rating","4/10"],["Surface","Asphalt"],["Rated","2024"]]},"geometry":{"type":"LineString","coordinates":[[-83.58197,43.03362],[-83.5816,43.03362]]}},{"type":"Feature","properties":{"name":"Davison Rd","condition":"Poor","_color":"#c0392b","_weight":4,"_popupRows":[["Condition","Poor"],["PASER rating","4/10"],["Surface","Asphalt"],["Rated","2024"]]},"geometry":{"type":"LineString","coordinates":[[-83.5816,43.03362],[-83.57615,43.03364]]}},{"type":"Feature","properties":{"name":"Howe Rd","condition":"Poor","_color":"#c0392b","_weight":4,"_popupRows":[["Condition","Poor"],["PASER rating","2/10"],["Surface","Asphalt"],["Rated","2024"]]},"geometry":{"type":"LineString","coordinates":[[-83.62406,42.98966],[-83.6244,42.99782]]}},{"type":"Feature","properties":{"name":"Howe Rd","condition":"Poor","_color":"#c0392b","_weight":4,"_popupRows":[["Condition","Poor"],["PASER rating","2/10"],["Surface","Asphalt"],["Rated","2024"]]},"geometry":{"type":"LineString","coordinates":[[-83.6244,42.99782],[-83.62446,42.99961]]}},{"type":"Feature","properties":{"name":"Howe Rd","condition":"Poor","_color":"#c0392b","_weight":4,"_popupRows":[["Condition","Poor"],["PASER rating","2/10"],["Surface","Asphalt"],["Rated","2024"]]},"geometry":{"type":"LineString","coordinates":[[-83.62446,42.99961],[-83.62456,43.00163]]}},{"type":"Feature","properties":{"name":"Howe Rd","condition":"Poor","_color":"#c0392b","_weight":4,"_popupRows":[["Condition","Poor"],["PASER rating","2/10"],["Surface","Asphalt"],["Rated","2024"]]},"geometry":{"type":"LineString","coordinates":[[-83.62456,43.00163],[-83.62468,43.00415]]}},{"type":"Feature","properties":{"name":"Belsay Rd","condition":"Poor","_color":"#c0392b","_weight":4,"_popupRows":[["Condition","Poor"],["PASER rating","3/10"],["Surface","Asphalt"],["Rated","2024"]]},"geometry":{"type":"LineString","coordinates":[[-83.59846,42.95571],[-83.59853,42.96105]]}},{"type":"Feature","properties":{"name":"Robert T Longway Blvd","condition":"Poor","_color":"#c0392b","_weight":4,"_popupRows":[["Condition","Poor"],["PASER rating","2/10"],["Surface","Composite"],["Rated","2024"]]},"geometry":{"type":"LineString","coordinates":[[-83.64513,43.02576],[-83.63508,43.02601]]}},{"type":"Feature","properties":{"name":"Kleinpell St","condition":"Poor","_color":"#c0392b","_weight":4,"_popupRows":[["Condition","Poor"],["PASER rating","2/10"],["Surface","Asphalt"],["Rated","2024"]]},"geometry":{"type":"LineString","coordinates":[[-83.64627,42.97968],[-83.64633,42.98043]]}},{"type":"Feature","properties":{"name":"Kleinpell St","condition":"Poor","_color":"#c0392b","_weight":4,"_popupRows":[["Condition","Poor"],["PASER rating","2/10"],["Surface","Asphalt"],["Rated","2024"]]},"geometry":{"type":"LineString","coordinates":[[-83.64633,42.98043],[-83.64634,42.98121]]}},{"type":"Feature","properties":{"name":"Kleinpell St","condition":"Poor","_color":"#c0392b","_weight":4,"_popupRows":[["Condition","Poor"],["PASER rating","2/10"],["Surface","Asphalt"],["Rated","2024"]]},"geometry":{"type":"LineString","coordinates":[[-83.64634,42.98121],[-83.64637,42.98206]]}},{"type":"Feature","properties":{"name":"Covert Rd","condition":"Poor","_color":"#c0392b","_weight":4,"_popupRows":[["Condition","Poor"],["PASER rating","1/10"],["Surface","Asphalt"],["Rated","2024"]]},"geometry":{"type":"LineString","coordinates":[[-83.62549,43.03314],[-83.62555,43.03617]]}},{"type":"Feature","properties":{"name":"Covert Rd","condition":"Poor","_color":"#c0392b","_weight":4,"_popupRows":[["Condition","Poor"],["PASER rating","1/10"],["Surface","Asphalt"],["Rated","2024"]]},"geometry":{"type":"LineString","coordinates":[[-83.62555,43.03617],[-83.62561,43.03737]]}},{"type":"Feature","properties":{"name":"Covert Rd","condition":"Poor","_color":"#c0392b","_weight":4,"_popupRows":[["Condition","Poor"],["PASER rating","1/10"],["Surface","Asphalt"],["Rated","2024"]]},"geometry":{"type":"LineString","coordinates":[[-83.62561,43.03737],[-83.62561,43.03752]]}},{"type":"Feature","properties":{"name":"Covert Rd","condition":"Poor","_color":"#c0392b","_weight":4,"_popupRows":[["Condition","Poor"],["PASER rating","1/10"],["Surface","Asphalt"],["Rated","2024"]]},"geometry":{"type":"LineString","coordinates":[[-83.62561,43.03752],[-83.62563,43.03831]]}},{"type":"Feature","properties":{"name":"Covert Rd","condition":"Poor","_color":"#c0392b","_weight":4,"_popupRows":[["Condition","Poor"],["PASER rating","1/10"],["Surface","Asphalt"],["Rated","2024"]]},"geometry":{"type":"LineString","coordinates":[[-83.62563,43.03831],[-83.62563,43.03859]]}},{"type":"Feature","properties":{"name":"Covert Rd","condition":"Poor","_color":"#c0392b","_weight":4,"_popupRows":[["Condition","Poor"],["PASER rating","1/10"],["Surface","Asphalt"],["Rated","2024"]]},"geometry":{"type":"LineString","coordinates":[[-83.62563,43.03859],[-83.62564,43.03976]]}},{"type":"Feature","properties":{"name":"Covert Rd","condition":"Poor","_color":"#c0392b","_weight":4,"_popupRows":[["Condition","Poor"],["PASER rating","1/10"],["Surface","Asphalt"],["Rated","2024"]]},"geometry":{"type":"LineString","coordinates":[[-83.62564,43.03976],[-83.62568,43.04154]]}},{"type":"Feature","properties":{"name":"Covert Rd","condition":"Poor","_color":"#c0392b","_weight":4,"_popupRows":[["Condition","Poor"],["PASER rating","1/10"],["Surface","Asphalt"],["Rated","2024"]]},"geometry":{"type":"LineString","coordinates":[[-83.62568,43.04154],[-83.62576,43.04308]]}},{"type":"Feature","properties":{"name":"Covert Rd","condition":"Poor","_color":"#c0392b","_weight":4,"_popupRows":[["Condition","Poor"],["PASER rating","1/10"],["Surface","Asphalt"],["Rated","2024"]]},"geometry":{"type":"LineString","coordinates":[[-83.62576,43.04308],[-83.62578,43.04398]]}},{"type":"Feature","properties":{"name":"Covert Rd","condition":"Poor","_color":"#c0392b","_weight":4,"_popupRows":[["Condition","Poor"],["PASER rating","1/10"],["Surface","Asphalt"],["Rated","2024"]]},"geometry":{"type":"LineString","coordinates":[[-83.62578,43.04398],[-83.62584,43.04468]]}},{"type":"Feature","properties":{"name":"E I 69/Belsay RAMP","condition":"Poor","_color":"#c0392b","_weight":4,"_popupRows":[["Condition","Poor"],["PASER rating","3/10"],["Surface","Concrete"],["Rated","2024"]]},"geometry":{"type":"LineString","coordinates":[[-83.60229,43.01936],[-83.59955,43.01911],[-83.59853,43.01874],[-83.59695,43.01782],[-83.59531,43.01771]]}},{"type":"Feature","properties":{"name":"W I 69","condition":"Good","_color":"#4ea735","_weight":4,"_popupRows":[["Condition","Good"],["PASER rating","8/10"],["Surface","Concrete"],["Rated","2024"]]},"geometry":{"type":"LineString","coordinates":[[-83.63964,43.01377],[-83.63473,43.01405]]}},{"type":"Feature","properties":{"name":"W I 69","condition":"Good","_color":"#4ea735","_weight":4,"_popupRows":[["Condition","Good"],["PASER rating","8/10"],["Surface","Concrete"],["Rated","2024"]]},"geometry":{"type":"LineString","coordinates":[[-83.63473,43.01405],[-83.63393,43.01406]]}},{"type":"Feature","properties":{"name":"W I 69","condition":"Good","_color":"#4ea735","_weight":4,"_popupRows":[["Condition","Good"],["PASER rating","8/10"],["Surface","Concrete"],["Rated","2024"]]},"geometry":{"type":"LineString","coordinates":[[-83.63393,43.01406],[-83.6282,43.01417]]}},{"type":"Feature","properties":{"name":"W I 69","condition":"Good","_color":"#4ea735","_weight":4,"_popupRows":[["Condition","Good"],["PASER rating","8/10"],["Surface","Concrete"],["Rated","2024"]]},"geometry":{"type":"LineString","coordinates":[[-83.6282,43.01417],[-83.62446,43.01463],[-83.62124,43.01566]]}},{"type":"Feature","properties":{"name":"W I 69","condition":"Good","_color":"#4ea735","_weight":4,"_popupRows":[["Condition","Good"],["PASER rating","8/10"],["Surface","Concrete"],["Rated","2024"]]},"geometry":{"type":"LineString","coordinates":[[-83.62124,43.01566],[-83.6151,43.01797]]}},{"type":"Feature","properties":{"name":"W I 69","condition":"Good","_color":"#4ea735","_weight":4,"_popupRows":[["Condition","Good"],["PASER rating","8/10"],["Surface","Concrete"],["Rated","2024"]]},"geometry":{"type":"LineString","coordinates":[[-83.6151,43.01797],[-83.61346,43.01857]]}},{"type":"Feature","properties":{"name":"W I 69","condition":"Good","_color":"#4ea735","_weight":4,"_popupRows":[["Condition","Good"],["PASER rating","8/10"],["Surface","Concrete"],["Rated","2024"]]},"geometry":{"type":"LineString","coordinates":[[-83.61346,43.01857],[-83.60924,43.0195]]}},{"type":"Feature","properties":{"name":"W I 69","condition":"Good","_color":"#4ea735","_weight":4,"_popupRows":[["Condition","Good"],["PASER rating","8/10"],["Surface","Concrete"],["Rated","2024"]]},"geometry":{"type":"LineString","coordinates":[[-83.60924,43.0195],[-83.60111,43.01968]]}},{"type":"Feature","properties":{"name":"W I 69","condition":"Fair","_color":"#e08a00","_weight":4,"_popupRows":[["Condition","Fair"],["PASER rating","5/10"],["Surface","Concrete"],["Rated","2024"]]},"geometry":{"type":"LineString","coordinates":[[-83.60111,43.01968],[-83.59536,43.01977]]}},{"type":"Feature","properties":{"name":"W I 69","condition":"Fair","_color":"#e08a00","_weight":4,"_popupRows":[["Condition","Fair"],["PASER rating","5/10"],["Surface","Concrete"],["Rated","2024"]]},"geometry":{"type":"LineString","coordinates":[[-83.59536,43.01977],[-83.59418,43.01977]]}},{"type":"Feature","properties":{"name":"W I 69","condition":"Fair","_color":"#e08a00","_weight":4,"_popupRows":[["Condition","Fair"],["PASER rating","5/10"],["Surface","Concrete"],["Rated","2024"]]},"geometry":{"type":"LineString","coordinates":[[-83.59418,43.01977],[-83.58824,43.01985]]}},{"type":"Feature","properties":{"name":"W I 69","condition":"Fair","_color":"#e08a00","_weight":4,"_popupRows":[["Condition","Fair"],["PASER rating","5/10"],["Surface","Concrete"],["Rated","2024"]]},"geometry":{"type":"LineString","coordinates":[[-83.58824,43.01985],[-83.58256,43.01988],[-83.57957,43.01949]]}},{"type":"Feature","properties":{"name":"W I 69","condition":"Fair","_color":"#e08a00","_weight":4,"_popupRows":[["Condition","Fair"],["PASER rating","5/10"],["Surface","Concrete"],["Rated","2024"]]},"geometry":{"type":"LineString","coordinates":[[-83.57957,43.01949],[-83.57576,43.01825]]}},{"type":"Feature","properties":{"name":"Fenton Rd","condition":"Poor","_color":"#c0392b","_weight":4,"_popupRows":[["Condition","Poor"],["PASER rating","4/10"],["Surface","Asphalt"],["Rated","2024"]]},"geometry":{"type":"LineString","coordinates":[[-83.69247,42.9575],[-83.69252,42.95959]]}},{"type":"Feature","properties":{"name":"Fenton Rd","condition":"Poor","_color":"#c0392b","_weight":4,"_popupRows":[["Condition","Poor"],["PASER rating","2/10"],["Surface","Concrete"],["Rated","2024"]]},"geometry":{"type":"LineString","coordinates":[[-83.69267,42.9641],[-83.69273,42.96686]]}},{"type":"Feature","properties":{"name":"Fenton Rd","condition":"Poor","_color":"#c0392b","_weight":4,"_popupRows":[["Condition","Poor"],["PASER rating","2/10"],["Surface","Concrete"],["Rated","2024"]]},"geometry":{"type":"LineString","coordinates":[[-83.69275,42.96861],[-83.69274,42.96899]]}},{"type":"Feature","properties":{"name":"N Saginaw St","condition":"Good","_color":"#4ea735","_weight":4,"_popupRows":[["Condition","Good"],["PASER rating","8/10"],["Surface","Composite"],["Rated","2024"]]},"geometry":{"type":"LineString","coordinates":[[-83.66629,42.95905],[-83.66744,42.96003]]}},{"type":"Feature","properties":{"name":"N Saginaw St","condition":"Fair","_color":"#e08a00","_weight":4,"_popupRows":[["Condition","Fair"],["PASER rating","6/10"],["Surface","Asphalt"],["Rated","2024"]]},"geometry":{"type":"LineString","coordinates":[[-83.66744,42.96003],[-83.66916,42.96157],[-83.66979,42.96238]]}},{"type":"Feature","properties":{"name":"N Saginaw St","condition":"Fair","_color":"#e08a00","_weight":4,"_popupRows":[["Condition","Fair"],["PASER rating","6/10"],["Surface","Asphalt"],["Rated","2024"]]},"geometry":{"type":"LineString","coordinates":[[-83.66979,42.96238],[-83.67013,42.96291]]}},{"type":"Feature","properties":{"name":"N Saginaw St","condition":"Fair","_color":"#e08a00","_weight":4,"_popupRows":[["Condition","Fair"],["PASER rating","6/10"],["Surface","Asphalt"],["Rated","2024"]]},"geometry":{"type":"LineString","coordinates":[[-83.67013,42.96291],[-83.67025,42.96308]]}},{"type":"Feature","properties":{"name":"N Saginaw St","condition":"Fair","_color":"#e08a00","_weight":4,"_popupRows":[["Condition","Fair"],["PASER rating","6/10"],["Surface","Asphalt"],["Rated","2024"]]},"geometry":{"type":"LineString","coordinates":[[-83.67025,42.96308],[-83.67073,42.96379]]}},{"type":"Feature","properties":{"name":"N Saginaw St","condition":"Fair","_color":"#e08a00","_weight":4,"_popupRows":[["Condition","Fair"],["PASER rating","6/10"],["Surface","Asphalt"],["Rated","2024"]]},"geometry":{"type":"LineString","coordinates":[[-83.67073,42.96379],[-83.67114,42.96454]]}},{"type":"Feature","properties":{"name":"N Saginaw St","condition":"Fair","_color":"#e08a00","_weight":4,"_popupRows":[["Condition","Fair"],["PASER rating","6/10"],["Surface","Asphalt"],["Rated","2024"]]},"geometry":{"type":"LineString","coordinates":[[-83.67114,42.96454],[-83.67133,42.96487]]}},{"type":"Feature","properties":{"name":"N Saginaw St","condition":"Fair","_color":"#e08a00","_weight":4,"_popupRows":[["Condition","Fair"],["PASER rating","6/10"],["Surface","Asphalt"],["Rated","2024"]]},"geometry":{"type":"LineString","coordinates":[[-83.67133,42.96487],[-83.67164,42.96577]]}},{"type":"Feature","properties":{"name":"N Saginaw St","condition":"Fair","_color":"#e08a00","_weight":4,"_popupRows":[["Condition","Fair"],["PASER rating","6/10"],["Surface","Asphalt"],["Rated","2024"]]},"geometry":{"type":"LineString","coordinates":[[-83.67164,42.96577],[-83.67173,42.96647]]}},{"type":"Feature","properties":{"name":"N Saginaw St","condition":"Fair","_color":"#e08a00","_weight":4,"_popupRows":[["Condition","Fair"],["PASER rating","6/10"],["Surface","Asphalt"],["Rated","2024"]]},"geometry":{"type":"LineString","coordinates":[[-83.67173,42.96647],[-83.67179,42.9672]]}},{"type":"Feature","properties":{"name":"N Saginaw St","condition":"Fair","_color":"#e08a00","_weight":4,"_popupRows":[["Condition","Fair"],["PASER rating","6/10"],["Surface","Asphalt"],["Rated","2024"]]},"geometry":{"type":"LineString","coordinates":[[-83.67179,42.9672],[-83.6719,42.96793]]}},{"type":"Feature","properties":{"name":"N Saginaw St","condition":"Fair","_color":"#e08a00","_weight":4,"_popupRows":[["Condition","Fair"],["PASER rating","6/10"],["Surface","Asphalt"],["Rated","2024"]]},"geometry":{"type":"LineString","coordinates":[[-83.6719,42.96793],[-83.67198,42.96865]]}},{"type":"Feature","properties":{"name":"N Saginaw St","condition":"Fair","_color":"#e08a00","_weight":4,"_popupRows":[["Condition","Fair"],["PASER rating","6/10"],["Surface","Asphalt"],["Rated","2024"]]},"geometry":{"type":"LineString","coordinates":[[-83.67198,42.96865],[-83.67207,42.96935]]}},{"type":"Feature","properties":{"name":"N Saginaw St","condition":"Fair","_color":"#e08a00","_weight":4,"_popupRows":[["Condition","Fair"],["PASER rating","6/10"],["Surface","Asphalt"],["Rated","2024"]]},"geometry":{"type":"LineString","coordinates":[[-83.67207,42.96935],[-83.67216,42.97008]]}},{"type":"Feature","properties":{"name":"N Saginaw St","condition":"Fair","_color":"#e08a00","_weight":4,"_popupRows":[["Condition","Fair"],["PASER rating","6/10"],["Surface","Asphalt"],["Rated","2024"]]},"geometry":{"type":"LineString","coordinates":[[-83.67216,42.97008],[-83.67221,42.97078]]}},{"type":"Feature","properties":{"name":"N Saginaw St","condition":"Fair","_color":"#e08a00","_weight":4,"_popupRows":[["Condition","Fair"],["PASER rating","6/10"],["Surface","Asphalt"],["Rated","2024"]]},"geometry":{"type":"LineString","coordinates":[[-83.67221,42.97078],[-83.67231,42.9715]]}},{"type":"Feature","properties":{"name":"N Saginaw St","condition":"Fair","_color":"#e08a00","_weight":4,"_popupRows":[["Condition","Fair"],["PASER rating","6/10"],["Surface","Asphalt"],["Rated","2024"]]},"geometry":{"type":"LineString","coordinates":[[-83.67231,42.9715],[-83.67234,42.972]]}},{"type":"Feature","properties":{"name":"N Saginaw St","condition":"Fair","_color":"#e08a00","_weight":4,"_popupRows":[["Condition","Fair"],["PASER rating","6/10"],["Surface","Asphalt"],["Rated","2024"]]},"geometry":{"type":"LineString","coordinates":[[-83.67234,42.972],[-83.67236,42.97221]]}},{"type":"Feature","properties":{"name":"N Saginaw St","condition":"Fair","_color":"#e08a00","_weight":4,"_popupRows":[["Condition","Fair"],["PASER rating","6/10"],["Surface","Asphalt"],["Rated","2024"]]},"geometry":{"type":"LineString","coordinates":[[-83.67236,42.97221],[-83.67247,42.97297]]}},{"type":"Feature","properties":{"name":"N Saginaw St","condition":"Fair","_color":"#e08a00","_weight":4,"_popupRows":[["Condition","Fair"],["PASER rating","6/10"],["Surface","Asphalt"],["Rated","2024"]]},"geometry":{"type":"LineString","coordinates":[[-83.67247,42.97297],[-83.67255,42.97371]]}},{"type":"Feature","properties":{"name":"N Saginaw St","condition":"Fair","_color":"#e08a00","_weight":4,"_popupRows":[["Condition","Fair"],["PASER rating","6/10"],["Surface","Asphalt"],["Rated","2024"]]},"geometry":{"type":"LineString","coordinates":[[-83.67255,42.97371],[-83.67265,42.97444]]}},{"type":"Feature","properties":{"name":"N Saginaw St","condition":"Fair","_color":"#e08a00","_weight":4,"_popupRows":[["Condition","Fair"],["PASER rating","5/10"],["Surface","Asphalt"],["Rated","2024"]]},"geometry":{"type":"LineString","coordinates":[[-83.67265,42.97444],[-83.67283,42.97525]]}},{"type":"Feature","properties":{"name":"N Saginaw St","condition":"Fair","_color":"#e08a00","_weight":4,"_popupRows":[["Condition","Fair"],["PASER rating","5/10"],["Surface","Asphalt"],["Rated","2024"]]},"geometry":{"type":"LineString","coordinates":[[-83.67283,42.97525],[-83.67298,42.97596]]}},{"type":"Feature","properties":{"name":"N Saginaw St","condition":"Fair","_color":"#e08a00","_weight":4,"_popupRows":[["Condition","Fair"],["PASER rating","5/10"],["Surface","Asphalt"],["Rated","2024"]]},"geometry":{"type":"LineString","coordinates":[[-83.67298,42.97596],[-83.67315,42.97665]]}},{"type":"Feature","properties":{"name":"N Saginaw St","condition":"Fair","_color":"#e08a00","_weight":4,"_popupRows":[["Condition","Fair"],["PASER rating","6/10"],["Surface","Asphalt"],["Rated","2024"]]},"geometry":{"type":"LineString","coordinates":[[-83.67315,42.97665],[-83.67332,42.97737]]}},{"type":"Feature","properties":{"name":"N Saginaw St","condition":"Fair","_color":"#e08a00","_weight":4,"_popupRows":[["Condition","Fair"],["PASER rating","6/10"],["Surface","Asphalt"],["Rated","2024"]]},"geometry":{"type":"LineString","coordinates":[[-83.67332,42.97737],[-83.6735,42.97807]]}},{"type":"Feature","properties":{"name":"N Saginaw St","condition":"Fair","_color":"#e08a00","_weight":4,"_popupRows":[["Condition","Fair"],["PASER rating","6/10"],["Surface","Asphalt"],["Rated","2024"]]},"geometry":{"type":"LineString","coordinates":[[-83.6735,42.97807],[-83.67368,42.97879]]}},{"type":"Feature","properties":{"name":"N Saginaw St","condition":"Fair","_color":"#e08a00","_weight":4,"_popupRows":[["Condition","Fair"],["PASER rating","6/10"],["Surface","Asphalt"],["Rated","2024"]]},"geometry":{"type":"LineString","coordinates":[[-83.67368,42.97879],[-83.67383,42.97952]]}},{"type":"Feature","properties":{"name":"N Saginaw St","condition":"Fair","_color":"#e08a00","_weight":4,"_popupRows":[["Condition","Fair"],["PASER rating","6/10"],["Surface","Asphalt"],["Rated","2024"]]},"geometry":{"type":"LineString","coordinates":[[-83.67383,42.97952],[-83.674,42.98023]]}},{"type":"Feature","properties":{"name":"N Saginaw St","condition":"Fair","_color":"#e08a00","_weight":4,"_popupRows":[["Condition","Fair"],["PASER rating","6/10"],["Surface","Asphalt"],["Rated","2024"]]},"geometry":{"type":"LineString","coordinates":[[-83.674,42.98023],[-83.67417,42.98094]]}},{"type":"Feature","properties":{"name":"Center/E I 69 RAMP","condition":"Fair","_color":"#e08a00","_weight":4,"_popupRows":[["Condition","Fair"],["PASER rating","5/10"],["Surface","Concrete"],["Rated","2024"]]},"geometry":{"type":"LineString","coordinates":[[-83.63468,43.01239],[-83.63436,43.01312],[-83.63395,43.01339],[-83.63041,43.0139]]}},{"type":"Feature","properties":{"name":"E Bristol Rd","condition":"Fair","_color":"#e08a00","_weight":4,"_popupRows":[["Condition","Fair"],["PASER rating","7/10"],["Surface","Composite"],["Rated","2024"]]},"geometry":{"type":"LineString","coordinates":[[-83.69276,42.97407],[-83.68752,42.97416]]}},{"type":"Feature","properties":{"name":"E Bristol Rd","condition":"Fair","_color":"#e08a00","_weight":4,"_popupRows":[["Condition","Fair"],["PASER rating","7/10"],["Surface","Composite"],["Rated","2024"]]},"geometry":{"type":"LineString","coordinates":[[-83.68752,42.97416],[-83.68425,42.97423]]}},{"type":"Feature","properties":{"name":"E Bristol Rd","condition":"Fair","_color":"#e08a00","_weight":4,"_popupRows":[["Condition","Fair"],["PASER rating","7/10"],["Surface","Composite"],["Rated","2024"]]},"geometry":{"type":"LineString","coordinates":[[-83.68425,42.97423],[-83.68369,42.97424]]}},{"type":"Feature","properties":{"name":"E Bristol Rd","condition":"Fair","_color":"#e08a00","_weight":4,"_popupRows":[["Condition","Fair"],["PASER rating","7/10"],["Surface","Composite"],["Rated","2024"]]},"geometry":{"type":"LineString","coordinates":[[-83.68369,42.97424],[-83.68256,42.97426]]}},{"type":"Feature","properties":{"name":"E Bristol Rd","condition":"Good","_color":"#4ea735","_weight":4,"_popupRows":[["Condition","Good"],["PASER rating","8/10"],["Surface","Concrete"],["Rated","2024"]]},"geometry":{"type":"LineString","coordinates":[[-83.68256,42.97426],[-83.682,42.97427]]}},{"type":"Feature","properties":{"name":"E Bristol Rd","condition":"Good","_color":"#4ea735","_weight":4,"_popupRows":[["Condition","Good"],["PASER rating","8/10"],["Surface","Concrete"],["Rated","2024"]]},"geometry":{"type":"LineString","coordinates":[[-83.682,42.97427],[-83.6818,42.97427]]}},{"type":"Feature","properties":{"name":"E Bristol Rd","condition":"Good","_color":"#4ea735","_weight":4,"_popupRows":[["Condition","Good"],["PASER rating","8/10"],["Surface","Concrete"],["Rated","2024"]]},"geometry":{"type":"LineString","coordinates":[[-83.6818,42.97427],[-83.68129,42.97428]]}},{"type":"Feature","properties":{"name":"E Bristol Rd","condition":"Fair","_color":"#e08a00","_weight":4,"_popupRows":[["Condition","Fair"],["PASER rating","7/10"],["Surface","Asphalt"],["Rated","2024"]]},"geometry":{"type":"LineString","coordinates":[[-83.68129,42.97428],[-83.68022,42.9743]]}},{"type":"Feature","properties":{"name":"E Bristol Rd","condition":"Fair","_color":"#e08a00","_weight":4,"_popupRows":[["Condition","Fair"],["PASER rating","7/10"],["Surface","Asphalt"],["Rated","2024"]]},"geometry":{"type":"LineString","coordinates":[[-83.68022,42.9743],[-83.68,42.97431]]}},{"type":"Feature","properties":{"name":"E Bristol Rd","condition":"Fair","_color":"#e08a00","_weight":4,"_popupRows":[["Condition","Fair"],["PASER rating","7/10"],["Surface","Asphalt"],["Rated","2024"]]},"geometry":{"type":"LineString","coordinates":[[-83.68,42.97431],[-83.67901,42.97431]]}},{"type":"Feature","properties":{"name":"E Bristol Rd","condition":"Fair","_color":"#e08a00","_weight":4,"_popupRows":[["Condition","Fair"],["PASER rating","7/10"],["Surface","Asphalt"],["Rated","2024"]]},"geometry":{"type":"LineString","coordinates":[[-83.67901,42.97431],[-83.67639,42.97436]]}},{"type":"Feature","properties":{"name":"E Bristol Rd","condition":"Fair","_color":"#e08a00","_weight":4,"_popupRows":[["Condition","Fair"],["PASER rating","7/10"],["Surface","Asphalt"],["Rated","2024"]]},"geometry":{"type":"LineString","coordinates":[[-83.67639,42.97436],[-83.67265,42.97444]]}},{"type":"Feature","properties":{"name":"E Bristol Rd","condition":"Good","_color":"#4ea735","_weight":4,"_popupRows":[["Condition","Good"],["PASER rating","8/10"],["Surface","Asphalt"],["Rated","2024"]]},"geometry":{"type":"LineString","coordinates":[[-83.67265,42.97444],[-83.66921,42.97449]]}},{"type":"Feature","properties":{"name":"E Bristol Rd","condition":"Good","_color":"#4ea735","_weight":4,"_popupRows":[["Condition","Good"],["PASER rating","8/10"],["Surface","Asphalt"],["Rated","2024"]]},"geometry":{"type":"LineString","coordinates":[[-83.66921,42.97449],[-83.66601,42.97452]]}},{"type":"Feature","properties":{"name":"E Bristol Rd","condition":"Good","_color":"#4ea735","_weight":4,"_popupRows":[["Condition","Good"],["PASER rating","8/10"],["Surface","Asphalt"],["Rated","2024"]]},"geometry":{"type":"LineString","coordinates":[[-83.66601,42.97452],[-83.66504,42.97457]]}},{"type":"Feature","properties":{"name":"E Bristol Rd","condition":"Good","_color":"#4ea735","_weight":4,"_popupRows":[["Condition","Good"],["PASER rating","8/10"],["Surface","Asphalt"],["Rated","2024"]]},"geometry":{"type":"LineString","coordinates":[[-83.66504,42.97457],[-83.66331,42.97458]]}},{"type":"Feature","properties":{"name":"E Bristol Rd","condition":"Good","_color":"#4ea735","_weight":4,"_popupRows":[["Condition","Good"],["PASER rating","8/10"],["Surface","Asphalt"],["Rated","2024"]]},"geometry":{"type":"LineString","coordinates":[[-83.66331,42.97458],[-83.66135,42.9746]]}},{"type":"Feature","properties":{"name":"E Bristol Rd","condition":"Good","_color":"#4ea735","_weight":4,"_popupRows":[["Condition","Good"],["PASER rating","8/10"],["Surface","Asphalt"],["Rated","2024"]]},"geometry":{"type":"LineString","coordinates":[[-83.66135,42.9746],[-83.6597,42.97464]]}},{"type":"Feature","properties":{"name":"E Bristol Rd","condition":"Fair","_color":"#e08a00","_weight":4,"_popupRows":[["Condition","Fair"],["PASER rating","6/10"],["Surface","Asphalt"],["Rated","2024"]]},"geometry":{"type":"LineString","coordinates":[[-83.64544,42.97486],[-83.6422,42.97491]]}},{"type":"Feature","properties":{"name":"E Bristol Rd","condition":"Fair","_color":"#e08a00","_weight":4,"_popupRows":[["Condition","Fair"],["PASER rating","6/10"],["Surface","Asphalt"],["Rated","2024"]]},"geometry":{"type":"LineString","coordinates":[[-83.6422,42.97491],[-83.64047,42.97494]]}},{"type":"Feature","properties":{"name":"E Bristol Rd","condition":"Fair","_color":"#e08a00","_weight":4,"_popupRows":[["Condition","Fair"],["PASER rating","6/10"],["Surface","Asphalt"],["Rated","2024"]]},"geometry":{"type":"LineString","coordinates":[[-83.64047,42.97494],[-83.63575,42.97502]]}},{"type":"Feature","properties":{"name":"E Bristol Rd","condition":"Fair","_color":"#e08a00","_weight":4,"_popupRows":[["Condition","Fair"],["PASER rating","6/10"],["Surface","Asphalt"],["Rated","2024"]]},"geometry":{"type":"LineString","coordinates":[[-83.63575,42.97502],[-83.63546,42.97503]]}},{"type":"Feature","properties":{"name":"E Bristol Rd","condition":"Fair","_color":"#e08a00","_weight":4,"_popupRows":[["Condition","Fair"],["PASER rating","6/10"],["Surface","Asphalt"],["Rated","2024"]]},"geometry":{"type":"LineString","coordinates":[[-83.63546,42.97503],[-83.63324,42.97504]]}},{"type":"Feature","properties":{"name":"E Bristol Rd","condition":"Poor","_color":"#c0392b","_weight":4,"_popupRows":[["Condition","Poor"],["PASER rating","4/10"],["Surface","Composite"],["Rated","2024"]]},"geometry":{"type":"LineString","coordinates":[[-83.63324,42.97504],[-83.62626,42.97514]]}},{"type":"Feature","properties":{"name":"E Bristol Rd","condition":"Poor","_color":"#c0392b","_weight":4,"_popupRows":[["Condition","Poor"],["PASER rating","4/10"],["Surface","Composite"],["Rated","2024"]]},"geometry":{"type":"LineString","coordinates":[[-83.62626,42.97514],[-83.62344,42.97517]]}},{"type":"Feature","properties":{"name":"E Bristol Rd","condition":"Poor","_color":"#c0392b","_weight":4,"_popupRows":[["Condition","Poor"],["PASER rating","4/10"],["Surface","Composite"],["Rated","2024"]]},"geometry":{"type":"LineString","coordinates":[[-83.62344,42.97517],[-83.62222,42.97518]]}},{"type":"Feature","properties":{"name":"E Bristol Rd","condition":"Poor","_color":"#c0392b","_weight":4,"_popupRows":[["Condition","Poor"],["PASER rating","4/10"],["Surface","Composite"],["Rated","2024"]]},"geometry":{"type":"LineString","coordinates":[[-83.62222,42.97518],[-83.61368,42.97528]]}},{"type":"Feature","properties":{"name":"E Bristol Rd","condition":"Poor","_color":"#c0392b","_weight":4,"_popupRows":[["Condition","Poor"],["PASER rating","2/10"],["Surface","Composite"],["Rated","2024"]]},"geometry":{"type":"LineString","coordinates":[[-83.61368,42.97528],[-83.60781,42.97536]]}},{"type":"Feature","properties":{"name":"E Bristol Rd","condition":"Poor","_color":"#c0392b","_weight":4,"_popupRows":[["Condition","Poor"],["PASER rating","2/10"],["Surface","Composite"],["Rated","2024"]]},"geometry":{"type":"LineString","coordinates":[[-83.60781,42.97536],[-83.60137,42.97548]]}},{"type":"Feature","properties":{"name":"E Bristol Rd","condition":"Poor","_color":"#c0392b","_weight":4,"_popupRows":[["Condition","Poor"],["PASER rating","2/10"],["Surface","Composite"],["Rated","2024"]]},"geometry":{"type":"LineString","coordinates":[[-83.60137,42.97548],[-83.59591,42.9756]]}},{"type":"Feature","properties":{"name":"E Bristol Rd","condition":"Poor","_color":"#c0392b","_weight":4,"_popupRows":[["Condition","Poor"],["PASER rating","1/10"],["Surface","Concrete"],["Rated","2024"]]},"geometry":{"type":"LineString","coordinates":[[-83.59378,42.97564],[-83.58985,42.97572]]}},{"type":"Feature","properties":{"name":"E Bristol Rd","condition":"Poor","_color":"#c0392b","_weight":4,"_popupRows":[["Condition","Poor"],["PASER rating","1/10"],["Surface","Concrete"],["Rated","2024"]]},"geometry":{"type":"LineString","coordinates":[[-83.58985,42.97572],[-83.58952,42.97571]]}},{"type":"Feature","properties":{"name":"E Bristol Rd","condition":"Poor","_color":"#c0392b","_weight":4,"_popupRows":[["Condition","Poor"],["PASER rating","1/10"],["Surface","Concrete"],["Rated","2024"]]},"geometry":{"type":"LineString","coordinates":[[-83.58952,42.97571],[-83.58644,42.97573]]}},{"type":"Feature","properties":{"name":"E Bristol Rd","condition":"Poor","_color":"#c0392b","_weight":4,"_popupRows":[["Condition","Poor"],["PASER rating","1/10"],["Surface","Concrete"],["Rated","2024"]]},"geometry":{"type":"LineString","coordinates":[[-83.58644,42.97573],[-83.57447,42.97587]]}},{"type":"Feature","properties":{"name":"E Bristol Rd","condition":"Poor","_color":"#c0392b","_weight":4,"_popupRows":[["Condition","Poor"],["PASER rating","4/10"],["Surface","Concrete"],["Rated","2024"]]},"geometry":{"type":"LineString","coordinates":[[-83.57447,42.97587],[-83.57435,42.97587]]}},{"type":"Feature","properties":{"name":"S I 475","condition":"Fair","_color":"#e08a00","_weight":4,"_popupRows":[["Condition","Fair"],["PASER rating","7/10"],["Surface","Concrete"],["Rated","2024"]]},"geometry":{"type":"LineString","coordinates":[[-83.68282,42.95977],[-83.6829,42.96376],[-83.68215,42.97022]]}},{"type":"Feature","properties":{"name":"S I 475","condition":"Poor","_color":"#c0392b","_weight":4,"_popupRows":[["Condition","Poor"],["PASER rating","3/10"],["Surface","Concrete"],["Rated","2024"]]},"geometry":{"type":"LineString","coordinates":[[-83.68215,42.97022],[-83.68193,42.97265],[-83.682,42.97427]]}},{"type":"Feature","properties":{"name":"S I 475","condition":"Poor","_color":"#c0392b","_weight":4,"_popupRows":[["Condition","Poor"],["PASER rating","3/10"],["Surface","Concrete"],["Rated","2024"]]},"geometry":{"type":"LineString","coordinates":[[-83.682,42.97427],[-83.68226,42.98046]]}},{"type":"Feature","properties":{"name":"S I 475","condition":"Poor","_color":"#c0392b","_weight":4,"_popupRows":[["Condition","Poor"],["PASER rating","3/10"],["Surface","Concrete"],["Rated","2024"]]},"geometry":{"type":"LineString","coordinates":[[-83.68226,42.98046],[-83.68232,42.98154]]}},{"type":"Feature","properties":{"name":"E Judd Rd","condition":"Poor","_color":"#c0392b","_weight":4,"_popupRows":[["Condition","Poor"],["PASER rating","3/10"],["Surface","Asphalt"],["Rated","2024"]]},"geometry":{"type":"LineString","coordinates":[[-83.67179,42.9672],[-83.66907,42.96725]]}},{"type":"Feature","properties":{"name":"E Judd Rd","condition":"Poor","_color":"#c0392b","_weight":4,"_popupRows":[["Condition","Poor"],["PASER rating","3/10"],["Surface","Asphalt"],["Rated","2024"]]},"geometry":{"type":"LineString","coordinates":[[-83.66907,42.96725],[-83.66582,42.96728]]}},{"type":"Feature","properties":{"name":"E Judd Rd","condition":"Poor","_color":"#c0392b","_weight":4,"_popupRows":[["Condition","Poor"],["PASER rating","3/10"],["Surface","Asphalt"],["Rated","2024"]]},"geometry":{"type":"LineString","coordinates":[[-83.66582,42.96728],[-83.66311,42.96733]]}},{"type":"Feature","properties":{"name":"E Judd Rd","condition":"Fair","_color":"#e08a00","_weight":4,"_popupRows":[["Condition","Fair"],["PASER rating","6/10"],["Surface","Asphalt"],["Rated","2024"]]},"geometry":{"type":"LineString","coordinates":[[-83.66311,42.96733],[-83.65618,42.96742]]}},{"type":"Feature","properties":{"name":"E Judd Rd","condition":"Fair","_color":"#e08a00","_weight":4,"_popupRows":[["Condition","Fair"],["PASER rating","6/10"],["Surface","Asphalt"],["Rated","2024"]]},"geometry":{"type":"LineString","coordinates":[[-83.65618,42.96742],[-83.65266,42.96747]]}},{"type":"Feature","properties":{"name":"S Center Rd","condition":"Poor","_color":"#c0392b","_weight":4,"_popupRows":[["Condition","Poor"],["PASER rating","4/10"],["Surface","Asphalt"],["Rated","2024"]]},"geometry":{"type":"LineString","coordinates":[[-83.63335,42.9588],[-83.63286,42.96048]]}},{"type":"Feature","properties":{"name":"S Center Rd","condition":"Fair","_color":"#e08a00","_weight":4,"_popupRows":[["Condition","Fair"],["PASER rating","6/10"],["Surface","Asphalt"],["Rated","2024"]]},"geometry":{"type":"LineString","coordinates":[[-83.63286,42.96048],[-83.63281,42.96112]]}},{"type":"Feature","properties":{"name":"S Center Rd","condition":"Fair","_color":"#e08a00","_weight":4,"_popupRows":[["Condition","Fair"],["PASER rating","6/10"],["Surface","Asphalt"],["Rated","2024"]]},"geometry":{"type":"LineString","coordinates":[[-83.63281,42.96112],[-83.63296,42.96605]]}},{"type":"Feature","properties":{"name":"S Center Rd","condition":"Fair","_color":"#e08a00","_weight":4,"_popupRows":[["Condition","Fair"],["PASER rating","6/10"],["Surface","Asphalt"],["Rated","2024"]]},"geometry":{"type":"LineString","coordinates":[[-83.63296,42.96605],[-83.63311,42.9709]]}},{"type":"Feature","properties":{"name":"S Center Rd","condition":"Fair","_color":"#e08a00","_weight":4,"_popupRows":[["Condition","Fair"],["PASER rating","6/10"],["Surface","Asphalt"],["Rated","2024"]]},"geometry":{"type":"LineString","coordinates":[[-83.63311,42.9709],[-83.63314,42.97188]]}},{"type":"Feature","properties":{"name":"S Center Rd","condition":"Fair","_color":"#e08a00","_weight":4,"_popupRows":[["Condition","Fair"],["PASER rating","6/10"],["Surface","Asphalt"],["Rated","2024"]]},"geometry":{"type":"LineString","coordinates":[[-83.63314,42.97188],[-83.63324,42.97504]]}},{"type":"Feature","properties":{"name":"S Center Rd","condition":"Fair","_color":"#e08a00","_weight":4,"_popupRows":[["Condition","Fair"],["PASER rating","7/10"],["Surface","Asphalt"],["Rated","2024"]]},"geometry":{"type":"LineString","coordinates":[[-83.63324,42.97504],[-83.63336,42.98141]]}},{"type":"Feature","properties":{"name":"S Center Rd","condition":"Fair","_color":"#e08a00","_weight":4,"_popupRows":[["Condition","Fair"],["PASER rating","7/10"],["Surface","Asphalt"],["Rated","2024"]]},"geometry":{"type":"LineString","coordinates":[[-83.63336,42.98141],[-83.63339,42.98229]]}},{"type":"Feature","properties":{"name":"S Center Rd","condition":"Fair","_color":"#e08a00","_weight":4,"_popupRows":[["Condition","Fair"],["PASER rating","7/10"],["Surface","Asphalt"],["Rated","2024"]]},"geometry":{"type":"LineString","coordinates":[[-83.63339,42.98229],[-83.63376,42.98955]]}},{"type":"Feature","properties":{"name":"S Center Rd","condition":"Fair","_color":"#e08a00","_weight":4,"_popupRows":[["Condition","Fair"],["PASER rating","6/10"],["Surface","Asphalt"],["Rated","2024"]]},"geometry":{"type":"LineString","coordinates":[[-83.63376,42.98955],[-83.63388,42.99298]]}},{"type":"Feature","properties":{"name":"S Center Rd","condition":"Fair","_color":"#e08a00","_weight":4,"_popupRows":[["Condition","Fair"],["PASER rating","6/10"],["Surface","Asphalt"],["Rated","2024"]]},"geometry":{"type":"LineString","coordinates":[[-83.63388,42.99298],[-83.63395,42.99452]]}},{"type":"Feature","properties":{"name":"S Center Rd","condition":"Fair","_color":"#e08a00","_weight":4,"_popupRows":[["Condition","Fair"],["PASER rating","6/10"],["Surface","Asphalt"],["Rated","2024"]]},"geometry":{"type":"LineString","coordinates":[[-83.63395,42.99452],[-83.63398,42.996]]}},{"type":"Feature","properties":{"name":"S Center Rd","condition":"Fair","_color":"#e08a00","_weight":4,"_popupRows":[["Condition","Fair"],["PASER rating","7/10"],["Surface","Asphalt"],["Rated","2024"]]},"geometry":{"type":"LineString","coordinates":[[-83.63398,42.996],[-83.63409,42.9981]]}},{"type":"Feature","properties":{"name":"S Center Rd","condition":"Fair","_color":"#e08a00","_weight":4,"_popupRows":[["Condition","Fair"],["PASER rating","7/10"],["Surface","Asphalt"],["Rated","2024"]]},"geometry":{"type":"LineString","coordinates":[[-83.63409,42.9981],[-83.6342,43.00008]]}},{"type":"Feature","properties":{"name":"S Center Rd","condition":"Poor","_color":"#c0392b","_weight":4,"_popupRows":[["Condition","Poor"],["PASER rating","4/10"],["Surface","Asphalt"],["Rated","2024"]]},"geometry":{"type":"LineString","coordinates":[[-83.63464,43.01011],[-83.63466,43.01154]]}},{"type":"Feature","properties":{"name":"S Center Rd","condition":"Poor","_color":"#c0392b","_weight":4,"_popupRows":[["Condition","Poor"],["PASER rating","4/10"],["Surface","Asphalt"],["Rated","2024"]]},"geometry":{"type":"LineString","coordinates":[[-83.63468,43.01227],[-83.63468,43.01239]]}},{"type":"Feature","properties":{"name":"S Center Rd","condition":"Poor","_color":"#c0392b","_weight":4,"_popupRows":[["Condition","Poor"],["PASER rating","4/10"],["Surface","Asphalt"],["Rated","2024"]]},"geometry":{"type":"LineString","coordinates":[[-83.63468,43.01239],[-83.6347,43.01326]]}},{"type":"Feature","properties":{"name":"S Center Rd","condition":"Poor","_color":"#c0392b","_weight":4,"_popupRows":[["Condition","Poor"],["PASER rating","4/10"],["Surface","Asphalt"],["Rated","2024"]]},"geometry":{"type":"LineString","coordinates":[[-83.6347,43.01326],[-83.63473,43.01381]]}},{"type":"Feature","properties":{"name":"S Center Rd","condition":"Poor","_color":"#c0392b","_weight":4,"_popupRows":[["Condition","Poor"],["PASER rating","4/10"],["Surface","Asphalt"],["Rated","2024"]]},"geometry":{"type":"LineString","coordinates":[[-83.63473,43.01381],[-83.63473,43.01405]]}},{"type":"Feature","properties":{"name":"S Center Rd","condition":"Poor","_color":"#c0392b","_weight":4,"_popupRows":[["Condition","Poor"],["PASER rating","4/10"],["Surface","Asphalt"],["Rated","2024"]]},"geometry":{"type":"LineString","coordinates":[[-83.63473,43.01405],[-83.63473,43.01458]]}},{"type":"Feature","properties":{"name":"S Center Rd","condition":"Poor","_color":"#c0392b","_weight":4,"_popupRows":[["Condition","Poor"],["PASER rating","4/10"],["Surface","Asphalt"],["Rated","2024"]]},"geometry":{"type":"LineString","coordinates":[[-83.63473,43.01458],[-83.63475,43.01512]]}},{"type":"Feature","properties":{"name":"S Center Rd","condition":"Poor","_color":"#c0392b","_weight":4,"_popupRows":[["Condition","Poor"],["PASER rating","3/10"],["Surface","Asphalt"],["Rated","2024"]]},"geometry":{"type":"LineString","coordinates":[[-83.635,43.02317],[-83.63502,43.0245]]}},{"type":"Feature","properties":{"name":"S Center Rd","condition":"Poor","_color":"#c0392b","_weight":4,"_popupRows":[["Condition","Poor"],["PASER rating","3/10"],["Surface","Asphalt"],["Rated","2024"]]},"geometry":{"type":"LineString","coordinates":[[-83.63502,43.0245],[-83.63508,43.02601]]}},{"type":"Feature","properties":{"name":"S Center Rd","condition":"Poor","_color":"#c0392b","_weight":4,"_popupRows":[["Condition","Poor"],["PASER rating","4/10"],["Surface","Asphalt"],["Rated","2024"]]},"geometry":{"type":"LineString","coordinates":[[-83.6351,43.02611],[-83.63521,43.02961]]}},{"type":"Feature","properties":{"name":"S Center Rd","condition":"Fair","_color":"#e08a00","_weight":4,"_popupRows":[["Condition","Fair"],["PASER rating","7/10"],["Surface","Composite"],["Rated","2024"]]},"geometry":{"type":"LineString","coordinates":[[-83.63552,43.03789],[-83.63553,43.03841]]}},{"type":"Feature","properties":{"name":"S Grand Traverse St","condition":"Poor","_color":"#c0392b","_weight":4,"_popupRows":[["Condition","Poor"],["PASER rating","1/10"],["Surface","Concrete"],["Rated","2024"]]},"geometry":{"type":"LineString","coordinates":[[-83.68129,42.97428],[-83.68133,42.97509]]}},{"type":"Feature","properties":{"name":"S Grand Traverse St","condition":"Poor","_color":"#c0392b","_weight":4,"_popupRows":[["Condition","Poor"],["PASER rating","1/10"],["Surface","Concrete"],["Rated","2024"]]},"geometry":{"type":"LineString","coordinates":[[-83.68133,42.97509],[-83.68135,42.97579]]}},{"type":"Feature","properties":{"name":"S Grand Traverse St","condition":"Poor","_color":"#c0392b","_weight":4,"_popupRows":[["Condition","Poor"],["PASER rating","1/10"],["Surface","Concrete"],["Rated","2024"]]},"geometry":{"type":"LineString","coordinates":[[-83.68135,42.97579],[-83.68139,42.9765]]}},{"type":"Feature","properties":{"name":"S Grand Traverse St","condition":"Poor","_color":"#c0392b","_weight":4,"_popupRows":[["Condition","Poor"],["PASER rating","1/10"],["Surface","Concrete"],["Rated","2024"]]},"geometry":{"type":"LineString","coordinates":[[-83.68139,42.9765],[-83.68142,42.97719]]}},{"type":"Feature","properties":{"name":"S Grand Traverse St","condition":"Poor","_color":"#c0392b","_weight":4,"_popupRows":[["Condition","Poor"],["PASER rating","1/10"],["Surface","Concrete"],["Rated","2024"]]},"geometry":{"type":"LineString","coordinates":[[-83.68142,42.97719],[-83.68145,42.97791]]}},{"type":"Feature","properties":{"name":"S Grand Traverse St","condition":"Poor","_color":"#c0392b","_weight":4,"_popupRows":[["Condition","Poor"],["PASER rating","1/10"],["Surface","Concrete"],["Rated","2024"]]},"geometry":{"type":"LineString","coordinates":[[-83.68145,42.97791],[-83.68149,42.97867]]}},{"type":"Feature","properties":{"name":"S Grand Traverse St","condition":"Poor","_color":"#c0392b","_weight":4,"_popupRows":[["Condition","Poor"],["PASER rating","1/10"],["Surface","Concrete"],["Rated","2024"]]},"geometry":{"type":"LineString","coordinates":[[-83.68149,42.97867],[-83.6815,42.97938]]}},{"type":"Feature","properties":{"name":"S Grand Traverse St","condition":"Poor","_color":"#c0392b","_weight":4,"_popupRows":[["Condition","Poor"],["PASER rating","1/10"],["Surface","Concrete"],["Rated","2024"]]},"geometry":{"type":"LineString","coordinates":[[-83.6815,42.97938],[-83.68153,42.9801]]}},{"type":"Feature","properties":{"name":"S Grand Traverse St","condition":"Poor","_color":"#c0392b","_weight":4,"_popupRows":[["Condition","Poor"],["PASER rating","3/10"],["Surface","Concrete"],["Rated","2024"]]},"geometry":{"type":"LineString","coordinates":[[-83.68153,42.9801],[-83.68156,42.9805]]}},{"type":"Feature","properties":{"name":"S Grand Traverse St","condition":"Poor","_color":"#c0392b","_weight":4,"_popupRows":[["Condition","Poor"],["PASER rating","3/10"],["Surface","Concrete"],["Rated","2024"]]},"geometry":{"type":"LineString","coordinates":[[-83.68156,42.9805],[-83.68158,42.98083]]}},{"type":"Feature","properties":{"name":"S Grand Traverse St","condition":"Poor","_color":"#c0392b","_weight":4,"_popupRows":[["Condition","Poor"],["PASER rating","1/10"],["Surface","Concrete"],["Rated","2024"]]},"geometry":{"type":"LineString","coordinates":[[-83.68158,42.98083],[-83.68159,42.98156]]}},{"type":"Feature","properties":{"name":"W Hemphill Rd","condition":"Poor","_color":"#c0392b","_weight":4,"_popupRows":[["Condition","Poor"],["PASER rating","2/10"],["Surface","Asphalt"],["Rated","2024"]]},"geometry":{"type":"LineString","coordinates":[[-83.6906,42.98141],[-83.68886,42.98142]]}},{"type":"Feature","properties":{"name":"W Hemphill Rd","condition":"Poor","_color":"#c0392b","_weight":4,"_popupRows":[["Condition","Poor"],["PASER rating","2/10"],["Surface","Asphalt"],["Rated","2024"]]},"geometry":{"type":"LineString","coordinates":[[-83.68521,42.9815],[-83.68292,42.98154]]}},{"type":"Feature","properties":{"name":"W Hemphill Rd","condition":"Poor","_color":"#c0392b","_weight":4,"_popupRows":[["Condition","Poor"],["PASER rating","2/10"],["Surface","Concrete"],["Rated","2024"]]},"geometry":{"type":"LineString","coordinates":[[-83.68292,42.98154],[-83.68232,42.98154]]}},{"type":"Feature","properties":{"name":"W Hemphill Rd","condition":"Poor","_color":"#c0392b","_weight":4,"_popupRows":[["Condition","Poor"],["PASER rating","2/10"],["Surface","Asphalt"],["Rated","2024"]]},"geometry":{"type":"LineString","coordinates":[[-83.68232,42.98154],[-83.68212,42.98155]]}},{"type":"Feature","properties":{"name":"W Hemphill Rd","condition":"Poor","_color":"#c0392b","_weight":4,"_popupRows":[["Condition","Poor"],["PASER rating","2/10"],["Surface","Concrete"],["Rated","2024"]]},"geometry":{"type":"LineString","coordinates":[[-83.68212,42.98155],[-83.68159,42.98156]]}},{"type":"Feature","properties":{"name":"W Hemphill Rd","condition":"Poor","_color":"#c0392b","_weight":4,"_popupRows":[["Condition","Poor"],["PASER rating","2/10"],["Surface","Asphalt"],["Rated","2024"]]},"geometry":{"type":"LineString","coordinates":[[-83.65317,42.98196],[-83.65214,42.98198]]}},{"type":"Feature","properties":{"name":"W Hemphill Rd","condition":"Poor","_color":"#c0392b","_weight":4,"_popupRows":[["Condition","Poor"],["PASER rating","2/10"],["Surface","Asphalt"],["Rated","2024"]]},"geometry":{"type":"LineString","coordinates":[[-83.65214,42.98198],[-83.65117,42.98199]]}},{"type":"Feature","properties":{"name":"W Hemphill Rd","condition":"Poor","_color":"#c0392b","_weight":4,"_popupRows":[["Condition","Poor"],["PASER rating","3/10"],["Surface","Asphalt"],["Rated","2024"]]},"geometry":{"type":"LineString","coordinates":[[-83.65117,42.98199],[-83.65019,42.982]]}},{"type":"Feature","properties":{"name":"Belsay/E I 69 RAMP","condition":"Poor","_color":"#c0392b","_weight":4,"_popupRows":[["Condition","Poor"],["PASER rating","4/10"],["Surface","Concrete"],["Rated","2024"]]},"geometry":{"type":"LineString","coordinates":[[-83.59527,43.01726],[-83.59476,43.0182],[-83.5941,43.01864],[-83.59002,43.01954]]}},{"type":"Feature","properties":{"name":"S Vassar Rd","condition":"Poor","_color":"#c0392b","_weight":4,"_popupRows":[["Condition","Poor"],["PASER rating","4/10"],["Surface","Asphalt"],["Rated","2024"]]},"geometry":{"type":"LineString","coordinates":[[-83.57391,42.96616],[-83.57435,42.97587]]}},{"type":"Feature","properties":{"name":"S Grand Traverse St","condition":"Fair","_color":"#e08a00","_weight":4,"_popupRows":[["Condition","Fair"],["PASER rating","6/10"],["Surface","Composite"],["Rated","2024"]]},"geometry":{"type":"LineString","coordinates":[[-83.68256,42.97426],[-83.68274,42.9779]]}},{"type":"Feature","properties":{"name":"S Grand Traverse St","condition":"Fair","_color":"#e08a00","_weight":4,"_popupRows":[["Condition","Fair"],["PASER rating","6/10"],["Surface","Composite"],["Rated","2024"]]},"geometry":{"type":"LineString","coordinates":[[-83.68274,42.9779],[-83.68276,42.97864]]}},{"type":"Feature","properties":{"name":"S Grand Traverse St","condition":"Fair","_color":"#e08a00","_weight":4,"_popupRows":[["Condition","Fair"],["PASER rating","6/10"],["Surface","Composite"],["Rated","2024"]]},"geometry":{"type":"LineString","coordinates":[[-83.68276,42.97864],[-83.6828,42.97935]]}},{"type":"Feature","properties":{"name":"S Grand Traverse St","condition":"Fair","_color":"#e08a00","_weight":4,"_popupRows":[["Condition","Fair"],["PASER rating","6/10"],["Surface","Composite"],["Rated","2024"]]},"geometry":{"type":"LineString","coordinates":[[-83.6828,42.97935],[-83.68283,42.98009]]}},{"type":"Feature","properties":{"name":"S Grand Traverse St","condition":"Fair","_color":"#e08a00","_weight":4,"_popupRows":[["Condition","Fair"],["PASER rating","6/10"],["Surface","Composite"],["Rated","2024"]]},"geometry":{"type":"LineString","coordinates":[[-83.68283,42.98009],[-83.68284,42.98046]]}},{"type":"Feature","properties":{"name":"S Grand Traverse St","condition":"Fair","_color":"#e08a00","_weight":4,"_popupRows":[["Condition","Fair"],["PASER rating","6/10"],["Surface","Composite"],["Rated","2024"]]},"geometry":{"type":"LineString","coordinates":[[-83.68284,42.98046],[-83.68287,42.9808]]}},{"type":"Feature","properties":{"name":"S Grand Traverse St","condition":"Fair","_color":"#e08a00","_weight":4,"_popupRows":[["Condition","Fair"],["PASER rating","6/10"],["Surface","Composite"],["Rated","2024"]]},"geometry":{"type":"LineString","coordinates":[[-83.68287,42.9808],[-83.68292,42.98154]]}},{"type":"Feature","properties":{"name":"S Term St","condition":"Poor","_color":"#c0392b","_weight":4,"_popupRows":[["Condition","Poor"],["PASER rating","1/10"],["Surface","Asphalt"],["Rated","2024"]]},"geometry":{"type":"LineString","coordinates":[[-83.64202,42.97975],[-83.64202,42.98053]]}},{"type":"Feature","properties":{"name":"S Term St","condition":"Poor","_color":"#c0392b","_weight":4,"_popupRows":[["Condition","Poor"],["PASER rating","1/10"],["Surface","Asphalt"],["Rated","2024"]]},"geometry":{"type":"LineString","coordinates":[[-83.64202,42.98053],[-83.64206,42.9813]]}},{"type":"Feature","properties":{"name":"S Term St","condition":"Poor","_color":"#c0392b","_weight":4,"_popupRows":[["Condition","Poor"],["PASER rating","1/10"],["Surface","Asphalt"],["Rated","2024"]]},"geometry":{"type":"LineString","coordinates":[[-83.64206,42.9813],[-83.64209,42.98212]]}},{"type":"Feature","properties":{"name":"S Term St","condition":"Poor","_color":"#c0392b","_weight":4,"_popupRows":[["Condition","Poor"],["PASER rating","1/10"],["Surface","Asphalt"],["Rated","2024"]]},"geometry":{"type":"LineString","coordinates":[[-83.64209,42.98212],[-83.64211,42.98284]]}},{"type":"Feature","properties":{"name":"S Term St","condition":"Poor","_color":"#c0392b","_weight":4,"_popupRows":[["Condition","Poor"],["PASER rating","1/10"],["Surface","Asphalt"],["Rated","2024"]]},"geometry":{"type":"LineString","coordinates":[[-83.64211,42.98284],[-83.64216,42.98369]]}},{"type":"Feature","properties":{"name":"S Term St","condition":"Poor","_color":"#c0392b","_weight":4,"_popupRows":[["Condition","Poor"],["PASER rating","1/10"],["Surface","Asphalt"],["Rated","2024"]]},"geometry":{"type":"LineString","coordinates":[[-83.64216,42.98369],[-83.6422,42.98446]]}},{"type":"Feature","properties":{"name":"S Term St","condition":"Poor","_color":"#c0392b","_weight":4,"_popupRows":[["Condition","Poor"],["PASER rating","1/10"],["Surface","Asphalt"],["Rated","2024"]]},"geometry":{"type":"LineString","coordinates":[[-83.6422,42.98446],[-83.64224,42.98527]]}},{"type":"Feature","properties":{"name":"S Term St","condition":"Poor","_color":"#c0392b","_weight":4,"_popupRows":[["Condition","Poor"],["PASER rating","1/10"],["Surface","Asphalt"],["Rated","2024"]]},"geometry":{"type":"LineString","coordinates":[[-83.64224,42.98527],[-83.64227,42.98606]]}},{"type":"Feature","properties":{"name":"S Term St","condition":"Poor","_color":"#c0392b","_weight":4,"_popupRows":[["Condition","Poor"],["PASER rating","1/10"],["Surface","Asphalt"],["Rated","2024"]]},"geometry":{"type":"LineString","coordinates":[[-83.64227,42.98606],[-83.64222,42.98686]]}},{"type":"Feature","properties":{"name":"S Term St","condition":"Poor","_color":"#c0392b","_weight":4,"_popupRows":[["Condition","Poor"],["PASER rating","1/10"],["Surface","Asphalt"],["Rated","2024"]]},"geometry":{"type":"LineString","coordinates":[[-83.64222,42.98686],[-83.64217,42.98768]]}},{"type":"Feature","properties":{"name":"S Term St","condition":"Poor","_color":"#c0392b","_weight":4,"_popupRows":[["Condition","Poor"],["PASER rating","1/10"],["Surface","Asphalt"],["Rated","2024"]]},"geometry":{"type":"LineString","coordinates":[[-83.64217,42.98768],[-83.64221,42.98851]]}},{"type":"Feature","properties":{"name":"S Term St","condition":"Poor","_color":"#c0392b","_weight":4,"_popupRows":[["Condition","Poor"],["PASER rating","1/10"],["Surface","Asphalt"],["Rated","2024"]]},"geometry":{"type":"LineString","coordinates":[[-83.64221,42.98851],[-83.64226,42.98936]]}},{"type":"Feature","properties":{"name":"E Maple Ave","condition":"Good","_color":"#4ea735","_weight":4,"_popupRows":[["Condition","Good"],["PASER rating","8/10"],["Surface","Asphalt"],["Rated","2024"]]},"geometry":{"type":"LineString","coordinates":[[-83.69252,42.95959],[-83.68763,42.95966]]}},{"type":"Feature","properties":{"name":"E Maple Ave","condition":"Good","_color":"#4ea735","_weight":4,"_popupRows":[["Condition","Good"],["PASER rating","8/10"],["Surface","Asphalt"],["Rated","2024"]]},"geometry":{"type":"LineString","coordinates":[[-83.68763,42.95966],[-83.68656,42.95971]]}},{"type":"Feature","properties":{"name":"E Maple Ave","condition":"Good","_color":"#4ea735","_weight":4,"_popupRows":[["Condition","Good"],["PASER rating","8/10"],["Surface","Asphalt"],["Rated","2024"]]},"geometry":{"type":"LineString","coordinates":[[-83.68656,42.95971],[-83.686,42.95972]]}},{"type":"Feature","properties":{"name":"E Maple Ave","condition":"Good","_color":"#4ea735","_weight":4,"_popupRows":[["Condition","Good"],["PASER rating","8/10"],["Surface","Asphalt"],["Rated","2024"]]},"geometry":{"type":"LineString","coordinates":[[-83.68367,42.95975],[-83.68282,42.95977]]}},{"type":"Feature","properties":{"name":"E Maple Ave","condition":"Good","_color":"#4ea735","_weight":4,"_popupRows":[["Condition","Good"],["PASER rating","8/10"],["Surface","Asphalt"],["Rated","2024"]]},"geometry":{"type":"LineString","coordinates":[[-83.68282,42.95977],[-83.68247,42.95978]]}},{"type":"Feature","properties":{"name":"E Maple Ave","condition":"Good","_color":"#4ea735","_weight":4,"_popupRows":[["Condition","Good"],["PASER rating","8/10"],["Surface","Asphalt"],["Rated","2024"]]},"geometry":{"type":"LineString","coordinates":[[-83.68247,42.95978],[-83.68192,42.95979]]}},{"type":"Feature","properties":{"name":"E Maple Ave","condition":"Good","_color":"#4ea735","_weight":4,"_popupRows":[["Condition","Good"],["PASER rating","8/10"],["Surface","Asphalt"],["Rated","2024"]]},"geometry":{"type":"LineString","coordinates":[[-83.68192,42.95979],[-83.67991,42.9598]]}},{"type":"Feature","properties":{"name":"E Maple Ave","condition":"Good","_color":"#4ea735","_weight":4,"_popupRows":[["Condition","Good"],["PASER rating","8/10"],["Surface","Asphalt"],["Rated","2024"]]},"geometry":{"type":"LineString","coordinates":[[-83.67664,42.95986],[-83.67449,42.9599]]}},{"type":"Feature","properties":{"name":"E Maple Ave","condition":"Good","_color":"#4ea735","_weight":4,"_popupRows":[["Condition","Good"],["PASER rating","8/10"],["Surface","Asphalt"],["Rated","2024"]]},"geometry":{"type":"LineString","coordinates":[[-83.67449,42.9599],[-83.67319,42.95991]]}},{"type":"Feature","properties":{"name":"E Maple Ave","condition":"Good","_color":"#4ea735","_weight":4,"_popupRows":[["Condition","Good"],["PASER rating","8/10"],["Surface","Asphalt"],["Rated","2024"]]},"geometry":{"type":"LineString","coordinates":[[-83.67319,42.95991],[-83.67118,42.95993]]}},{"type":"Feature","properties":{"name":"E Maple Ave","condition":"Good","_color":"#4ea735","_weight":4,"_popupRows":[["Condition","Good"],["PASER rating","8/10"],["Surface","Asphalt"],["Rated","2024"]]},"geometry":{"type":"LineString","coordinates":[[-83.67118,42.95993],[-83.66744,42.96003]]}},{"type":"Feature","properties":{"name":"E Maple Ave","condition":"Fair","_color":"#e08a00","_weight":4,"_popupRows":[["Condition","Fair"],["PASER rating","7/10"],["Surface","Asphalt"],["Rated","2024"]]},"geometry":{"type":"LineString","coordinates":[[-83.66744,42.96003],[-83.66297,42.96009]]}},{"type":"Feature","properties":{"name":"E Maple Ave","condition":"Fair","_color":"#e08a00","_weight":4,"_popupRows":[["Condition","Fair"],["PASER rating","7/10"],["Surface","Asphalt"],["Rated","2024"]]},"geometry":{"type":"LineString","coordinates":[[-83.66297,42.96009],[-83.65935,42.96015]]}},{"type":"Feature","properties":{"name":"E Maple Ave","condition":"Fair","_color":"#e08a00","_weight":4,"_popupRows":[["Condition","Fair"],["PASER rating","7/10"],["Surface","Asphalt"],["Rated","2024"]]},"geometry":{"type":"LineString","coordinates":[[-83.65935,42.96015],[-83.65244,42.96026]]}},{"type":"Feature","properties":{"name":"E Maple Ave","condition":"Fair","_color":"#e08a00","_weight":4,"_popupRows":[["Condition","Fair"],["PASER rating","5/10"],["Surface","Asphalt"],["Rated","2024"]]},"geometry":{"type":"LineString","coordinates":[[-83.65244,42.96026],[-83.64753,42.96032]]}},{"type":"Feature","properties":{"name":"E Maple Ave","condition":"Fair","_color":"#e08a00","_weight":4,"_popupRows":[["Condition","Fair"],["PASER rating","5/10"],["Surface","Asphalt"],["Rated","2024"]]},"geometry":{"type":"LineString","coordinates":[[-83.64753,42.96032],[-83.64645,42.96034]]}},{"type":"Feature","properties":{"name":"E Maple Ave","condition":"Fair","_color":"#e08a00","_weight":4,"_popupRows":[["Condition","Fair"],["PASER rating","5/10"],["Surface","Asphalt"],["Rated","2024"]]},"geometry":{"type":"LineString","coordinates":[[-83.64645,42.96034],[-83.64288,42.96037]]}},{"type":"Feature","properties":{"name":"E Maple Ave","condition":"Fair","_color":"#e08a00","_weight":4,"_popupRows":[["Condition","Fair"],["PASER rating","5/10"],["Surface","Asphalt"],["Rated","2024"]]},"geometry":{"type":"LineString","coordinates":[[-83.64288,42.96037],[-83.64243,42.96036]]}},{"type":"Feature","properties":{"name":"E Maple Ave","condition":"Poor","_color":"#c0392b","_weight":4,"_popupRows":[["Condition","Poor"],["PASER rating","4/10"],["Surface","Asphalt"],["Rated","2024"]]},"geometry":{"type":"LineString","coordinates":[[-83.64243,42.96036],[-83.63923,42.96041]]}},{"type":"Feature","properties":{"name":"E Maple Ave","condition":"Fair","_color":"#e08a00","_weight":4,"_popupRows":[["Condition","Fair"],["PASER rating","5/10"],["Surface","Asphalt"],["Rated","2024"]]},"geometry":{"type":"LineString","coordinates":[[-83.63923,42.96041],[-83.63687,42.96046]]}},{"type":"Feature","properties":{"name":"E Maple Ave","condition":"Poor","_color":"#c0392b","_weight":4,"_popupRows":[["Condition","Poor"],["PASER rating","4/10"],["Surface","Asphalt"],["Rated","2024"]]},"geometry":{"type":"LineString","coordinates":[[-83.63687,42.96046],[-83.63413,42.96046]]}},{"type":"Feature","properties":{"name":"E Maple Ave","condition":"Fair","_color":"#e08a00","_weight":4,"_popupRows":[["Condition","Fair"],["PASER rating","5/10"],["Surface","Asphalt"],["Rated","2024"]]},"geometry":{"type":"LineString","coordinates":[[-83.63413,42.96046],[-83.63286,42.96048]]}},{"type":"Feature","properties":{"name":"E Maple Ave","condition":"Poor","_color":"#c0392b","_weight":4,"_popupRows":[["Condition","Poor"],["PASER rating","4/10"],["Surface","Asphalt"],["Rated","2024"]]},"geometry":{"type":"LineString","coordinates":[[-83.62358,42.9607],[-83.62298,42.96071]]}},{"type":"Feature","properties":{"name":"E Maple Ave","condition":"Poor","_color":"#c0392b","_weight":4,"_popupRows":[["Condition","Poor"],["PASER rating","4/10"],["Surface","Asphalt"],["Rated","2024"]]},"geometry":{"type":"LineString","coordinates":[[-83.62298,42.96071],[-83.61336,42.96088]]}},{"type":"Feature","properties":{"name":"E Maple Ave","condition":"Poor","_color":"#c0392b","_weight":4,"_popupRows":[["Condition","Poor"],["PASER rating","3/10"],["Surface","Asphalt"],["Rated","2024"]]},"geometry":{"type":"LineString","coordinates":[[-83.61336,42.96088],[-83.60634,42.96096]]}},{"type":"Feature","properties":{"name":"E Maple Ave","condition":"Poor","_color":"#c0392b","_weight":4,"_popupRows":[["Condition","Poor"],["PASER rating","4/10"],["Surface","Asphalt"],["Rated","2024"]]},"geometry":{"type":"LineString","coordinates":[[-83.60634,42.96096],[-83.6032,42.96101]]}},{"type":"Feature","properties":{"name":"E Maple Ave","condition":"Poor","_color":"#c0392b","_weight":4,"_popupRows":[["Condition","Poor"],["PASER rating","4/10"],["Surface","Asphalt"],["Rated","2024"]]},"geometry":{"type":"LineString","coordinates":[[-83.6032,42.96101],[-83.59853,42.96105]]}},{"type":"Feature","properties":{"name":"E Maple Ave","condition":"Fair","_color":"#e08a00","_weight":4,"_popupRows":[["Condition","Fair"],["PASER rating","5/10"],["Surface","Asphalt"],["Rated","2024"]]},"geometry":{"type":"LineString","coordinates":[[-83.59853,42.96105],[-83.59641,42.96109]]}},{"type":"Feature","properties":{"name":"E Maple Ave","condition":"Fair","_color":"#e08a00","_weight":4,"_popupRows":[["Condition","Fair"],["PASER rating","5/10"],["Surface","Asphalt"],["Rated","2024"]]},"geometry":{"type":"LineString","coordinates":[[-83.59641,42.96109],[-83.59335,42.96116]]}},{"type":"Feature","properties":{"name":"E Maple Ave","condition":"Fair","_color":"#e08a00","_weight":4,"_popupRows":[["Condition","Fair"],["PASER rating","5/10"],["Surface","Asphalt"],["Rated","2024"]]},"geometry":{"type":"LineString","coordinates":[[-83.59093,42.9612],[-83.58841,42.96125]]}},{"type":"Feature","properties":{"name":"E Maple Ave","condition":"Fair","_color":"#e08a00","_weight":4,"_popupRows":[["Condition","Fair"],["PASER rating","5/10"],["Surface","Asphalt"],["Rated","2024"]]},"geometry":{"type":"LineString","coordinates":[[-83.58841,42.96125],[-83.58364,42.96131]]}},{"type":"Feature","properties":{"name":"E Maple Ave","condition":"Fair","_color":"#e08a00","_weight":4,"_popupRows":[["Condition","Fair"],["PASER rating","5/10"],["Surface","Asphalt"],["Rated","2024"]]},"geometry":{"type":"LineString","coordinates":[[-83.58364,42.96131],[-83.57672,42.96145]]}},{"type":"Feature","properties":{"name":"E Maple Ave","condition":"Fair","_color":"#e08a00","_weight":4,"_popupRows":[["Condition","Fair"],["PASER rating","5/10"],["Surface","Asphalt"],["Rated","2024"]]},"geometry":{"type":"LineString","coordinates":[[-83.57672,42.96145],[-83.57376,42.96148]]}},{"type":"Feature","properties":{"name":"W Court St","condition":"Poor","_color":"#c0392b","_weight":4,"_popupRows":[["Condition","Poor"],["PASER rating","1/10"],["Surface","Asphalt"],["Rated","2024"]]},"geometry":{"type":"LineString","coordinates":[[-83.63484,43.01874],[-83.62923,43.01872]]}},{"type":"Feature","properties":{"name":"W Court St","condition":"Poor","_color":"#c0392b","_weight":4,"_popupRows":[["Condition","Poor"],["PASER rating","1/10"],["Surface","Asphalt"],["Rated","2024"]]},"geometry":{"type":"LineString","coordinates":[[-83.62923,43.01872],[-83.62498,43.01871]]}},{"type":"Feature","properties":{"name":"W Court St","condition":"Poor","_color":"#c0392b","_weight":4,"_popupRows":[["Condition","Poor"],["PASER rating","1/10"],["Surface","Asphalt"],["Rated","2024"]]},"geometry":{"type":"LineString","coordinates":[[-83.62498,43.01871],[-83.62412,43.0187]]}},{"type":"Feature","properties":{"name":"W Court St","condition":"Poor","_color":"#c0392b","_weight":4,"_popupRows":[["Condition","Poor"],["PASER rating","1/10"],["Surface","Asphalt"],["Rated","2024"]]},"geometry":{"type":"LineString","coordinates":[[-83.62412,43.0187],[-83.61864,43.01867]]}},{"type":"Feature","properties":{"name":"W Court St","condition":"Poor","_color":"#c0392b","_weight":4,"_popupRows":[["Condition","Poor"],["PASER rating","1/10"],["Surface","Asphalt"],["Rated","2024"]]},"geometry":{"type":"LineString","coordinates":[[-83.61864,43.01867],[-83.61692,43.01868]]}},{"type":"Feature","properties":{"name":"W Court St","condition":"Poor","_color":"#c0392b","_weight":4,"_popupRows":[["Condition","Poor"],["PASER rating","1/10"],["Surface","Asphalt"],["Rated","2024"]]},"geometry":{"type":"LineString","coordinates":[[-83.61692,43.01868],[-83.61508,43.01872]]}},{"type":"Feature","properties":{"name":"W Court St","condition":"Poor","_color":"#c0392b","_weight":4,"_popupRows":[["Condition","Poor"],["PASER rating","2/10"],["Surface","Asphalt"],["Rated","2024"]]},"geometry":{"type":"LineString","coordinates":[[-83.61508,43.01872],[-83.61422,43.0188],[-83.61037,43.0197],[-83.60858,43.01989]]}},{"type":"Feature","properties":{"name":"W Court St","condition":"Poor","_color":"#c0392b","_weight":4,"_popupRows":[["Condition","Poor"],["PASER rating","2/10"],["Surface","Asphalt"],["Rated","2024"]]},"geometry":{"type":"LineString","coordinates":[[-83.60858,43.01989],[-83.6005,43.02008],[-83.59957,43.02033],[-83.59879,43.02081],[-83.59794,43.02186],[-83.59725,43.02234],[-83.5954,43.02246]]}},{"type":"Feature","properties":{"name":"W Court St","condition":"Poor","_color":"#c0392b","_weight":4,"_popupRows":[["Condition","Poor"],["PASER rating","1/10"],["Surface","Asphalt"],["Rated","2024"]]},"geometry":{"type":"LineString","coordinates":[[-83.5954,43.02246],[-83.59354,43.02242],[-83.59213,43.02159]]}},{"type":"Feature","properties":{"name":"W Court St","condition":"Poor","_color":"#c0392b","_weight":4,"_popupRows":[["Condition","Poor"],["PASER rating","1/10"],["Surface","Asphalt"],["Rated","2024"]]},"geometry":{"type":"LineString","coordinates":[[-83.59213,43.02159],[-83.59072,43.0207],[-83.58902,43.02025],[-83.58205,43.0202],[-83.57879,43.01966]]}},{"type":"Feature","properties":{"name":"W Court St","condition":"Poor","_color":"#c0392b","_weight":4,"_popupRows":[["Condition","Poor"],["PASER rating","1/10"],["Surface","Asphalt"],["Rated","2024"]]},"geometry":{"type":"LineString","coordinates":[[-83.57879,43.01966],[-83.57683,43.01918],[-83.57575,43.01911]]}},{"type":"Feature","properties":{"name":"N I 475","condition":"Fair","_color":"#e08a00","_weight":4,"_popupRows":[["Condition","Fair"],["PASER rating","5/10"],["Surface","Concrete"],["Rated","2024"]]},"geometry":{"type":"LineString","coordinates":[[-83.68247,42.95978],[-83.68256,42.96357],[-83.68185,42.96964]]}},{"type":"Feature","properties":{"name":"N I 475","condition":"Fair","_color":"#e08a00","_weight":4,"_popupRows":[["Condition","Fair"],["PASER rating","6/10"],["Surface","Concrete"],["Rated","2024"]]},"geometry":{"type":"LineString","coordinates":[[-83.68185,42.96964],[-83.68179,42.97406]]}},{"type":"Feature","properties":{"name":"N I 475","condition":"Fair","_color":"#e08a00","_weight":4,"_popupRows":[["Condition","Fair"],["PASER rating","6/10"],["Surface","Concrete"],["Rated","2024"]]},"geometry":{"type":"LineString","coordinates":[[-83.68179,42.97406],[-83.6818,42.97427]]}},{"type":"Feature","properties":{"name":"N I 475","condition":"Fair","_color":"#e08a00","_weight":4,"_popupRows":[["Condition","Fair"],["PASER rating","7/10"],["Surface","Concrete"],["Rated","2024"]]},"geometry":{"type":"LineString","coordinates":[[-83.6818,42.97427],[-83.68208,42.98047]]}},{"type":"Feature","properties":{"name":"N I 475","condition":"Fair","_color":"#e08a00","_weight":4,"_popupRows":[["Condition","Fair"],["PASER rating","7/10"],["Surface","Concrete"],["Rated","2024"]]},"geometry":{"type":"LineString","coordinates":[[-83.68208,42.98047],[-83.68212,42.98155]]}},{"type":"Feature","properties":{"name":"Center/W I 69 RAMP","condition":"Fair","_color":"#e08a00","_weight":4,"_popupRows":[["Condition","Fair"],["PASER rating","5/10"],["Surface","Concrete"],["Rated","2024"]]},"geometry":{"type":"LineString","coordinates":[[-83.63473,43.01458],[-83.63451,43.01511],[-83.63407,43.01541],[-83.63316,43.01528],[-83.63287,43.01492],[-83.6329,43.01458],[-83.63318,43.01428],[-83.63393,43.01406]]}},{"type":"Feature","properties":{"name":"Lippincott Blvd","condition":"Poor","_color":"#c0392b","_weight":4,"_popupRows":[["Condition","Poor"],["PASER rating","2/10"],["Surface","Asphalt"],["Rated","2024"]]},"geometry":{"type":"LineString","coordinates":[[-83.6345,43.00418],[-83.63159,43.00417]]}},{"type":"Feature","properties":{"name":"Lippincott Blvd","condition":"Poor","_color":"#c0392b","_weight":4,"_popupRows":[["Condition","Poor"],["PASER rating","2/10"],["Surface","Asphalt"],["Rated","2024"]]},"geometry":{"type":"LineString","coordinates":[[-83.63159,43.00417],[-83.62468,43.00415]]}},{"type":"Feature","properties":{"name":"Lippincott Blvd","condition":"Poor","_color":"#c0392b","_weight":4,"_popupRows":[["Condition","Poor"],["PASER rating","2/10"],["Surface","Asphalt"],["Rated","2024"]]},"geometry":{"type":"LineString","coordinates":[[-83.62468,43.00415],[-83.61971,43.00416]]}},{"type":"Feature","properties":{"name":"Lippincott Blvd","condition":"Poor","_color":"#c0392b","_weight":4,"_popupRows":[["Condition","Poor"],["PASER rating","2/10"],["Surface","Asphalt"],["Rated","2024"]]},"geometry":{"type":"LineString","coordinates":[[-83.61971,43.00416],[-83.61732,43.00415]]}},{"type":"Feature","properties":{"name":"Lippincott Blvd","condition":"Poor","_color":"#c0392b","_weight":4,"_popupRows":[["Condition","Poor"],["PASER rating","2/10"],["Surface","Asphalt"],["Rated","2024"]]},"geometry":{"type":"LineString","coordinates":[[-83.61732,43.00415],[-83.61487,43.00415]]}},{"type":"Feature","properties":{"name":"Lippincott Blvd","condition":"Poor","_color":"#c0392b","_weight":4,"_popupRows":[["Condition","Poor"],["PASER rating","3/10"],["Surface","Asphalt"],["Rated","2024"]]},"geometry":{"type":"LineString","coordinates":[[-83.61487,43.00415],[-83.6124,43.00418]]}},{"type":"Feature","properties":{"name":"Lippincott Blvd","condition":"Poor","_color":"#c0392b","_weight":4,"_popupRows":[["Condition","Poor"],["PASER rating","3/10"],["Surface","Asphalt"],["Rated","2024"]]},"geometry":{"type":"LineString","coordinates":[[-83.6124,43.00418],[-83.60991,43.00423]]}},{"type":"Feature","properties":{"name":"Lippincott Blvd","condition":"Poor","_color":"#c0392b","_weight":4,"_popupRows":[["Condition","Poor"],["PASER rating","2/10"],["Surface","Asphalt"],["Rated","2024"]]},"geometry":{"type":"LineString","coordinates":[[-83.60991,43.00423],[-83.609,43.00426]]}},{"type":"Feature","properties":{"name":"Lippincott Blvd","condition":"Poor","_color":"#c0392b","_weight":4,"_popupRows":[["Condition","Poor"],["PASER rating","2/10"],["Surface","Asphalt"],["Rated","2024"]]},"geometry":{"type":"LineString","coordinates":[[-83.609,43.00426],[-83.60485,43.00433]]}},{"type":"Feature","properties":{"name":"Lippincott Blvd","condition":"Poor","_color":"#c0392b","_weight":4,"_popupRows":[["Condition","Poor"],["PASER rating","2/10"],["Surface","Asphalt"],["Rated","2024"]]},"geometry":{"type":"LineString","coordinates":[[-83.60485,43.00433],[-83.60373,43.00439]]}},{"type":"Feature","properties":{"name":"Lippincott Blvd","condition":"Poor","_color":"#c0392b","_weight":4,"_popupRows":[["Condition","Poor"],["PASER rating","2/10"],["Surface","Asphalt"],["Rated","2024"]]},"geometry":{"type":"LineString","coordinates":[[-83.60373,43.00439],[-83.60267,43.00444]]}},{"type":"Feature","properties":{"name":"Lippincott Blvd","condition":"Poor","_color":"#c0392b","_weight":4,"_popupRows":[["Condition","Poor"],["PASER rating","2/10"],["Surface","Asphalt"],["Rated","2024"]]},"geometry":{"type":"LineString","coordinates":[[-83.60267,43.00444],[-83.60159,43.00449]]}},{"type":"Feature","properties":{"name":"Lippincott Blvd","condition":"Poor","_color":"#c0392b","_weight":4,"_popupRows":[["Condition","Poor"],["PASER rating","2/10"],["Surface","Asphalt"],["Rated","2024"]]},"geometry":{"type":"LineString","coordinates":[[-83.60159,43.00449],[-83.60052,43.00453]]}},{"type":"Feature","properties":{"name":"Lippincott Blvd","condition":"Poor","_color":"#c0392b","_weight":4,"_popupRows":[["Condition","Poor"],["PASER rating","2/10"],["Surface","Asphalt"],["Rated","2024"]]},"geometry":{"type":"LineString","coordinates":[[-83.60052,43.00453],[-83.59945,43.00458]]}},{"type":"Feature","properties":{"name":"Lippincott Blvd","condition":"Poor","_color":"#c0392b","_weight":4,"_popupRows":[["Condition","Poor"],["PASER rating","2/10"],["Surface","Asphalt"],["Rated","2024"]]},"geometry":{"type":"LineString","coordinates":[[-83.59945,43.00458],[-83.59831,43.00461]]}},{"type":"Feature","properties":{"name":"Lippincott Blvd","condition":"Poor","_color":"#c0392b","_weight":4,"_popupRows":[["Condition","Poor"],["PASER rating","2/10"],["Surface","Asphalt"],["Rated","2024"]]},"geometry":{"type":"LineString","coordinates":[[-83.59831,43.00461],[-83.59723,43.00465]]}},{"type":"Feature","properties":{"name":"Lippincott Blvd","condition":"Poor","_color":"#c0392b","_weight":4,"_popupRows":[["Condition","Poor"],["PASER rating","2/10"],["Surface","Asphalt"],["Rated","2024"]]},"geometry":{"type":"LineString","coordinates":[[-83.59723,43.00465],[-83.59616,43.00469]]}},{"type":"Feature","properties":{"name":"Lippincott Blvd","condition":"Poor","_color":"#c0392b","_weight":4,"_popupRows":[["Condition","Poor"],["PASER rating","2/10"],["Surface","Asphalt"],["Rated","2024"]]},"geometry":{"type":"LineString","coordinates":[[-83.59616,43.00469],[-83.59502,43.00475]]}},{"type":"Feature","properties":{"name":"E I 69","condition":"Good","_color":"#4ea735","_weight":4,"_popupRows":[["Condition","Good"],["PASER rating","8/10"],["Surface","Concrete"],["Rated","2024"]]},"geometry":{"type":"LineString","coordinates":[[-83.635,43.01381],[-83.63473,43.01381]]}},{"type":"Feature","properties":{"name":"E I 69","condition":"Good","_color":"#4ea735","_weight":4,"_popupRows":[["Condition","Good"],["PASER rating","8/10"],["Surface","Concrete"],["Rated","2024"]]},"geometry":{"type":"LineString","coordinates":[[-83.63445,43.01381],[-83.63041,43.0139]]}},{"type":"Feature","properties":{"name":"E I 69","condition":"Good","_color":"#4ea735","_weight":4,"_popupRows":[["Condition","Good"],["PASER rating","8/10"],["Surface","Concrete"],["Rated","2024"]]},"geometry":{"type":"LineString","coordinates":[[-83.63041,43.0139],[-83.62576,43.01411],[-83.62325,43.01464],[-83.62106,43.01539]]}},{"type":"Feature","properties":{"name":"E I 69","condition":"Fair","_color":"#e08a00","_weight":4,"_popupRows":[["Condition","Fair"],["PASER rating","5/10"],["Surface","Concrete"],["Rated","2024"]]},"geometry":{"type":"LineString","coordinates":[[-83.62106,43.01539],[-83.61511,43.01763]]}},{"type":"Feature","properties":{"name":"E I 69","condition":"Fair","_color":"#e08a00","_weight":4,"_popupRows":[["Condition","Fair"],["PASER rating","5/10"],["Surface","Concrete"],["Rated","2024"]]},"geometry":{"type":"LineString","coordinates":[[-83.61511,43.01763],[-83.61338,43.01825]]}},{"type":"Feature","properties":{"name":"E I 69","condition":"Fair","_color":"#e08a00","_weight":4,"_popupRows":[["Condition","Fair"],["PASER rating","5/10"],["Surface","Concrete"],["Rated","2024"]]},"geometry":{"type":"LineString","coordinates":[[-83.61338,43.01825],[-83.61174,43.01875],[-83.6092,43.01918]]}},{"type":"Feature","properties":{"name":"E I 69","condition":"Fair","_color":"#e08a00","_weight":4,"_popupRows":[["Condition","Fair"],["PASER rating","5/10"],["Surface","Concrete"],["Rated","2024"]]},"geometry":{"type":"LineString","coordinates":[[-83.6092,43.01918],[-83.60229,43.01936]]}},{"type":"Feature","properties":{"name":"E I 69","condition":"Fair","_color":"#e08a00","_weight":4,"_popupRows":[["Condition","Fair"],["PASER rating","5/10"],["Surface","Concrete"],["Rated","2024"]]},"geometry":{"type":"LineString","coordinates":[[-83.60229,43.01936],[-83.59656,43.01943]]}},{"type":"Feature","properties":{"name":"E I 69","condition":"Fair","_color":"#e08a00","_weight":4,"_popupRows":[["Condition","Fair"],["PASER rating","5/10"],["Surface","Concrete"],["Rated","2024"]]},"geometry":{"type":"LineString","coordinates":[[-83.59656,43.01943],[-83.59535,43.01944]]}},{"type":"Feature","properties":{"name":"E I 69","condition":"Fair","_color":"#e08a00","_weight":4,"_popupRows":[["Condition","Fair"],["PASER rating","5/10"],["Surface","Concrete"],["Rated","2024"]]},"geometry":{"type":"LineString","coordinates":[[-83.59535,43.01944],[-83.59002,43.01954]]}},{"type":"Feature","properties":{"name":"E I 69","condition":"Good","_color":"#4ea735","_weight":4,"_popupRows":[["Condition","Good"],["PASER rating","8/10"],["Surface","Concrete"],["Rated","2024"]]},"geometry":{"type":"LineString","coordinates":[[-83.59002,43.01954],[-83.58261,43.01958],[-83.57969,43.01921]]}},{"type":"Feature","properties":{"name":"E I 69","condition":"Good","_color":"#4ea735","_weight":4,"_popupRows":[["Condition","Good"],["PASER rating","8/10"],["Surface","Concrete"],["Rated","2024"]]},"geometry":{"type":"LineString","coordinates":[[-83.57969,43.01921],[-83.57575,43.0179]]}},{"type":"Feature","properties":{"name":"Lapeer Rd","condition":"Poor","_color":"#c0392b","_weight":4,"_popupRows":[["Condition","Poor"],["PASER rating","3/10"],["Surface","Composite"],["Rated","2024"]]},"geometry":{"type":"LineString","coordinates":[[-83.63464,43.01011],[-83.62969,43.01022]]}},{"type":"Feature","properties":{"name":"Lapeer Rd","condition":"Poor","_color":"#c0392b","_weight":4,"_popupRows":[["Condition","Poor"],["PASER rating","3/10"],["Surface","Composite"],["Rated","2024"]]},"geometry":{"type":"LineString","coordinates":[[-83.62969,43.01022],[-83.62484,43.01035]]}},{"type":"Feature","properties":{"name":"Lapeer Rd","condition":"Poor","_color":"#c0392b","_weight":4,"_popupRows":[["Condition","Poor"],["PASER rating","3/10"],["Surface","Composite"],["Rated","2024"]]},"geometry":{"type":"LineString","coordinates":[[-83.62484,43.01035],[-83.61986,43.01043]]}},{"type":"Feature","properties":{"name":"Lapeer Rd","condition":"Poor","_color":"#c0392b","_weight":4,"_popupRows":[["Condition","Poor"],["PASER rating","3/10"],["Surface","Composite"],["Rated","2024"]]},"geometry":{"type":"LineString","coordinates":[[-83.61986,43.01043],[-83.6178,43.01046]]}},{"type":"Feature","properties":{"name":"Lapeer Rd","condition":"Poor","_color":"#c0392b","_weight":4,"_popupRows":[["Condition","Poor"],["PASER rating","3/10"],["Surface","Composite"],["Rated","2024"]]},"geometry":{"type":"LineString","coordinates":[[-83.6178,43.01046],[-83.615,43.01054]]}},{"type":"Feature","properties":{"name":"Lapeer Rd","condition":"Poor","_color":"#c0392b","_weight":4,"_popupRows":[["Condition","Poor"],["PASER rating","3/10"],["Surface","Composite"],["Rated","2024"]]},"geometry":{"type":"LineString","coordinates":[[-83.615,43.01054],[-83.61261,43.01061]]}},{"type":"Feature","properties":{"name":"Lapeer Rd","condition":"Poor","_color":"#c0392b","_weight":4,"_popupRows":[["Condition","Poor"],["PASER rating","3/10"],["Surface","Composite"],["Rated","2024"]]},"geometry":{"type":"LineString","coordinates":[[-83.61261,43.01061],[-83.61008,43.01066]]}},{"type":"Feature","properties":{"name":"Lapeer Rd","condition":"Poor","_color":"#c0392b","_weight":4,"_popupRows":[["Condition","Poor"],["PASER rating","3/10"],["Surface","Composite"],["Rated","2024"]]},"geometry":{"type":"LineString","coordinates":[[-83.61008,43.01066],[-83.60917,43.01067]]}},{"type":"Feature","properties":{"name":"Lapeer Rd","condition":"Poor","_color":"#c0392b","_weight":4,"_popupRows":[["Condition","Poor"],["PASER rating","3/10"],["Surface","Composite"],["Rated","2024"]]},"geometry":{"type":"LineString","coordinates":[[-83.60917,43.01067],[-83.60508,43.01078]]}},{"type":"Feature","properties":{"name":"Lapeer Rd","condition":"Poor","_color":"#c0392b","_weight":4,"_popupRows":[["Condition","Poor"],["PASER rating","3/10"],["Surface","Composite"],["Rated","2024"]]},"geometry":{"type":"LineString","coordinates":[[-83.60508,43.01078],[-83.60385,43.0108]]}},{"type":"Feature","properties":{"name":"Lapeer Rd","condition":"Poor","_color":"#c0392b","_weight":4,"_popupRows":[["Condition","Poor"],["PASER rating","3/10"],["Surface","Composite"],["Rated","2024"]]},"geometry":{"type":"LineString","coordinates":[[-83.60385,43.0108],[-83.60281,43.01083]]}},{"type":"Feature","properties":{"name":"Lapeer Rd","condition":"Poor","_color":"#c0392b","_weight":4,"_popupRows":[["Condition","Poor"],["PASER rating","3/10"],["Surface","Composite"],["Rated","2024"]]},"geometry":{"type":"LineString","coordinates":[[-83.60281,43.01083],[-83.60174,43.01085]]}},{"type":"Feature","properties":{"name":"Lapeer Rd","condition":"Poor","_color":"#c0392b","_weight":4,"_popupRows":[["Condition","Poor"],["PASER rating","3/10"],["Surface","Composite"],["Rated","2024"]]},"geometry":{"type":"LineString","coordinates":[[-83.60174,43.01085],[-83.60131,43.01085]]}},{"type":"Feature","properties":{"name":"Lapeer Rd","condition":"Poor","_color":"#c0392b","_weight":4,"_popupRows":[["Condition","Poor"],["PASER rating","3/10"],["Surface","Composite"],["Rated","2024"]]},"geometry":{"type":"LineString","coordinates":[[-83.60131,43.01085],[-83.60066,43.01087]]}},{"type":"Feature","properties":{"name":"Lapeer Rd","condition":"Poor","_color":"#c0392b","_weight":4,"_popupRows":[["Condition","Poor"],["PASER rating","3/10"],["Surface","Composite"],["Rated","2024"]]},"geometry":{"type":"LineString","coordinates":[[-83.60066,43.01087],[-83.59957,43.01089]]}},{"type":"Feature","properties":{"name":"Lapeer Rd","condition":"Poor","_color":"#c0392b","_weight":4,"_popupRows":[["Condition","Poor"],["PASER rating","3/10"],["Surface","Composite"],["Rated","2024"]]},"geometry":{"type":"LineString","coordinates":[[-83.59957,43.01089],[-83.59844,43.01093]]}},{"type":"Feature","properties":{"name":"Lapeer Rd","condition":"Poor","_color":"#c0392b","_weight":4,"_popupRows":[["Condition","Poor"],["PASER rating","3/10"],["Surface","Composite"],["Rated","2024"]]},"geometry":{"type":"LineString","coordinates":[[-83.59844,43.01093],[-83.59738,43.01094]]}},{"type":"Feature","properties":{"name":"Lapeer Rd","condition":"Poor","_color":"#c0392b","_weight":4,"_popupRows":[["Condition","Poor"],["PASER rating","3/10"],["Surface","Composite"],["Rated","2024"]]},"geometry":{"type":"LineString","coordinates":[[-83.59738,43.01094],[-83.59625,43.01095]]}},{"type":"Feature","properties":{"name":"Lapeer Rd","condition":"Poor","_color":"#c0392b","_weight":4,"_popupRows":[["Condition","Poor"],["PASER rating","3/10"],["Surface","Composite"],["Rated","2024"]]},"geometry":{"type":"LineString","coordinates":[[-83.59625,43.01095],[-83.59513,43.01098]]}},{"type":"Feature","properties":{"name":"Lapeer Rd","condition":"Fair","_color":"#e08a00","_weight":4,"_popupRows":[["Condition","Fair"],["PASER rating","5/10"],["Surface","Asphalt"],["Rated","2024"]]},"geometry":{"type":"LineString","coordinates":[[-83.59513,43.01098],[-83.59265,43.01104]]}},{"type":"Feature","properties":{"name":"Lapeer Rd","condition":"Fair","_color":"#e08a00","_weight":4,"_popupRows":[["Condition","Fair"],["PASER rating","5/10"],["Surface","Asphalt"],["Rated","2024"]]},"geometry":{"type":"LineString","coordinates":[[-83.59265,43.01104],[-83.59024,43.01108]]}},{"type":"Feature","properties":{"name":"Lapeer Rd","condition":"Fair","_color":"#e08a00","_weight":4,"_popupRows":[["Condition","Fair"],["PASER rating","5/10"],["Surface","Asphalt"],["Rated","2024"]]},"geometry":{"type":"LineString","coordinates":[[-83.59024,43.01108],[-83.58826,43.01112]]}},{"type":"Feature","properties":{"name":"Lapeer Rd","condition":"Fair","_color":"#e08a00","_weight":4,"_popupRows":[["Condition","Fair"],["PASER rating","5/10"],["Surface","Asphalt"],["Rated","2024"]]},"geometry":{"type":"LineString","coordinates":[[-83.58826,43.01112],[-83.58727,43.01116]]}},{"type":"Feature","properties":{"name":"Lapeer Rd","condition":"Fair","_color":"#e08a00","_weight":4,"_popupRows":[["Condition","Fair"],["PASER rating","5/10"],["Surface","Asphalt"],["Rated","2024"]]},"geometry":{"type":"LineString","coordinates":[[-83.58727,43.01116],[-83.58632,43.01117]]}},{"type":"Feature","properties":{"name":"Lapeer Rd","condition":"Fair","_color":"#e08a00","_weight":4,"_popupRows":[["Condition","Fair"],["PASER rating","5/10"],["Surface","Asphalt"],["Rated","2024"]]},"geometry":{"type":"LineString","coordinates":[[-83.58632,43.01117],[-83.58459,43.0112]]}},{"type":"Feature","properties":{"name":"Lapeer Rd","condition":"Fair","_color":"#e08a00","_weight":4,"_popupRows":[["Condition","Fair"],["PASER rating","5/10"],["Surface","Asphalt"],["Rated","2024"]]},"geometry":{"type":"LineString","coordinates":[[-83.58459,43.0112],[-83.58243,43.01125]]}},{"type":"Feature","properties":{"name":"Lapeer Rd","condition":"Fair","_color":"#e08a00","_weight":4,"_popupRows":[["Condition","Fair"],["PASER rating","5/10"],["Surface","Asphalt"],["Rated","2024"]]},"geometry":{"type":"LineString","coordinates":[[-83.58243,43.01125],[-83.57871,43.01133]]}},{"type":"Feature","properties":{"name":"Belsay/W I 69 RAMP","condition":"Poor","_color":"#c0392b","_weight":4,"_popupRows":[["Condition","Poor"],["PASER rating","4/10"],["Surface","Concrete"],["Rated","2024"]]},"geometry":{"type":"LineString","coordinates":[[-83.59537,43.0205],[-83.59481,43.02117],[-83.59434,43.0213],[-83.59367,43.02117],[-83.59331,43.02085],[-83.59326,43.02047],[-83.59348,43.02011],[-83.59418,43.01977]]}},{"type":"Feature","properties":{"name":"N Genesee Rd","condition":"Poor","_color":"#c0392b","_weight":4,"_popupRows":[["Condition","Poor"],["PASER rating","3/10"],["Surface","Asphalt"],["Rated","2024"]]},"geometry":{"type":"LineString","coordinates":[[-83.61336,42.96088],[-83.61319,42.96183],[-83.61368,42.97528]]}},{"type":"Feature","properties":{"name":"N Genesee Rd","condition":"Fair","_color":"#e08a00","_weight":4,"_popupRows":[["Condition","Fair"],["PASER rating","5/10"],["Surface","Asphalt"],["Rated","2024"]]},"geometry":{"type":"LineString","coordinates":[[-83.61368,42.97528],[-83.61433,42.9897]]}},{"type":"Feature","properties":{"name":"N Genesee Rd","condition":"Poor","_color":"#c0392b","_weight":4,"_popupRows":[["Condition","Poor"],["PASER rating","2/10"],["Surface","Concrete"],["Rated","2024"]]},"geometry":{"type":"LineString","coordinates":[[-83.61433,42.9897],[-83.61442,42.99202]]}},{"type":"Feature","properties":{"name":"N Genesee Rd","condition":"Poor","_color":"#c0392b","_weight":4,"_popupRows":[["Condition","Poor"],["PASER rating","2/10"],["Surface","Concrete"],["Rated","2024"]]},"geometry":{"type":"LineString","coordinates":[[-83.61442,42.99202],[-83.61449,42.99573]]}},{"type":"Feature","properties":{"name":"N Genesee Rd","condition":"Poor","_color":"#c0392b","_weight":4,"_popupRows":[["Condition","Poor"],["PASER rating","2/10"],["Surface","Concrete"],["Rated","2024"]]},"geometry":{"type":"LineString","coordinates":[[-83.61449,42.99573],[-83.61469,43.00059]]}},{"type":"Feature","properties":{"name":"N Genesee Rd","condition":"Poor","_color":"#c0392b","_weight":4,"_popupRows":[["Condition","Poor"],["PASER rating","2/10"],["Surface","Concrete"],["Rated","2024"]]},"geometry":{"type":"LineString","coordinates":[[-83.61469,43.00059],[-83.61487,43.00415]]}},{"type":"Feature","properties":{"name":"N Genesee Rd","condition":"Poor","_color":"#c0392b","_weight":4,"_popupRows":[["Condition","Poor"],["PASER rating","2/10"],["Surface","Concrete"],["Rated","2024"]]},"geometry":{"type":"LineString","coordinates":[[-83.61487,43.00415],[-83.615,43.01054]]}},{"type":"Feature","properties":{"name":"N Genesee Rd","condition":"Poor","_color":"#c0392b","_weight":4,"_popupRows":[["Condition","Poor"],["PASER rating","2/10"],["Surface","Concrete"],["Rated","2024"]]},"geometry":{"type":"LineString","coordinates":[[-83.615,43.01054],[-83.61503,43.01297]]}},{"type":"Feature","properties":{"name":"N Genesee Rd","condition":"Poor","_color":"#c0392b","_weight":4,"_popupRows":[["Condition","Poor"],["PASER rating","2/10"],["Surface","Concrete"],["Rated","2024"]]},"geometry":{"type":"LineString","coordinates":[[-83.61503,43.01297],[-83.61508,43.01535]]}},{"type":"Feature","properties":{"name":"N Genesee Rd","condition":"Poor","_color":"#c0392b","_weight":4,"_popupRows":[["Condition","Poor"],["PASER rating","2/10"],["Surface","Concrete"],["Rated","2024"]]},"geometry":{"type":"LineString","coordinates":[[-83.61508,43.01535],[-83.61508,43.01664]]}},{"type":"Feature","properties":{"name":"N Genesee Rd","condition":"Poor","_color":"#c0392b","_weight":4,"_popupRows":[["Condition","Poor"],["PASER rating","1/10"],["Surface","Asphalt"],["Rated","2024"]]},"geometry":{"type":"LineString","coordinates":[[-83.61508,43.01664],[-83.61512,43.0171]]}},{"type":"Feature","properties":{"name":"N Genesee Rd","condition":"Poor","_color":"#c0392b","_weight":4,"_popupRows":[["Condition","Poor"],["PASER rating","1/10"],["Surface","Asphalt"],["Rated","2024"]]},"geometry":{"type":"LineString","coordinates":[[-83.61512,43.0171],[-83.61511,43.01763]]}},{"type":"Feature","properties":{"name":"N Genesee Rd","condition":"Poor","_color":"#c0392b","_weight":4,"_popupRows":[["Condition","Poor"],["PASER rating","2/10"],["Surface","Asphalt"],["Rated","2024"]]},"geometry":{"type":"LineString","coordinates":[[-83.61511,43.01763],[-83.6151,43.01797]]}},{"type":"Feature","properties":{"name":"N Genesee Rd","condition":"Poor","_color":"#c0392b","_weight":4,"_popupRows":[["Condition","Poor"],["PASER rating","1/10"],["Surface","Asphalt"],["Rated","2024"]]},"geometry":{"type":"LineString","coordinates":[[-83.6151,43.01797],[-83.61508,43.01872]]}},{"type":"Feature","properties":{"name":"N Genesee Rd","condition":"Good","_color":"#4ea735","_weight":4,"_popupRows":[["Condition","Good"],["PASER rating","9/10"],["Surface","Concrete"],["Rated","2024"]]},"geometry":{"type":"LineString","coordinates":[[-83.61526,43.02727],[-83.61542,43.03305]]}},{"type":"Feature","properties":{"name":"N Genesee Rd","condition":"Poor","_color":"#c0392b","_weight":4,"_popupRows":[["Condition","Poor"],["PASER rating","1/10"],["Surface","Composite"],["Rated","2024"]]},"geometry":{"type":"LineString","coordinates":[[-83.61542,43.03305],[-83.6155,43.03459]]}},{"type":"Feature","properties":{"name":"N Genesee Rd","condition":"Poor","_color":"#c0392b","_weight":4,"_popupRows":[["Condition","Poor"],["PASER rating","2/10"],["Surface","Concrete"],["Rated","2024"]]},"geometry":{"type":"LineString","coordinates":[[-83.6155,43.03459],[-83.61568,43.03987]]}},{"type":"Feature","properties":{"name":"N Genesee Rd","condition":"Poor","_color":"#c0392b","_weight":4,"_popupRows":[["Condition","Poor"],["PASER rating","2/10"],["Surface","Concrete"],["Rated","2024"]]},"geometry":{"type":"LineString","coordinates":[[-83.61568,43.03987],[-83.6157,43.04071]]}},{"type":"Feature","properties":{"name":"N Genesee Rd","condition":"Poor","_color":"#c0392b","_weight":4,"_popupRows":[["Condition","Poor"],["PASER rating","2/10"],["Surface","Concrete"],["Rated","2024"]]},"geometry":{"type":"LineString","coordinates":[[-83.6157,43.04071],[-83.61579,43.04326]]}},{"type":"Feature","properties":{"name":"N Genesee Rd","condition":"Poor","_color":"#c0392b","_weight":4,"_popupRows":[["Condition","Poor"],["PASER rating","2/10"],["Surface","Concrete"],["Rated","2024"]]},"geometry":{"type":"LineString","coordinates":[[-83.61579,43.04326],[-83.61587,43.04511]]}},{"type":"Feature","properties":{"name":"S Belsay Rd","condition":"Poor","_color":"#c0392b","_weight":4,"_popupRows":[["Condition","Poor"],["PASER rating","2/10"],["Surface","Composite"],["Rated","2024"]]},"geometry":{"type":"LineString","coordinates":[[-83.59335,42.96116],[-83.59338,42.96233]]}},{"type":"Feature","properties":{"name":"S Belsay Rd","condition":"Poor","_color":"#c0392b","_weight":4,"_popupRows":[["Condition","Poor"],["PASER rating","2/10"],["Surface","Composite"],["Rated","2024"]]},"geometry":{"type":"LineString","coordinates":[[-83.59338,42.96233],[-83.59349,42.96602]]}},{"type":"Feature","properties":{"name":"S Belsay Rd","condition":"Poor","_color":"#c0392b","_weight":4,"_popupRows":[["Condition","Poor"],["PASER rating","2/10"],["Surface","Composite"],["Rated","2024"]]},"geometry":{"type":"LineString","coordinates":[[-83.59349,42.96602],[-83.59366,42.97146]]}},{"type":"Feature","properties":{"name":"S Belsay Rd","condition":"Poor","_color":"#c0392b","_weight":4,"_popupRows":[["Condition","Poor"],["PASER rating","2/10"],["Surface","Composite"],["Rated","2024"]]},"geometry":{"type":"LineString","coordinates":[[-83.59369,42.97279],[-83.59378,42.97564]]}},{"type":"Feature","properties":{"name":"S Belsay Rd","condition":"Poor","_color":"#c0392b","_weight":4,"_popupRows":[["Condition","Poor"],["PASER rating","2/10"],["Surface","Composite"],["Rated","2024"]]},"geometry":{"type":"LineString","coordinates":[[-83.59378,42.97564],[-83.59383,42.97774]]}},{"type":"Feature","properties":{"name":"S Belsay Rd","condition":"Poor","_color":"#c0392b","_weight":4,"_popupRows":[["Condition","Poor"],["PASER rating","2/10"],["Surface","Composite"],["Rated","2024"]]},"geometry":{"type":"LineString","coordinates":[[-83.59383,42.97774],[-83.59394,42.98117]]}},{"type":"Feature","properties":{"name":"S Belsay Rd","condition":"Poor","_color":"#c0392b","_weight":4,"_popupRows":[["Condition","Poor"],["PASER rating","2/10"],["Surface","Composite"],["Rated","2024"]]},"geometry":{"type":"LineString","coordinates":[[-83.59394,42.98117],[-83.59393,42.98205]]}},{"type":"Feature","properties":{"name":"S Belsay Rd","condition":"Poor","_color":"#c0392b","_weight":4,"_popupRows":[["Condition","Poor"],["PASER rating","2/10"],["Surface","Composite"],["Rated","2024"]]},"geometry":{"type":"LineString","coordinates":[[-83.59393,42.98205],[-83.5944,42.99013]]}},{"type":"Feature","properties":{"name":"S Belsay Rd","condition":"Good","_color":"#4ea735","_weight":4,"_popupRows":[["Condition","Good"],["PASER rating","8/10"],["Surface","Composite"],["Rated","2024"]]},"geometry":{"type":"LineString","coordinates":[[-83.5944,42.99013],[-83.59478,42.99701]]}},{"type":"Feature","properties":{"name":"S Belsay Rd","condition":"Good","_color":"#4ea735","_weight":4,"_popupRows":[["Condition","Good"],["PASER rating","8/10"],["Surface","Composite"],["Rated","2024"]]},"geometry":{"type":"LineString","coordinates":[[-83.59478,42.99701],[-83.59488,43.00002]]}},{"type":"Feature","properties":{"name":"S Belsay Rd","condition":"Good","_color":"#4ea735","_weight":4,"_popupRows":[["Condition","Good"],["PASER rating","8/10"],["Surface","Composite"],["Rated","2024"]]},"geometry":{"type":"LineString","coordinates":[[-83.59488,43.00002],[-83.5949,43.00168]]}},{"type":"Feature","properties":{"name":"S Belsay Rd","condition":"Good","_color":"#4ea735","_weight":4,"_popupRows":[["Condition","Good"],["PASER rating","8/10"],["Surface","Composite"],["Rated","2024"]]},"geometry":{"type":"LineString","coordinates":[[-83.5949,43.00168],[-83.59495,43.003]]}},{"type":"Feature","properties":{"name":"S Belsay Rd","condition":"Good","_color":"#4ea735","_weight":4,"_popupRows":[["Condition","Good"],["PASER rating","8/10"],["Surface","Composite"],["Rated","2024"]]},"geometry":{"type":"LineString","coordinates":[[-83.59495,43.003],[-83.59496,43.00402]]}},{"type":"Feature","properties":{"name":"S Belsay Rd","condition":"Good","_color":"#4ea735","_weight":4,"_popupRows":[["Condition","Good"],["PASER rating","8/10"],["Surface","Composite"],["Rated","2024"]]},"geometry":{"type":"LineString","coordinates":[[-83.59496,43.00402],[-83.59502,43.00475]]}},{"type":"Feature","properties":{"name":"S Belsay Rd","condition":"Good","_color":"#4ea735","_weight":4,"_popupRows":[["Condition","Good"],["PASER rating","8/10"],["Surface","Composite"],["Rated","2024"]]},"geometry":{"type":"LineString","coordinates":[[-83.59502,43.00475],[-83.59503,43.00662]]}},{"type":"Feature","properties":{"name":"S Belsay Rd","condition":"Good","_color":"#4ea735","_weight":4,"_popupRows":[["Condition","Good"],["PASER rating","8/10"],["Surface","Composite"],["Rated","2024"]]},"geometry":{"type":"LineString","coordinates":[[-83.59503,43.00662],[-83.59508,43.00869]]}},{"type":"Feature","properties":{"name":"S Belsay Rd","condition":"Good","_color":"#4ea735","_weight":4,"_popupRows":[["Condition","Good"],["PASER rating","8/10"],["Surface","Composite"],["Rated","2024"]]},"geometry":{"type":"LineString","coordinates":[[-83.59508,43.00869],[-83.5951,43.00943]]}},{"type":"Feature","properties":{"name":"S Belsay Rd","condition":"Good","_color":"#4ea735","_weight":4,"_popupRows":[["Condition","Good"],["PASER rating","8/10"],["Surface","Composite"],["Rated","2024"]]},"geometry":{"type":"LineString","coordinates":[[-83.5951,43.00943],[-83.59513,43.01098]]}},{"type":"Feature","properties":{"name":"S Belsay Rd","condition":"Fair","_color":"#e08a00","_weight":4,"_popupRows":[["Condition","Fair"],["PASER rating","5/10"],["Surface","Concrete"],["Rated","2024"]]},"geometry":{"type":"LineString","coordinates":[[-83.59513,43.01098],[-83.59525,43.01544]]}},{"type":"Feature","properties":{"name":"S Belsay Rd","condition":"Good","_color":"#4ea735","_weight":4,"_popupRows":[["Condition","Good"],["PASER rating","8/10"],["Surface","Concrete"],["Rated","2024"]]},"geometry":{"type":"LineString","coordinates":[[-83.59525,43.01544],[-83.59527,43.01726]]}},{"type":"Feature","properties":{"name":"S Belsay Rd","condition":"Good","_color":"#4ea735","_weight":4,"_popupRows":[["Condition","Good"],["PASER rating","8/10"],["Surface","Concrete"],["Rated","2024"]]},"geometry":{"type":"LineString","coordinates":[[-83.59527,43.01726],[-83.59531,43.01771]]}},{"type":"Feature","properties":{"name":"S Belsay Rd","condition":"Poor","_color":"#c0392b","_weight":4,"_popupRows":[["Condition","Poor"],["PASER rating","2/10"],["Surface","Concrete"],["Rated","2024"]]},"geometry":{"type":"LineString","coordinates":[[-83.59531,43.01771],[-83.59534,43.01854]]}},{"type":"Feature","properties":{"name":"S Belsay Rd","condition":"Poor","_color":"#c0392b","_weight":4,"_popupRows":[["Condition","Poor"],["PASER rating","2/10"],["Surface","Concrete"],["Rated","2024"]]},"geometry":{"type":"LineString","coordinates":[[-83.59534,43.01854],[-83.59535,43.01944]]}},{"type":"Feature","properties":{"name":"S Belsay Rd","condition":"Poor","_color":"#c0392b","_weight":4,"_popupRows":[["Condition","Poor"],["PASER rating","3/10"],["Surface","Concrete"],["Rated","2024"]]},"geometry":{"type":"LineString","coordinates":[[-83.59535,43.01944],[-83.59536,43.01977]]}},{"type":"Feature","properties":{"name":"S Belsay Rd","condition":"Poor","_color":"#c0392b","_weight":4,"_popupRows":[["Condition","Poor"],["PASER rating","2/10"],["Surface","Concrete"],["Rated","2024"]]},"geometry":{"type":"LineString","coordinates":[[-83.59536,43.01977],[-83.59537,43.0205]]}},{"type":"Feature","properties":{"name":"S Belsay Rd","condition":"Poor","_color":"#c0392b","_weight":4,"_popupRows":[["Condition","Poor"],["PASER rating","2/10"],["Surface","Concrete"],["Rated","2024"]]},"geometry":{"type":"LineString","coordinates":[[-83.59537,43.0205],[-83.5954,43.02151]]}},{"type":"Feature","properties":{"name":"S Belsay Rd","condition":"Poor","_color":"#c0392b","_weight":4,"_popupRows":[["Condition","Poor"],["PASER rating","2/10"],["Surface","Concrete"],["Rated","2024"]]},"geometry":{"type":"LineString","coordinates":[[-83.5954,43.02151],[-83.59541,43.02176]]}},{"type":"Feature","properties":{"name":"S Belsay Rd","condition":"Poor","_color":"#c0392b","_weight":4,"_popupRows":[["Condition","Poor"],["PASER rating","2/10"],["Surface","Concrete"],["Rated","2024"]]},"geometry":{"type":"LineString","coordinates":[[-83.59541,43.02176],[-83.5954,43.02246]]}},{"type":"Feature","properties":{"name":"S Belsay Rd","condition":"Fair","_color":"#e08a00","_weight":4,"_popupRows":[["Condition","Fair"],["PASER rating","6/10"],["Surface","Concrete"],["Rated","2024"]]},"geometry":{"type":"LineString","coordinates":[[-83.5954,43.02246],[-83.59547,43.02495]]}},{"type":"Feature","properties":{"name":"S Belsay Rd","condition":"Fair","_color":"#e08a00","_weight":4,"_popupRows":[["Condition","Fair"],["PASER rating","6/10"],["Surface","Concrete"],["Rated","2024"]]},"geometry":{"type":"LineString","coordinates":[[-83.59558,43.03],[-83.59571,43.03365]]}},{"type":"Feature","properties":{"name":"S Belsay Rd","condition":"Fair","_color":"#e08a00","_weight":4,"_popupRows":[["Condition","Fair"],["PASER rating","7/10"],["Surface","Composite"],["Rated","2024"]]},"geometry":{"type":"LineString","coordinates":[[-83.59571,43.03365],[-83.59583,43.03886]]}},{"type":"Feature","properties":{"name":"S Belsay Rd","condition":"Fair","_color":"#e08a00","_weight":4,"_popupRows":[["Condition","Fair"],["PASER rating","7/10"],["Surface","Composite"],["Rated","2024"]]},"geometry":{"type":"LineString","coordinates":[[-83.59583,43.03886],[-83.59588,43.04127]]}},{"type":"Feature","properties":{"name":"S Belsay Rd","condition":"Fair","_color":"#e08a00","_weight":4,"_popupRows":[["Condition","Fair"],["PASER rating","7/10"],["Surface","Composite"],["Rated","2024"]]},"geometry":{"type":"LineString","coordinates":[[-83.59588,43.04127],[-83.59592,43.04239]]}},{"type":"Feature","properties":{"name":"S Belsay Rd","condition":"Fair","_color":"#e08a00","_weight":4,"_popupRows":[["Condition","Fair"],["PASER rating","7/10"],["Surface","Composite"],["Rated","2024"]]},"geometry":{"type":"LineString","coordinates":[[-83.59592,43.04239],[-83.59603,43.04526]]}},{"type":"Feature","properties":{"name":"Belsay/W I 69 RAMP","condition":"Fair","_color":"#e08a00","_weight":4,"_popupRows":[["Condition","Fair"],["PASER rating","5/10"],["Surface","Concrete"],["Rated","2024"]]},"geometry":{"type":"LineString","coordinates":[[-83.59541,43.02176],[-83.59594,43.021],[-83.59683,43.02053],[-83.59944,43.01986],[-83.60111,43.01968]]}},{"type":"Feature","properties":{"name":"E Atherton Rd","condition":"Poor","_color":"#c0392b","_weight":4,"_popupRows":[["Condition","Poor"],["PASER rating","4/10"],["Surface","Concrete"],["Rated","2024"]]},"geometry":{"type":"LineString","coordinates":[[-83.64863,42.98925],[-83.64775,42.98926]]}},{"type":"Feature","properties":{"name":"E Atherton Rd","condition":"Fair","_color":"#e08a00","_weight":4,"_popupRows":[["Condition","Fair"],["PASER rating","5/10"],["Surface","Concrete"],["Rated","2024"]]},"geometry":{"type":"LineString","coordinates":[[-83.6466,42.98929],[-83.6451,42.98931]]}},{"type":"Feature","properties":{"name":"E Atherton Rd","condition":"Poor","_color":"#c0392b","_weight":4,"_popupRows":[["Condition","Poor"],["PASER rating","4/10"],["Surface","Concrete"],["Rated","2024"]]},"geometry":{"type":"LineString","coordinates":[[-83.64372,42.98933],[-83.64226,42.98936]]}},{"type":"Feature","properties":{"name":"E Atherton Rd","condition":"Fair","_color":"#e08a00","_weight":4,"_popupRows":[["Condition","Fair"],["PASER rating","5/10"],["Surface","Concrete"],["Rated","2024"]]},"geometry":{"type":"LineString","coordinates":[[-83.64226,42.98936],[-83.63912,42.98944]]}},{"type":"Feature","properties":{"name":"E Atherton Rd","condition":"Fair","_color":"#e08a00","_weight":4,"_popupRows":[["Condition","Fair"],["PASER rating","5/10"],["Surface","Concrete"],["Rated","2024"]]},"geometry":{"type":"LineString","coordinates":[[-83.63912,42.98944],[-83.63661,42.98949]]}},{"type":"Feature","properties":{"name":"E Atherton Rd","condition":"Poor","_color":"#c0392b","_weight":4,"_popupRows":[["Condition","Poor"],["PASER rating","4/10"],["Surface","Concrete"],["Rated","2024"]]},"geometry":{"type":"LineString","coordinates":[[-83.63661,42.98949],[-83.63573,42.98953]]}},{"type":"Feature","properties":{"name":"E Atherton Rd","condition":"Poor","_color":"#c0392b","_weight":4,"_popupRows":[["Condition","Poor"],["PASER rating","4/10"],["Surface","Asphalt"],["Rated","2024"]]},"geometry":{"type":"LineString","coordinates":[[-83.63573,42.98953],[-83.63376,42.98955]]}},{"type":"Feature","properties":{"name":"E Atherton Rd","condition":"Poor","_color":"#c0392b","_weight":4,"_popupRows":[["Condition","Poor"],["PASER rating","4/10"],["Surface","Asphalt"],["Rated","2024"]]},"geometry":{"type":"LineString","coordinates":[[-83.63376,42.98955],[-83.62918,42.9896]]}},{"type":"Feature","properties":{"name":"E Atherton Rd","condition":"Poor","_color":"#c0392b","_weight":4,"_popupRows":[["Condition","Poor"],["PASER rating","4/10"],["Surface","Asphalt"],["Rated","2024"]]},"geometry":{"type":"LineString","coordinates":[[-83.62918,42.9896],[-83.62406,42.98966]]}},{"type":"Feature","properties":{"name":"E Atherton Rd","condition":"Poor","_color":"#c0392b","_weight":4,"_popupRows":[["Condition","Poor"],["PASER rating","4/10"],["Surface","Asphalt"],["Rated","2024"]]},"geometry":{"type":"LineString","coordinates":[[-83.62406,42.98966],[-83.62157,42.98966]]}},{"type":"Feature","properties":{"name":"E Atherton Rd","condition":"Poor","_color":"#c0392b","_weight":4,"_popupRows":[["Condition","Poor"],["PASER rating","4/10"],["Surface","Asphalt"],["Rated","2024"]]},"geometry":{"type":"LineString","coordinates":[[-83.62157,42.98966],[-83.61918,42.98968]]}},{"type":"Feature","properties":{"name":"E Atherton Rd","condition":"Poor","_color":"#c0392b","_weight":4,"_popupRows":[["Condition","Poor"],["PASER rating","4/10"],["Surface","Asphalt"],["Rated","2024"]]},"geometry":{"type":"LineString","coordinates":[[-83.61918,42.98968],[-83.61433,42.9897]]}},{"type":"Feature","properties":{"name":"E Atherton Rd","condition":"Fair","_color":"#e08a00","_weight":4,"_popupRows":[["Condition","Fair"],["PASER rating","5/10"],["Surface","Asphalt"],["Rated","2024"]]},"geometry":{"type":"LineString","coordinates":[[-83.61433,42.9897],[-83.61208,42.98973]]}},{"type":"Feature","properties":{"name":"E Atherton Rd","condition":"Fair","_color":"#e08a00","_weight":4,"_popupRows":[["Condition","Fair"],["PASER rating","6/10"],["Surface","Asphalt"],["Rated","2024"]]},"geometry":{"type":"LineString","coordinates":[[-83.61208,42.98973],[-83.60999,42.98979]]}},{"type":"Feature","properties":{"name":"E Atherton Rd","condition":"Fair","_color":"#e08a00","_weight":4,"_popupRows":[["Condition","Fair"],["PASER rating","5/10"],["Surface","Asphalt"],["Rated","2024"]]},"geometry":{"type":"LineString","coordinates":[[-83.60999,42.98979],[-83.60116,42.98998]]}},{"type":"Feature","properties":{"name":"E Atherton Rd","condition":"Fair","_color":"#e08a00","_weight":4,"_popupRows":[["Condition","Fair"],["PASER rating","6/10"],["Surface","Asphalt"],["Rated","2024"]]},"geometry":{"type":"LineString","coordinates":[[-83.60116,42.98998],[-83.5988,42.99003]]}},{"type":"Feature","properties":{"name":"E Atherton Rd","condition":"Fair","_color":"#e08a00","_weight":4,"_popupRows":[["Condition","Fair"],["PASER rating","6/10"],["Surface","Asphalt"],["Rated","2024"]]},"geometry":{"type":"LineString","coordinates":[[-83.5988,42.99003],[-83.5944,42.99013]]}},{"type":"Feature","properties":{"name":"E Atherton Rd","condition":"Poor","_color":"#c0392b","_weight":4,"_popupRows":[["Condition","Poor"],["PASER rating","3/10"],["Surface","Asphalt"],["Rated","2024"]]},"geometry":{"type":"LineString","coordinates":[[-83.5944,42.99013],[-83.58524,42.99032]]}},{"type":"Feature","properties":{"name":"E Atherton Rd","condition":"Poor","_color":"#c0392b","_weight":4,"_popupRows":[["Condition","Poor"],["PASER rating","3/10"],["Surface","Asphalt"],["Rated","2024"]]},"geometry":{"type":"LineString","coordinates":[[-83.58524,42.99032],[-83.5785,42.99033]]}},{"type":"Feature","properties":{"name":"E Atherton Rd","condition":"Poor","_color":"#c0392b","_weight":4,"_popupRows":[["Condition","Poor"],["PASER rating","3/10"],["Surface","Asphalt"],["Rated","2024"]]},"geometry":{"type":"LineString","coordinates":[[-83.5785,42.99033],[-83.57778,42.99034]]}},{"type":"Feature","properties":{"name":"E Atherton Rd","condition":"Poor","_color":"#c0392b","_weight":4,"_popupRows":[["Condition","Poor"],["PASER rating","3/10"],["Surface","Asphalt"],["Rated","2024"]]},"geometry":{"type":"LineString","coordinates":[[-83.57778,42.99034],[-83.57722,42.99032]]}},{"type":"Feature","properties":{"name":"E Atherton Rd","condition":"Poor","_color":"#c0392b","_weight":4,"_popupRows":[["Condition","Poor"],["PASER rating","3/10"],["Surface","Asphalt"],["Rated","2024"]]},"geometry":{"type":"LineString","coordinates":[[-83.57722,42.99032],[-83.57492,42.99037]]}},{"type":"Feature","properties":{"name":"N Dort Hwy","condition":"Poor","_color":"#c0392b","_weight":4,"_popupRows":[["Condition","Poor"],["PASER rating","2/10"],["Surface","Composite"],["Rated","2024"]]},"geometry":{"type":"LineString","coordinates":[[-83.65244,42.96026],[-83.65266,42.96747]]}},{"type":"Feature","properties":{"name":"N Dort Hwy","condition":"Poor","_color":"#c0392b","_weight":4,"_popupRows":[["Condition","Poor"],["PASER rating","2/10"],["Surface","Composite"],["Rated","2024"]]},"geometry":{"type":"LineString","coordinates":[[-83.65284,42.97233],[-83.65292,42.97472]]}},{"type":"Feature","properties":{"name":"N Dort Hwy","condition":"Poor","_color":"#c0392b","_weight":4,"_popupRows":[["Condition","Poor"],["PASER rating","2/10"],["Surface","Composite"],["Rated","2024"]]},"geometry":{"type":"LineString","coordinates":[[-83.65292,42.97472],[-83.65302,42.97698]]}},{"type":"Feature","properties":{"name":"N Dort Hwy","condition":"Poor","_color":"#c0392b","_weight":4,"_popupRows":[["Condition","Poor"],["PASER rating","2/10"],["Surface","Composite"],["Rated","2024"]]},"geometry":{"type":"LineString","coordinates":[[-83.65302,42.97698],[-83.65309,42.97938]]}},{"type":"Feature","properties":{"name":"Iron St","condition":"Poor","_color":"#c0392b","_weight":4,"_popupRows":[["Condition","Poor"],["PASER rating","2/10"],["Surface","Asphalt"],["Rated","2024"]]},"geometry":{"type":"LineString","coordinates":[[-83.64627,42.97968],[-83.64202,42.97975]]}},{"type":"Feature","properties":{"name":"S Grand Traverse St","condition":"Poor","_color":"#c0392b","_weight":4,"_popupRows":[["Condition","Poor"],["PASER rating","3/10"],["Surface","Concrete"],["Rated","2024"]]},"geometry":{"type":"LineString","coordinates":[[-83.68256,42.97426],[-83.68215,42.97022]]}},{"type":"Feature","properties":{"name":"E I 69","condition":"Good","_color":"#4ea735","_weight":4,"_popupRows":[["Condition","Good"],["PASER rating","8/10"],["Surface","Concrete"],["Rated","2024"]]},"geometry":{"type":"LineString","coordinates":[[-83.63473,43.01381],[-83.63457,43.01381]]}},{"type":"Feature","properties":{"name":"Lapeer Rd","condition":"Fair","_color":"#e08a00","_weight":4,"_popupRows":[["Condition","Fair"],["PASER rating","5/10"],["Surface","Asphalt"],["Rated","2024"]]},"geometry":{"type":"LineString","coordinates":[[-83.57871,43.01133],[-83.5767,43.01137]]}},{"type":"Feature","properties":{"name":"Belsay/E I 69 RAMP","condition":"Poor","_color":"#c0392b","_weight":4,"_popupRows":[["Condition","Poor"],["PASER rating","4/10"],["Surface","Concrete"],["Rated","2024"]]},"geometry":{"type":"LineString","coordinates":[[-83.59534,43.01854],[-83.59558,43.0183]]}},{"type":"Feature","properties":{"name":"Belsay/E I 69 RAMP","condition":"Poor","_color":"#c0392b","_weight":4,"_popupRows":[["Condition","Poor"],["PASER rating","4/10"],["Surface","Concrete"],["Rated","2024"]]},"geometry":{"type":"LineString","coordinates":[[-83.59558,43.0183],[-83.59626,43.0179],[-83.59723,43.01817],[-83.59746,43.01878],[-83.59723,43.01911],[-83.59656,43.01943]]}},{"type":"Feature","properties":{"name":"S Belsay Rd","condition":"Poor","_color":"#c0392b","_weight":4,"_popupRows":[["Condition","Poor"],["PASER rating","2/10"],["Surface","Composite"],["Rated","2024"]]},"geometry":{"type":"LineString","coordinates":[[-83.59366,42.97146],[-83.59367,42.97184]]}},{"type":"Feature","properties":{"name":"S Belsay Rd","condition":"Poor","_color":"#c0392b","_weight":4,"_popupRows":[["Condition","Poor"],["PASER rating","2/10"],["Surface","Composite"],["Rated","2024"]]},"geometry":{"type":"LineString","coordinates":[[-83.59367,42.97184],[-83.59369,42.97279]]}},{"type":"Feature","properties":{"name":"S Belsay Rd","condition":"Fair","_color":"#e08a00","_weight":4,"_popupRows":[["Condition","Fair"],["PASER rating","6/10"],["Surface","Concrete"],["Rated","2024"]]},"geometry":{"type":"LineString","coordinates":[[-83.59547,43.02495],[-83.5955,43.02634]]}},{"type":"Feature","properties":{"name":"S Belsay Rd","condition":"Fair","_color":"#e08a00","_weight":4,"_popupRows":[["Condition","Fair"],["PASER rating","6/10"],["Surface","Concrete"],["Rated","2024"]]},"geometry":{"type":"LineString","coordinates":[[-83.5955,43.02634],[-83.59558,43.03]]}},{"type":"Feature","properties":{"name":"W I 69/Belsay RAMP","condition":"Poor","_color":"#c0392b","_weight":4,"_popupRows":[["Condition","Poor"],["PASER rating","4/10"],["Surface","Concrete"],["Rated","2024"]]},"geometry":{"type":"LineString","coordinates":[[-83.58824,43.01985],[-83.58938,43.01994]]}},{"type":"Feature","properties":{"name":"N Dort Hwy","condition":"Poor","_color":"#c0392b","_weight":4,"_popupRows":[["Condition","Poor"],["PASER rating","2/10"],["Surface","Composite"],["Rated","2024"]]},"geometry":{"type":"LineString","coordinates":[[-83.65266,42.96747],[-83.65274,42.97011]]}},{"type":"Feature","properties":{"name":"N Dort Hwy","condition":"Poor","_color":"#c0392b","_weight":4,"_popupRows":[["Condition","Poor"],["PASER rating","2/10"],["Surface","Composite"],["Rated","2024"]]},"geometry":{"type":"LineString","coordinates":[[-83.65274,42.97011],[-83.65284,42.97233]]}},{"type":"Feature","properties":{"name":"S Grand Traverse St","condition":"Poor","_color":"#c0392b","_weight":4,"_popupRows":[["Condition","Poor"],["PASER rating","4/10"],["Surface","Concrete"],["Rated","2024"]]},"geometry":{"type":"LineString","coordinates":[[-83.68185,42.96964],[-83.68126,42.97251]]}},{"type":"Feature","properties":{"name":"N Genesee Rd","condition":"Good","_color":"#4ea735","_weight":4,"_popupRows":[["Condition","Good"],["PASER rating","9/10"],["Surface","Concrete"],["Rated","2024"]]},"geometry":{"type":"LineString","coordinates":[[-83.61508,43.01872],[-83.61525,43.02622]]}},{"type":"Feature","properties":{"name":"N Genesee Rd","condition":"Good","_color":"#4ea735","_weight":4,"_popupRows":[["Condition","Good"],["PASER rating","9/10"],["Surface","Concrete"],["Rated","2024"]]},"geometry":{"type":"LineString","coordinates":[[-83.61525,43.02622],[-83.61526,43.02727]]}},{"type":"Feature","properties":{"name":"E Maple Ave","condition":"Good","_color":"#4ea735","_weight":4,"_popupRows":[["Condition","Good"],["PASER rating","8/10"],["Surface","Asphalt"],["Rated","2024"]]},"geometry":{"type":"LineString","coordinates":[[-83.68446,42.95974],[-83.68367,42.95975]]}},{"type":"Feature","properties":{"name":"E Maple Ave","condition":"Poor","_color":"#c0392b","_weight":4,"_popupRows":[["Condition","Poor"],["PASER rating","4/10"],["Surface","Asphalt"],["Rated","2024"]]},"geometry":{"type":"LineString","coordinates":[[-83.63286,42.96048],[-83.62953,42.96056]]}},{"type":"Feature","properties":{"name":"E Maple Ave","condition":"Fair","_color":"#e08a00","_weight":4,"_popupRows":[["Condition","Fair"],["PASER rating","5/10"],["Surface","Asphalt"],["Rated","2024"]]},"geometry":{"type":"LineString","coordinates":[[-83.59335,42.96116],[-83.59101,42.96119]]}},{"type":"Feature","properties":{"name":"E Maple Ave","condition":"Fair","_color":"#e08a00","_weight":4,"_popupRows":[["Condition","Fair"],["PASER rating","5/10"],["Surface","Asphalt"],["Rated","2024"]]},"geometry":{"type":"LineString","coordinates":[[-83.59101,42.96119],[-83.59093,42.9612]]}},{"type":"Feature","properties":{"name":"W Hemphill Rd","condition":"Poor","_color":"#c0392b","_weight":4,"_popupRows":[["Condition","Poor"],["PASER rating","2/10"],["Surface","Asphalt"],["Rated","2024"]]},"geometry":{"type":"LineString","coordinates":[[-83.65019,42.982],[-83.64842,42.98203]]}},{"type":"Feature","properties":{"name":"W Hemphill Rd","condition":"Poor","_color":"#c0392b","_weight":4,"_popupRows":[["Condition","Poor"],["PASER rating","2/10"],["Surface","Asphalt"],["Rated","2024"]]},"geometry":{"type":"LineString","coordinates":[[-83.64842,42.98203],[-83.64637,42.98206]]}},{"type":"Feature","properties":{"name":"E Bristol Rd","condition":"Good","_color":"#4ea735","_weight":4,"_popupRows":[["Condition","Good"],["PASER rating","8/10"],["Surface","Asphalt"],["Rated","2024"]]},"geometry":{"type":"LineString","coordinates":[[-83.6597,42.97464],[-83.65718,42.97468]]}},{"type":"Feature","properties":{"name":"E Bristol Rd","condition":"Good","_color":"#4ea735","_weight":4,"_popupRows":[["Condition","Good"],["PASER rating","8/10"],["Surface","Asphalt"],["Rated","2024"]]},"geometry":{"type":"LineString","coordinates":[[-83.65718,42.97468],[-83.65292,42.97472]]}},{"type":"Feature","properties":{"name":"E Bristol Rd","condition":"Fair","_color":"#e08a00","_weight":4,"_popupRows":[["Condition","Fair"],["PASER rating","6/10"],["Surface","Asphalt"],["Rated","2024"]]},"geometry":{"type":"LineString","coordinates":[[-83.65292,42.97472],[-83.64812,42.97482]]}},{"type":"Feature","properties":{"name":"E Bristol Rd","condition":"Fair","_color":"#e08a00","_weight":4,"_popupRows":[["Condition","Fair"],["PASER rating","6/10"],["Surface","Asphalt"],["Rated","2024"]]},"geometry":{"type":"LineString","coordinates":[[-83.64812,42.97482],[-83.64544,42.97486]]}},{"type":"Feature","properties":{"name":"E Bristol Rd","condition":"Poor","_color":"#c0392b","_weight":4,"_popupRows":[["Condition","Poor"],["PASER rating","2/10"],["Surface","Composite"],["Rated","2024"]]},"geometry":{"type":"LineString","coordinates":[[-83.59591,42.9756],[-83.5939,42.97564]]}},{"type":"Feature","properties":{"name":"Wakefield Rd","condition":"Fair","_color":"#e08a00","_weight":4,"_popupRows":[["Condition","Fair"],["PASER rating","5/10"],["Surface","Asphalt"],["Rated","2024"]]},"geometry":{"type":"LineString","coordinates":[[-83.58351,42.95604],[-83.58364,42.96131]]}},{"type":"Feature","properties":{"name":"S Grand Traverse St","condition":"Poor","_color":"#c0392b","_weight":4,"_popupRows":[["Condition","Poor"],["PASER rating","4/10"],["Surface","Concrete"],["Rated","2024"]]},"geometry":{"type":"LineString","coordinates":[[-83.68126,42.97251],[-83.68129,42.97428]]}},{"type":"Feature","properties":{"name":"E Maple Ave","condition":"Poor","_color":"#c0392b","_weight":4,"_popupRows":[["Condition","Poor"],["PASER rating","4/10"],["Surface","Asphalt"],["Rated","2024"]]},"geometry":{"type":"LineString","coordinates":[[-83.62953,42.96056],[-83.62358,42.9607]]}},{"type":"Feature","properties":{"name":"Lapeer Rd","condition":"Poor","_color":"#c0392b","_weight":4,"_popupRows":[["Condition","Poor"],["PASER rating","3/10"],["Surface","Asphalt"],["Rated","2024"]]},"geometry":{"type":"LineString","coordinates":[[-83.5767,43.01137],[-83.57541,43.0114]]}},{"type":"Feature","properties":{"name":"E Maple Ave","condition":"Poor","_color":"#c0392b","_weight":4,"_popupRows":[["Condition","Poor"],["PASER rating","4/10"],["Surface","Asphalt"],["Rated","2024"]]},"geometry":{"type":"LineString","coordinates":[[-83.69341,42.95956],[-83.69252,42.95959]]}},{"type":"Feature","properties":{"name":"N I 475","condition":"Fair","_color":"#e08a00","_weight":4,"_popupRows":[["Condition","Fair"],["PASER rating","5/10"],["Surface","Concrete"],["Rated","2024"]]},"geometry":{"type":"LineString","coordinates":[[-83.68242,42.95859],[-83.68247,42.95978]]}},{"type":"Feature","properties":{"name":"S I 475","condition":"Fair","_color":"#e08a00","_weight":4,"_popupRows":[["Condition","Fair"],["PASER rating","6/10"],["Surface","Concrete"],["Rated","2024"]]},"geometry":{"type":"LineString","coordinates":[[-83.68276,42.95858],[-83.68282,42.95977]]}},{"type":"Feature","properties":{"name":"W I 69/Belsay RAMP","condition":"Poor","_color":"#c0392b","_weight":4,"_popupRows":[["Condition","Poor"],["PASER rating","4/10"],["Surface","Concrete"],["Rated","2024"]]},"geometry":{"type":"LineString","coordinates":[[-83.58938,43.01994],[-83.59091,43.02018],[-83.59376,43.02145],[-83.5954,43.02151]]}},{"type":"Feature","properties":{"name":"E Bristol Rd","condition":"Poor","_color":"#c0392b","_weight":4,"_popupRows":[["Condition","Poor"],["PASER rating","2/10"],["Surface","Composite"],["Rated","2024"]]},"geometry":{"type":"LineString","coordinates":[[-83.5939,42.97564],[-83.59378,42.97564]]}},{"type":"Feature","properties":{"name":"E I 69","condition":"Good","_color":"#4ea735","_weight":4,"_popupRows":[["Condition","Good"],["PASER rating","8/10"],["Surface","Concrete"],["Rated","2024"]]},"geometry":{"type":"LineString","coordinates":[[-83.63457,43.01381],[-83.63445,43.01381]]}}]}
