{"type":"FeatureCollection","features":[{"type":"Feature","geometry":{"type":"LineString","coordinates":[[-83.64209,42.98212],[-83.63977,42.98214],[-83.63963,42.98214],[-83.63954,42.98217],[-83.63945,42.9822]]},"properties":{"name":"East Hemphill Road","aadt":740,"trucks_pct":null,"year":2025,"band":"<2k","length_m":216,"program":"LR","facility_type":"2","_color":"#9ecae1","_weight":2,"_popupRows":[["Daily vehicles","740"],["Count year","2025"]]}},{"type":"Feature","geometry":{"type":"LineString","coordinates":[[-83.67594,42.97003],[-83.67572,42.97003],[-83.67216,42.97008]]},"properties":{"name":"East Buder Avenue","aadt":740,"trucks_pct":null,"year":2025,"band":"<2k","length_m":308,"program":"LR","facility_type":"2","_color":"#9ecae1","_weight":2,"_popupRows":[["Daily vehicles","740"],["Count year","2025"]]}},{"type":"Feature","geometry":{"type":"LineString","coordinates":[[-83.62279,42.94519],[-83.62283,42.94573],[-83.62293,42.94754],[-83.62315,42.9512],[-83.62329,42.95268],[-83.62343,42.95598],[-83.62358,42.9607]]},"properties":{"name":"Howe Road","aadt":818,"trucks_pct":null,"year":2025,"band":"<2k","length_m":1726,"program":"LR","facility_type":"2","_color":"#9ecae1","_weight":2,"_popupRows":[["Daily vehicles","818"],["Count year","2025"]]}},{"type":"Feature","geometry":{"type":"LineString","coordinates":[[-83.58645,43.01531],[-83.58641,43.01436]]},"properties":{"name":"South Packard Avenue","aadt":740,"trucks_pct":null,"year":2025,"band":"<2k","length_m":106,"program":"LR","facility_type":"2","_color":"#9ecae1","_weight":2,"_popupRows":[["Daily vehicles","740"],["Count year","2025"]]}},{"type":"Feature","geometry":{"type":"LineString","coordinates":[[-83.67133,42.96487],[-83.67102,42.96497],[-83.67082,42.96502],[-83.67068,42.96505],[-83.67021,42.96505],[-83.66902,42.96507],[-83.66576,42.9651],[-83.66309,42.96513],[-83.66229,42.96514]]},"properties":{"name":"Morris Avenue","aadt":740,"trucks_pct":null,"year":2025,"band":"<2k","length_m":739,"program":"LR","facility_type":"2","_color":"#9ecae1","_weight":2,"_popupRows":[["Daily vehicles","740"],["Count year","2025"]]}},{"type":"Feature","geometry":{"type":"LineString","coordinates":[[-83.68772,42.97927],[-83.68511,42.97932],[-83.6828,42.97935]]},"properties":{"name":"Norton Street","aadt":740,"trucks_pct":null,"year":2025,"band":"<2k","length_m":400,"program":"LR","facility_type":"2","_color":"#9ecae1","_weight":2,"_popupRows":[["Daily vehicles","740"],["Count year","2025"]]}},{"type":"Feature","geometry":{"type":"LineString","coordinates":[[-83.69252,42.95959],[-83.6926,42.96169],[-83.69267,42.9641],[-83.69273,42.96686],[-83.69274,42.96756],[-83.69275,42.96828],[-83.69275,42.96861],[-83.69274,42.96899],[-83.69276,42.96971],[-83.69276,42.97007],[-83.69277,42.97043],[-83.69278,42.97113],[-83.69277,42.9718],[-83.69277,42.97208],[-83.69278,42.97254],[-83.69276,42.97325],[-83.69276,42.97407]]},"properties":{"name":"Fenton Rd","aadt":10185,"trucks_pct":1,"year":2025,"band":"10k-20k","length_m":1610,"program":"NTL","facility_type":"2","_color":"#e08a00","_weight":6,"_popupRows":[["Daily vehicles","10,185"],["Trucks","1%"],["Count year","2025"]]}},{"type":"Feature","geometry":{"type":"LineString","coordinates":[[-83.59496,43.00402],[-83.59487,43.00402],[-83.59256,43.00401],[-83.58618,43.00405],[-83.58603,43.00404],[-83.58594,43.00402]]},"properties":{"name":"Surrey Lane","aadt":740,"trucks_pct":null,"year":2025,"band":"<2k","length_m":734,"program":"LR","facility_type":"2","_color":"#9ecae1","_weight":2,"_popupRows":[["Daily vehicles","740"],["Count year","2025"]]}},{"type":"Feature","geometry":{"type":"LineString","coordinates":[[-83.60475,43.02696],[-83.60479,43.02702],[-83.60482,43.02708],[-83.60486,43.02934],[-83.60489,43.03223],[-83.60491,43.03332]]},"properties":{"name":"Schafer Drive","aadt":740,"trucks_pct":null,"year":2025,"band":"<2k","length_m":708,"program":"LR","facility_type":"2","_color":"#9ecae1","_weight":2,"_popupRows":[["Daily vehicles","740"],["Count year","2025"]]}},{"type":"Feature","geometry":{"type":"LineString","coordinates":[[-83.66692,42.96089],[-83.6673,42.96027]]},"properties":{"name":"Columbine Avenue","aadt":740,"trucks_pct":null,"year":2025,"band":"<2k","length_m":75,"program":"LR","facility_type":"2","_color":"#9ecae1","_weight":2,"_popupRows":[["Daily vehicles","740"],["Count year","2025"]]}},{"type":"Feature","geometry":{"type":"LineString","coordinates":[[-83.65214,42.98198],[-83.65228,42.98678],[-83.65235,42.98918]]},"properties":{"name":"Myrton Street","aadt":740,"trucks_pct":null,"year":2025,"band":"<2k","length_m":801,"program":"LR","facility_type":"2","_color":"#9ecae1","_weight":2,"_popupRows":[["Daily vehicles","740"],["Count year","2025"]]}},{"type":"Feature","geometry":{"type":"LineString","coordinates":[[-83.63945,42.9822],[-83.63942,42.9823],[-83.63942,42.98252],[-83.63946,42.9829],[-83.6395,42.98375],[-83.63952,42.98456],[-83.63959,42.98534],[-83.63959,42.98614],[-83.63967,42.98691],[-83.63978,42.98774]]},"properties":{"name":"Christner Street","aadt":740,"trucks_pct":null,"year":2025,"band":"<2k","length_m":617,"program":"LR","facility_type":"2","_color":"#9ecae1","_weight":2,"_popupRows":[["Daily vehicles","740"],["Count year","2025"]]}},{"type":"Feature","geometry":{"type":"LineString","coordinates":[[-83.57466,42.98502],[-83.56691,42.98508],[-83.56155,42.98513],[-83.55981,42.98515],[-83.55965,42.98516]]},"properties":{"name":"Kessling Street","aadt":818,"trucks_pct":null,"year":2025,"band":"<2k","length_m":1221,"program":"LR","facility_type":"2","_color":"#9ecae1","_weight":2,"_popupRows":[["Daily vehicles","818"],["Count year","2025"]]}},{"type":"Feature","geometry":{"type":"LineString","coordinates":[[-83.57722,42.99032],[-83.57717,42.98705],[-83.57715,42.98671]]},"properties":{"name":"Vineland Avenue","aadt":740,"trucks_pct":null,"year":2025,"band":"<2k","length_m":401,"program":"LR","facility_type":"2","_color":"#9ecae1","_weight":2,"_popupRows":[["Daily vehicles","740"],["Count year","2025"]]}},{"type":"Feature","geometry":{"type":"LineString","coordinates":[[-83.59349,42.96602],[-83.59157,42.96605],[-83.59031,42.96608],[-83.58855,42.96607]]},"properties":{"name":"Deer Park Pass","aadt":740,"trucks_pct":null,"year":2025,"band":"<2k","length_m":402,"program":"LR","facility_type":"2","_color":"#9ecae1","_weight":2,"_popupRows":[["Daily vehicles","740"],["Count year","2025"]]}},{"type":"Feature","geometry":{"type":"LineString","coordinates":[[-83.67852,42.96279],[-83.67531,42.96285],[-83.6727,42.96289],[-83.67109,42.9629],[-83.67083,42.96291],[-83.67025,42.96308]]},"properties":{"name":"Jolson Avenue","aadt":740,"trucks_pct":null,"year":2025,"band":"<2k","length_m":676,"program":"LR","facility_type":"2","_color":"#9ecae1","_weight":2,"_popupRows":[["Daily vehicles","740"],["Count year","2025"]]}},{"type":"Feature","geometry":{"type":"LineString","coordinates":[[-83.65971,42.97391],[-83.65796,42.97392]]},"properties":{"name":"East Whittemore Avenue","aadt":740,"trucks_pct":null,"year":2025,"band":"<2k","length_m":142,"program":"LR","facility_type":"2","_color":"#9ecae1","_weight":2,"_popupRows":[["Daily vehicles","740"],["Count year","2025"]]}},{"type":"Feature","geometry":{"type":"LineString","coordinates":[[-83.63475,43.01512],[-83.63501,43.0148],[-83.63507,43.01474],[-83.63517,43.01466],[-83.6353,43.01459],[-83.63538,43.01455],[-83.63548,43.01453],[-83.63568,43.01448],[-83.63703,43.01427],[-83.63848,43.01404],[-83.6391,43.01392],[-83.63964,43.01377]]},"properties":{"name":"I-69 ramp","aadt":6934,"trucks_pct":0,"year":2025,"band":"5k-10k","length_m":440,"program":"RMP","facility_type":"4","_color":"#e8c400","_weight":4,"_popupRows":[["Daily vehicles","6,934"],["Trucks","0%"],["Count year","2025"]]}},{"type":"Feature","geometry":{"type":"LineString","coordinates":[[-83.65968,42.9732],[-83.65772,42.97324]]},"properties":{"name":"East Boatfield Avenue","aadt":740,"trucks_pct":null,"year":2025,"band":"<2k","length_m":160,"program":"LR","facility_type":"2","_color":"#9ecae1","_weight":2,"_popupRows":[["Daily vehicles","740"],["Count year","2025"]]}},{"type":"Feature","geometry":{"type":"LineString","coordinates":[[-83.60267,43.00444],[-83.60274,43.00651],[-83.60275,43.00858],[-83.60281,43.01083]]},"properties":{"name":"Merle Avenue","aadt":740,"trucks_pct":null,"year":2025,"band":"<2k","length_m":711,"program":"LR","facility_type":"2","_color":"#9ecae1","_weight":2,"_popupRows":[["Daily vehicles","740"],["Count year","2025"]]}},{"type":"Feature","geometry":{"type":"LineString","coordinates":[[-83.62267,43.02071],[-83.62267,43.02182],[-83.62259,43.02194],[-83.62222,43.02225],[-83.62203,43.02238]]},"properties":{"name":"Zuni Drive","aadt":740,"trucks_pct":null,"year":2025,"band":"<2k","length_m":206,"program":"LR","facility_type":"2","_color":"#9ecae1","_weight":2,"_popupRows":[["Daily vehicles","740"],["Count year","2025"]]}},{"type":"Feature","geometry":{"type":"LineString","coordinates":[[-83.68752,42.97416],[-83.68759,42.97606],[-83.68765,42.9778],[-83.68767,42.97812],[-83.68769,42.97856],[-83.68772,42.97927],[-83.68777,42.97999],[-83.6878,42.98069],[-83.68786,42.98146]]},"properties":{"name":"Camden Avenue","aadt":3265,"trucks_pct":null,"year":2025,"band":"2k-5k","length_m":811,"program":"LR","facility_type":"2","_color":"#4ea735","_weight":3,"_popupRows":[["Daily vehicles","3,265"],["Count year","2025"]]}},{"type":"Feature","geometry":{"type":"LineString","coordinates":[[-83.58813,43.00532],[-83.58819,43.00874],[-83.58826,43.01112]]},"properties":{"name":"Kettering Street","aadt":740,"trucks_pct":null,"year":2025,"band":"<2k","length_m":644,"program":"LR","facility_type":"2","_color":"#9ecae1","_weight":2,"_popupRows":[["Daily vehicles","740"],["Count year","2025"]]}},{"type":"Feature","geometry":{"type":"LineString","coordinates":[[-83.60219,42.969],[-83.6035,42.96903]]},"properties":{"name":"Willow Grove Drive","aadt":740,"trucks_pct":null,"year":2025,"band":"<2k","length_m":107,"program":"LR","facility_type":"2","_color":"#9ecae1","_weight":2,"_popupRows":[["Daily vehicles","740"],["Count year","2025"]]}},{"type":"Feature","geometry":{"type":"LineString","coordinates":[[-83.57376,42.96148],[-83.56326,42.96164],[-83.55486,42.96178]]},"properties":{"name":"East Maple Avenue","aadt":818,"trucks_pct":null,"year":2025,"band":"<2k","length_m":1538,"program":"LR","facility_type":"2","_color":"#9ecae1","_weight":2,"_popupRows":[["Daily vehicles","818"],["Count year","2025"]]}},{"type":"Feature","geometry":{"type":"LineString","coordinates":[[-83.63502,43.0245],[-83.63884,43.02276]]},"properties":{"name":"Gorey Avenue","aadt":740,"trucks_pct":null,"year":2025,"band":"<2k","length_m":365,"program":"LR","facility_type":"2","_color":"#9ecae1","_weight":2,"_popupRows":[["Daily vehicles","740"],["Count year","2025"]]}},{"type":"Feature","geometry":{"type":"LineString","coordinates":[[-83.62227,42.99915],[-83.62243,42.99917],[-83.62251,42.99923],[-83.62254,42.99931],[-83.62254,42.99939],[-83.62257,42.99962],[-83.62258,42.9998],[-83.62266,43.0016],[-83.62266,43.00232],[-83.62264,43.00237],[-83.62259,43.00242]]},"properties":{"name":"Sandlewood Drive","aadt":740,"trucks_pct":null,"year":2025,"band":"<2k","length_m":379,"program":"LR","facility_type":"2","_color":"#9ecae1","_weight":2,"_popupRows":[["Daily vehicles","740"],["Count year","2025"]]}},{"type":"Feature","geometry":{"type":"LineString","coordinates":[[-83.63517,42.95798],[-83.63537,42.9581],[-83.63701,42.95873],[-83.639,42.95951],[-83.63914,42.95964],[-83.63923,42.95979],[-83.63925,42.95997],[-83.63924,42.96017],[-83.63923,42.96041]]},"properties":{"name":"Mellwood Drive","aadt":818,"trucks_pct":null,"year":2025,"band":"<2k","length_m":461,"program":"LR","facility_type":"2","_color":"#9ecae1","_weight":2,"_popupRows":[["Daily vehicles","818"],["Count year","2025"]]}},{"type":"Feature","geometry":{"type":"LineString","coordinates":[[-83.62168,42.99304],[-83.62014,42.99305],[-83.61997,42.99308],[-83.6196,42.9932]]},"properties":{"name":"Chicory Street","aadt":740,"trucks_pct":null,"year":2025,"band":"<2k","length_m":173,"program":"LR","facility_type":"2","_color":"#9ecae1","_weight":2,"_popupRows":[["Daily vehicles","740"],["Count year","2025"]]}},{"type":"Feature","geometry":{"type":"LineString","coordinates":[[-83.58831,43.01328],[-83.58733,43.01329]]},"properties":{"name":"Kendall Drive","aadt":740,"trucks_pct":null,"year":2025,"band":"<2k","length_m":79,"program":"LR","facility_type":"2","_color":"#9ecae1","_weight":2,"_popupRows":[["Daily vehicles","740"],["Count year","2025"]]}},{"type":"Feature","geometry":{"type":"LineString","coordinates":[[-83.58985,42.97572],[-83.5899,42.97774]]},"properties":{"name":"Dallas Street","aadt":740,"trucks_pct":null,"year":2025,"band":"<2k","length_m":225,"program":"LR","facility_type":"2","_color":"#9ecae1","_weight":2,"_popupRows":[["Daily vehicles","740"],["Count year","2025"]]}},{"type":"Feature","geometry":{"type":"LineString","coordinates":[[-83.67236,42.97221],[-83.66916,42.97226],[-83.66597,42.9723],[-83.66322,42.97235],[-83.66273,42.97236]]},"properties":{"name":"East Bergin Avenue","aadt":740,"trucks_pct":null,"year":2025,"band":"<2k","length_m":783,"program":"LR","facility_type":"2","_color":"#9ecae1","_weight":2,"_popupRows":[["Daily vehicles","740"],["Count year","2025"]]}},{"type":"Feature","geometry":{"type":"LineString","coordinates":[[-83.64627,42.97968],[-83.6462,42.97967],[-83.64202,42.97975]]},"properties":{"name":"Iron St","aadt":530,"trucks_pct":15,"year":2025,"band":"<2k","length_m":347,"program":"NTL","facility_type":"2","_color":"#9ecae1","_weight":2,"_popupRows":[["Daily vehicles","530"],["Trucks","15%"],["Count year","2025"]]}},{"type":"Feature","geometry":{"type":"LineString","coordinates":[[-83.63961,42.99245],[-83.63964,42.9925],[-83.63967,42.99266],[-83.63974,42.99397],[-83.63974,42.99466]]},"properties":{"name":"Christner Street","aadt":740,"trucks_pct":null,"year":2025,"band":"<2k","length_m":246,"program":"LR","facility_type":"2","_color":"#9ecae1","_weight":2,"_popupRows":[["Daily vehicles","740"],["Count year","2025"]]}},{"type":"Feature","geometry":{"type":"LineString","coordinates":[[-83.58364,42.96131],[-83.58081,42.96136],[-83.57672,42.96145],[-83.57376,42.96148]]},"properties":{"name":"E Maple Ave","aadt":2652,"trucks_pct":3,"year":2025,"band":"2k-5k","length_m":805,"program":"NTL","facility_type":"2","_color":"#4ea735","_weight":3,"_popupRows":[["Daily vehicles","2,652"],["Trucks","3%"],["Count year","2025"]]}},{"type":"Feature","geometry":{"type":"LineString","coordinates":[[-83.66093,42.97947],[-83.66097,42.97947],[-83.66101,42.97947],[-83.66107,42.97949],[-83.66191,42.98032],[-83.66306,42.98151],[-83.66321,42.98169],[-83.66326,42.98183]]},"properties":{"name":"Red Arrow Road","aadt":740,"trucks_pct":null,"year":2025,"band":"<2k","length_m":329,"program":"LR","facility_type":"2","_color":"#9ecae1","_weight":2,"_popupRows":[["Daily vehicles","740"],["Count year","2025"]]}},{"type":"Feature","geometry":{"type":"LineString","coordinates":[[-83.67767,42.97216],[-83.67634,42.97218],[-83.67619,42.97218],[-83.67469,42.97223],[-83.67449,42.97223],[-83.67434,42.97226],[-83.67421,42.9723],[-83.67413,42.97235],[-83.67405,42.97243],[-83.67396,42.97252],[-83.6739,42.97261],[-83.67385,42.97269],[-83.67383,42.97278],[-83.67381,42.97283],[-83.67377,42.97288],[-83.67369,42.97292],[-83.67363,42.97294],[-83.67358,42.97295],[-83.6735,42.97294],[-83.67247,42.97297]]},"properties":{"name":"Natalie Drive","aadt":740,"trucks_pct":null,"year":2025,"band":"<2k","length_m":467,"program":"LR","facility_type":"2","_color":"#9ecae1","_weight":2,"_popupRows":[["Daily vehicles","740"],["Count year","2025"]]}},{"type":"Feature","geometry":{"type":"LineString","coordinates":[[-83.65045,42.9794],[-83.65035,42.9774]]},"properties":{"name":"Warehouse Drive","aadt":740,"trucks_pct":null,"year":2025,"band":"<2k","length_m":223,"program":"LR","facility_type":"2","_color":"#9ecae1","_weight":2,"_popupRows":[["Daily vehicles","740"],["Count year","2025"]]}},{"type":"Feature","geometry":{"type":"LineString","coordinates":[[-83.67315,42.97665],[-83.66929,42.97671],[-83.66874,42.97674],[-83.66856,42.97669],[-83.66839,42.9766],[-83.66823,42.97649],[-83.6681,42.97634]]},"properties":{"name":"James Street","aadt":740,"trucks_pct":null,"year":2025,"band":"<2k","length_m":429,"program":"LR","facility_type":"2","_color":"#9ecae1","_weight":2,"_popupRows":[["Daily vehicles","740"],["Count year","2025"]]}},{"type":"Feature","geometry":{"type":"LineString","coordinates":[[-83.60024,42.98323],[-83.60019,42.98328],[-83.60017,42.98336],[-83.6004,42.98696],[-83.60043,42.98756],[-83.60044,42.98767],[-83.60046,42.98776],[-83.60051,42.98786],[-83.60057,42.98794],[-83.60066,42.98801],[-83.60077,42.98808],[-83.60105,42.98821],[-83.60127,42.98833]]},"properties":{"name":"Dahlia Drive","aadt":740,"trucks_pct":null,"year":2025,"band":"<2k","length_m":600,"program":"LR","facility_type":"2","_color":"#9ecae1","_weight":2,"_popupRows":[["Daily vehicles","740"],["Count year","2025"]]}},{"type":"Feature","geometry":{"type":"LineString","coordinates":[[-83.5951,43.00943],[-83.5925,43.00941],[-83.59035,43.00942]]},"properties":{"name":"Pearl Street","aadt":740,"trucks_pct":null,"year":2025,"band":"<2k","length_m":386,"program":"LR","facility_type":"2","_color":"#9ecae1","_weight":2,"_popupRows":[["Daily vehicles","740"],["Count year","2025"]]}},{"type":"Feature","geometry":{"type":"LineString","coordinates":[[-83.66744,42.96003],[-83.66297,42.96009],[-83.66136,42.96012],[-83.65935,42.96015],[-83.65244,42.96026],[-83.64844,42.96031],[-83.64753,42.96032],[-83.64645,42.96034],[-83.64358,42.96036],[-83.64288,42.96037],[-83.64243,42.96036],[-83.63923,42.96041],[-83.63911,42.96041],[-83.63687,42.96046],[-83.63413,42.96046],[-83.6336,42.96046],[-83.63286,42.96048]]},"properties":{"name":"E Maple Ave","aadt":6707,"trucks_pct":3,"year":2025,"band":"5k-10k","length_m":2814,"program":"NTL","facility_type":"2","_color":"#e8c400","_weight":4,"_popupRows":[["Daily vehicles","6,707"],["Trucks","3%"],["Count year","2025"]]}},{"type":"Feature","geometry":{"type":"LineString","coordinates":[[-83.60137,42.97548],[-83.60137,42.97487],[-83.60129,42.9732]]},"properties":{"name":"Montcalm Street","aadt":740,"trucks_pct":null,"year":2025,"band":"<2k","length_m":254,"program":"LR","facility_type":"2","_color":"#9ecae1","_weight":2,"_popupRows":[["Daily vehicles","740"],["Count year","2025"]]}},{"type":"Feature","geometry":{"type":"LineString","coordinates":[[-83.64128,42.96185],[-83.64122,42.9619],[-83.64123,42.96195],[-83.64122,42.96202],[-83.64133,42.96503]]},"properties":{"name":"O Heren Street","aadt":740,"trucks_pct":null,"year":2025,"band":"<2k","length_m":356,"program":"LR","facility_type":"2","_color":"#9ecae1","_weight":2,"_popupRows":[["Daily vehicles","740"],["Count year","2025"]]}},{"type":"Feature","geometry":{"type":"LineString","coordinates":[[-83.62953,43.00847],[-83.62959,43.00852],[-83.62962,43.00859],[-83.62969,43.01022]]},"properties":{"name":"Lombardy Street","aadt":740,"trucks_pct":null,"year":2025,"band":"<2k","length_m":196,"program":"LR","facility_type":"2","_color":"#9ecae1","_weight":2,"_popupRows":[["Daily vehicles","740"],["Count year","2025"]]}},{"type":"Feature","geometry":{"type":"LineString","coordinates":[[-83.60904,43.00557],[-83.60491,43.00563]]},"properties":{"name":"Washtenaw Street","aadt":740,"trucks_pct":null,"year":2025,"band":"<2k","length_m":336,"program":"LR","facility_type":"2","_color":"#9ecae1","_weight":2,"_popupRows":[["Daily vehicles","740"],["Count year","2025"]]}},{"type":"Feature","geometry":{"type":"LineString","coordinates":[[-83.65618,42.96742],[-83.65619,42.96753],[-83.6563,42.97092]]},"properties":{"name":"Quinlan Drive","aadt":740,"trucks_pct":null,"year":2025,"band":"<2k","length_m":390,"program":"LR","facility_type":"2","_color":"#9ecae1","_weight":2,"_popupRows":[["Daily vehicles","740"],["Count year","2025"]]}},{"type":"Feature","geometry":{"type":"LineString","coordinates":[[-83.65342,42.98917],[-83.65235,42.98918],[-83.65139,42.98919],[-83.65042,42.98921],[-83.64967,42.98923],[-83.64863,42.98925],[-83.64775,42.98926],[-83.6466,42.98929],[-83.6451,42.98931],[-83.64372,42.98933],[-83.64226,42.98936],[-83.63986,42.98942],[-83.63912,42.98944],[-83.63813,42.98947],[-83.63661,42.98949],[-83.63573,42.98953],[-83.63376,42.98955]]},"properties":{"name":"E Atherton Rd","aadt":9550,"trucks_pct":3,"year":2025,"band":"5k-10k","length_m":1600,"program":"NTL","facility_type":"2","_color":"#e8c400","_weight":4,"_popupRows":[["Daily vehicles","9,550"],["Trucks","3%"],["Count year","2025"]]}},{"type":"Feature","geometry":{"type":"LineString","coordinates":[[-83.68158,42.98083],[-83.6793,42.98085],[-83.67673,42.9809],[-83.67417,42.98094]]},"properties":{"name":"Allen Street","aadt":740,"trucks_pct":null,"year":2025,"band":"<2k","length_m":603,"program":"LR","facility_type":"2","_color":"#9ecae1","_weight":2,"_popupRows":[["Daily vehicles","740"],["Count year","2025"]]}},{"type":"Feature","geometry":{"type":"LineString","coordinates":[[-83.58991,42.96718],[-83.5901,42.9673],[-83.59019,42.9674],[-83.59027,42.9675],[-83.59033,42.96762],[-83.59036,42.96774],[-83.59039,42.96789],[-83.59051,42.96799],[-83.59064,42.968],[-83.59162,42.96798],[-83.59157,42.96605],[-83.59156,42.96538],[-83.59156,42.96514]]},"properties":{"name":"Covey Lane","aadt":740,"trucks_pct":null,"year":2025,"band":"<2k","length_m":513,"program":"LR","facility_type":"2","_color":"#9ecae1","_weight":2,"_popupRows":[["Daily vehicles","740"],["Count year","2025"]]}},{"type":"Feature","geometry":{"type":"LineString","coordinates":[[-83.58456,43.00881],[-83.58459,43.0112]]},"properties":{"name":"Transue Avenue","aadt":3265,"trucks_pct":null,"year":2025,"band":"2k-5k","length_m":266,"program":"LR","facility_type":"2","_color":"#4ea735","_weight":3,"_popupRows":[["Daily vehicles","3,265"],["Count year","2025"]]}},{"type":"Feature","geometry":{"type":"LineString","coordinates":[[-83.63843,42.99593],[-83.63853,42.99801],[-83.63865,42.99992],[-83.63888,43.00405]]},"properties":{"name":"Christner Street","aadt":740,"trucks_pct":null,"year":2025,"band":"<2k","length_m":903,"program":"LR","facility_type":"2","_color":"#9ecae1","_weight":2,"_popupRows":[["Daily vehicles","740"],["Count year","2025"]]}},{"type":"Feature","geometry":{"type":"LineString","coordinates":[[-83.67265,42.97444],[-83.67283,42.97525],[-83.67298,42.97596],[-83.67315,42.97665],[-83.67332,42.97737],[-83.6735,42.97807],[-83.67368,42.97879],[-83.67383,42.97952],[-83.674,42.98023],[-83.67417,42.98094],[-83.67434,42.98169],[-83.67481,42.98362],[-83.67518,42.98524],[-83.67549,42.98647],[-83.67586,42.988],[-83.67609,42.98896]]},"properties":{"name":"South Saginaw Street","aadt":8277,"trucks_pct":2,"year":2025,"band":"5k-10k","length_m":1639,"program":"NTL","facility_type":"2","_color":"#e8c400","_weight":4,"_popupRows":[["Daily vehicles","8,277"],["Trucks","2%"],["Count year","2025"]]}},{"type":"Feature","geometry":{"type":"LineString","coordinates":[[-83.60222,42.96781],[-83.60299,42.9678],[-83.60327,42.9678]]},"properties":{"name":"Empress Drive","aadt":740,"trucks_pct":null,"year":2025,"band":"<2k","length_m":85,"program":"LR","facility_type":"2","_color":"#9ecae1","_weight":2,"_popupRows":[["Daily vehicles","740"],["Count year","2025"]]}},{"type":"Feature","geometry":{"type":"LineString","coordinates":[[-83.59508,43.00869],[-83.59246,43.00869],[-83.59187,43.00868],[-83.58953,43.00873],[-83.58819,43.00874],[-83.58689,43.00877],[-83.58627,43.00878],[-83.58556,43.00879],[-83.58456,43.00881]]},"properties":{"name":"Roberta Street","aadt":3265,"trucks_pct":null,"year":2025,"band":"2k-5k","length_m":856,"program":"LR","facility_type":"2","_color":"#4ea735","_weight":3,"_popupRows":[["Daily vehicles","3,265"],["Count year","2025"]]}},{"type":"Feature","geometry":{"type":"LineString","coordinates":[[-83.5868,43.00537],[-83.58689,43.00877]]},"properties":{"name":"Lasalle Avenue","aadt":740,"trucks_pct":null,"year":2025,"band":"<2k","length_m":379,"program":"LR","facility_type":"2","_color":"#9ecae1","_weight":2,"_popupRows":[["Daily vehicles","740"],["Count year","2025"]]}},{"type":"Feature","geometry":{"type":"LineString","coordinates":[[-83.61526,43.02727],[-83.61228,43.02728],[-83.61216,43.02728],[-83.61206,43.02733]]},"properties":{"name":"Way Street","aadt":740,"trucks_pct":null,"year":2025,"band":"<2k","length_m":262,"program":"LR","facility_type":"2","_color":"#9ecae1","_weight":2,"_popupRows":[["Daily vehicles","740"],["Count year","2025"]]}},{"type":"Feature","geometry":{"type":"LineString","coordinates":[[-83.6878,42.98069],[-83.68519,42.98074],[-83.68287,42.9808]]},"properties":{"name":"Allen Street","aadt":740,"trucks_pct":null,"year":2025,"band":"<2k","length_m":401,"program":"LR","facility_type":"2","_color":"#9ecae1","_weight":2,"_popupRows":[["Daily vehicles","740"],["Count year","2025"]]}},{"type":"Feature","geometry":{"type":"LineString","coordinates":[[-83.58686,42.99155],[-83.58676,42.99154],[-83.58667,42.99153],[-83.5853,42.99157]]},"properties":{"name":"Darlene Avenue","aadt":740,"trucks_pct":null,"year":2025,"band":"<2k","length_m":127,"program":"LR","facility_type":"2","_color":"#9ecae1","_weight":2,"_popupRows":[["Daily vehicles","740"],["Count year","2025"]]}},{"type":"Feature","geometry":{"type":"LineString","coordinates":[[-83.57871,43.0039],[-83.57896,43.00413],[-83.57919,43.00422]]},"properties":{"name":"Fox Run","aadt":740,"trucks_pct":null,"year":2025,"band":"<2k","length_m":54,"program":"LR","facility_type":"2","_color":"#9ecae1","_weight":2,"_popupRows":[["Daily vehicles","740"],["Count year","2025"]]}},{"type":"Feature","geometry":{"type":"LineString","coordinates":[[-83.6814,42.94406],[-83.68154,42.94681],[-83.68174,42.94931],[-83.68188,42.95137],[-83.68208,42.95401],[-83.68218,42.95534],[-83.68221,42.95584],[-83.68242,42.95859],[-83.68247,42.95978],[-83.68253,42.9607],[-83.68257,42.96187],[-83.68259,42.96286],[-83.68256,42.96357],[-83.68244,42.96484],[-83.68208,42.96795],[-83.68185,42.96964],[-83.68181,42.97018],[-83.68178,42.9706],[-83.68175,42.97207],[-83.68174,42.97278],[-83.6818,42.97427]]},"properties":{"name":"I-475","aadt":30032,"trucks_pct":5,"year":2025,"band":"20k+","length_m":3365,"program":"TL","facility_type":"2","_color":"#c0392b","_weight":8,"_popupRows":[["Daily vehicles","30,032"],["Trucks","5%"],["Count year","2025"]]}},{"type":"Feature","geometry":{"type":"LineString","coordinates":[[-83.58686,42.99155],[-83.58691,42.9916],[-83.58694,42.99167],[-83.58697,42.99174],[-83.58712,42.99497],[-83.5871,42.99515],[-83.5871,42.99525],[-83.58705,42.99528]]},"properties":{"name":"Maplelawn Drive","aadt":740,"trucks_pct":null,"year":2025,"band":"<2k","length_m":418,"program":"LR","facility_type":"2","_color":"#9ecae1","_weight":2,"_popupRows":[["Daily vehicles","740"],["Count year","2025"]]}},{"type":"Feature","geometry":{"type":"LineString","coordinates":[[-83.5855,43.00538],[-83.58556,43.00879]]},"properties":{"name":"South Packard Avenue","aadt":740,"trucks_pct":null,"year":2025,"band":"<2k","length_m":379,"program":"LR","facility_type":"2","_color":"#9ecae1","_weight":2,"_popupRows":[["Daily vehicles","740"],["Count year","2025"]]}},{"type":"Feature","geometry":{"type":"LineString","coordinates":[[-83.57634,43.00359],[-83.57633,43.00329],[-83.57633,43.00308]]},"properties":{"name":"Wood Creek","aadt":740,"trucks_pct":null,"year":2025,"band":"<2k","length_m":56,"program":"LR","facility_type":"2","_color":"#9ecae1","_weight":2,"_popupRows":[["Daily vehicles","740"],["Count year","2025"]]}},{"type":"Feature","geometry":{"type":"LineString","coordinates":[[-83.58645,43.01531],[-83.58644,43.01662]]},"properties":{"name":"South Packard Avenue","aadt":740,"trucks_pct":null,"year":2025,"band":"<2k","length_m":146,"program":"LR","facility_type":"2","_color":"#9ecae1","_weight":2,"_popupRows":[["Daily vehicles","740"],["Count year","2025"]]}},{"type":"Feature","geometry":{"type":"LineString","coordinates":[[-83.63473,43.01381],[-83.63413,43.01381],[-83.63041,43.0139],[-83.62972,43.01391],[-83.62852,43.01391],[-83.62759,43.01394],[-83.62651,43.01402],[-83.62576,43.01411],[-83.62489,43.01426],[-83.62437,43.01437],[-83.62395,43.01446],[-83.62325,43.01464],[-83.62238,43.01491],[-83.62106,43.01539],[-83.62054,43.01557],[-83.61686,43.01692],[-83.61511,43.01763],[-83.61372,43.01812],[-83.61338,43.01825],[-83.61258,43.01849],[-83.61174,43.01875],[-83.61093,43.01891],[-83.61002,43.01907],[-83.60927,43.01918],[-83.6092,43.01918],[-83.60855,43.01925],[-83.60664,43.0193],[-83.6041,43.01932],[-83.60229,43.01936],[-83.59656,43.01943],[-83.59535,43.01944]]},"properties":{"name":"I-69","aadt":62715,"trucks_pct":13,"year":2025,"band":"20k+","length_m":3324,"program":"TL","facility_type":"2","_color":"#c0392b","_weight":8,"_popupRows":[["Daily vehicles","62,715"],["Trucks","13%"],["Count year","2025"]]}},{"type":"Feature","geometry":{"type":"LineString","coordinates":[[-83.64293,42.96178],[-83.64147,42.96179],[-83.64136,42.96181],[-83.64128,42.96185]]},"properties":{"name":"Belfast Street","aadt":740,"trucks_pct":null,"year":2025,"band":"<2k","length_m":136,"program":"LR","facility_type":"2","_color":"#9ecae1","_weight":2,"_popupRows":[["Daily vehicles","740"],["Count year","2025"]]}},{"type":"Feature","geometry":{"type":"LineString","coordinates":[[-83.59031,42.96608],[-83.59031,42.96635],[-83.5903,42.96659],[-83.59016,42.96685],[-83.59006,42.967],[-83.58991,42.96718],[-83.58943,42.96745],[-83.58887,42.96769],[-83.58815,42.96787],[-83.58775,42.96794],[-83.58721,42.96801],[-83.58654,42.96804],[-83.58598,42.96806],[-83.58574,42.96807]]},"properties":{"name":"Wilderness Point","aadt":740,"trucks_pct":null,"year":2025,"band":"<2k","length_m":492,"program":"LR","facility_type":"2","_color":"#9ecae1","_weight":2,"_popupRows":[["Daily vehicles","740"],["Count year","2025"]]}},{"type":"Feature","geometry":{"type":"LineString","coordinates":[[-83.63886,42.98778],[-83.63913,42.98858],[-83.63912,42.98944]]},"properties":{"name":"Thread Creek Boulevard","aadt":740,"trucks_pct":null,"year":2025,"band":"<2k","length_m":187,"program":"LR","facility_type":"2","_color":"#9ecae1","_weight":2,"_popupRows":[["Daily vehicles","740"],["Count year","2025"]]}},{"type":"Feature","geometry":{"type":"LineString","coordinates":[[-83.67298,42.97596],[-83.66927,42.976],[-83.669,42.976],[-83.66881,42.97604],[-83.66847,42.97615],[-83.66824,42.97625],[-83.6681,42.97634],[-83.66745,42.9763],[-83.66611,42.97622],[-83.66514,42.97624],[-83.66337,42.97626],[-83.66144,42.97628],[-83.66109,42.97628]]},"properties":{"name":"Kenneth Street","aadt":740,"trucks_pct":null,"year":2025,"band":"<2k","length_m":978,"program":"LR","facility_type":"2","_color":"#9ecae1","_weight":2,"_popupRows":[["Daily vehicles","740"],["Count year","2025"]]}},{"type":"Feature","geometry":{"type":"LineString","coordinates":[[-83.63735,42.99145],[-83.63723,42.99154],[-83.63714,42.9916],[-83.63704,42.99165],[-83.63692,42.99168],[-83.63679,42.9917],[-83.63585,42.9917]]},"properties":{"name":"Saxon Street","aadt":740,"trucks_pct":null,"year":2025,"band":"<2k","length_m":132,"program":"LR","facility_type":"2","_color":"#9ecae1","_weight":2,"_popupRows":[["Daily vehicles","740"],["Count year","2025"]]}},{"type":"Feature","geometry":{"type":"LineString","coordinates":[[-83.59378,42.97564],[-83.59383,42.97774],[-83.59385,42.97865],[-83.59394,42.98117],[-83.59393,42.98205],[-83.59397,42.9829],[-83.59397,42.98293],[-83.59419,42.98657],[-83.5944,42.99013],[-83.59471,42.99578],[-83.59477,42.99684],[-83.59478,42.99701],[-83.59481,42.99746],[-83.59485,42.99816],[-83.59487,42.99989],[-83.59488,43.00002],[-83.59488,43.00005],[-83.5949,43.00168],[-83.59495,43.003],[-83.59496,43.00402],[-83.59502,43.00475]]},"properties":{"name":"S Belsay Rd","aadt":8780,"trucks_pct":2,"year":2025,"band":"5k-10k","length_m":3239,"program":"NTL","facility_type":"2","_color":"#e8c400","_weight":4,"_popupRows":[["Daily vehicles","8,780"],["Trucks","2%"],["Count year","2025"]]}},{"type":"Feature","geometry":{"type":"LineString","coordinates":[[-83.65966,42.97248],[-83.65747,42.97253]]},"properties":{"name":"East Bergin Avenue","aadt":740,"trucks_pct":null,"year":2025,"band":"<2k","length_m":179,"program":"LR","facility_type":"2","_color":"#9ecae1","_weight":2,"_popupRows":[["Daily vehicles","740"],["Count year","2025"]]}},{"type":"Feature","geometry":{"type":"LineString","coordinates":[[-83.59723,43.00465],[-83.59728,43.00659],[-83.59733,43.00866],[-83.59738,43.01094]]},"properties":{"name":"Alberta Avenue","aadt":740,"trucks_pct":null,"year":2025,"band":"<2k","length_m":700,"program":"LR","facility_type":"2","_color":"#9ecae1","_weight":2,"_popupRows":[["Daily vehicles","740"],["Count year","2025"]]}},{"type":"Feature","geometry":{"type":"LineString","coordinates":[[-83.57517,43.0018],[-83.57476,43.00181],[-83.5746,43.00184],[-83.57447,43.00187],[-83.57439,43.00194],[-83.57414,43.00239],[-83.57404,43.00251],[-83.57394,43.00256],[-83.57381,43.00258],[-83.57357,43.00259],[-83.5688,43.00265],[-83.5657,43.00268]]},"properties":{"name":"Houghton Drive","aadt":818,"trucks_pct":null,"year":2025,"band":"<2k","length_m":817,"program":"LR","facility_type":"2","_color":"#9ecae1","_weight":2,"_popupRows":[["Daily vehicles","818"],["Count year","2025"]]}},{"type":"Feature","geometry":{"type":"LineString","coordinates":[[-83.58456,43.00881],[-83.58248,43.00884],[-83.58244,43.00843]]},"properties":{"name":"Roberta Street","aadt":740,"trucks_pct":null,"year":2025,"band":"<2k","length_m":215,"program":"LR","facility_type":"2","_color":"#9ecae1","_weight":2,"_popupRows":[["Daily vehicles","740"],["Count year","2025"]]}},{"type":"Feature","geometry":{"type":"LineString","coordinates":[[-83.65302,42.97698],[-83.65523,42.97692],[-83.65566,42.97696],[-83.65598,42.97701],[-83.65631,42.97709],[-83.65682,42.97728],[-83.6584,42.97802],[-83.65849,42.97808],[-83.65855,42.97815],[-83.65858,42.97822],[-83.6586,42.9783],[-83.65859,42.9785],[-83.65861,42.97869],[-83.65861,42.97887]]},"properties":{"name":"Red Arrow Road","aadt":740,"trucks_pct":null,"year":2025,"band":"<2k","length_m":569,"program":"LR","facility_type":"2","_color":"#9ecae1","_weight":2,"_popupRows":[["Daily vehicles","740"],["Count year","2025"]]}},{"type":"Feature","geometry":{"type":"LineString","coordinates":[[-83.60498,43.00857],[-83.60436,43.00857],[-83.60382,43.00857],[-83.60275,43.00858],[-83.60167,43.00858],[-83.60063,43.0086],[-83.59953,43.00863],[-83.5984,43.00864],[-83.59733,43.00866],[-83.59625,43.00866],[-83.59508,43.00869]]},"properties":{"name":"Roberta Street","aadt":3265,"trucks_pct":null,"year":2025,"band":"2k-5k","length_m":805,"program":"LR","facility_type":"2","_color":"#4ea735","_weight":3,"_popupRows":[["Daily vehicles","3,265"],["Count year","2025"]]}},{"type":"Feature","geometry":{"type":"LineString","coordinates":[[-83.67943,42.96567],[-83.67859,42.96566],[-83.67544,42.96572],[-83.67164,42.96577]]},"properties":{"name":"Brady Avenue","aadt":740,"trucks_pct":null,"year":2025,"band":"<2k","length_m":634,"program":"LR","facility_type":"2","_color":"#9ecae1","_weight":2,"_popupRows":[["Daily vehicles","740"],["Count year","2025"]]}},{"type":"Feature","geometry":{"type":"LineString","coordinates":[[-83.63395,42.99452],[-83.63598,42.99449],[-83.63609,42.9949]]},"properties":{"name":"Loder Court","aadt":740,"trucks_pct":null,"year":2025,"band":"<2k","length_m":211,"program":"LR","facility_type":"2","_color":"#9ecae1","_weight":2,"_popupRows":[["Daily vehicles","740"],["Count year","2025"]]}},{"type":"Feature","geometry":{"type":"LineString","coordinates":[[-83.67216,42.97008],[-83.66913,42.97013],[-83.66593,42.97017],[-83.66317,42.97017],[-83.66165,42.97022]]},"properties":{"name":"East Buder Avenue","aadt":740,"trucks_pct":null,"year":2025,"band":"<2k","length_m":855,"program":"LR","facility_type":"2","_color":"#9ecae1","_weight":2,"_popupRows":[["Daily vehicles","740"],["Count year","2025"]]}},{"type":"Feature","geometry":{"type":"LineString","coordinates":[[-83.62479,43.00857],[-83.62484,43.01035],[-83.62485,43.01261],[-83.62485,43.01367],[-83.62473,43.01393]]},"properties":{"name":"Howe Road","aadt":740,"trucks_pct":null,"year":2025,"band":"<2k","length_m":597,"program":"LR","facility_type":"2","_color":"#9ecae1","_weight":2,"_popupRows":[["Daily vehicles","740"],["Count year","2025"]]}},{"type":"Feature","geometry":{"type":"LineString","coordinates":[[-83.57376,42.96148],[-83.57385,42.96457],[-83.57391,42.96616],[-83.57397,42.96835],[-83.57397,42.96843],[-83.57402,42.96936],[-83.57407,42.97045],[-83.57413,42.97179],[-83.57416,42.97227],[-83.57435,42.97587]]},"properties":{"name":"S Vassar Rd","aadt":1404,"trucks_pct":3,"year":2025,"band":"<2k","length_m":1600,"program":"NTL","facility_type":"2","_color":"#9ecae1","_weight":2,"_popupRows":[["Daily vehicles","1,404"],["Trucks","3%"],["Count year","2025"]]}},{"type":"Feature","geometry":{"type":"LineString","coordinates":[[-83.59635,42.98113],[-83.59637,42.98263],[-83.5964,42.98334],[-83.59646,42.98341],[-83.59653,42.98346],[-83.59663,42.98348],[-83.59675,42.98348],[-83.59821,42.98343],[-83.59839,42.98344],[-83.59854,42.98346],[-83.59863,42.9835],[-83.5987,42.98356],[-83.59873,42.98368],[-83.59875,42.98381],[-83.59892,42.98658],[-83.59891,42.98698],[-83.59875,42.98788],[-83.59874,42.98821],[-83.59878,42.98912],[-83.5988,42.99003]]},"properties":{"name":"Eastgate Street","aadt":740,"trucks_pct":null,"year":2025,"band":"<2k","length_m":1165,"program":"LR","facility_type":"2","_color":"#9ecae1","_weight":2,"_popupRows":[["Daily vehicles","740"],["Count year","2025"]]}},{"type":"Feature","geometry":{"type":"LineString","coordinates":[[-83.60229,43.01936],[-83.60038,43.01923],[-83.59997,43.01919],[-83.59955,43.01911],[-83.59887,43.01888],[-83.59853,43.01874],[-83.59727,43.01797],[-83.59695,43.01782],[-83.59671,43.01777],[-83.59642,43.01774],[-83.59531,43.01771]]},"properties":{"name":"I-69 / Belsay ramp","aadt":6949,"trucks_pct":0,"year":2025,"band":"5k-10k","length_m":616,"program":"RMP","facility_type":"4","_color":"#e8c400","_weight":4,"_popupRows":[["Daily vehicles","6,949"],["Trucks","0%"],["Count year","2025"]]}},{"type":"Feature","geometry":{"type":"LineString","coordinates":[[-83.58887,42.96769],[-83.58905,42.96792],[-83.58916,42.96806]]},"properties":{"name":"Wilderness Court","aadt":740,"trucks_pct":null,"year":2025,"band":"<2k","length_m":47,"program":"LR","facility_type":"2","_color":"#9ecae1","_weight":2,"_popupRows":[["Daily vehicles","740"],["Count year","2025"]]}},{"type":"Feature","geometry":{"type":"LineString","coordinates":[[-83.58841,42.96125],[-83.58845,42.96242],[-83.58849,42.96336],[-83.59032,42.96332],[-83.59033,42.96427]]},"properties":{"name":"Maple Pointe Trail","aadt":740,"trucks_pct":null,"year":2025,"band":"<2k","length_m":488,"program":"LR","facility_type":"2","_color":"#9ecae1","_weight":2,"_popupRows":[["Daily vehicles","740"],["Count year","2025"]]}},{"type":"Feature","geometry":{"type":"LineString","coordinates":[[-83.57492,42.99037],[-83.57491,42.99202],[-83.57497,42.99399],[-83.57511,42.99755],[-83.57512,42.99829],[-83.57513,43.00044],[-83.57517,43.0018],[-83.57517,43.00203],[-83.57519,43.00362],[-83.57519,43.00409],[-83.5752,43.00494],[-83.57522,43.00587],[-83.57532,43.00903],[-83.57541,43.0114],[-83.57562,43.01678]]},"properties":{"name":"South Vassar Road","aadt":3265,"trucks_pct":null,"year":2025,"band":"2k-5k","length_m":2937,"program":"LR","facility_type":"2","_color":"#4ea735","_weight":3,"_popupRows":[["Daily vehicles","3,265"],["Count year","2025"]]}},{"type":"Feature","geometry":{"type":"LineString","coordinates":[[-83.59513,43.01098],[-83.59265,43.01104],[-83.59024,43.01108],[-83.58826,43.01112],[-83.58727,43.01116],[-83.58632,43.01117],[-83.58459,43.0112],[-83.58243,43.01125],[-83.57871,43.01133],[-83.57617,43.01137],[-83.57541,43.0114],[-83.5726,43.01145],[-83.57125,43.01148],[-83.56281,43.01168],[-83.56216,43.01169],[-83.56081,43.01172],[-83.5555,43.01183]]},"properties":{"name":"Lapeer Rd","aadt":7895,"trucks_pct":0,"year":2025,"band":"5k-10k","length_m":3224,"program":"NTL","facility_type":"2","_color":"#e8c400","_weight":4,"_popupRows":[["Daily vehicles","7,895"],["Trucks","0%"],["Count year","2025"]]}},{"type":"Feature","geometry":{"type":"LineString","coordinates":[[-83.65962,42.97179],[-83.65673,42.9718]]},"properties":{"name":"East Parkwood Avenue","aadt":740,"trucks_pct":null,"year":2025,"band":"<2k","length_m":236,"program":"LR","facility_type":"2","_color":"#9ecae1","_weight":2,"_popupRows":[["Daily vehicles","740"],["Count year","2025"]]}},{"type":"Feature","geometry":{"type":"LineString","coordinates":[[-83.62259,43.00242],[-83.62256,43.00244],[-83.6225,43.00246],[-83.62144,43.00244],[-83.62056,43.00245],[-83.62037,43.00242]]},"properties":{"name":"Dexel Drive","aadt":740,"trucks_pct":null,"year":2025,"band":"<2k","length_m":182,"program":"LR","facility_type":"2","_color":"#9ecae1","_weight":2,"_popupRows":[["Daily vehicles","740"],["Count year","2025"]]}},{"type":"Feature","geometry":{"type":"LineString","coordinates":[[-83.67728,42.96714],[-83.67564,42.96717],[-83.67179,42.9672]]},"properties":{"name":"East Judd Road","aadt":740,"trucks_pct":null,"year":2025,"band":"<2k","length_m":447,"program":"LR","facility_type":"2","_color":"#9ecae1","_weight":2,"_popupRows":[["Daily vehicles","740"],["Count year","2025"]]}},{"type":"Feature","geometry":{"type":"LineString","coordinates":[[-83.58853,42.96544],[-83.58831,42.96533],[-83.58807,42.96522]]},"properties":{"name":"South Edge Way Court","aadt":740,"trucks_pct":null,"year":2025,"band":"<2k","length_m":45,"program":"LR","facility_type":"2","_color":"#9ecae1","_weight":2,"_popupRows":[["Daily vehicles","740"],["Count year","2025"]]}},{"type":"Feature","geometry":{"type":"LineString","coordinates":[[-83.60913,43.00939],[-83.60504,43.00942]]},"properties":{"name":"Roscommon Street","aadt":740,"trucks_pct":null,"year":2025,"band":"<2k","length_m":332,"program":"LR","facility_type":"2","_color":"#9ecae1","_weight":2,"_popupRows":[["Daily vehicles","740"],["Count year","2025"]]}},{"type":"Feature","geometry":{"type":"LineString","coordinates":[[-83.65431,43.01198],[-83.65351,43.01203],[-83.65076,43.01219],[-83.65008,43.01222],[-83.64951,43.01226],[-83.64848,43.01233],[-83.64735,43.01241],[-83.64596,43.01257],[-83.64448,43.01279],[-83.64307,43.01301],[-83.64199,43.0132],[-83.63926,43.01359],[-83.63857,43.01367],[-83.63795,43.01372],[-83.63702,43.01378],[-83.63595,43.01379],[-83.63473,43.01381]]},"properties":{"name":"I-69","aadt":76430,"trucks_pct":13,"year":2025,"band":"20k+","length_m":1609,"program":"TL","facility_type":"2","_color":"#c0392b","_weight":8,"_popupRows":[["Daily vehicles","76,430"],["Trucks","13%"],["Count year","2025"]]}},{"type":"Feature","geometry":{"type":"LineString","coordinates":[[-83.59378,42.97564],[-83.59007,42.97571],[-83.58985,42.97572],[-83.58952,42.97571],[-83.58644,42.97573],[-83.58572,42.97574],[-83.58402,42.97576],[-83.58292,42.97578],[-83.57435,42.97587],[-83.57118,42.97591],[-83.56493,42.97599],[-83.55754,42.97611],[-83.55454,42.97616]]},"properties":{"name":"E Bristol Rd","aadt":4301,"trucks_pct":3,"year":2025,"band":"2k-5k","length_m":3193,"program":"NTL","facility_type":"2","_color":"#4ea735","_weight":3,"_popupRows":[["Daily vehicles","4,301"],["Trucks","3%"],["Count year","2025"]]}},{"type":"Feature","geometry":{"type":"LineString","coordinates":[[-83.58524,42.99032],[-83.5853,42.99157],[-83.58541,42.99372],[-83.5855,42.99537],[-83.58553,42.99603]]},"properties":{"name":"Cherylann Drive","aadt":740,"trucks_pct":null,"year":2025,"band":"<2k","length_m":635,"program":"LR","facility_type":"2","_color":"#9ecae1","_weight":2,"_popupRows":[["Daily vehicles","740"],["Count year","2025"]]}},{"type":"Feature","geometry":{"type":"LineString","coordinates":[[-83.59478,42.99701],[-83.59435,42.99701],[-83.5941,42.99702],[-83.59383,42.99701],[-83.59323,42.99692],[-83.593,42.99689],[-83.5927,42.99684],[-83.59232,42.99677],[-83.59202,42.9967],[-83.59187,42.99666],[-83.59137,42.99648]]},"properties":{"name":"Burton Estates Drive","aadt":740,"trucks_pct":null,"year":2025,"band":"<2k","length_m":287,"program":"LR","facility_type":"2","_color":"#9ecae1","_weight":2,"_popupRows":[["Daily vehicles","740"],["Count year","2025"]]}},{"type":"Feature","geometry":{"type":"LineString","coordinates":[[-83.59535,43.01944],[-83.5947,43.01945],[-83.59002,43.01954],[-83.58936,43.01955],[-83.58432,43.0196],[-83.583,43.01959],[-83.58261,43.01958],[-83.58191,43.01952],[-83.58096,43.01942],[-83.58002,43.01928],[-83.57969,43.01921],[-83.57927,43.01913],[-83.57843,43.01888],[-83.57575,43.0179],[-83.57381,43.01719],[-83.57281,43.01682],[-83.57164,43.01652],[-83.57096,43.01636],[-83.57088,43.01634],[-83.57013,43.01619],[-83.56879,43.01602],[-83.56798,43.01599],[-83.56741,43.01596],[-83.56655,43.01596],[-83.56507,43.01602],[-83.56237,43.01616],[-83.55664,43.01644],[-83.55566,43.01649]]},"properties":{"name":"I-69","aadt":54217,"trucks_pct":13,"year":2025,"band":"20k+","length_m":3307,"program":"TL","facility_type":"2","_color":"#c0392b","_weight":8,"_popupRows":[["Daily vehicles","54,217"],["Trucks","13%"],["Count year","2025"]]}},{"type":"Feature","geometry":{"type":"LineString","coordinates":[[-83.61503,43.01297],[-83.61495,43.01298],[-83.60812,43.013],[-83.60784,43.01301]]},"properties":{"name":"Kendall Drive","aadt":740,"trucks_pct":null,"year":2025,"band":"<2k","length_m":585,"program":"LR","facility_type":"2","_color":"#9ecae1","_weight":2,"_popupRows":[["Daily vehicles","740"],["Count year","2025"]]}},{"type":"Feature","geometry":{"type":"LineString","coordinates":[[-83.62953,43.00847],[-83.62479,43.00857],[-83.62013,43.00867],[-83.61981,43.00868]]},"properties":{"name":"Springfield Street","aadt":740,"trucks_pct":null,"year":2025,"band":"<2k","length_m":791,"program":"LR","facility_type":"2","_color":"#9ecae1","_weight":2,"_popupRows":[["Daily vehicles","740"],["Count year","2025"]]}},{"type":"Feature","geometry":{"type":"LineString","coordinates":[[-83.67107,42.95269],[-83.67119,42.95279],[-83.67126,42.95285],[-83.67133,42.95299],[-83.67137,42.95309],[-83.67138,42.95326],[-83.6715,42.95459],[-83.67153,42.95508],[-83.67156,42.9556],[-83.67164,42.95698],[-83.67159,42.95702],[-83.67152,42.95705],[-83.67145,42.95706],[-83.67096,42.9571],[-83.67103,42.95799],[-83.67118,42.95993]]},"properties":{"name":"Wishing Well Drive","aadt":818,"trucks_pct":null,"year":2025,"band":"<2k","length_m":859,"program":"LR","facility_type":"2","_color":"#9ecae1","_weight":2,"_popupRows":[["Daily vehicles","818"],["Count year","2025"]]}},{"type":"Feature","geometry":{"type":"LineString","coordinates":[[-83.64633,42.98043],[-83.64202,42.98053]]},"properties":{"name":"Berent Street","aadt":740,"trucks_pct":null,"year":2025,"band":"<2k","length_m":351,"program":"LR","facility_type":"2","_color":"#9ecae1","_weight":2,"_popupRows":[["Daily vehicles","740"],["Count year","2025"]]}},{"type":"Feature","geometry":{"type":"LineString","coordinates":[[-83.6358,42.99055],[-83.63595,42.99058],[-83.63603,42.99064],[-83.63735,42.99145],[-83.63749,42.99149],[-83.6378,42.99168],[-83.63803,42.99185],[-83.63814,42.99198],[-83.63862,42.99242],[-83.63872,42.99246],[-83.63961,42.99245]]},"properties":{"name":"Marion Boulevard","aadt":740,"trucks_pct":null,"year":2025,"band":"<2k","length_m":395,"program":"LR","facility_type":"2","_color":"#9ecae1","_weight":2,"_popupRows":[["Daily vehicles","740"],["Count year","2025"]]}},{"type":"Feature","geometry":{"type":"LineString","coordinates":[[-83.61433,42.9897],[-83.61208,42.98973],[-83.60999,42.98979],[-83.60465,42.98991],[-83.60116,42.98998],[-83.5988,42.99003],[-83.59735,42.99007],[-83.5944,42.99013],[-83.5893,42.99022],[-83.58524,42.99032],[-83.58091,42.99033],[-83.5785,42.99033],[-83.57778,42.99034],[-83.57722,42.99032],[-83.57597,42.99033],[-83.57511,42.99036],[-83.57492,42.99037]]},"properties":{"name":"E Atherton Rd","aadt":5457,"trucks_pct":3,"year":2025,"band":"5k-10k","length_m":3208,"program":"NTL","facility_type":"2","_color":"#e8c400","_weight":4,"_popupRows":[["Daily vehicles","5,457"],["Trucks","3%"],["Count year","2025"]]}},{"type":"Feature","geometry":{"type":"LineString","coordinates":[[-83.58826,43.01112],[-83.58831,43.01328],[-83.58836,43.01528],[-83.58842,43.0171],[-83.58849,43.01919]]},"properties":{"name":"Kettering Street","aadt":740,"trucks_pct":null,"year":2025,"band":"<2k","length_m":898,"program":"LR","facility_type":"2","_color":"#9ecae1","_weight":2,"_popupRows":[["Daily vehicles","740"],["Count year","2025"]]}},{"type":"Feature","geometry":{"type":"LineString","coordinates":[[-83.61336,42.96088],[-83.61328,42.96107],[-83.61323,42.96129],[-83.6132,42.9615],[-83.61319,42.96183],[-83.6133,42.96444],[-83.61345,42.96865],[-83.61368,42.97528]]},"properties":{"name":"N Genesee Rd","aadt":3380,"trucks_pct":3,"year":2025,"band":"2k-5k","length_m":1604,"program":"NTL","facility_type":"2","_color":"#4ea735","_weight":3,"_popupRows":[["Daily vehicles","3,380"],["Trucks","3%"],["Count year","2025"]]}},{"type":"Feature","geometry":{"type":"LineString","coordinates":[[-83.65968,42.9732],[-83.66042,42.97318]]},"properties":{"name":"East Boatfield Avenue","aadt":740,"trucks_pct":null,"year":2025,"band":"<2k","length_m":60,"program":"LR","facility_type":"2","_color":"#9ecae1","_weight":2,"_popupRows":[["Daily vehicles","740"],["Count year","2025"]]}},{"type":"Feature","geometry":{"type":"LineString","coordinates":[[-83.615,43.01054],[-83.61503,43.01297],[-83.61508,43.01535],[-83.61508,43.01664],[-83.61512,43.0171],[-83.61511,43.01763],[-83.6151,43.01797],[-83.61508,43.01872],[-83.61515,43.02035],[-83.61516,43.02227],[-83.61525,43.02622],[-83.61526,43.02727],[-83.61542,43.03305]]},"properties":{"name":"N Genesee Rd","aadt":9423,"trucks_pct":3,"year":2025,"band":"5k-10k","length_m":2504,"program":"NTL","facility_type":"2","_color":"#e8c400","_weight":4,"_popupRows":[["Daily vehicles","9,423"],["Trucks","3%"],["Count year","2025"]]}},{"type":"Feature","geometry":{"type":"LineString","coordinates":[[-83.60432,43.00649],[-83.60378,43.00649],[-83.60274,43.00651],[-83.60164,43.00653],[-83.60058,43.00656],[-83.59948,43.00657],[-83.59836,43.00659],[-83.59728,43.00659],[-83.59618,43.0066],[-83.59532,43.00661],[-83.59503,43.00662]]},"properties":{"name":"Waller Street","aadt":740,"trucks_pct":null,"year":2025,"band":"<2k","length_m":755,"program":"LR","facility_type":"2","_color":"#9ecae1","_weight":2,"_popupRows":[["Daily vehicles","740"],["Count year","2025"]]}},{"type":"Feature","geometry":{"type":"LineString","coordinates":[[-83.5849,43.03284],[-83.58497,43.03267],[-83.58493,43.02965],[-83.58491,43.0296],[-83.58489,43.02957],[-83.58484,43.02955],[-83.58477,43.02954],[-83.581,43.02954],[-83.58091,43.02956],[-83.58084,43.02961]]},"properties":{"name":"Kra-Nur Drive","aadt":740,"trucks_pct":null,"year":2025,"band":"<2k","length_m":697,"program":"LR","facility_type":"2","_color":"#9ecae1","_weight":2,"_popupRows":[["Daily vehicles","740"],["Count year","2025"]]}},{"type":"Feature","geometry":{"type":"LineString","coordinates":[[-83.59024,43.01108],[-83.59038,43.01707],[-83.59043,43.019],[-83.59041,43.01908],[-83.59035,43.01914]]},"properties":{"name":"Adams Road","aadt":3265,"trucks_pct":null,"year":2025,"band":"2k-5k","length_m":898,"program":"LR","facility_type":"2","_color":"#4ea735","_weight":3,"_popupRows":[["Daily vehicles","3,265"],["Count year","2025"]]}},{"type":"Feature","geometry":{"type":"LineString","coordinates":[[-83.60364,43.02697],[-83.60357,43.02702],[-83.60356,43.02711],[-83.60359,43.02935],[-83.60362,43.03183],[-83.60364,43.03194],[-83.60371,43.03203],[-83.60381,43.0321],[-83.60397,43.03218],[-83.60412,43.03223],[-83.60428,43.03225],[-83.60489,43.03223]]},"properties":{"name":"Clairwood Drive","aadt":740,"trucks_pct":null,"year":2025,"band":"<2k","length_m":669,"program":"LR","facility_type":"2","_color":"#9ecae1","_weight":2,"_popupRows":[["Daily vehicles","740"],["Count year","2025"]]}},{"type":"Feature","geometry":{"type":"LineString","coordinates":[[-83.5954,43.02246],[-83.5939,43.02249],[-83.59354,43.02242],[-83.59326,43.02231],[-83.59302,43.02222],[-83.59213,43.02159],[-83.59195,43.02147],[-83.59177,43.0213],[-83.59139,43.02106],[-83.59072,43.0207],[-83.59013,43.02048],[-83.58966,43.02035],[-83.58902,43.02025],[-83.58845,43.02021],[-83.58418,43.02026],[-83.58347,43.02025],[-83.5828,43.02024],[-83.58205,43.0202],[-83.58087,43.02007],[-83.57995,43.01993],[-83.57884,43.01967],[-83.57879,43.01966],[-83.57753,43.01932],[-83.57683,43.01918],[-83.57631,43.01912],[-83.57575,43.01911]]},"properties":{"name":"W Court St","aadt":4342,"trucks_pct":3,"year":2025,"band":"2k-5k","length_m":1697,"program":"NTL","facility_type":"2","_color":"#4ea735","_weight":3,"_popupRows":[["Daily vehicles","4,342"],["Trucks","3%"],["Count year","2025"]]}},{"type":"Feature","geometry":{"type":"LineString","coordinates":[[-83.60751,42.96557],[-83.60719,42.96563],[-83.60696,42.96569],[-83.60622,42.96596],[-83.60592,42.96602],[-83.60566,42.96603],[-83.60525,42.96604],[-83.60399,42.96602],[-83.60215,42.96601]]},"properties":{"name":"Concordia Drive","aadt":740,"trucks_pct":null,"year":2025,"band":"<2k","length_m":446,"program":"LR","facility_type":"2","_color":"#9ecae1","_weight":2,"_popupRows":[["Daily vehicles","740"],["Count year","2025"]]}},{"type":"Feature","geometry":{"type":"LineString","coordinates":[[-83.57778,42.99034],[-83.57785,42.99246],[-83.57792,42.99395],[-83.57806,42.99731],[-83.57804,42.99744],[-83.57802,42.9975]]},"properties":{"name":"Eugene Street","aadt":740,"trucks_pct":null,"year":2025,"band":"<2k","length_m":797,"program":"LR","facility_type":"2","_color":"#9ecae1","_weight":2,"_popupRows":[["Daily vehicles","740"],["Count year","2025"]]}},{"type":"Feature","geometry":{"type":"LineString","coordinates":[[-83.59591,42.97503],[-83.595,42.97505],[-83.59496,42.97505],[-83.59494,42.97505],[-83.59491,42.97504],[-83.59488,42.97503],[-83.59483,42.975],[-83.59479,42.97497],[-83.59477,42.97493],[-83.59476,42.97488],[-83.59474,42.9743],[-83.59473,42.97425],[-83.59472,42.97418],[-83.59469,42.97413],[-83.59466,42.97409],[-83.59463,42.97406],[-83.59462,42.97405],[-83.5946,42.97403],[-83.59455,42.97399],[-83.59439,42.97391]]},"properties":{"name":"Grand Oaks Court","aadt":740,"trucks_pct":null,"year":2025,"band":"<2k","length_m":224,"program":"LR","facility_type":"2","_color":"#9ecae1","_weight":2,"_popupRows":[["Daily vehicles","740"],["Count year","2025"]]}},{"type":"Feature","geometry":{"type":"LineString","coordinates":[[-83.60052,43.00453],[-83.60058,43.00656],[-83.60063,43.0086],[-83.60066,43.01087]]},"properties":{"name":"McEwen Street","aadt":740,"trucks_pct":null,"year":2025,"band":"<2k","length_m":705,"program":"LR","facility_type":"2","_color":"#9ecae1","_weight":2,"_popupRows":[["Daily vehicles","740"],["Count year","2025"]]}},{"type":"Feature","geometry":{"type":"LineString","coordinates":[[-83.68777,42.97999],[-83.68514,42.98003],[-83.68283,42.98009]]},"properties":{"name":"East Decamp Street","aadt":740,"trucks_pct":null,"year":2025,"band":"<2k","length_m":402,"program":"LR","facility_type":"2","_color":"#9ecae1","_weight":2,"_popupRows":[["Daily vehicles","740"],["Count year","2025"]]}},{"type":"Feature","geometry":{"type":"LineString","coordinates":[[-83.63413,42.96046],[-83.63412,42.96059],[-83.63411,42.96112],[-83.63302,42.96112],[-83.63281,42.96112]]},"properties":{"name":"Commercial Avenue","aadt":740,"trucks_pct":null,"year":2025,"band":"<2k","length_m":179,"program":"LR","facility_type":"2","_color":"#9ecae1","_weight":2,"_popupRows":[["Daily vehicles","740"],["Count year","2025"]]}},{"type":"Feature","geometry":{"type":"LineString","coordinates":[[-83.62735,42.96739],[-83.62318,42.96748]]},"properties":{"name":"Keene Drive","aadt":740,"trucks_pct":null,"year":2025,"band":"<2k","length_m":340,"program":"LR","facility_type":"2","_color":"#9ecae1","_weight":2,"_popupRows":[["Daily vehicles","740"],["Count year","2025"]]}},{"type":"Feature","geometry":{"type":"LineString","coordinates":[[-83.59093,42.9612],[-83.5909,42.96004],[-83.59086,42.95898],[-83.59085,42.95855]]},"properties":{"name":"High Oaks Trail","aadt":818,"trucks_pct":null,"year":2025,"band":"<2k","length_m":295,"program":"LR","facility_type":"2","_color":"#9ecae1","_weight":2,"_popupRows":[["Daily vehicles","818"],["Count year","2025"]]}},{"type":"Feature","geometry":{"type":"LineString","coordinates":[[-83.60131,43.01085],[-83.60153,43.01898]]},"properties":{"name":"Glendale Avenue","aadt":740,"trucks_pct":null,"year":2025,"band":"<2k","length_m":904,"program":"LR","facility_type":"2","_color":"#9ecae1","_weight":2,"_popupRows":[["Daily vehicles","740"],["Count year","2025"]]}},{"type":"Feature","geometry":{"type":"LineString","coordinates":[[-83.67854,42.96351],[-83.67835,42.96351],[-83.67532,42.96356],[-83.67274,42.96361],[-83.67133,42.96364],[-83.6709,42.96375],[-83.67073,42.96379]]},"properties":{"name":"Ready Street","aadt":740,"trucks_pct":null,"year":2025,"band":"<2k","length_m":639,"program":"LR","facility_type":"2","_color":"#9ecae1","_weight":2,"_popupRows":[["Daily vehicles","740"],["Count year","2025"]]}},{"type":"Feature","geometry":{"type":"LineString","coordinates":[[-83.68656,42.95971],[-83.68661,42.96075],[-83.68661,42.96135]]},"properties":{"name":"Fairwood Drive","aadt":740,"trucks_pct":null,"year":2025,"band":"<2k","length_m":183,"program":"LR","facility_type":"2","_color":"#9ecae1","_weight":2,"_popupRows":[["Daily vehicles","740"],["Count year","2025"]]}},{"type":"Feature","geometry":{"type":"LineString","coordinates":[[-83.60801,43.03322],[-83.60791,43.02646]]},"properties":{"name":"Iva Street","aadt":740,"trucks_pct":null,"year":2025,"band":"<2k","length_m":752,"program":"LR","facility_type":"2","_color":"#9ecae1","_weight":2,"_popupRows":[["Daily vehicles","740"],["Count year","2025"]]}},{"type":"Feature","geometry":{"type":"LineString","coordinates":[[-83.6815,42.97938],[-83.67922,42.97943],[-83.67666,42.97947],[-83.67383,42.97952]]},"properties":{"name":"Norton Street","aadt":740,"trucks_pct":null,"year":2025,"band":"<2k","length_m":625,"program":"LR","facility_type":"2","_color":"#9ecae1","_weight":2,"_popupRows":[["Daily vehicles","740"],["Count year","2025"]]}},{"type":"Feature","geometry":{"type":"LineString","coordinates":[[-83.62498,43.01871],[-83.62488,43.01521],[-83.62473,43.01496]]},"properties":{"name":"Howe Road","aadt":740,"trucks_pct":null,"year":2025,"band":"<2k","length_m":419,"program":"LR","facility_type":"2","_color":"#9ecae1","_weight":2,"_popupRows":[["Daily vehicles","740"],["Count year","2025"]]}},{"type":"Feature","geometry":{"type":"LineString","coordinates":[[-83.58418,43.00547],[-83.58424,43.00809],[-83.58427,43.00818],[-83.58431,43.00831],[-83.5844,43.00839],[-83.58445,43.0085],[-83.58451,43.00856],[-83.58456,43.00881]]},"properties":{"name":"Transue Avenue","aadt":740,"trucks_pct":null,"year":2025,"band":"<2k","length_m":377,"program":"LR","facility_type":"2","_color":"#9ecae1","_weight":2,"_popupRows":[["Daily vehicles","740"],["Count year","2025"]]}},{"type":"Feature","geometry":{"type":"LineString","coordinates":[[-83.61368,42.97528],[-83.6137,42.97625],[-83.6138,42.97894],[-83.61392,42.98252],[-83.61413,42.98604],[-83.61433,42.9897]]},"properties":{"name":"N Genesee Rd","aadt":4273,"trucks_pct":3,"year":2025,"band":"2k-5k","length_m":1604,"program":"NTL","facility_type":"2","_color":"#4ea735","_weight":3,"_popupRows":[["Daily vehicles","4,273"],["Trucks","3%"],["Count year","2025"]]}},{"type":"Feature","geometry":{"type":"LineString","coordinates":[[-83.61449,42.99573],[-83.61594,42.9957],[-83.6175,42.99567],[-83.61868,42.99565],[-83.61907,42.99564],[-83.62022,42.99564]]},"properties":{"name":"Pine Creek Drive","aadt":740,"trucks_pct":null,"year":2025,"band":"<2k","length_m":466,"program":"LR","facility_type":"2","_color":"#9ecae1","_weight":2,"_popupRows":[["Daily vehicles","740"],["Count year","2025"]]}},{"type":"Feature","geometry":{"type":"LineString","coordinates":[[-83.64227,42.99392],[-83.63974,42.99397]]},"properties":{"name":"Sayre Court","aadt":740,"trucks_pct":null,"year":2025,"band":"<2k","length_m":206,"program":"LR","facility_type":"2","_color":"#9ecae1","_weight":2,"_popupRows":[["Daily vehicles","740"],["Count year","2025"]]}},{"type":"Feature","geometry":{"type":"LineString","coordinates":[[-83.60159,43.00449],[-83.60164,43.00653],[-83.60167,43.00858],[-83.60174,43.01085]]},"properties":{"name":"Denies Street","aadt":740,"trucks_pct":null,"year":2025,"band":"<2k","length_m":708,"program":"LR","facility_type":"2","_color":"#9ecae1","_weight":2,"_popupRows":[["Daily vehicles","740"],["Count year","2025"]]}},{"type":"Feature","geometry":{"type":"LineString","coordinates":[[-83.58727,43.01116],[-83.58733,43.01329],[-83.58733,43.01413]]},"properties":{"name":"Lasalle Avenue","aadt":740,"trucks_pct":null,"year":2025,"band":"<2k","length_m":330,"program":"LR","facility_type":"2","_color":"#9ecae1","_weight":2,"_popupRows":[["Daily vehicles","740"],["Count year","2025"]]}},{"type":"Feature","geometry":{"type":"LineString","coordinates":[[-83.59369,42.97279],[-83.59422,42.97278],[-83.59431,42.97278],[-83.59434,42.97278],[-83.59438,42.97279],[-83.59443,42.9728],[-83.59448,42.97282],[-83.59454,42.97286],[-83.5955,42.97337],[-83.59556,42.97341],[-83.59566,42.97347],[-83.59569,42.9735],[-83.59573,42.97353],[-83.59576,42.97357],[-83.5958,42.97362],[-83.59583,42.97366],[-83.59584,42.9737],[-83.59586,42.97375],[-83.59587,42.97378],[-83.59588,42.97381],[-83.59589,42.97387],[-83.59591,42.97503],[-83.59591,42.9756]]},"properties":{"name":"Grand Oaks Trail","aadt":740,"trucks_pct":null,"year":2025,"band":"<2k","length_m":426,"program":"LR","facility_type":"2","_color":"#9ecae1","_weight":2,"_popupRows":[["Daily vehicles","740"],["Count year","2025"]]}},{"type":"Feature","geometry":{"type":"LineString","coordinates":[[-83.58696,42.96532],[-83.58485,42.96536],[-83.58473,42.96538],[-83.58466,42.96539],[-83.58453,42.96545],[-83.58443,42.96554],[-83.58438,42.96566],[-83.58439,42.96572],[-83.58445,42.96597]]},"properties":{"name":"South Pond Point","aadt":740,"trucks_pct":null,"year":2025,"band":"<2k","length_m":262,"program":"LR","facility_type":"2","_color":"#9ecae1","_weight":2,"_popupRows":[["Daily vehicles","740"],["Count year","2025"]]}},{"type":"Feature","geometry":{"type":"LineString","coordinates":[[-83.64227,42.95702],[-83.64243,42.96036]]},"properties":{"name":"Auker Drive","aadt":818,"trucks_pct":null,"year":2025,"band":"<2k","length_m":372,"program":"LR","facility_type":"2","_color":"#9ecae1","_weight":2,"_popupRows":[["Daily vehicles","818"],["Count year","2025"]]}},{"type":"Feature","geometry":{"type":"LineString","coordinates":[[-83.64216,42.98369],[-83.6395,42.98375]]},"properties":{"name":"McKeighan Street","aadt":740,"trucks_pct":null,"year":2025,"band":"<2k","length_m":217,"program":"LR","facility_type":"2","_color":"#9ecae1","_weight":2,"_popupRows":[["Daily vehicles","740"],["Count year","2025"]]}},{"type":"Feature","geometry":{"type":"LineString","coordinates":[[-83.59534,43.01854],[-83.59559,43.0183],[-83.59569,43.01817],[-83.59585,43.01804],[-83.59608,43.01796],[-83.59626,43.0179],[-83.5965,43.0179],[-83.59666,43.01791],[-83.59686,43.01797],[-83.59705,43.01804],[-83.59723,43.01817],[-83.59737,43.01835],[-83.59745,43.01849],[-83.59747,43.01862],[-83.59746,43.01878],[-83.59736,43.01895],[-83.59723,43.01911],[-83.59706,43.01923],[-83.59687,43.01931],[-83.59656,43.01943]]},"properties":{"name":"Belsay / I-69 ramp","aadt":1822,"trucks_pct":0,"year":2025,"band":"<2k","length_m":374,"program":"RMP","facility_type":"4","_color":"#9ecae1","_weight":2,"_popupRows":[["Daily vehicles","1,822"],["Trucks","0%"],["Count year","2025"]]}},{"type":"Feature","geometry":{"type":"LineString","coordinates":[[-83.68192,42.95979],[-83.67991,42.9598],[-83.67815,42.95982],[-83.67664,42.95986],[-83.67449,42.9599],[-83.67389,42.9599],[-83.67319,42.95991],[-83.67263,42.95992],[-83.67118,42.95993],[-83.66896,42.95998],[-83.66744,42.96003]]},"properties":{"name":"E Maple Ave","aadt":11462,"trucks_pct":3,"year":2025,"band":"10k-20k","length_m":1179,"program":"NTL","facility_type":"2","_color":"#e08a00","_weight":6,"_popupRows":[["Daily vehicles","11,462"],["Trucks","3%"],["Count year","2025"]]}},{"type":"Feature","geometry":{"type":"LineString","coordinates":[[-83.62091,42.98684],[-83.6209,42.98682],[-83.6209,42.9868],[-83.6209,42.98679],[-83.62088,42.98677],[-83.62087,42.98676],[-83.62085,42.98674],[-83.6208,42.98672],[-83.62049,42.98656],[-83.6204,42.98652],[-83.62033,42.98649],[-83.62028,42.98648],[-83.62022,42.98646],[-83.62015,42.98645],[-83.62009,42.98645],[-83.62004,42.98644],[-83.61997,42.98644],[-83.61959,42.98645],[-83.61875,42.98646]]},"properties":{"name":"Harrier Lane","aadt":740,"trucks_pct":null,"year":2025,"band":"<2k","length_m":192,"program":"LR","facility_type":"2","_color":"#9ecae1","_weight":2,"_popupRows":[["Daily vehicles","740"],["Count year","2025"]]}},{"type":"Feature","geometry":{"type":"LineString","coordinates":[[-83.58685,42.96244],[-83.58692,42.96433],[-83.58695,42.96529],[-83.58696,42.96532],[-83.58697,42.96535],[-83.58705,42.96549],[-83.58717,42.96565],[-83.58732,42.96579],[-83.58733,42.9658],[-83.58757,42.96593],[-83.5878,42.96602],[-83.58821,42.96608],[-83.58855,42.96607]]},"properties":{"name":"Deer Park Pass","aadt":740,"trucks_pct":null,"year":2025,"band":"<2k","length_m":489,"program":"LR","facility_type":"2","_color":"#9ecae1","_weight":2,"_popupRows":[["Daily vehicles","740"],["Count year","2025"]]}},{"type":"Feature","geometry":{"type":"LineString","coordinates":[[-83.59338,42.96233],[-83.59181,42.96236],[-83.58845,42.96242],[-83.58685,42.96244]]},"properties":{"name":"Hedgerow Circle South","aadt":740,"trucks_pct":null,"year":2025,"band":"<2k","length_m":531,"program":"LR","facility_type":"2","_color":"#9ecae1","_weight":2,"_popupRows":[["Daily vehicles","740"],["Count year","2025"]]}},{"type":"Feature","geometry":{"type":"LineString","coordinates":[[-83.60904,43.00684],[-83.60525,43.00689],[-83.60496,43.0069]]},"properties":{"name":"Ottawa Street","aadt":740,"trucks_pct":null,"year":2025,"band":"<2k","length_m":332,"program":"LR","facility_type":"2","_color":"#9ecae1","_weight":2,"_popupRows":[["Daily vehicles","740"],["Count year","2025"]]}},{"type":"Feature","geometry":{"type":"LineString","coordinates":[[-83.66907,42.96725],[-83.66908,42.96798],[-83.66911,42.96868],[-83.66911,42.96939],[-83.66913,42.97013],[-83.66913,42.97082],[-83.66913,42.97155],[-83.66916,42.97226],[-83.66919,42.97298],[-83.6692,42.97378],[-83.66921,42.97449]]},"properties":{"name":"Barnes Avenue","aadt":740,"trucks_pct":null,"year":2025,"band":"<2k","length_m":805,"program":"LR","facility_type":"2","_color":"#9ecae1","_weight":2,"_popupRows":[["Daily vehicles","740"],["Count year","2025"]]}},{"type":"Feature","geometry":{"type":"LineString","coordinates":[[-83.6345,43.00418],[-83.63159,43.00417],[-83.62468,43.00415],[-83.61971,43.00416],[-83.61732,43.00415],[-83.61487,43.00415]]},"properties":{"name":"Lippincott Blvd","aadt":2986,"trucks_pct":3,"year":2025,"band":"2k-5k","length_m":1597,"program":"NTL","facility_type":"2","_color":"#4ea735","_weight":3,"_popupRows":[["Daily vehicles","2,986"],["Trucks","3%"],["Count year","2025"]]}},{"type":"Feature","geometry":{"type":"LineString","coordinates":[[-83.58536,43.03362],[-83.58516,43.03316],[-83.58506,43.03299],[-83.5849,43.03284],[-83.58445,43.03263],[-83.5842,43.03251],[-83.584,43.03237],[-83.58353,43.03186],[-83.58278,43.03098],[-83.58255,43.03077],[-83.58238,43.0307],[-83.58214,43.03065],[-83.58179,43.03064],[-83.58168,43.03062],[-83.58149,43.03054],[-83.58135,43.03043],[-83.58121,43.03025],[-83.58093,43.02987],[-83.58086,43.02977],[-83.58084,43.0297],[-83.58084,43.02961]]},"properties":{"name":"Kra-Nur Drive","aadt":740,"trucks_pct":null,"year":2025,"band":"<2k","length_m":609,"program":"LR","facility_type":"2","_color":"#9ecae1","_weight":2,"_popupRows":[["Daily vehicles","740"],["Count year","2025"]]}},{"type":"Feature","geometry":{"type":"LineString","coordinates":[[-83.61508,43.01872],[-83.61464,43.01874],[-83.61422,43.0188],[-83.61379,43.01891],[-83.61267,43.01922],[-83.61172,43.01945],[-83.61037,43.0197],[-83.60969,43.01979],[-83.60858,43.01989],[-83.60785,43.01996],[-83.60169,43.02005],[-83.60087,43.02007],[-83.6005,43.02008],[-83.60016,43.02016],[-83.59957,43.02033],[-83.59879,43.02081],[-83.59853,43.02109],[-83.59832,43.02134],[-83.59819,43.02152],[-83.59794,43.02186],[-83.59765,43.02212],[-83.59725,43.02234],[-83.59685,43.02244],[-83.59638,43.02247],[-83.5954,43.02246]]},"properties":{"name":"W Court St","aadt":6612,"trucks_pct":3,"year":2025,"band":"5k-10k","length_m":1734,"program":"NTL","facility_type":"2","_color":"#e8c400","_weight":4,"_popupRows":[["Daily vehicles","6,612"],["Trucks","3%"],["Count year","2025"]]}},{"type":"Feature","geometry":{"type":"LineString","coordinates":[[-83.59187,42.99666],[-83.59176,42.99679],[-83.59175,42.99684],[-83.59173,42.99689],[-83.59172,42.99696],[-83.59175,42.99765],[-83.59177,42.99898],[-83.5918,43.0005],[-83.59181,43.00059]]},"properties":{"name":"Champion Drive","aadt":740,"trucks_pct":null,"year":2025,"band":"<2k","length_m":439,"program":"LR","facility_type":"2","_color":"#9ecae1","_weight":2,"_popupRows":[["Daily vehicles","740"],["Count year","2025"]]}},{"type":"Feature","geometry":{"type":"LineString","coordinates":[[-83.6037,42.96428],[-83.60387,42.96433],[-83.60395,42.96439],[-83.604,42.96444],[-83.60401,42.96452],[-83.60399,42.96602]]},"properties":{"name":"White Birch Drive","aadt":740,"trucks_pct":null,"year":2025,"band":"<2k","length_m":207,"program":"LR","facility_type":"2","_color":"#9ecae1","_weight":2,"_popupRows":[["Daily vehicles","740"],["Count year","2025"]]}},{"type":"Feature","geometry":{"type":"LineString","coordinates":[[-83.64224,42.98527],[-83.63959,42.98534]]},"properties":{"name":"Lockhead Avenue","aadt":740,"trucks_pct":null,"year":2025,"band":"<2k","length_m":216,"program":"LR","facility_type":"2","_color":"#9ecae1","_weight":2,"_popupRows":[["Daily vehicles","740"],["Count year","2025"]]}},{"type":"Feature","geometry":{"type":"LineString","coordinates":[[-83.59502,43.00475],[-83.59503,43.00662],[-83.59508,43.00869],[-83.5951,43.00943],[-83.59513,43.01098]]},"properties":{"name":"S Belsay Rd","aadt":11426,"trucks_pct":1,"year":2025,"band":"10k-20k","length_m":692,"program":"NTL","facility_type":"2","_color":"#e08a00","_weight":6,"_popupRows":[["Daily vehicles","11,426"],["Trucks","1%"],["Count year","2025"]]}},{"type":"Feature","geometry":{"type":"LineString","coordinates":[[-83.68139,42.9765],[-83.67909,42.97653],[-83.67652,42.97658],[-83.67315,42.97665]]},"properties":{"name":"James Street","aadt":740,"trucks_pct":null,"year":2025,"band":"<2k","length_m":671,"program":"LR","facility_type":"2","_color":"#9ecae1","_weight":2,"_popupRows":[["Daily vehicles","740"],["Count year","2025"]]}},{"type":"Feature","geometry":{"type":"LineString","coordinates":[[-83.63491,43.02094],[-83.6347,43.02098],[-83.63198,43.02097]]},"properties":{"name":"Paul Krouse Boulevard","aadt":740,"trucks_pct":null,"year":2025,"band":"<2k","length_m":239,"program":"LR","facility_type":"2","_color":"#9ecae1","_weight":2,"_popupRows":[["Daily vehicles","740"],["Count year","2025"]]}},{"type":"Feature","geometry":{"type":"LineString","coordinates":[[-83.62424,43.02324],[-83.62392,43.02325],[-83.6236,43.02322],[-83.62339,43.02318],[-83.62322,43.02315],[-83.62308,43.02307],[-83.62297,43.023],[-83.62282,43.02291],[-83.62256,43.02273],[-83.62203,43.02238],[-83.62163,43.0221],[-83.62135,43.02193],[-83.62107,43.02179],[-83.62056,43.02162],[-83.62015,43.02146],[-83.61866,43.02097],[-83.61783,43.02096],[-83.61766,43.02095],[-83.61751,43.02092],[-83.61733,43.02085],[-83.61717,43.02077],[-83.61707,43.02066],[-83.61699,43.02057],[-83.61695,43.02046],[-83.61692,43.01868]]},"properties":{"name":"Arrowhead Drive","aadt":740,"trucks_pct":null,"year":2025,"band":"<2k","length_m":895,"program":"LR","facility_type":"2","_color":"#9ecae1","_weight":2,"_popupRows":[["Daily vehicles","740"],["Count year","2025"]]}},{"type":"Feature","geometry":{"type":"LineString","coordinates":[[-83.64637,42.98206],[-83.64324,42.98211],[-83.64209,42.98212]]},"properties":{"name":"East Hemphill Road","aadt":3265,"trucks_pct":null,"year":2025,"band":"2k-5k","length_m":348,"program":"LR","facility_type":"2","_color":"#4ea735","_weight":3,"_popupRows":[["Daily vehicles","3,265"],["Count year","2025"]]}},{"type":"Feature","geometry":{"type":"LineString","coordinates":[[-83.64535,42.96966],[-83.6454,42.97259],[-83.64544,42.97486]]},"properties":{"name":"Jimbo Drive","aadt":3265,"trucks_pct":null,"year":2025,"band":"2k-5k","length_m":578,"program":"LR","facility_type":"2","_color":"#4ea735","_weight":3,"_popupRows":[["Daily vehicles","3,265"],["Count year","2025"]]}},{"type":"Feature","geometry":{"type":"LineString","coordinates":[[-83.57717,42.99752],[-83.57715,42.99787],[-83.57713,42.99804],[-83.57706,42.99813],[-83.57693,42.99819],[-83.57683,42.99821],[-83.57682,42.99822],[-83.57658,42.99828]]},"properties":{"name":"Stonehedge Court","aadt":740,"trucks_pct":null,"year":2025,"band":"<2k","length_m":113,"program":"LR","facility_type":"2","_color":"#9ecae1","_weight":2,"_popupRows":[["Daily vehicles","740"],["Count year","2025"]]}},{"type":"Feature","geometry":{"type":"LineString","coordinates":[[-83.59558,43.03],[-83.59556,43.02998],[-83.59232,43.03003],[-83.58949,43.03007],[-83.58741,43.03009],[-83.58704,43.0301]]},"properties":{"name":"Hugh Street","aadt":740,"trucks_pct":null,"year":2025,"band":"<2k","length_m":695,"program":"LR","facility_type":"2","_color":"#9ecae1","_weight":2,"_popupRows":[["Daily vehicles","740"],["Count year","2025"]]}},{"type":"Feature","geometry":{"type":"LineString","coordinates":[[-83.68753,42.96527],[-83.68757,42.96519],[-83.6876,42.96503],[-83.68757,42.96492],[-83.68757,42.96474],[-83.68755,42.96442],[-83.68757,42.9642],[-83.68762,42.96403],[-83.68766,42.9638],[-83.68776,42.9636],[-83.68783,42.96341],[-83.68783,42.96328],[-83.68782,42.96316],[-83.68776,42.96299],[-83.68768,42.96283],[-83.68753,42.96271],[-83.6874,42.96265],[-83.68729,42.9626],[-83.68718,42.96258],[-83.68676,42.96256],[-83.68657,42.96257]]},"properties":{"name":"Lawnwood Lane","aadt":740,"trucks_pct":null,"year":2025,"band":"<2k","length_m":377,"program":"LR","facility_type":"2","_color":"#9ecae1","_weight":2,"_popupRows":[["Daily vehicles","740"],["Count year","2025"]]}},{"type":"Feature","geometry":{"type":"LineString","coordinates":[[-83.64627,42.97968],[-83.64633,42.98043],[-83.64634,42.98121],[-83.64637,42.98206]]},"properties":{"name":"Kleinpell St","aadt":530,"trucks_pct":15,"year":2025,"band":"<2k","length_m":265,"program":"NTL","facility_type":"2","_color":"#9ecae1","_weight":2,"_popupRows":[["Daily vehicles","530"],["Trucks","15%"],["Count year","2025"]]}},{"type":"Feature","geometry":{"type":"LineString","coordinates":[[-83.69276,42.97407],[-83.69251,42.97407],[-83.68752,42.97416],[-83.68429,42.97423],[-83.68425,42.97423],[-83.6842,42.97423],[-83.68256,42.97426],[-83.682,42.97427],[-83.6818,42.97427],[-83.68129,42.97428],[-83.6812,42.97428],[-83.68,42.97431],[-83.67913,42.97431],[-83.67901,42.97431],[-83.67639,42.97436],[-83.67265,42.97444]]},"properties":{"name":"E Bristol Rd","aadt":14411,"trucks_pct":5,"year":2025,"band":"10k-20k","length_m":1636,"program":"NTL","facility_type":"2","_color":"#e08a00","_weight":6,"_popupRows":[["Daily vehicles","14,411"],["Trucks","5%"],["Count year","2025"]]}},{"type":"Feature","geometry":{"type":"LineString","coordinates":[[-83.61959,42.98645],[-83.61958,42.98601]]},"properties":{"name":"Condor Court","aadt":740,"trucks_pct":null,"year":2025,"band":"<2k","length_m":49,"program":"LR","facility_type":"2","_color":"#9ecae1","_weight":2,"_popupRows":[["Daily vehicles","740"],["Count year","2025"]]}},{"type":"Feature","geometry":{"type":"LineString","coordinates":[[-83.61854,42.99463],[-83.61822,42.99479],[-83.6181,42.99484],[-83.618,42.99484],[-83.61761,42.99482]]},"properties":{"name":"Colby Court","aadt":740,"trucks_pct":null,"year":2025,"band":"<2k","length_m":82,"program":"LR","facility_type":"2","_color":"#9ecae1","_weight":2,"_popupRows":[["Daily vehicles","740"],["Count year","2025"]]}},{"type":"Feature","geometry":{"type":"LineString","coordinates":[[-83.57672,42.96145],[-83.57673,42.96165],[-83.57677,42.96174],[-83.57687,42.96188],[-83.57702,42.962],[-83.57799,42.96272],[-83.57843,42.96304],[-83.57858,42.96316],[-83.57867,42.96332],[-83.5787,42.9636]]},"properties":{"name":"Maple Leaf Drive","aadt":740,"trucks_pct":null,"year":2025,"band":"<2k","length_m":300,"program":"LR","facility_type":"2","_color":"#9ecae1","_weight":2,"_popupRows":[["Daily vehicles","740"],["Count year","2025"]]}},{"type":"Feature","geometry":{"type":"LineString","coordinates":[[-83.60778,43.01168],[-83.60784,43.01301],[-83.60792,43.01513],[-83.60796,43.01532],[-83.60832,43.01567],[-83.60849,43.01585],[-83.60869,43.01612],[-83.60885,43.01648],[-83.60893,43.01679],[-83.60897,43.0173],[-83.60901,43.01882]]},"properties":{"name":"Sunnydale Street","aadt":740,"trucks_pct":null,"year":2025,"band":"<2k","length_m":815,"program":"LR","facility_type":"2","_color":"#9ecae1","_weight":2,"_popupRows":[["Daily vehicles","740"],["Count year","2025"]]}},{"type":"Feature","geometry":{"type":"LineString","coordinates":[[-83.67639,42.97436],[-83.67644,42.97517],[-83.67647,42.97589],[-83.67652,42.97658],[-83.67656,42.97731],[-83.6766,42.97802],[-83.67663,42.97876],[-83.67666,42.97947],[-83.67669,42.98018],[-83.67673,42.9809],[-83.67674,42.98163]]},"properties":{"name":"Morrison Street","aadt":740,"trucks_pct":null,"year":2025,"band":"<2k","length_m":809,"program":"LR","facility_type":"2","_color":"#9ecae1","_weight":2,"_popupRows":[["Daily vehicles","740"],["Count year","2025"]]}},{"type":"Feature","geometry":{"type":"LineString","coordinates":[[-83.62412,43.0187],[-83.62418,43.02069],[-83.62424,43.02324]]},"properties":{"name":"Arapaho Drive","aadt":740,"trucks_pct":null,"year":2025,"band":"<2k","length_m":505,"program":"LR","facility_type":"2","_color":"#9ecae1","_weight":2,"_popupRows":[["Daily vehicles","740"],["Count year","2025"]]}},{"type":"Feature","geometry":{"type":"LineString","coordinates":[[-83.64637,42.98206],[-83.6466,42.98929]]},"properties":{"name":"Kleinpell Street","aadt":3265,"trucks_pct":null,"year":2025,"band":"2k-5k","length_m":803,"program":"LR","facility_type":"2","_color":"#4ea735","_weight":3,"_popupRows":[["Daily vehicles","3,265"],["Count year","2025"]]}},{"type":"Feature","geometry":{"type":"LineString","coordinates":[[-83.64222,42.98686],[-83.63967,42.98691]]},"properties":{"name":"Leta Avenue","aadt":740,"trucks_pct":null,"year":2025,"band":"<2k","length_m":207,"program":"LR","facility_type":"2","_color":"#9ecae1","_weight":2,"_popupRows":[["Daily vehicles","740"],["Count year","2025"]]}},{"type":"Feature","geometry":{"type":"LineString","coordinates":[[-83.62043,42.99914],[-83.62024,42.99918],[-83.62015,42.99927],[-83.62012,42.99939],[-83.62013,42.99952],[-83.62026,43.00221],[-83.6203,43.00236],[-83.62037,43.00242]]},"properties":{"name":"Bramblewood Drive","aadt":740,"trucks_pct":null,"year":2025,"band":"<2k","length_m":382,"program":"LR","facility_type":"2","_color":"#9ecae1","_weight":2,"_popupRows":[["Daily vehicles","740"],["Count year","2025"]]}},{"type":"Feature","geometry":{"type":"LineString","coordinates":[[-83.62406,42.98966],[-83.62419,42.99288],[-83.62421,42.99355],[-83.62439,42.99715],[-83.6244,42.99782],[-83.62446,42.99961],[-83.62448,43.00004],[-83.62456,43.00163],[-83.62468,43.00415]]},"properties":{"name":"Howe Rd","aadt":930,"trucks_pct":1,"year":2025,"band":"<2k","length_m":1613,"program":"NTL","facility_type":"2","_color":"#9ecae1","_weight":2,"_popupRows":[["Daily vehicles","930"],["Trucks","1%"],["Count year","2025"]]}},{"type":"Feature","geometry":{"type":"LineString","coordinates":[[-83.63468,43.01239],[-83.63449,43.01282],[-83.63442,43.01299],[-83.63436,43.01312],[-83.63424,43.01323],[-83.63409,43.01332],[-83.63395,43.01339],[-83.6337,43.01343],[-83.63125,43.01374],[-83.63083,43.01381],[-83.63041,43.0139]]},"properties":{"name":"Center / I-69 ramp","aadt":1563,"trucks_pct":0,"year":2025,"band":"<2k","length_m":424,"program":"RMP","facility_type":"4","_color":"#9ecae1","_weight":2,"_popupRows":[["Daily vehicles","1,563"],["Trucks","0%"],["Count year","2025"]]}},{"type":"Feature","geometry":{"type":"LineString","coordinates":[[-83.67255,42.97371],[-83.6692,42.97378],[-83.666,42.97382],[-83.66327,42.97385],[-83.66275,42.97386]]},"properties":{"name":"East Whittemore Avenue","aadt":740,"trucks_pct":null,"year":2025,"band":"<2k","length_m":797,"program":"LR","facility_type":"2","_color":"#9ecae1","_weight":2,"_popupRows":[["Daily vehicles","740"],["Count year","2025"]]}},{"type":"Feature","geometry":{"type":"LineString","coordinates":[[-83.59616,43.00469],[-83.59618,43.0066],[-83.59625,43.00866],[-83.59625,43.01095]]},"properties":{"name":"Martha Avenue","aadt":740,"trucks_pct":null,"year":2025,"band":"<2k","length_m":696,"program":"LR","facility_type":"2","_color":"#9ecae1","_weight":2,"_popupRows":[["Daily vehicles","740"],["Count year","2025"]]}},{"type":"Feature","geometry":{"type":"LineString","coordinates":[[-83.59035,43.01914],[-83.59025,43.01917],[-83.5901,43.01919],[-83.58849,43.01919],[-83.58752,43.0192],[-83.58437,43.01923],[-83.58312,43.01921],[-83.58266,43.0192],[-83.58239,43.0192],[-83.58206,43.01919],[-83.58154,43.01915],[-83.58102,43.01908],[-83.58045,43.019],[-83.57978,43.01884],[-83.57923,43.01873],[-83.57892,43.0186],[-83.5785,43.01852],[-83.57745,43.01814],[-83.57657,43.01781],[-83.57629,43.01767],[-83.5761,43.01757],[-83.57595,43.01744],[-83.57581,43.01729],[-83.57569,43.01711],[-83.57562,43.01678]]},"properties":{"name":"I-69","aadt":3265,"trucks_pct":null,"year":2025,"band":"2k-5k","length_m":1296,"program":"LR","facility_type":"2","_color":"#4ea735","_weight":3,"_popupRows":[["Daily vehicles","3,265"],["Count year","2025"]]}},{"type":"Feature","geometry":{"type":"LineString","coordinates":[[-83.60486,43.02934],[-83.60359,43.02935]]},"properties":{"name":"Crestmoor Drive","aadt":740,"trucks_pct":null,"year":2025,"band":"<2k","length_m":103,"program":"LR","facility_type":"2","_color":"#9ecae1","_weight":2,"_popupRows":[["Daily vehicles","740"],["Count year","2025"]]}},{"type":"Feature","geometry":{"type":"LineString","coordinates":[[-83.67901,42.97431],[-83.67902,42.97511],[-83.67904,42.97583],[-83.67909,42.97653],[-83.67914,42.97724],[-83.67918,42.97796],[-83.67919,42.97872],[-83.67922,42.97943],[-83.67927,42.98014],[-83.6793,42.98085],[-83.67932,42.98161]]},"properties":{"name":"Greenly Street","aadt":740,"trucks_pct":null,"year":2025,"band":"<2k","length_m":812,"program":"LR","facility_type":"2","_color":"#9ecae1","_weight":2,"_popupRows":[["Daily vehicles","740"],["Count year","2025"]]}},{"type":"Feature","geometry":{"type":"LineString","coordinates":[[-83.66333,42.97558],[-83.66282,42.97549],[-83.66264,42.97547],[-83.6614,42.97548],[-83.66101,42.97551]]},"properties":{"name":"Connell Street","aadt":740,"trucks_pct":null,"year":2025,"band":"<2k","length_m":191,"program":"LR","facility_type":"2","_color":"#9ecae1","_weight":2,"_popupRows":[["Daily vehicles","740"],["Count year","2025"]]}},{"type":"Feature","geometry":{"type":"LineString","coordinates":[[-83.57802,42.9975],[-83.57717,42.99752],[-83.57511,42.99755]]},"properties":{"name":"Milano Street","aadt":740,"trucks_pct":null,"year":2025,"band":"<2k","length_m":236,"program":"LR","facility_type":"2","_color":"#9ecae1","_weight":2,"_popupRows":[["Daily vehicles","740"],["Count year","2025"]]}},{"type":"Feature","geometry":{"type":"LineString","coordinates":[[-83.59255,43.00286],[-83.59249,43.00286],[-83.58583,43.00291]]},"properties":{"name":"Sandy Lane","aadt":740,"trucks_pct":null,"year":2025,"band":"<2k","length_m":547,"program":"LR","facility_type":"2","_color":"#9ecae1","_weight":2,"_popupRows":[["Daily vehicles","740"],["Count year","2025"]]}},{"type":"Feature","geometry":{"type":"LineString","coordinates":[[-83.65962,42.97179],[-83.66035,42.97177]]},"properties":{"name":"East Parkwood Avenue","aadt":740,"trucks_pct":null,"year":2025,"band":"<2k","length_m":59,"program":"LR","facility_type":"2","_color":"#9ecae1","_weight":2,"_popupRows":[["Daily vehicles","740"],["Count year","2025"]]}},{"type":"Feature","geometry":{"type":"LineString","coordinates":[[-83.59662,43.00288],[-83.59665,43.00282],[-83.59666,43.00275],[-83.59662,43.00108]]},"properties":{"name":"Ala Street","aadt":740,"trucks_pct":null,"year":2025,"band":"<2k","length_m":200,"program":"LR","facility_type":"2","_color":"#9ecae1","_weight":2,"_popupRows":[["Daily vehicles","740"],["Count year","2025"]]}},{"type":"Feature","geometry":{"type":"LineString","coordinates":[[-83.60137,42.97487],[-83.60116,42.97481],[-83.60001,42.97421],[-83.5998,42.97406],[-83.59968,42.97394],[-83.59962,42.97382],[-83.59958,42.9737],[-83.59958,42.97326]]},"properties":{"name":"Day Street","aadt":740,"trucks_pct":null,"year":2025,"band":"<2k","length_m":251,"program":"LR","facility_type":"2","_color":"#9ecae1","_weight":2,"_popupRows":[["Daily vehicles","740"],["Count year","2025"]]}},{"type":"Feature","geometry":{"type":"LineString","coordinates":[[-83.67013,42.96291],[-83.66911,42.96327],[-83.66821,42.9636],[-83.66574,42.96365],[-83.66479,42.96367]]},"properties":{"name":"Jolson Avenue","aadt":740,"trucks_pct":null,"year":2025,"band":"<2k","length_m":452,"program":"LR","facility_type":"2","_color":"#9ecae1","_weight":2,"_popupRows":[["Daily vehicles","740"],["Count year","2025"]]}},{"type":"Feature","geometry":{"type":"LineString","coordinates":[[-83.66331,42.97458],[-83.66333,42.97558],[-83.66337,42.97626],[-83.66341,42.97707],[-83.66342,42.97732]]},"properties":{"name":"Fern Avenue","aadt":740,"trucks_pct":null,"year":2025,"band":"<2k","length_m":305,"program":"LR","facility_type":"2","_color":"#9ecae1","_weight":2,"_popupRows":[["Daily vehicles","740"],["Count year","2025"]]}},{"type":"Feature","geometry":{"type":"LineString","coordinates":[[-83.58937,43.00533],[-83.58943,43.00537],[-83.58946,43.00542],[-83.58953,43.00873]]},"properties":{"name":"South Genevieve Street","aadt":740,"trucks_pct":null,"year":2025,"band":"<2k","length_m":380,"program":"LR","facility_type":"2","_color":"#9ecae1","_weight":2,"_popupRows":[["Daily vehicles","740"],["Count year","2025"]]}},{"type":"Feature","geometry":{"type":"LineString","coordinates":[[-83.63466,43.01154],[-83.63378,43.01155]]},"properties":{"name":"Faith Way","aadt":740,"trucks_pct":null,"year":2025,"band":"<2k","length_m":72,"program":"LR","facility_type":"2","_color":"#9ecae1","_weight":2,"_popupRows":[["Daily vehicles","740"],["Count year","2025"]]}},{"type":"Feature","geometry":{"type":"LineString","coordinates":[[-83.66692,42.96089],[-83.66708,42.96102],[-83.66849,42.96228],[-83.66911,42.96327],[-83.67012,42.96492],[-83.67021,42.96505]]},"properties":{"name":"Shubert Avenue","aadt":740,"trucks_pct":null,"year":2025,"band":"<2k","length_m":539,"program":"LR","facility_type":"2","_color":"#9ecae1","_weight":2,"_popupRows":[["Daily vehicles","740"],["Count year","2025"]]}},{"type":"Feature","geometry":{"type":"LineString","coordinates":[[-83.57718,42.9661],[-83.57727,42.96854]]},"properties":{"name":"Pratt Avenue","aadt":740,"trucks_pct":null,"year":2025,"band":"<2k","length_m":272,"program":"LR","facility_type":"2","_color":"#9ecae1","_weight":2,"_popupRows":[["Daily vehicles","740"],["Count year","2025"]]}},{"type":"Feature","geometry":{"type":"LineString","coordinates":[[-83.62743,42.96651],[-83.62741,42.96716],[-83.62739,42.96732],[-83.62735,42.96739]]},"properties":{"name":"Englewood Drive","aadt":740,"trucks_pct":null,"year":2025,"band":"<2k","length_m":99,"program":"LR","facility_type":"2","_color":"#9ecae1","_weight":2,"_popupRows":[["Daily vehicles","740"],["Count year","2025"]]}},{"type":"Feature","geometry":{"type":"LineString","coordinates":[[-83.68145,42.97791],[-83.67918,42.97796],[-83.6766,42.97802],[-83.6735,42.97807]]},"properties":{"name":"Carman Street","aadt":740,"trucks_pct":null,"year":2025,"band":"<2k","length_m":647,"program":"LR","facility_type":"2","_color":"#9ecae1","_weight":2,"_popupRows":[["Daily vehicles","740"],["Count year","2025"]]}},{"type":"Feature","geometry":{"type":"LineString","coordinates":[[-83.59223,43.02818],[-83.59211,43.02814],[-83.59174,43.02813],[-83.58713,43.0282],[-83.58707,43.0282],[-83.58701,43.02822]]},"properties":{"name":"Woodmoor Drive","aadt":740,"trucks_pct":null,"year":2025,"band":"<2k","length_m":426,"program":"LR","facility_type":"2","_color":"#9ecae1","_weight":2,"_popupRows":[["Daily vehicles","740"],["Count year","2025"]]}},{"type":"Feature","geometry":{"type":"LineString","coordinates":[[-83.67859,42.96639],[-83.67552,42.96644],[-83.67173,42.96647]]},"properties":{"name":"Webber Avenue","aadt":740,"trucks_pct":null,"year":2025,"band":"<2k","length_m":559,"program":"LR","facility_type":"2","_color":"#9ecae1","_weight":2,"_popupRows":[["Daily vehicles","740"],["Count year","2025"]]}},{"type":"Feature","geometry":{"type":"LineString","coordinates":[[-83.60525,42.96604],[-83.60525,42.96548],[-83.60526,42.96537],[-83.6053,42.96524],[-83.60542,42.96515],[-83.60556,42.9651],[-83.60588,42.9651]]},"properties":{"name":"Willow Oak Court","aadt":740,"trucks_pct":null,"year":2025,"band":"<2k","length_m":141,"program":"LR","facility_type":"2","_color":"#9ecae1","_weight":2,"_popupRows":[["Daily vehicles","740"],["Count year","2025"]]}},{"type":"Feature","geometry":{"type":"LineString","coordinates":[[-83.57513,43.00044],[-83.57434,43.00044],[-83.57421,43.00044],[-83.57377,43.00057],[-83.57355,43.0006],[-83.56877,43.00066],[-83.56596,43.00071],[-83.5658,43.0007],[-83.5657,43.00074]]},"properties":{"name":"Schoolcraft Drive","aadt":818,"trucks_pct":null,"year":2025,"band":"<2k","length_m":771,"program":"LR","facility_type":"2","_color":"#9ecae1","_weight":2,"_popupRows":[["Daily vehicles","818"],["Count year","2025"]]}},{"type":"Feature","geometry":{"type":"LineString","coordinates":[[-83.63296,42.96605],[-83.63281,42.96605],[-83.62971,42.96607],[-83.62958,42.96608],[-83.62944,42.9661],[-83.62929,42.96613],[-83.62908,42.96621],[-83.62885,42.96631],[-83.62867,42.96639],[-83.62848,42.96644],[-83.62824,42.96648],[-83.62743,42.96651],[-83.62506,42.96651],[-83.62317,42.96656]]},"properties":{"name":"Manor Drive","aadt":3265,"trucks_pct":null,"year":2025,"band":"2k-5k","length_m":807,"program":"LR","facility_type":"2","_color":"#4ea735","_weight":3,"_popupRows":[["Daily vehicles","3,265"],["Count year","2025"]]}},{"type":"Feature","geometry":{"type":"LineString","coordinates":[[-83.64002,42.99636],[-83.64004,42.99796],[-83.64017,42.99987],[-83.64036,43.00401]]},"properties":{"name":"Morrish Street","aadt":740,"trucks_pct":null,"year":2025,"band":"<2k","length_m":850,"program":"LR","facility_type":"2","_color":"#9ecae1","_weight":2,"_popupRows":[["Daily vehicles","740"],["Count year","2025"]]}},{"type":"Feature","geometry":{"type":"LineString","coordinates":[[-83.69252,42.95959],[-83.6923,42.95959],[-83.69156,42.95963],[-83.69024,42.95963],[-83.68952,42.95965],[-83.6889,42.95967],[-83.68763,42.95966],[-83.68656,42.95971],[-83.68613,42.95972],[-83.686,42.95972],[-83.68389,42.95975],[-83.68367,42.95975],[-83.68282,42.95977],[-83.68247,42.95978],[-83.68192,42.95979]]},"properties":{"name":"E Maple Ave","aadt":12498,"trucks_pct":3,"year":2025,"band":"10k-20k","length_m":863,"program":"NTL","facility_type":"2","_color":"#e08a00","_weight":6,"_popupRows":[["Daily vehicles","12,498"],["Trucks","3%"],["Count year","2025"]]}},{"type":"Feature","geometry":{"type":"LineString","coordinates":[[-83.61508,43.01664],[-83.61469,43.01667],[-83.61441,43.01672],[-83.6142,43.01679],[-83.61393,43.01699],[-83.61353,43.0173],[-83.6131,43.01762],[-83.61269,43.01787],[-83.6121,43.01817],[-83.61149,43.01839],[-83.61094,43.01856],[-83.61023,43.01871],[-83.60971,43.01879],[-83.60901,43.01882],[-83.60403,43.01893],[-83.60153,43.01898],[-83.60098,43.019],[-83.60061,43.019],[-83.60016,43.01891],[-83.59961,43.01879],[-83.59935,43.01861]]},"properties":{"name":"East Court Street South","aadt":740,"trucks_pct":null,"year":2025,"band":"<2k","length_m":1365,"program":"LR","facility_type":"2","_color":"#9ecae1","_weight":2,"_popupRows":[["Daily vehicles","740"],["Count year","2025"]]}},{"type":"Feature","geometry":{"type":"LineString","coordinates":[[-83.58293,43.00276],[-83.58308,43.00319],[-83.58315,43.00338]]},"properties":{"name":"Hickory Hollow","aadt":740,"trucks_pct":null,"year":2025,"band":"<2k","length_m":71,"program":"LR","facility_type":"2","_color":"#9ecae1","_weight":2,"_popupRows":[["Daily vehicles","740"],["Count year","2025"]]}},{"type":"Feature","geometry":{"type":"LineString","coordinates":[[-83.6422,42.98446],[-83.63952,42.98456]]},"properties":{"name":"Dell Avenue","aadt":740,"trucks_pct":null,"year":2025,"band":"<2k","length_m":218,"program":"LR","facility_type":"2","_color":"#9ecae1","_weight":2,"_popupRows":[["Daily vehicles","740"],["Count year","2025"]]}},{"type":"Feature","geometry":{"type":"LineString","coordinates":[[-83.60108,42.96995],[-83.60108,42.97013],[-83.60111,42.97023],[-83.6012,42.97035],[-83.60133,42.97044],[-83.60149,42.97051],[-83.60158,42.97053],[-83.60191,42.97053],[-83.6025,42.97052],[-83.60271,42.97051],[-83.60275,42.9705],[-83.60302,42.97043]]},"properties":{"name":"Sequoia Court","aadt":740,"trucks_pct":null,"year":2025,"band":"<2k","length_m":203,"program":"LR","facility_type":"2","_color":"#9ecae1","_weight":2,"_popupRows":[["Daily vehicles","740"],["Count year","2025"]]}},{"type":"Feature","geometry":{"type":"LineString","coordinates":[[-83.6124,43.00418],[-83.61244,43.00639],[-83.61261,43.01061]]},"properties":{"name":"Roat Court","aadt":740,"trucks_pct":null,"year":2025,"band":"<2k","length_m":715,"program":"LR","facility_type":"2","_color":"#9ecae1","_weight":2,"_popupRows":[["Daily vehicles","740"],["Count year","2025"]]}},{"type":"Feature","geometry":{"type":"LineString","coordinates":[[-83.6021,42.96385],[-83.60235,42.96385],[-83.60265,42.96384]]},"properties":{"name":"Redwood Court","aadt":740,"trucks_pct":null,"year":2025,"band":"<2k","length_m":45,"program":"LR","facility_type":"2","_color":"#9ecae1","_weight":2,"_popupRows":[["Daily vehicles","740"],["Count year","2025"]]}},{"type":"Feature","geometry":{"type":"LineString","coordinates":[[-83.66311,42.96733],[-83.66313,42.96802],[-83.66316,42.96875],[-83.66317,42.96946],[-83.66317,42.97017],[-83.66319,42.97089],[-83.66321,42.97165],[-83.66322,42.97235],[-83.66326,42.97306],[-83.66327,42.97385],[-83.66331,42.97458]]},"properties":{"name":"Fern Avenue","aadt":3265,"trucks_pct":null,"year":2025,"band":"2k-5k","length_m":807,"program":"LR","facility_type":"2","_color":"#4ea735","_weight":3,"_popupRows":[["Daily vehicles","3,265"],["Count year","2025"]]}},{"type":"Feature","geometry":{"type":"LineString","coordinates":[[-83.6774,42.96856],[-83.67578,42.9686],[-83.67198,42.96865]]},"properties":{"name":"East Schumacher Avenue","aadt":740,"trucks_pct":null,"year":2025,"band":"<2k","length_m":441,"program":"LR","facility_type":"2","_color":"#9ecae1","_weight":2,"_popupRows":[["Daily vehicles","740"],["Count year","2025"]]}},{"type":"Feature","geometry":{"type":"LineString","coordinates":[[-83.61433,42.9897],[-83.61442,42.99202],[-83.61443,42.99341],[-83.61449,42.99573],[-83.61452,42.99684],[-83.61469,43.00059],[-83.61487,43.00415],[-83.61496,43.00841],[-83.615,43.01054]]},"properties":{"name":"N Genesee Rd","aadt":5430,"trucks_pct":3,"year":2025,"band":"5k-10k","length_m":2318,"program":"NTL","facility_type":"2","_color":"#e8c400","_weight":4,"_popupRows":[["Daily vehicles","5,430"],["Trucks","3%"],["Count year","2025"]]}},{"type":"Feature","geometry":{"type":"LineString","coordinates":[[-83.60485,43.00433],[-83.60491,43.00563],[-83.60494,43.00632],[-83.60496,43.0069],[-83.60501,43.00816],[-83.60498,43.00857],[-83.60504,43.00942],[-83.60508,43.01078]]},"properties":{"name":"Casto Boulevard","aadt":3265,"trucks_pct":null,"year":2025,"band":"2k-5k","length_m":717,"program":"LR","facility_type":"2","_color":"#4ea735","_weight":3,"_popupRows":[["Daily vehicles","3,265"],["Count year","2025"]]}},{"type":"Feature","geometry":{"type":"LineString","coordinates":[[-83.66692,42.96089],[-83.66655,42.96149],[-83.66609,42.96222],[-83.6658,42.9627],[-83.66572,42.9629],[-83.66574,42.96365],[-83.66574,42.9644],[-83.66576,42.9651],[-83.66579,42.96584],[-83.66581,42.96655],[-83.66582,42.96728],[-83.66586,42.968],[-83.66589,42.96872],[-83.66591,42.96943],[-83.66593,42.97017],[-83.66594,42.97086],[-83.66594,42.97158],[-83.66597,42.9723],[-83.66597,42.97301],[-83.666,42.97382],[-83.66601,42.97452],[-83.66611,42.97622],[-83.66615,42.97739],[-83.66619,42.97744]]},"properties":{"name":"Columbine Avenue","aadt":740,"trucks_pct":null,"year":2025,"band":"<2k","length_m":1863,"program":"LR","facility_type":"2","_color":"#9ecae1","_weight":2,"_popupRows":[["Daily vehicles","740"],["Count year","2025"]]}},{"type":"Feature","geometry":{"type":"LineString","coordinates":[[-83.6926,42.96169],[-83.69199,42.9617],[-83.69148,42.9617],[-83.69118,42.9617],[-83.691,42.96171],[-83.69086,42.96174],[-83.69065,42.9618],[-83.6904,42.96185],[-83.69032,42.96187],[-83.69025,42.96189],[-83.69014,42.96191],[-83.68994,42.96191],[-83.68972,42.9619],[-83.68937,42.9619],[-83.6892,42.96192],[-83.68903,42.96197],[-83.68889,42.96205],[-83.68875,42.96217],[-83.68862,42.96229],[-83.68844,42.96242],[-83.68824,42.96255],[-83.68768,42.96283]]},"properties":{"name":"Davenport Drive","aadt":740,"trucks_pct":null,"year":2025,"band":"<2k","length_m":441,"program":"LR","facility_type":"2","_color":"#9ecae1","_weight":2,"_popupRows":[["Daily vehicles","740"],["Count year","2025"]]}},{"type":"Feature","geometry":{"type":"LineString","coordinates":[[-83.64227,42.98606],[-83.63959,42.98614],[-83.63856,42.98616]]},"properties":{"name":"McKinley Avenue","aadt":740,"trucks_pct":null,"year":2025,"band":"<2k","length_m":302,"program":"LR","facility_type":"2","_color":"#9ecae1","_weight":2,"_popupRows":[["Daily vehicles","740"],["Count year","2025"]]}},{"type":"Feature","geometry":{"type":"LineString","coordinates":[[-83.68153,42.9801],[-83.67927,42.98014],[-83.67669,42.98018],[-83.674,42.98023]]},"properties":{"name":"East Decamp Street","aadt":740,"trucks_pct":null,"year":2025,"band":"<2k","length_m":613,"program":"LR","facility_type":"2","_color":"#9ecae1","_weight":2,"_popupRows":[["Daily vehicles","740"],["Count year","2025"]]}},{"type":"Feature","geometry":{"type":"LineString","coordinates":[[-83.58072,43.00277],[-83.58071,43.00256],[-83.58071,43.00234]]},"properties":{"name":"Eagles Nest","aadt":740,"trucks_pct":null,"year":2025,"band":"<2k","length_m":48,"program":"LR","facility_type":"2","_color":"#9ecae1","_weight":2,"_popupRows":[["Daily vehicles","740"],["Count year","2025"]]}},{"type":"Feature","geometry":{"type":"LineString","coordinates":[[-83.68212,42.98155],[-83.68213,42.98213],[-83.68236,42.98606],[-83.68242,42.98779],[-83.68245,42.98887]]},"properties":{"name":"I-475","aadt":33222,"trucks_pct":5,"year":2025,"band":"20k+","length_m":815,"program":"TL","facility_type":"2","_color":"#c0392b","_weight":8,"_popupRows":[["Daily vehicles","33,222"],["Trucks","5%"],["Count year","2025"]]}},{"type":"Feature","geometry":{"type":"LineString","coordinates":[[-83.63661,42.98949],[-83.63649,42.98676]]},"properties":{"name":"Clarice Avenue","aadt":740,"trucks_pct":null,"year":2025,"band":"<2k","length_m":304,"program":"LR","facility_type":"2","_color":"#9ecae1","_weight":2,"_popupRows":[["Daily vehicles","740"],["Count year","2025"]]}},{"type":"Feature","geometry":{"type":"LineString","coordinates":[[-83.63324,42.97504],[-83.63192,42.97507],[-83.62626,42.97514],[-83.62344,42.97517],[-83.62222,42.97518],[-83.61368,42.97528],[-83.61057,42.97531],[-83.60781,42.97536],[-83.60699,42.97537],[-83.60542,42.9754],[-83.60332,42.97543],[-83.60137,42.97548],[-83.59836,42.97555],[-83.59591,42.9756],[-83.59378,42.97564]]},"properties":{"name":"E Bristol Rd","aadt":5375,"trucks_pct":3,"year":2025,"band":"5k-10k","length_m":3211,"program":"NTL","facility_type":"2","_color":"#e8c400","_weight":4,"_popupRows":[["Daily vehicles","5,375"],["Trucks","3%"],["Count year","2025"]]}},{"type":"Feature","geometry":{"type":"LineString","coordinates":[[-83.61732,43.00415],[-83.61738,43.00824],[-83.61741,43.00844],[-83.61744,43.00855],[-83.61772,43.00905],[-83.61777,43.00923],[-83.61779,43.00951],[-83.61781,43.01002],[-83.6178,43.01046]]},"properties":{"name":"Amy Street","aadt":740,"trucks_pct":null,"year":2025,"band":"<2k","length_m":707,"program":"LR","facility_type":"2","_color":"#9ecae1","_weight":2,"_popupRows":[["Daily vehicles","740"],["Count year","2025"]]}},{"type":"Feature","geometry":{"type":"LineString","coordinates":[[-83.57435,42.97587],[-83.57447,42.97958],[-83.57466,42.98425],[-83.57466,42.98502],[-83.57472,42.98674],[-83.57492,42.99037]]},"properties":{"name":"South Vassar Road","aadt":3265,"trucks_pct":null,"year":2025,"band":"2k-5k","length_m":1614,"program":"LR","facility_type":"2","_color":"#4ea735","_weight":3,"_popupRows":[["Daily vehicles","3,265"],["Count year","2025"]]}},{"type":"Feature","geometry":{"type":"LineString","coordinates":[[-83.57575,43.01911],[-83.56638,43.0193],[-83.56598,43.01929],[-83.55581,43.01953]]},"properties":{"name":"East Court Street","aadt":5099,"trucks_pct":3,"year":2025,"band":"5k-10k","length_m":1621,"program":"NTL","facility_type":"2","_color":"#e8c400","_weight":4,"_popupRows":[["Daily vehicles","5,099"],["Trucks","3%"],["Count year","2025"]]}},{"type":"Feature","geometry":{"type":"LineString","coordinates":[[-83.6451,42.98931],[-83.64521,42.99178],[-83.64512,42.99202],[-83.64504,42.99234],[-83.64496,42.99258],[-83.64494,42.99272],[-83.6449,42.99304],[-83.64485,42.99413],[-83.64488,42.99425],[-83.64493,42.99439],[-83.64501,42.99448],[-83.64514,42.99456],[-83.64533,42.99465],[-83.64553,42.99472],[-83.64565,42.99477],[-83.64577,42.99485],[-83.64598,42.99499],[-83.64642,42.99536],[-83.64663,42.99547],[-83.64675,42.99553],[-83.64702,42.99563],[-83.64736,42.99567],[-83.64798,42.99566]]},"properties":{"name":"Stonegate Drive","aadt":740,"trucks_pct":null,"year":2025,"band":"<2k","length_m":869,"program":"LR","facility_type":"2","_color":"#9ecae1","_weight":2,"_popupRows":[["Daily vehicles","740"],["Count year","2025"]]}},{"type":"Feature","geometry":{"type":"LineString","coordinates":[[-83.67715,42.9693],[-83.67586,42.96932],[-83.67207,42.96935]]},"properties":{"name":"East McLean Avenue","aadt":740,"trucks_pct":null,"year":2025,"band":"<2k","length_m":414,"program":"LR","facility_type":"2","_color":"#9ecae1","_weight":2,"_popupRows":[["Daily vehicles","740"],["Count year","2025"]]}},{"type":"Feature","geometry":{"type":"LineString","coordinates":[[-83.65966,42.97248],[-83.66042,42.97249]]},"properties":{"name":"East Bergin Avenue","aadt":740,"trucks_pct":null,"year":2025,"band":"<2k","length_m":62,"program":"LR","facility_type":"2","_color":"#9ecae1","_weight":2,"_popupRows":[["Daily vehicles","740"],["Count year","2025"]]}},{"type":"Feature","geometry":{"type":"LineString","coordinates":[[-83.59945,43.00458],[-83.59948,43.00657],[-83.59953,43.00863],[-83.59957,43.01089]]},"properties":{"name":"Potter Boulevard","aadt":740,"trucks_pct":null,"year":2025,"band":"<2k","length_m":702,"program":"LR","facility_type":"2","_color":"#9ecae1","_weight":2,"_popupRows":[["Daily vehicles","740"],["Count year","2025"]]}},{"type":"Feature","geometry":{"type":"LineString","coordinates":[[-83.58627,43.00878],[-83.58632,43.01117]]},"properties":{"name":"South Packard Avenue","aadt":740,"trucks_pct":null,"year":2025,"band":"<2k","length_m":266,"program":"LR","facility_type":"2","_color":"#9ecae1","_weight":2,"_popupRows":[["Daily vehicles","740"],["Count year","2025"]]}},{"type":"Feature","geometry":{"type":"LineString","coordinates":[[-83.62446,42.99961],[-83.62257,42.99962]]},"properties":{"name":"Haas Drive","aadt":740,"trucks_pct":null,"year":2025,"band":"<2k","length_m":154,"program":"LR","facility_type":"2","_color":"#9ecae1","_weight":2,"_popupRows":[["Daily vehicles","740"],["Count year","2025"]]}},{"type":"Feature","geometry":{"type":"LineString","coordinates":[[-83.64634,42.98121],[-83.64206,42.9813]]},"properties":{"name":"Alpena Street","aadt":740,"trucks_pct":null,"year":2025,"band":"<2k","length_m":349,"program":"LR","facility_type":"2","_color":"#9ecae1","_weight":2,"_popupRows":[["Daily vehicles","740"],["Count year","2025"]]}},{"type":"Feature","geometry":{"type":"LineString","coordinates":[[-83.59718,42.99667],[-83.59734,42.99677],[-83.59762,42.99693]]},"properties":{"name":"Pear Tree Circle","aadt":740,"trucks_pct":null,"year":2025,"band":"<2k","length_m":47,"program":"LR","facility_type":"2","_color":"#9ecae1","_weight":2,"_popupRows":[["Daily vehicles","740"],["Count year","2025"]]}},{"type":"Feature","geometry":{"type":"LineString","coordinates":[[-83.66921,42.97449],[-83.66926,42.97529],[-83.66927,42.976],[-83.66929,42.97671]]},"properties":{"name":"Barnes Avenue","aadt":740,"trucks_pct":null,"year":2025,"band":"<2k","length_m":247,"program":"LR","facility_type":"2","_color":"#9ecae1","_weight":2,"_popupRows":[["Daily vehicles","740"],["Count year","2025"]]}},{"type":"Feature","geometry":{"type":"LineString","coordinates":[[-83.58855,42.96607],[-83.58853,42.96544],[-83.58867,42.96537],[-83.58876,42.96532],[-83.58882,42.96529],[-83.58892,42.96525],[-83.59006,42.96524],[-83.59029,42.96523]]},"properties":{"name":"South Edge Way","aadt":740,"trucks_pct":null,"year":2025,"band":"<2k","length_m":220,"program":"LR","facility_type":"2","_color":"#9ecae1","_weight":2,"_popupRows":[["Daily vehicles","740"],["Count year","2025"]]}},{"type":"Feature","geometry":{"type":"LineString","coordinates":[[-83.68875,42.96217],[-83.68757,42.96148],[-83.68743,42.96141],[-83.68733,42.96137],[-83.68724,42.96136],[-83.6871,42.96135],[-83.68661,42.96135]]},"properties":{"name":"Fair Oaks Drive","aadt":740,"trucks_pct":null,"year":2025,"band":"<2k","length_m":205,"program":"LR","facility_type":"2","_color":"#9ecae1","_weight":2,"_popupRows":[["Daily vehicles","740"],["Count year","2025"]]}},{"type":"Feature","geometry":{"type":"LineString","coordinates":[[-83.66864,42.96435],[-83.66846,42.96435],[-83.66574,42.9644],[-83.66307,42.96443],[-83.66241,42.96443],[-83.66235,42.96446],[-83.6623,42.96451]]},"properties":{"name":"Savoy Avenue","aadt":740,"trucks_pct":null,"year":2025,"band":"<2k","length_m":520,"program":"LR","facility_type":"2","_color":"#9ecae1","_weight":2,"_popupRows":[["Daily vehicles","740"],["Count year","2025"]]}},{"type":"Feature","geometry":{"type":"LineString","coordinates":[[-83.6424,42.99981],[-83.64017,42.99987],[-83.63865,42.99992],[-83.6342,43.00008]]},"properties":{"name":"Farley Street","aadt":740,"trucks_pct":null,"year":2025,"band":"<2k","length_m":668,"program":"LR","facility_type":"2","_color":"#9ecae1","_weight":2,"_popupRows":[["Daily vehicles","740"],["Count year","2025"]]}},{"type":"Feature","geometry":{"type":"LineString","coordinates":[[-83.58243,43.01125],[-83.58266,43.0192]]},"properties":{"name":"Carlson Drive","aadt":740,"trucks_pct":null,"year":2025,"band":"<2k","length_m":884,"program":"LR","facility_type":"2","_color":"#9ecae1","_weight":2,"_popupRows":[["Daily vehicles","740"],["Count year","2025"]]}},{"type":"Feature","geometry":{"type":"LineString","coordinates":[[-83.57718,42.9661],[-83.57714,42.96495]]},"properties":{"name":"Pratt Avenue","aadt":740,"trucks_pct":null,"year":2025,"band":"<2k","length_m":128,"program":"LR","facility_type":"2","_color":"#9ecae1","_weight":2,"_popupRows":[["Daily vehicles","740"],["Count year","2025"]]}},{"type":"Feature","geometry":{"type":"LineString","coordinates":[[-83.60963,42.98097],[-83.60964,42.98251],[-83.6096,42.98274],[-83.60961,42.98294],[-83.60979,42.98613],[-83.60999,42.98979]]},"properties":{"name":"Connecticut Street","aadt":740,"trucks_pct":null,"year":2025,"band":"<2k","length_m":982,"program":"LR","facility_type":"2","_color":"#9ecae1","_weight":2,"_popupRows":[["Daily vehicles","740"],["Count year","2025"]]}},{"type":"Feature","geometry":{"type":"LineString","coordinates":[[-83.57948,43.00299],[-83.57929,43.00271],[-83.57925,43.00252]]},"properties":{"name":"Deer Hollow","aadt":740,"trucks_pct":null,"year":2025,"band":"<2k","length_m":56,"program":"LR","facility_type":"2","_color":"#9ecae1","_weight":2,"_popupRows":[["Daily vehicles","740"],["Count year","2025"]]}},{"type":"Feature","geometry":{"type":"LineString","coordinates":[[-83.59875,42.97213],[-83.59938,42.97229]]},"properties":{"name":"Silver Maple Lane","aadt":740,"trucks_pct":null,"year":2025,"band":"<2k","length_m":54,"program":"LR","facility_type":"2","_color":"#9ecae1","_weight":2,"_popupRows":[["Daily vehicles","740"],["Count year","2025"]]}},{"type":"Feature","geometry":{"type":"LineString","coordinates":[[-83.64535,42.96966],[-83.64507,42.96966],[-83.64259,42.96972],[-83.64245,42.96973],[-83.64232,42.96976],[-83.64221,42.96983]]},"properties":{"name":"Card Drive","aadt":3265,"trucks_pct":null,"year":2025,"band":"2k-5k","length_m":260,"program":"LR","facility_type":"2","_color":"#4ea735","_weight":3,"_popupRows":[["Daily vehicles","3,265"],["Count year","2025"]]}},{"type":"Feature","geometry":{"type":"LineString","coordinates":[[-83.58732,42.96579],[-83.58702,42.96609],[-83.58683,42.96624],[-83.58662,42.96638],[-83.5864,42.96652],[-83.5862,42.96662],[-83.586,42.96672],[-83.58592,42.96676],[-83.58567,42.96688]]},"properties":{"name":"North Pond Point","aadt":740,"trucks_pct":null,"year":2025,"band":"<2k","length_m":183,"program":"LR","facility_type":"2","_color":"#9ecae1","_weight":2,"_popupRows":[["Daily vehicles","740"],["Count year","2025"]]}},{"type":"Feature","geometry":{"type":"LineString","coordinates":[[-83.67114,42.96454],[-83.67171,42.96433],[-83.67274,42.96433],[-83.67535,42.96431],[-83.67747,42.96424],[-83.67856,42.96426],[-83.682,42.96416]]},"properties":{"name":"Proper Avenue","aadt":740,"trucks_pct":null,"year":2025,"band":"<2k","length_m":890,"program":"LR","facility_type":"2","_color":"#9ecae1","_weight":2,"_popupRows":[["Daily vehicles","740"],["Count year","2025"]]}},{"type":"Feature","geometry":{"type":"LineString","coordinates":[[-83.68506,42.97784],[-83.68508,42.9786],[-83.68511,42.97932],[-83.68514,42.98003],[-83.68519,42.98074],[-83.68521,42.9815]]},"properties":{"name":"Euston Street","aadt":740,"trucks_pct":null,"year":2025,"band":"<2k","length_m":408,"program":"LR","facility_type":"2","_color":"#9ecae1","_weight":2,"_popupRows":[["Daily vehicles","740"],["Count year","2025"]]}},{"type":"Feature","geometry":{"type":"LineString","coordinates":[[-83.59808,42.94524],[-83.59805,42.94527],[-83.59804,42.94531],[-83.59804,42.94535],[-83.59805,42.94539],[-83.59807,42.94541],[-83.5981,42.94545],[-83.59813,42.9455],[-83.59815,42.94555],[-83.59817,42.94559],[-83.59819,42.94563],[-83.59821,42.94566],[-83.59823,42.94571],[-83.59823,42.94581],[-83.59823,42.94592],[-83.59822,42.94612],[-83.59819,42.94632],[-83.59824,42.94831],[-83.59827,42.94947],[-83.59836,42.95135],[-83.59843,42.95501],[-83.59844,42.95518],[-83.59846,42.95571],[-83.59853,42.96105]]},"properties":{"name":"South Belsay Road","aadt":8219,"trucks_pct":3,"year":2025,"band":"5k-10k","length_m":1763,"program":"NTL","facility_type":"2","_color":"#e8c400","_weight":4,"_popupRows":[["Daily vehicles","8,219"],["Trucks","3%"],["Count year","2025"]]}},{"type":"Feature","geometry":{"type":"LineString","coordinates":[[-83.66572,42.9629],[-83.66321,42.96297],[-83.66301,42.96298],[-83.66243,42.963]]},"properties":{"name":"Kosta Avenue","aadt":740,"trucks_pct":null,"year":2025,"band":"<2k","length_m":268,"program":"LR","facility_type":"2","_color":"#9ecae1","_weight":2,"_popupRows":[["Daily vehicles","740"],["Count year","2025"]]}},{"type":"Feature","geometry":{"type":"LineString","coordinates":[[-83.6754,42.96501],[-83.67857,42.96494],[-83.6816,42.9649],[-83.68194,42.96469]]},"properties":{"name":"Gram Street","aadt":740,"trucks_pct":null,"year":2025,"band":"<2k","length_m":541,"program":"LR","facility_type":"2","_color":"#9ecae1","_weight":2,"_popupRows":[["Daily vehicles","740"],["Count year","2025"]]}},{"type":"Feature","geometry":{"type":"LineString","coordinates":[[-83.66093,42.97947],[-83.6609,42.97949],[-83.66086,42.97952],[-83.66085,42.97956],[-83.66084,42.97962],[-83.6609,42.98187]]},"properties":{"name":"Ogema Avenue","aadt":740,"trucks_pct":null,"year":2025,"band":"<2k","length_m":270,"program":"LR","facility_type":"2","_color":"#9ecae1","_weight":2,"_popupRows":[["Daily vehicles","740"],["Count year","2025"]]}},{"type":"Feature","geometry":{"type":"LineString","coordinates":[[-83.6719,42.96793],[-83.66908,42.96798],[-83.66586,42.968],[-83.66313,42.96802],[-83.66195,42.96804]]},"properties":{"name":"East Williamson Avenue","aadt":740,"trucks_pct":null,"year":2025,"band":"<2k","length_m":809,"program":"LR","facility_type":"2","_color":"#9ecae1","_weight":2,"_popupRows":[["Daily vehicles","740"],["Count year","2025"]]}},{"type":"Feature","geometry":{"type":"LineString","coordinates":[[-83.68765,42.9778],[-83.68506,42.97784],[-83.68274,42.9779]]},"properties":{"name":"Carman Street","aadt":740,"trucks_pct":null,"year":2025,"band":"<2k","length_m":400,"program":"LR","facility_type":"2","_color":"#9ecae1","_weight":2,"_popupRows":[["Daily vehicles","740"],["Count year","2025"]]}},{"type":"Feature","geometry":{"type":"LineString","coordinates":[[-83.59525,43.01544],[-83.59983,43.01536],[-83.60012,43.01535]]},"properties":{"name":"Raymond Avenue","aadt":740,"trucks_pct":null,"year":2025,"band":"<2k","length_m":396,"program":"LR","facility_type":"2","_color":"#9ecae1","_weight":2,"_popupRows":[["Daily vehicles","740"],["Count year","2025"]]}},{"type":"Feature","geometry":{"type":"LineString","coordinates":[[-83.60323,42.96193],[-83.60369,42.96192],[-83.60397,42.96192]]},"properties":{"name":"Walnut Drive","aadt":740,"trucks_pct":null,"year":2025,"band":"<2k","length_m":60,"program":"LR","facility_type":"2","_color":"#9ecae1","_weight":2,"_popupRows":[["Daily vehicles","740"],["Count year","2025"]]}},{"type":"Feature","geometry":{"type":"LineString","coordinates":[[-83.62157,42.98966],[-83.6216,42.99088],[-83.62164,42.99198],[-83.62168,42.99304],[-83.62176,42.9946]]},"properties":{"name":"Meadowcroft Drive","aadt":740,"trucks_pct":null,"year":2025,"band":"<2k","length_m":549,"program":"LR","facility_type":"2","_color":"#9ecae1","_weight":2,"_popupRows":[["Daily vehicles","740"],["Count year","2025"]]}},{"type":"Feature","geometry":{"type":"LineString","coordinates":[[-83.5949,43.00168],[-83.59476,43.00168],[-83.59252,43.0017],[-83.58623,43.00172],[-83.58599,43.00172],[-83.58585,43.00173],[-83.5858,43.00175],[-83.58576,43.00182]]},"properties":{"name":"Crabtree Lane","aadt":740,"trucks_pct":null,"year":2025,"band":"<2k","length_m":748,"program":"LR","facility_type":"2","_color":"#9ecae1","_weight":2,"_popupRows":[["Daily vehicles","740"],["Count year","2025"]]}},{"type":"Feature","geometry":{"type":"LineString","coordinates":[[-83.59727,42.97139],[-83.59765,42.97122]]},"properties":{"name":"Local road segment","aadt":740,"trucks_pct":null,"year":2025,"band":"<2k","length_m":36,"program":"LR","facility_type":"2","_color":"#9ecae1","_weight":2,"_popupRows":[["Daily vehicles","740"],["Count year","2025"]]}},{"type":"Feature","geometry":{"type":"LineString","coordinates":[[-83.63573,42.98953],[-83.6358,42.99055],[-83.63585,42.9917],[-83.63587,42.99254],[-83.63577,42.99278],[-83.6356,42.99291],[-83.63539,42.99303],[-83.63519,42.99308],[-83.63502,42.9931],[-83.63483,42.99311],[-83.63388,42.99298]]},"properties":{"name":"Clarice Avenue","aadt":740,"trucks_pct":null,"year":2025,"band":"<2k","length_m":530,"program":"LR","facility_type":"2","_color":"#9ecae1","_weight":2,"_popupRows":[["Daily vehicles","740"],["Count year","2025"]]}},{"type":"Feature","geometry":{"type":"LineString","coordinates":[[-83.6776,42.96148],[-83.67818,42.96146],[-83.67826,42.96148],[-83.67834,42.96152],[-83.67842,42.96157],[-83.67846,42.96161],[-83.6785,42.96206],[-83.67852,42.96279],[-83.67854,42.96351],[-83.67856,42.96426],[-83.67857,42.96494],[-83.67859,42.96566],[-83.67861,42.96626],[-83.67859,42.96639]]},"properties":{"name":"Greenly Street","aadt":740,"trucks_pct":null,"year":2025,"band":"<2k","length_m":607,"program":"LR","facility_type":"2","_color":"#9ecae1","_weight":2,"_popupRows":[["Daily vehicles","740"],["Count year","2025"]]}},{"type":"Feature","geometry":{"type":"LineString","coordinates":[[-83.6785,42.96206],[-83.67832,42.96206],[-83.67529,42.9621],[-83.67267,42.96214],[-83.67046,42.96219],[-83.67016,42.96225],[-83.66999,42.96231],[-83.66979,42.96238]]},"properties":{"name":"Friel Street","aadt":740,"trucks_pct":null,"year":2025,"band":"<2k","length_m":714,"program":"LR","facility_type":"2","_color":"#9ecae1","_weight":2,"_popupRows":[["Daily vehicles","740"],["Count year","2025"]]}},{"type":"Feature","geometry":{"type":"LineString","coordinates":[[-83.57512,42.99829],[-83.57163,42.9983]]},"properties":{"name":"Donelson Trail","aadt":818,"trucks_pct":null,"year":2025,"band":"<2k","length_m":284,"program":"LR","facility_type":"2","_color":"#9ecae1","_weight":2,"_popupRows":[["Daily vehicles","818"],["Count year","2025"]]}},{"type":"Feature","geometry":{"type":"LineString","coordinates":[[-83.59335,42.96116],[-83.59336,42.9613],[-83.59338,42.96233],[-83.59349,42.96602],[-83.59356,42.96839],[-83.59359,42.96932],[-83.59366,42.97146],[-83.59367,42.97187],[-83.59369,42.97279],[-83.59378,42.97564]]},"properties":{"name":"S Belsay Rd","aadt":6035,"trucks_pct":3,"year":2025,"band":"5k-10k","length_m":1611,"program":"NTL","facility_type":"2","_color":"#e8c400","_weight":4,"_popupRows":[["Daily vehicles","6,035"],["Trucks","3%"],["Count year","2025"]]}},{"type":"Feature","geometry":{"type":"LineString","coordinates":[[-83.6929,42.98122],[-83.69242,42.9812],[-83.69215,42.98121],[-83.69175,42.98126],[-83.69145,42.98133],[-83.69123,42.98136],[-83.6906,42.98141],[-83.68886,42.98142],[-83.68786,42.98146],[-83.68521,42.9815],[-83.68292,42.98154],[-83.68232,42.98154],[-83.68212,42.98155],[-83.68159,42.98156],[-83.68033,42.98159],[-83.67932,42.98161],[-83.67674,42.98163],[-83.67434,42.98169]]},"properties":{"name":"W Hemphill Rd","aadt":7755,"trucks_pct":2,"year":2025,"band":"5k-10k","length_m":1513,"program":"NTL","facility_type":"2","_color":"#e8c400","_weight":4,"_popupRows":[["Daily vehicles","7,755"],["Trucks","2%"],["Count year","2025"]]}},{"type":"Feature","geometry":{"type":"LineString","coordinates":[[-83.68666,42.96705],[-83.69262,42.96692],[-83.69273,42.96686]]},"properties":{"name":"East Judd Road","aadt":740,"trucks_pct":null,"year":2025,"band":"<2k","length_m":497,"program":"LR","facility_type":"2","_color":"#9ecae1","_weight":2,"_popupRows":[["Daily vehicles","740"],["Count year","2025"]]}},{"type":"Feature","geometry":{"type":"LineString","coordinates":[[-83.58701,43.02822],[-83.58699,43.02829],[-83.58704,43.0301],[-83.58712,43.03334]]},"properties":{"name":"North Packard Avenue","aadt":740,"trucks_pct":null,"year":2025,"band":"<2k","length_m":569,"program":"LR","facility_type":"2","_color":"#9ecae1","_weight":2,"_popupRows":[["Daily vehicles","740"],["Count year","2025"]]}},{"type":"Feature","geometry":{"type":"LineString","coordinates":[[-83.60249,42.9832],[-83.60253,42.98323],[-83.60254,42.98327],[-83.60255,42.98333],[-83.60263,42.98463],[-83.60275,42.98679],[-83.60274,42.98693],[-83.6027,42.98704],[-83.6026,42.98713],[-83.60247,42.98722],[-83.60232,42.9873],[-83.60221,42.98737],[-83.60211,42.98744],[-83.60197,42.98754],[-83.60186,42.98765],[-83.60176,42.98778],[-83.60127,42.98833],[-83.60106,42.98862],[-83.60102,42.98872],[-83.601,42.9888],[-83.601,42.98886],[-83.601,42.98895],[-83.601,42.98904],[-83.60102,42.98927],[-83.60102,42.98931],[-83.60103,42.98935],[-83.60105,42.98942],[-83.60113,42.98967],[-83.60115,42.98973],[-83.60116,42.98977],[-83.60116,42.98981],[-83.60116,42.98998]]},"properties":{"name":"Wild Orchid Lane","aadt":740,"trucks_pct":null,"year":2025,"band":"<2k","length_m":804,"program":"LR","facility_type":"2","_color":"#9ecae1","_weight":2,"_popupRows":[["Daily vehicles","740"],["Count year","2025"]]}},{"type":"Feature","geometry":{"type":"LineString","coordinates":[[-83.67207,42.96935],[-83.66911,42.96939],[-83.66591,42.96943],[-83.66317,42.96946],[-83.66212,42.96948]]},"properties":{"name":"East McLean Avenue","aadt":740,"trucks_pct":null,"year":2025,"band":"<2k","length_m":810,"program":"LR","facility_type":"2","_color":"#9ecae1","_weight":2,"_popupRows":[["Daily vehicles","740"],["Count year","2025"]]}},{"type":"Feature","geometry":{"type":"LineString","coordinates":[[-83.64226,42.98936],[-83.64226,42.99087],[-83.64227,42.99392],[-83.64227,42.99407],[-83.64229,42.99656],[-83.6423,42.99708],[-83.64239,42.99925],[-83.6424,42.99981],[-83.6426,43.00395]]},"properties":{"name":"South Term Street","aadt":3265,"trucks_pct":null,"year":2025,"band":"2k-5k","length_m":1623,"program":"LR","facility_type":"2","_color":"#4ea735","_weight":3,"_popupRows":[["Daily vehicles","3,265"],["Count year","2025"]]}},{"type":"Feature","geometry":{"type":"LineString","coordinates":[[-83.58576,43.00182],[-83.58583,43.00291],[-83.58582,43.00336],[-83.58587,43.004],[-83.58594,43.00402]]},"properties":{"name":"Woodland Pass","aadt":740,"trucks_pct":null,"year":2025,"band":"<2k","length_m":249,"program":"LR","facility_type":"2","_color":"#9ecae1","_weight":2,"_popupRows":[["Daily vehicles","740"],["Count year","2025"]]}},{"type":"Feature","geometry":{"type":"LineString","coordinates":[[-83.58164,43.00279],[-83.58163,43.003],[-83.58175,43.00332],[-83.58182,43.00352]]},"properties":{"name":"Pine Grove Street","aadt":740,"trucks_pct":null,"year":2025,"band":"<2k","length_m":83,"program":"LR","facility_type":"2","_color":"#9ecae1","_weight":2,"_popupRows":[["Daily vehicles","740"],["Count year","2025"]]}},{"type":"Feature","geometry":{"type":"LineString","coordinates":[[-83.65538,42.97938],[-83.65551,42.98193]]},"properties":{"name":"Cheyenne Avenue","aadt":740,"trucks_pct":null,"year":2025,"band":"<2k","length_m":284,"program":"LR","facility_type":"2","_color":"#9ecae1","_weight":2,"_popupRows":[["Daily vehicles","740"],["Count year","2025"]]}},{"type":"Feature","geometry":{"type":"LineString","coordinates":[[-83.59181,42.96236],[-83.59186,42.96425]]},"properties":{"name":"West Edge Way","aadt":740,"trucks_pct":null,"year":2025,"band":"<2k","length_m":210,"program":"LR","facility_type":"2","_color":"#9ecae1","_weight":2,"_popupRows":[["Daily vehicles","740"],["Count year","2025"]]}},{"type":"Feature","geometry":{"type":"LineString","coordinates":[[-83.66191,42.98032],[-83.66187,42.98184]]},"properties":{"name":"Glengary Road","aadt":740,"trucks_pct":null,"year":2025,"band":"<2k","length_m":169,"program":"LR","facility_type":"2","_color":"#9ecae1","_weight":2,"_popupRows":[["Daily vehicles","740"],["Count year","2025"]]}},{"type":"Feature","geometry":{"type":"LineString","coordinates":[[-83.67732,42.96787],[-83.67571,42.96789],[-83.6719,42.96793]]},"properties":{"name":"East Williamson Avenue","aadt":740,"trucks_pct":null,"year":2025,"band":"<2k","length_m":442,"program":"LR","facility_type":"2","_color":"#9ecae1","_weight":2,"_popupRows":[["Daily vehicles","740"],["Count year","2025"]]}},{"type":"Feature","geometry":{"type":"LineString","coordinates":[[-83.64221,42.96983],[-83.64221,42.97252],[-83.6422,42.97491]]},"properties":{"name":"Flint Asphalt Drive","aadt":3265,"trucks_pct":null,"year":2025,"band":"2k-5k","length_m":565,"program":"LR","facility_type":"2","_color":"#4ea735","_weight":3,"_popupRows":[["Daily vehicles","3,265"],["Count year","2025"]]}},{"type":"Feature","geometry":{"type":"LineString","coordinates":[[-83.5785,42.99033],[-83.57845,42.9872],[-83.5785,42.98635]]},"properties":{"name":"Eugene Street","aadt":740,"trucks_pct":null,"year":2025,"band":"<2k","length_m":443,"program":"LR","facility_type":"2","_color":"#9ecae1","_weight":2,"_popupRows":[["Daily vehicles","740"],["Count year","2025"]]}},{"type":"Feature","geometry":{"type":"LineString","coordinates":[[-83.61918,42.98968],[-83.6192,42.99089]]},"properties":{"name":"Windywood Drive","aadt":740,"trucks_pct":null,"year":2025,"band":"<2k","length_m":135,"program":"LR","facility_type":"2","_color":"#9ecae1","_weight":2,"_popupRows":[["Daily vehicles","740"],["Count year","2025"]]}},{"type":"Feature","geometry":{"type":"LineString","coordinates":[[-83.67164,42.96577],[-83.66902,42.96581],[-83.66579,42.96584],[-83.66308,42.96588],[-83.66254,42.96589]]},"properties":{"name":"Brady Avenue","aadt":740,"trucks_pct":null,"year":2025,"band":"<2k","length_m":741,"program":"LR","facility_type":"2","_color":"#9ecae1","_weight":2,"_popupRows":[["Daily vehicles","740"],["Count year","2025"]]}},{"type":"Feature","geometry":{"type":"LineString","coordinates":[[-83.59537,43.0205],[-83.59518,43.02081],[-83.59506,43.02098],[-83.59481,43.02117],[-83.59456,43.02126],[-83.59434,43.0213],[-83.59416,43.02129],[-83.59387,43.02124],[-83.59367,43.02117],[-83.59345,43.02102],[-83.59331,43.02085],[-83.59326,43.02066],[-83.59326,43.02047],[-83.59335,43.02026],[-83.59348,43.02011],[-83.59364,43.01999],[-83.59394,43.01984],[-83.59418,43.01977]]},"properties":{"name":"Belsay / I-69 ramp","aadt":2206,"trucks_pct":0,"year":2025,"band":"2k-5k","length_m":389,"program":"RMP","facility_type":"4","_color":"#4ea735","_weight":3,"_popupRows":[["Daily vehicles","2,206"],["Trucks","0%"],["Count year","2025"]]}},{"type":"Feature","geometry":{"type":"LineString","coordinates":[[-83.67265,42.97444],[-83.66921,42.97449],[-83.66601,42.97452],[-83.66504,42.97457],[-83.66331,42.97458],[-83.66135,42.9746],[-83.6597,42.97464],[-83.65717,42.97468],[-83.65292,42.97472],[-83.64812,42.97482],[-83.64544,42.97486],[-83.6422,42.97491],[-83.64047,42.97494],[-83.63553,42.97503],[-83.63324,42.97504]]},"properties":{"name":"E Bristol Rd","aadt":12341,"trucks_pct":7,"year":2025,"band":"10k-20k","length_m":3207,"program":"NTL","facility_type":"2","_color":"#e08a00","_weight":6,"_popupRows":[["Daily vehicles","12,341"],["Trucks","7%"],["Count year","2025"]]}},{"type":"Feature","geometry":{"type":"LineString","coordinates":[[-83.59513,43.01098],[-83.59525,43.01544],[-83.59527,43.01726],[-83.59531,43.01771],[-83.59534,43.01854],[-83.59535,43.01944]]},"properties":{"name":"S Belsay Rd","aadt":12145,"trucks_pct":3,"year":2025,"band":"10k-20k","length_m":941,"program":"NTL","facility_type":"2","_color":"#e08a00","_weight":6,"_popupRows":[["Daily vehicles","12,145"],["Trucks","3%"],["Count year","2025"]]}},{"type":"Feature","geometry":{"type":"LineString","coordinates":[[-83.64025,43.02956],[-83.63776,43.02958],[-83.63521,43.02961]]},"properties":{"name":"Palmer Avenue","aadt":740,"trucks_pct":null,"year":2025,"band":"<2k","length_m":409,"program":"LR","facility_type":"2","_color":"#9ecae1","_weight":2,"_popupRows":[["Daily vehicles","740"],["Count year","2025"]]}},{"type":"Feature","geometry":{"type":"LineString","coordinates":[[-83.63376,42.98955],[-83.62918,42.9896],[-83.62406,42.98966],[-83.62157,42.98966],[-83.61918,42.98968],[-83.61433,42.9897]]},"properties":{"name":"E Atherton Rd","aadt":8736,"trucks_pct":3,"year":2025,"band":"5k-10k","length_m":1580,"program":"NTL","facility_type":"2","_color":"#e8c400","_weight":4,"_popupRows":[["Daily vehicles","8,736"],["Trucks","3%"],["Count year","2025"]]}},{"type":"Feature","geometry":{"type":"LineString","coordinates":[[-83.63324,42.97504],[-83.63327,42.97639],[-83.63335,42.98006],[-83.63336,42.98141],[-83.63339,42.98229],[-83.6335,42.98454],[-83.63357,42.98602],[-83.63376,42.98955]]},"properties":{"name":"S Center Rd","aadt":13057,"trucks_pct":2,"year":2025,"band":"10k-20k","length_m":1615,"program":"NTL","facility_type":"2","_color":"#e08a00","_weight":6,"_popupRows":[["Daily vehicles","13,057"],["Trucks","2%"],["Count year","2025"]]}},{"type":"Feature","geometry":{"type":"LineString","coordinates":[[-83.66655,42.96149],[-83.66299,42.96154],[-83.66178,42.96159]]},"properties":{"name":"McLaren Street","aadt":740,"trucks_pct":null,"year":2025,"band":"<2k","length_m":388,"program":"LR","facility_type":"2","_color":"#9ecae1","_weight":2,"_popupRows":[["Daily vehicles","740"],["Count year","2025"]]}},{"type":"Feature","geometry":{"type":"LineString","coordinates":[[-83.65465,43.01844],[-83.65428,43.01845],[-83.65345,43.01847],[-83.65267,43.01847],[-83.6517,43.01848],[-83.64976,43.01849],[-83.64529,43.01854],[-83.64451,43.01854],[-83.64256,43.01857],[-83.63979,43.01863],[-83.63943,43.01864],[-83.63717,43.01868],[-83.63484,43.01874],[-83.62985,43.01871],[-83.62923,43.01872],[-83.62528,43.01871],[-83.62498,43.01871],[-83.62491,43.01871],[-83.62412,43.0187],[-83.61864,43.01867],[-83.61692,43.01868],[-83.61508,43.01872]]},"properties":{"name":"W Court St","aadt":10549,"trucks_pct":1,"year":2025,"band":"10k-20k","length_m":3218,"program":"NTL","facility_type":"2","_color":"#e08a00","_weight":6,"_popupRows":[["Daily vehicles","10,549"],["Trucks","1%"],["Count year","2025"]]}},{"type":"Feature","geometry":{"type":"LineString","coordinates":[[-83.63464,43.01011],[-83.63466,43.01154],[-83.63468,43.01227],[-83.63468,43.01239],[-83.6347,43.01326],[-83.63473,43.01381],[-83.63473,43.01405],[-83.63473,43.01458],[-83.63475,43.01512],[-83.63477,43.01562],[-83.63479,43.01619],[-83.63484,43.01874]]},"properties":{"name":"S Center Rd","aadt":20838,"trucks_pct":3,"year":2025,"band":"20k+","length_m":960,"program":"NTL","facility_type":"2","_color":"#c0392b","_weight":8,"_popupRows":[["Daily vehicles","20,838"],["Trucks","3%"],["Count year","2025"]]}},{"type":"Feature","geometry":{"type":"LineString","coordinates":[[-83.63886,42.98778],[-83.63978,42.98774],[-83.64217,42.98768]]},"properties":{"name":"Burroughs Avenue","aadt":740,"trucks_pct":null,"year":2025,"band":"<2k","length_m":270,"program":"LR","facility_type":"2","_color":"#9ecae1","_weight":2,"_popupRows":[["Daily vehicles","740"],["Count year","2025"]]}},{"type":"Feature","geometry":{"type":"LineString","coordinates":[[-83.61864,43.01867],[-83.61866,43.02097]]},"properties":{"name":"Pawnee Drive","aadt":740,"trucks_pct":null,"year":2025,"band":"<2k","length_m":255,"program":"LR","facility_type":"2","_color":"#9ecae1","_weight":2,"_popupRows":[["Daily vehicles","740"],["Count year","2025"]]}},{"type":"Feature","geometry":{"type":"LineString","coordinates":[[-83.61092,42.98164],[-83.61102,42.98174],[-83.61103,42.98179],[-83.61105,42.98184],[-83.61106,42.98191],[-83.61106,42.98209],[-83.61108,42.9824],[-83.61108,42.98244],[-83.61111,42.98247],[-83.61114,42.9825]]},"properties":{"name":"Coin Street","aadt":740,"trucks_pct":null,"year":2025,"band":"<2k","length_m":100,"program":"LR","facility_type":"2","_color":"#9ecae1","_weight":2,"_popupRows":[["Daily vehicles","740"],["Count year","2025"]]}},{"type":"Feature","geometry":{"type":"LineString","coordinates":[[-83.68766,42.9638],[-83.68842,42.96379],[-83.6887,42.96379]]},"properties":{"name":"Lawnwood Court","aadt":740,"trucks_pct":null,"year":2025,"band":"<2k","length_m":85,"program":"LR","facility_type":"2","_color":"#9ecae1","_weight":2,"_popupRows":[["Daily vehicles","740"],["Count year","2025"]]}},{"type":"Feature","geometry":{"type":"LineString","coordinates":[[-83.601,42.98904],[-83.60079,42.98904],[-83.60047,42.98904]]},"properties":{"name":"Wild Orchid Court","aadt":740,"trucks_pct":null,"year":2025,"band":"<2k","length_m":43,"program":"LR","facility_type":"2","_color":"#9ecae1","_weight":2,"_popupRows":[["Daily vehicles","740"],["Count year","2025"]]}},{"type":"Feature","geometry":{"type":"LineString","coordinates":[[-83.67276,42.95759],[-83.67291,42.95773],[-83.67298,42.95781],[-83.67301,42.95787],[-83.67304,42.95794],[-83.67307,42.95803],[-83.67319,42.95991]]},"properties":{"name":"Spring Well Lane","aadt":818,"trucks_pct":null,"year":2025,"band":"<2k","length_m":266,"program":"LR","facility_type":"2","_color":"#9ecae1","_weight":2,"_popupRows":[["Daily vehicles","818"],["Count year","2025"]]}},{"type":"Feature","geometry":{"type":"LineString","coordinates":[[-83.58937,43.00533],[-83.58933,43.0053],[-83.58921,43.00529],[-83.58813,43.00532],[-83.5868,43.00537],[-83.5855,43.00538],[-83.58428,43.00538],[-83.58425,43.0054],[-83.5842,43.00543],[-83.58418,43.00547]]},"properties":{"name":"Elro Street","aadt":740,"trucks_pct":null,"year":2025,"band":"<2k","length_m":430,"program":"LR","facility_type":"2","_color":"#9ecae1","_weight":2,"_popupRows":[["Daily vehicles","740"],["Count year","2025"]]}},{"type":"Feature","geometry":{"type":"LineString","coordinates":[[-83.59535,43.01944],[-83.59536,43.01977],[-83.59537,43.0205],[-83.5954,43.02151],[-83.59541,43.02176],[-83.59541,43.02201],[-83.5954,43.02246],[-83.59543,43.02313],[-83.59547,43.02495],[-83.5955,43.02635],[-83.59558,43.03],[-83.59571,43.03365]]},"properties":{"name":"S Belsay Rd","aadt":16153,"trucks_pct":2,"year":2025,"band":"10k-20k","length_m":1580,"program":"NTL","facility_type":"2","_color":"#e08a00","_weight":6,"_popupRows":[["Daily vehicles","16,153"],["Trucks","2%"],["Count year","2025"]]}},{"type":"Feature","geometry":{"type":"LineString","coordinates":[[-83.62418,43.02069],[-83.62267,43.02071],[-83.62069,43.02067],[-83.62053,43.02068],[-83.62042,43.02075],[-83.62036,43.02086],[-83.62032,43.02117],[-83.62015,43.02146]]},"properties":{"name":"Apache Drive","aadt":740,"trucks_pct":null,"year":2025,"band":"<2k","length_m":391,"program":"LR","facility_type":"2","_color":"#9ecae1","_weight":2,"_popupRows":[["Daily vehicles","740"],["Count year","2025"]]}},{"type":"Feature","geometry":{"type":"LineString","coordinates":[[-83.65266,42.94647],[-83.65321,42.94696],[-83.6553,42.94894],[-83.65671,42.95029],[-83.65801,42.9515],[-83.6591,42.95254],[-83.66095,42.95428],[-83.66215,42.95537],[-83.66295,42.95608],[-83.66378,42.95684],[-83.66461,42.95755],[-83.66556,42.95838],[-83.66629,42.95905],[-83.66744,42.96003]]},"properties":{"name":"South Saginaw Road","aadt":12707,"trucks_pct":3,"year":2025,"band":"10k-20k","length_m":1929,"program":"NTL","facility_type":"2","_color":"#e08a00","_weight":6,"_popupRows":[["Daily vehicles","12,707"],["Trucks","3%"],["Count year","2025"]]}},{"type":"Feature","geometry":{"type":"LineString","coordinates":[[-83.69279,42.97607],[-83.69174,42.97592],[-83.6911,42.97587],[-83.69071,42.97583],[-83.69017,42.97583],[-83.68963,42.97585],[-83.6892,42.97587],[-83.68879,42.97591],[-83.68822,42.97597],[-83.68783,42.97601],[-83.68759,42.97606]]},"properties":{"name":"East Mandeville Street","aadt":740,"trucks_pct":null,"year":2025,"band":"<2k","length_m":428,"program":"LR","facility_type":"2","_color":"#9ecae1","_weight":2,"_popupRows":[["Daily vehicles","740"],["Count year","2025"]]}},{"type":"Feature","geometry":{"type":"LineString","coordinates":[[-83.67634,42.97218],[-83.67638,42.97229],[-83.67648,42.97239],[-83.67655,42.97247],[-83.67656,42.97259],[-83.67656,42.97276],[-83.67662,42.97285],[-83.67668,42.97289]]},"properties":{"name":"Morrison Street","aadt":740,"trucks_pct":null,"year":2025,"band":"<2k","length_m":87,"program":"LR","facility_type":"2","_color":"#9ecae1","_weight":2,"_popupRows":[["Daily vehicles","740"],["Count year","2025"]]}},{"type":"Feature","geometry":{"type":"LineString","coordinates":[[-83.63376,42.98955],[-83.63383,42.99202],[-83.63388,42.99298],[-83.63395,42.99452],[-83.63398,42.996],[-83.63409,42.9981],[-83.6342,43.00008],[-83.63442,43.00319],[-83.6345,43.00418],[-83.63449,43.00495],[-83.63457,43.00688],[-83.63461,43.00786],[-83.63464,43.01011]]},"properties":{"name":"S Center Rd","aadt":20913,"trucks_pct":2,"year":2025,"band":"20k+","length_m":2288,"program":"NTL","facility_type":"2","_color":"#c0392b","_weight":8,"_popupRows":[["Daily vehicles","20,913"],["Trucks","2%"],["Count year","2025"]]}},{"type":"Feature","geometry":{"type":"LineString","coordinates":[[-83.60323,42.96193],[-83.6023,42.96193],[-83.60201,42.96193]]},"properties":{"name":"Magnolia Drive","aadt":740,"trucks_pct":null,"year":2025,"band":"<2k","length_m":99,"program":"LR","facility_type":"2","_color":"#9ecae1","_weight":2,"_popupRows":[["Daily vehicles","740"],["Count year","2025"]]}},{"type":"Feature","geometry":{"type":"LineString","coordinates":[[-83.65266,42.94647],[-83.65265,42.94764],[-83.65269,42.94831],[-83.6527,42.94842],[-83.65275,42.949],[-83.65275,42.9493],[-83.65275,42.94951],[-83.65276,42.94969],[-83.65279,42.95038],[-83.65282,42.95106],[-83.65287,42.95185],[-83.65316,42.95512],[-83.65312,42.95571],[-83.65284,42.9577],[-83.65244,42.96026]]},"properties":{"name":"South Dort Highway","aadt":9810,"trucks_pct":6,"year":2025,"band":"5k-10k","length_m":1538,"program":"TL","facility_type":"2","_color":"#e8c400","_weight":4,"_popupRows":[["Daily vehicles","9,810"],["Trucks","6%"],["Count year","2025"]]}},{"type":"Feature","geometry":{"type":"LineString","coordinates":[[-83.59252,43.0017],[-83.59255,43.00286],[-83.59256,43.00401]]},"properties":{"name":"Valley Forge Street","aadt":740,"trucks_pct":null,"year":2025,"band":"<2k","length_m":257,"program":"LR","facility_type":"2","_color":"#9ecae1","_weight":2,"_popupRows":[["Daily vehicles","740"],["Count year","2025"]]}},{"type":"Feature","geometry":{"type":"LineString","coordinates":[[-83.61971,43.00416],[-83.61979,43.00724],[-83.61981,43.00868],[-83.61986,43.01043],[-83.61992,43.01125],[-83.61991,43.01136],[-83.61981,43.01161]]},"properties":{"name":"Munson Street","aadt":740,"trucks_pct":null,"year":2025,"band":"<2k","length_m":830,"program":"LR","facility_type":"2","_color":"#9ecae1","_weight":2,"_popupRows":[["Daily vehicles","740"],["Count year","2025"]]}},{"type":"Feature","geometry":{"type":"LineString","coordinates":[[-83.68135,42.97579],[-83.68124,42.97579],[-83.67904,42.97583],[-83.67647,42.97589],[-83.67298,42.97596]]},"properties":{"name":"Kenneth Street","aadt":740,"trucks_pct":null,"year":2025,"band":"<2k","length_m":681,"program":"LR","facility_type":"2","_color":"#9ecae1","_weight":2,"_popupRows":[["Daily vehicles","740"],["Count year","2025"]]}},{"type":"Feature","geometry":{"type":"LineString","coordinates":[[-83.63913,42.98858],[-83.63944,42.98856],[-83.64215,42.9885],[-83.64221,42.98851]]},"properties":{"name":"Buckingham Avenue","aadt":740,"trucks_pct":null,"year":2025,"band":"<2k","length_m":251,"program":"LR","facility_type":"2","_color":"#9ecae1","_weight":2,"_popupRows":[["Daily vehicles","740"],["Count year","2025"]]}},{"type":"Feature","geometry":{"type":"LineString","coordinates":[[-83.67179,42.9672],[-83.66907,42.96725],[-83.66582,42.96728],[-83.66311,42.96733],[-83.65938,42.96736],[-83.65618,42.96742],[-83.65266,42.96747]]},"properties":{"name":"E Judd Rd","aadt":1262,"trucks_pct":3,"year":2025,"band":"<2k","length_m":1557,"program":"NTL","facility_type":"2","_color":"#9ecae1","_weight":2,"_popupRows":[["Daily vehicles","1,262"],["Trucks","3%"],["Count year","2025"]]}},{"type":"Feature","geometry":{"type":"LineString","coordinates":[[-83.61594,42.9957],[-83.61596,42.9964],[-83.61598,42.99645],[-83.61601,42.99648],[-83.61606,42.9965],[-83.61614,42.99652],[-83.61763,42.99649],[-83.61795,42.99648]]},"properties":{"name":"Meadowlane Court","aadt":740,"trucks_pct":null,"year":2025,"band":"<2k","length_m":247,"program":"LR","facility_type":"2","_color":"#9ecae1","_weight":2,"_popupRows":[["Daily vehicles","740"],["Count year","2025"]]}},{"type":"Feature","geometry":{"type":"LineString","coordinates":[[-83.59223,43.02818],[-83.59227,43.02825],[-83.59232,43.03003],[-83.59235,43.03317],[-83.59257,43.03331],[-83.59263,43.0334],[-83.59263,43.03351],[-83.59263,43.03364]]},"properties":{"name":"Lyle Street","aadt":740,"trucks_pct":null,"year":2025,"band":"<2k","length_m":617,"program":"LR","facility_type":"2","_color":"#9ecae1","_weight":2,"_popupRows":[["Daily vehicles","740"],["Count year","2025"]]}},{"type":"Feature","geometry":{"type":"LineString","coordinates":[[-83.60908,43.00812],[-83.60501,43.00816]]},"properties":{"name":"Otsego Street","aadt":740,"trucks_pct":null,"year":2025,"band":"<2k","length_m":331,"program":"LR","facility_type":"2","_color":"#9ecae1","_weight":2,"_popupRows":[["Daily vehicles","740"],["Count year","2025"]]}},{"type":"Feature","geometry":{"type":"LineString","coordinates":[[-83.66609,42.96222],[-83.66318,42.96225],[-83.663,42.96226],[-83.66237,42.96229]]},"properties":{"name":"Dudley Street","aadt":740,"trucks_pct":null,"year":2025,"band":"<2k","length_m":303,"program":"LR","facility_type":"2","_color":"#9ecae1","_weight":2,"_popupRows":[["Daily vehicles","740"],["Count year","2025"]]}},{"type":"Feature","geometry":{"type":"LineString","coordinates":[[-83.57391,42.96616],[-83.57718,42.9661],[-83.58227,42.96602]]},"properties":{"name":"Wagner Avenue","aadt":740,"trucks_pct":null,"year":2025,"band":"<2k","length_m":680,"program":"LR","facility_type":"2","_color":"#9ecae1","_weight":2,"_popupRows":[["Daily vehicles","740"],["Count year","2025"]]}},{"type":"Feature","geometry":{"type":"LineString","coordinates":[[-83.60136,42.98316],[-83.60155,42.9864],[-83.60153,42.98652],[-83.60149,42.98662],[-83.60143,42.9867],[-83.60133,42.9868],[-83.60121,42.98687],[-83.60108,42.98692],[-83.60094,42.98695],[-83.60078,42.98696],[-83.6004,42.98696]]},"properties":{"name":"Daisy Way","aadt":740,"trucks_pct":null,"year":2025,"band":"<2k","length_m":491,"program":"LR","facility_type":"2","_color":"#9ecae1","_weight":2,"_popupRows":[["Daily vehicles","740"],["Count year","2025"]]}},{"type":"Feature","geometry":{"type":"LineString","coordinates":[[-83.58417,43.00242],[-83.58436,43.00269],[-83.58427,43.00289]]},"properties":{"name":"Cranes Cove","aadt":740,"trucks_pct":null,"year":2025,"band":"<2k","length_m":57,"program":"LR","facility_type":"2","_color":"#9ecae1","_weight":2,"_popupRows":[["Daily vehicles","740"],["Count year","2025"]]}},{"type":"Feature","geometry":{"type":"LineString","coordinates":[[-83.57522,43.00587],[-83.57434,43.00587],[-83.574,43.00587],[-83.57392,43.00587],[-83.57294,43.00633],[-83.57284,43.00637],[-83.57278,43.00643],[-83.57274,43.00648],[-83.57275,43.00744],[-83.57276,43.00839],[-83.57283,43.00845],[-83.57291,43.00852],[-83.57305,43.00859],[-83.5738,43.00893],[-83.57395,43.00903],[-83.57408,43.00906],[-83.57421,43.00905],[-83.57532,43.00903]]},"properties":{"name":"Blankenship Circle","aadt":818,"trucks_pct":null,"year":2025,"band":"<2k","length_m":669,"program":"LR","facility_type":"2","_color":"#9ecae1","_weight":2,"_popupRows":[["Daily vehicles","818"],["Count year","2025"]]}},{"type":"Feature","geometry":{"type":"LineString","coordinates":[[-83.67198,42.96865],[-83.66911,42.96868],[-83.66589,42.96872],[-83.66316,42.96875],[-83.66208,42.96877]]},"properties":{"name":"East Schumacher Avenue","aadt":740,"trucks_pct":null,"year":2025,"band":"<2k","length_m":805,"program":"LR","facility_type":"2","_color":"#9ecae1","_weight":2,"_popupRows":[["Daily vehicles","740"],["Count year","2025"]]}},{"type":"Feature","geometry":{"type":"LineString","coordinates":[[-83.62222,42.97518],[-83.62245,42.98102],[-83.62248,42.98156],[-83.62248,42.98156]]},"properties":{"name":"Ellis Park Drive","aadt":740,"trucks_pct":null,"year":2025,"band":"<2k","length_m":710,"program":"LR","facility_type":"2","_color":"#9ecae1","_weight":2,"_popupRows":[["Daily vehicles","740"],["Count year","2025"]]}},{"type":"Feature","geometry":{"type":"LineString","coordinates":[[-83.61206,43.02733],[-83.61204,43.0274],[-83.61211,43.03313]]},"properties":{"name":"Ives Avenue","aadt":740,"trucks_pct":null,"year":2025,"band":"<2k","length_m":645,"program":"LR","facility_type":"2","_color":"#9ecae1","_weight":2,"_popupRows":[["Daily vehicles","740"],["Count year","2025"]]}},{"type":"Feature","geometry":{"type":"LineString","coordinates":[[-83.68133,42.97509],[-83.67902,42.97511],[-83.67644,42.97517],[-83.67283,42.97525]]},"properties":{"name":"Connell Street","aadt":740,"trucks_pct":null,"year":2025,"band":"<2k","length_m":692,"program":"LR","facility_type":"2","_color":"#9ecae1","_weight":2,"_popupRows":[["Daily vehicles","740"],["Count year","2025"]]}},{"type":"Feature","geometry":{"type":"LineString","coordinates":[[-83.63473,43.01458],[-83.6346,43.01499],[-83.63451,43.01511],[-83.63436,43.01525],[-83.63422,43.01534],[-83.63407,43.01541],[-83.63393,43.01544],[-83.6338,43.01545],[-83.63364,43.01544],[-83.63349,43.01541],[-83.63332,43.01536],[-83.63316,43.01528],[-83.63302,43.01518],[-83.63292,43.01505],[-83.63287,43.01492],[-83.63286,43.01478],[-83.6329,43.01458],[-83.63301,43.01442],[-83.63318,43.01428],[-83.63343,43.01418],[-83.63393,43.01406]]},"properties":{"name":"Center / I-69 ramp","aadt":3188,"trucks_pct":0,"year":2025,"band":"2k-5k","length_m":382,"program":"RMP","facility_type":"4","_color":"#4ea735","_weight":3,"_popupRows":[["Daily vehicles","3,188"],["Trucks","0%"],["Count year","2025"]]}},{"type":"Feature","geometry":{"type":"LineString","coordinates":[[-83.60332,42.96274],[-83.60301,42.96285],[-83.60277,42.96295],[-83.60259,42.96305],[-83.60238,42.96321],[-83.60223,42.96336],[-83.60213,42.96354],[-83.60209,42.96371],[-83.6021,42.96385],[-83.6021,42.96458],[-83.60213,42.96471],[-83.60217,42.96481],[-83.60223,42.96491],[-83.60231,42.96499],[-83.60251,42.96511]]},"properties":{"name":"Great Oaks Drive","aadt":740,"trucks_pct":null,"year":2025,"band":"<2k","length_m":322,"program":"LR","facility_type":"2","_color":"#9ecae1","_weight":2,"_popupRows":[["Daily vehicles","740"],["Count year","2025"]]}},{"type":"Feature","geometry":{"type":"LineString","coordinates":[[-83.61092,42.98164],[-83.60963,42.98097],[-83.60894,42.9806]]},"properties":{"name":"Long Street","aadt":740,"trucks_pct":null,"year":2025,"band":"<2k","length_m":198,"program":"LR","facility_type":"2","_color":"#9ecae1","_weight":2,"_popupRows":[["Daily vehicles","740"],["Count year","2025"]]}},{"type":"Feature","geometry":{"type":"LineString","coordinates":[[-83.58632,43.01117],[-83.58635,43.01267]]},"properties":{"name":"South Packard Avenue","aadt":740,"trucks_pct":null,"year":2025,"band":"<2k","length_m":166,"program":"LR","facility_type":"2","_color":"#9ecae1","_weight":2,"_popupRows":[["Daily vehicles","740"],["Count year","2025"]]}},{"type":"Feature","geometry":{"type":"LineString","coordinates":[[-83.6244,42.99782],[-83.62102,42.99782],[-83.61992,42.99782],[-83.61963,42.99785]]},"properties":{"name":"Bennett Drive","aadt":740,"trucks_pct":null,"year":2025,"band":"<2k","length_m":389,"program":"LR","facility_type":"2","_color":"#9ecae1","_weight":2,"_popupRows":[["Daily vehicles","740"],["Count year","2025"]]}},{"type":"Feature","geometry":{"type":"LineString","coordinates":[[-83.61611,42.99202],[-83.61614,42.99312],[-83.61615,42.99378],[-83.6162,42.99387],[-83.61632,42.99399],[-83.61644,42.9941],[-83.61657,42.99415],[-83.61674,42.99418],[-83.61701,42.99414],[-83.61734,42.99408],[-83.61758,42.99406],[-83.61781,42.99408],[-83.61798,42.99415],[-83.61813,42.99423],[-83.61854,42.99463],[-83.61894,42.99504],[-83.61902,42.99518],[-83.61906,42.99531],[-83.61907,42.99544],[-83.61907,42.99564]]},"properties":{"name":"Shadycroft Drive","aadt":740,"trucks_pct":null,"year":2025,"band":"<2k","length_m":565,"program":"LR","facility_type":"2","_color":"#9ecae1","_weight":2,"_popupRows":[["Daily vehicles","740"],["Count year","2025"]]}},{"type":"Feature","geometry":{"type":"LineString","coordinates":[[-83.61508,43.01535],[-83.61119,43.01537],[-83.61089,43.01534],[-83.61025,43.01518],[-83.61003,43.01515],[-83.60975,43.01511],[-83.60792,43.01513]]},"properties":{"name":"Raymond Avenue","aadt":740,"trucks_pct":null,"year":2025,"band":"<2k","length_m":586,"program":"LR","facility_type":"2","_color":"#9ecae1","_weight":2,"_popupRows":[["Daily vehicles","740"],["Count year","2025"]]}},{"type":"Feature","geometry":{"type":"LineString","coordinates":[[-83.67528,42.96144],[-83.67529,42.9621],[-83.67531,42.96285],[-83.67532,42.96356],[-83.67535,42.96431],[-83.6754,42.96501],[-83.67544,42.96572],[-83.67552,42.96644],[-83.67564,42.96717],[-83.67571,42.96789],[-83.67578,42.9686],[-83.67586,42.96932],[-83.67594,42.97003],[-83.67603,42.97073],[-83.67613,42.97147],[-83.67619,42.97218]]},"properties":{"name":"Morrison Street","aadt":740,"trucks_pct":null,"year":2025,"band":"<2k","length_m":1197,"program":"LR","facility_type":"2","_color":"#9ecae1","_weight":2,"_popupRows":[["Daily vehicles","740"],["Count year","2025"]]}},{"type":"Feature","geometry":{"type":"LineString","coordinates":[[-83.68753,42.96527],[-83.68743,42.96529],[-83.6873,42.96532],[-83.6872,42.96533],[-83.68689,42.96533],[-83.68678,42.96536],[-83.68671,42.9654],[-83.68667,42.96545],[-83.68665,42.96556],[-83.68664,42.96617],[-83.68666,42.96705]]},"properties":{"name":"Lawnwood Lane","aadt":740,"trucks_pct":null,"year":2025,"band":"<2k","length_m":255,"program":"LR","facility_type":"2","_color":"#9ecae1","_weight":2,"_popupRows":[["Daily vehicles","740"],["Count year","2025"]]}},{"type":"Feature","geometry":{"type":"LineString","coordinates":[[-83.65971,42.97391],[-83.66065,42.97391]]},"properties":{"name":"East Whittemore Avenue","aadt":740,"trucks_pct":null,"year":2025,"band":"<2k","length_m":76,"program":"LR","facility_type":"2","_color":"#9ecae1","_weight":2,"_popupRows":[["Daily vehicles","740"],["Count year","2025"]]}},{"type":"Feature","geometry":{"type":"LineString","coordinates":[[-83.59038,43.01707],[-83.58938,43.01707],[-83.58842,43.0171],[-83.58778,43.01711],[-83.58747,43.01711]]},"properties":{"name":"Briggs Avenue","aadt":740,"trucks_pct":null,"year":2025,"band":"<2k","length_m":236,"program":"LR","facility_type":"2","_color":"#9ecae1","_weight":2,"_popupRows":[["Daily vehicles","740"],["Count year","2025"]]}},{"type":"Feature","geometry":{"type":"LineString","coordinates":[[-83.67267,42.9614],[-83.67268,42.96174],[-83.67267,42.96214],[-83.6727,42.96289],[-83.67274,42.96361],[-83.67274,42.96433],[-83.67275,42.96465]]},"properties":{"name":"Furey Street","aadt":740,"trucks_pct":null,"year":2025,"band":"<2k","length_m":361,"program":"LR","facility_type":"2","_color":"#9ecae1","_weight":2,"_popupRows":[["Daily vehicles","740"],["Count year","2025"]]}},{"type":"Feature","geometry":{"type":"LineString","coordinates":[[-83.57799,42.96272],[-83.57742,42.9631],[-83.57726,42.96316],[-83.57711,42.9632],[-83.57699,42.9632],[-83.57687,42.9632],[-83.57676,42.96316],[-83.57666,42.96312],[-83.57657,42.96303],[-83.57648,42.96292],[-83.57647,42.96289],[-83.57635,42.96267]]},"properties":{"name":"Mapleleaf Court","aadt":740,"trucks_pct":null,"year":2025,"band":"<2k","length_m":185,"program":"LR","facility_type":"2","_color":"#9ecae1","_weight":2,"_popupRows":[["Daily vehicles","740"],["Count year","2025"]]}},{"type":"Feature","geometry":{"type":"LineString","coordinates":[[-83.63286,42.96048],[-83.62358,42.9607],[-83.62298,42.96071],[-83.618,42.9608],[-83.61336,42.96088],[-83.60634,42.96096],[-83.6032,42.96101],[-83.59853,42.96105],[-83.59673,42.96108],[-83.59641,42.96109],[-83.5936,42.96116],[-83.59335,42.96116],[-83.59139,42.96118],[-83.59093,42.9612],[-83.58849,42.96124],[-83.58841,42.96125],[-83.58364,42.96131]]},"properties":{"name":"E Maple Ave","aadt":7870,"trucks_pct":2,"year":2025,"band":"5k-10k","length_m":4007,"program":"NTL","facility_type":"2","_color":"#e8c400","_weight":4,"_popupRows":[["Daily vehicles","7,870"],["Trucks","2%"],["Count year","2025"]]}},{"type":"Feature","geometry":{"type":"LineString","coordinates":[[-83.64775,42.98926],[-83.64785,42.99164],[-83.64794,42.99405],[-83.64798,42.99566],[-83.64802,42.99611],[-83.64803,42.99687],[-83.64811,42.99846],[-83.64808,42.99856],[-83.64805,42.99864],[-83.64792,42.99866],[-83.64778,42.99869],[-83.64658,42.99877],[-83.64567,42.99881],[-83.64487,42.99883],[-83.64458,42.99883],[-83.64435,42.9989],[-83.64416,42.99904],[-83.64393,42.99921],[-83.64377,42.99922],[-83.64239,42.99925]]},"properties":{"name":"Chambers Street","aadt":740,"trucks_pct":null,"year":2025,"band":"<2k","length_m":1520,"program":"LR","facility_type":"2","_color":"#9ecae1","_weight":2,"_popupRows":[["Daily vehicles","740"],["Count year","2025"]]}},{"type":"Feature","geometry":{"type":"LineString","coordinates":[[-83.63464,43.01011],[-83.63136,43.01018],[-83.62969,43.01022],[-83.62484,43.01035],[-83.61986,43.01043],[-83.6178,43.01046],[-83.61742,43.01048],[-83.615,43.01054]]},"properties":{"name":"Lapeer Rd","aadt":4805,"trucks_pct":3,"year":2025,"band":"2k-5k","length_m":1598,"program":"NTL","facility_type":"2","_color":"#4ea735","_weight":3,"_popupRows":[["Daily vehicles","4,805"],["Trucks","3%"],["Count year","2025"]]}},{"type":"Feature","geometry":{"type":"LineString","coordinates":[[-83.64202,42.97975],[-83.6405,42.97978]]},"properties":{"name":"Iron Street","aadt":3265,"trucks_pct":null,"year":2025,"band":"2k-5k","length_m":123,"program":"LR","facility_type":"2","_color":"#4ea735","_weight":3,"_popupRows":[["Daily vehicles","3,265"],["Count year","2025"]]}},{"type":"Feature","geometry":{"type":"LineString","coordinates":[[-83.62152,42.9882],[-83.62155,42.98904],[-83.62157,42.98966]]},"properties":{"name":"Hawkshire Drive","aadt":740,"trucks_pct":null,"year":2025,"band":"<2k","length_m":163,"program":"LR","facility_type":"2","_color":"#9ecae1","_weight":2,"_popupRows":[["Daily vehicles","740"],["Count year","2025"]]}},{"type":"Feature","geometry":{"type":"LineString","coordinates":[[-83.66504,42.97457],[-83.66514,42.97624]]},"properties":{"name":"Barcey Court","aadt":740,"trucks_pct":null,"year":2025,"band":"<2k","length_m":186,"program":"LR","facility_type":"2","_color":"#9ecae1","_weight":2,"_popupRows":[["Daily vehicles","740"],["Count year","2025"]]}},{"type":"Feature","geometry":{"type":"LineString","coordinates":[[-83.62227,42.99915],[-83.62133,42.99917],[-83.62043,42.99914]]},"properties":{"name":"Haas Drive","aadt":740,"trucks_pct":null,"year":2025,"band":"<2k","length_m":149,"program":"LR","facility_type":"2","_color":"#9ecae1","_weight":2,"_popupRows":[["Daily vehicles","740"],["Count year","2025"]]}},{"type":"Feature","geometry":{"type":"LineString","coordinates":[[-83.63159,43.00417],[-83.63168,43.00669],[-83.63173,43.00677],[-83.63187,43.00686],[-83.63202,43.00687],[-83.63457,43.00688]]},"properties":{"name":"Walli Strasse Drive","aadt":3265,"trucks_pct":null,"year":2025,"band":"2k-5k","length_m":525,"program":"LR","facility_type":"2","_color":"#4ea735","_weight":3,"_popupRows":[["Daily vehicles","3,265"],["Count year","2025"]]}},{"type":"Feature","geometry":{"type":"LineString","coordinates":[[-83.58705,42.99528],[-83.58697,42.99531],[-83.5855,42.99537]]},"properties":{"name":"Denhill Avenue","aadt":740,"trucks_pct":null,"year":2025,"band":"<2k","length_m":127,"program":"LR","facility_type":"2","_color":"#9ecae1","_weight":2,"_popupRows":[["Daily vehicles","740"],["Count year","2025"]]}},{"type":"Feature","geometry":{"type":"LineString","coordinates":[[-83.67221,42.97078],[-83.66913,42.97082],[-83.66594,42.97086],[-83.66319,42.97089],[-83.66201,42.9709]]},"properties":{"name":"East Scottwood Avenue","aadt":740,"trucks_pct":null,"year":2025,"band":"<2k","length_m":830,"program":"LR","facility_type":"2","_color":"#9ecae1","_weight":2,"_popupRows":[["Daily vehicles","740"],["Count year","2025"]]}},{"type":"Feature","geometry":{"type":"LineString","coordinates":[[-83.60858,43.01989],[-83.60853,43.02141],[-83.60852,43.02142],[-83.60845,43.02159]]},"properties":{"name":"Creekwood Trail","aadt":740,"trucks_pct":null,"year":2025,"band":"<2k","length_m":190,"program":"LR","facility_type":"2","_color":"#9ecae1","_weight":2,"_popupRows":[["Daily vehicles","740"],["Count year","2025"]]}},{"type":"Feature","geometry":{"type":"LineString","coordinates":[[-83.62923,43.01872],[-83.62928,43.01953],[-83.62933,43.01961],[-83.62945,43.01968],[-83.62959,43.01977],[-83.62972,43.01986],[-83.6298,43.01995],[-83.62986,43.02008],[-83.62988,43.0202],[-83.6299,43.02145]]},"properties":{"name":"Commerce Parkway","aadt":740,"trucks_pct":null,"year":2025,"band":"<2k","length_m":322,"program":"LR","facility_type":"2","_color":"#9ecae1","_weight":2,"_popupRows":[["Daily vehicles","740"],["Count year","2025"]]}},{"type":"Feature","geometry":{"type":"LineString","coordinates":[[-83.67764,42.97147],[-83.67613,42.97147],[-83.67337,42.9715],[-83.67231,42.9715]]},"properties":{"name":"East Parkwood Avenue","aadt":740,"trucks_pct":null,"year":2025,"band":"<2k","length_m":434,"program":"LR","facility_type":"2","_color":"#9ecae1","_weight":2,"_popupRows":[["Daily vehicles","740"],["Count year","2025"]]}},{"type":"Feature","geometry":{"type":"LineString","coordinates":[[-83.62456,43.00163],[-83.62294,43.0016],[-83.62266,43.0016]]},"properties":{"name":"Dexel Drive","aadt":740,"trucks_pct":null,"year":2025,"band":"<2k","length_m":155,"program":"LR","facility_type":"2","_color":"#9ecae1","_weight":2,"_popupRows":[["Daily vehicles","740"],["Count year","2025"]]}}]}
