{"type":"FeatureCollection","_source":"City of Burton zoning districts (GCMPC Zoning_Layer, City of Burton 2017 zoning map), colored by district category.","features":[{"type":"Feature","properties":{"name":"C-1 - Local Business","category":"Commercial","_color":"#d9534f","_fillOpacity":0.4,"_weight":1,"_popupRows":[["Category","Commercial"]]},"geometry":{"type":"Polygon","coordinates":[[[-83.69191,42.95974],[-83.69242,42.95973],[-83.69243,42.96012],[-83.69192,42.96013],[-83.69191,42.95974]]]}},{"type":"Feature","properties":{"name":"C-1 - Local Business","category":"Commercial","_color":"#d9534f","_fillOpacity":0.4,"_weight":1,"_popupRows":[["Category","Commercial"]]},"geometry":{"type":"Polygon","coordinates":[[[-83.63207,42.96058],[-83.63264,42.96056],[-83.63266,42.9613],[-83.63149,42.96133],[-83.63146,42.96059],[-83.63207,42.96058]]]}},{"type":"Feature","properties":{"name":"C-1 - Local Business","category":"Commercial","_color":"#d9534f","_fillOpacity":0.4,"_weight":1,"_popupRows":[["Category","Commercial"]]},"geometry":{"type":"Polygon","coordinates":[[[-83.63298,42.96114],[-83.63306,42.96059],[-83.63419,42.96058],[-83.63424,42.96112],[-83.63422,42.96058],[-83.63486,42.96057],[-83.63489,42.9615],[-83.63299,42.96152],[-83.63298,42.96114]]]}},{"type":"Feature","properties":{"name":"C-1 - Local Business","category":"Commercial","_color":"#d9534f","_fillOpacity":0.4,"_weight":1,"_popupRows":[["Category","Commercial"]]},"geometry":{"type":"Polygon","coordinates":[[[-83.67916,42.97471],[-83.67915,42.9744],[-83.68124,42.97443],[-83.68125,42.97467],[-83.67916,42.97471]]]}},{"type":"Feature","properties":{"name":"C-1 - Local Business","category":"Commercial","_color":"#d9534f","_fillOpacity":0.4,"_weight":1,"_popupRows":[["Category","Commercial"]]},"geometry":{"type":"Polygon","coordinates":[[[-83.67675,42.97444],[-83.67893,42.9744],[-83.67895,42.97471],[-83.67659,42.97476],[-83.67658,42.97445],[-83.67675,42.97444]]]}},{"type":"Feature","properties":{"name":"C-1 - Local Business","category":"Commercial","_color":"#d9534f","_fillOpacity":0.4,"_weight":1,"_popupRows":[["Category","Commercial"]]},"geometry":{"type":"Polygon","coordinates":[[[-83.67348,42.97481],[-83.6734,42.97449],[-83.67635,42.97446],[-83.67637,42.97476],[-83.67348,42.97481]]]}},{"type":"Feature","properties":{"name":"C-1 - Local Business","category":"Commercial","_color":"#d9534f","_fillOpacity":0.4,"_weight":1,"_popupRows":[["Category","Commercial"]]},"geometry":{"type":"Polygon","coordinates":[[[-83.59389,42.97488],[-83.59469,42.97488],[-83.59469,42.97553],[-83.59391,42.97555],[-83.59389,42.97488]]]}},{"type":"Feature","properties":{"name":"C-1 - Local Business","category":"Commercial","_color":"#d9534f","_fillOpacity":0.4,"_weight":1,"_popupRows":[["Category","Commercial"]]},"geometry":{"type":"Polygon","coordinates":[[[-83.59283,42.97574],[-83.59362,42.97573],[-83.59363,42.97604],[-83.59284,42.97605],[-83.59283,42.97574]]]}},{"type":"Feature","properties":{"name":"C-1 - Local Business","category":"Commercial","_color":"#d9534f","_fillOpacity":0.4,"_weight":1,"_popupRows":[["Category","Commercial"]]},"geometry":{"type":"Polygon","coordinates":[[[-83.64188,42.9889],[-83.64213,42.98889],[-83.64214,42.98924],[-83.64168,42.98925],[-83.64167,42.98891],[-83.64188,42.9889]]]}},{"type":"Feature","properties":{"name":"C-1 - Local Business","category":"Commercial","_color":"#d9534f","_fillOpacity":0.4,"_weight":1,"_popupRows":[["Category","Commercial"]]},"geometry":{"type":"Polygon","coordinates":[[[-83.59451,42.98929],[-83.59563,42.98926],[-83.59567,42.98994],[-83.59454,42.98997],[-83.59451,42.98929]]]}},{"type":"Feature","properties":{"name":"C-1 - Local Business","category":"Commercial","_color":"#d9534f","_fillOpacity":0.4,"_weight":1,"_popupRows":[["Category","Commercial"]]},"geometry":{"type":"Polygon","coordinates":[[[-83.5938,42.98949],[-83.59421,42.98949],[-83.59424,42.99002],[-83.59341,42.99003],[-83.59338,42.98949],[-83.5938,42.98949]]]}},{"type":"Feature","properties":{"name":"C-1 - Local Business","category":"Commercial","_color":"#d9534f","_fillOpacity":0.4,"_weight":1,"_popupRows":[["Category","Commercial"]]},"geometry":{"type":"Polygon","coordinates":[[[-83.59339,42.99026],[-83.59423,42.99024],[-83.59427,42.99094],[-83.59343,42.99095],[-83.59339,42.99026]]]}},{"type":"Feature","properties":{"name":"C-1 - Local Business","category":"Commercial","_color":"#d9534f","_fillOpacity":0.4,"_weight":1,"_popupRows":[["Category","Commercial"]]},"geometry":{"type":"Polygon","coordinates":[[[-83.61432,43.00982],[-83.61483,43.00981],[-83.61485,43.01045],[-83.61435,43.01046],[-83.61432,43.00982]]]}},{"type":"Feature","properties":{"name":"C-1 - Local Business","category":"Commercial","_color":"#d9534f","_fillOpacity":0.4,"_weight":1,"_popupRows":[["Category","Commercial"]]},"geometry":{"type":"Polygon","coordinates":[[[-83.61287,43.00967],[-83.61303,43.00967],[-83.61307,43.01049],[-83.61291,43.01049],[-83.61287,43.00967]]]}},{"type":"Feature","properties":{"name":"C-1 - Local Business","category":"Commercial","_color":"#d9534f","_fillOpacity":0.4,"_weight":1,"_popupRows":[["Category","Commercial"]]},"geometry":{"type":"Polygon","coordinates":[[[-83.60829,43.00999],[-83.60904,43.00997],[-83.60906,43.01045],[-83.60899,43.01053],[-83.60684,43.01059],[-83.60683,43.01003],[-83.60829,43.00999]]]}},{"type":"Feature","properties":{"name":"C-1 - Local Business","category":"Commercial","_color":"#d9534f","_fillOpacity":0.4,"_weight":1,"_popupRows":[["Category","Commercial"]]},"geometry":{"type":"Polygon","coordinates":[[[-83.60399,43.01038],[-83.60494,43.01037],[-83.60495,43.01064],[-83.604,43.01066],[-83.60399,43.01038]]]}},{"type":"Feature","properties":{"name":"C-1 - Local Business","category":"Commercial","_color":"#d9534f","_fillOpacity":0.4,"_weight":1,"_popupRows":[["Category","Commercial"]]},"geometry":{"type":"Polygon","coordinates":[[[-83.60293,43.01034],[-83.60377,43.01033],[-83.60378,43.01066],[-83.60294,43.01068],[-83.60293,43.01034]]]}},{"type":"Feature","properties":{"name":"C-1 - Local Business","category":"Commercial","_color":"#d9534f","_fillOpacity":0.4,"_weight":1,"_popupRows":[["Category","Commercial"]]},"geometry":{"type":"Polygon","coordinates":[[[-83.6022,43.01037],[-83.60271,43.01036],[-83.60272,43.01068],[-83.6019,43.0107],[-83.60189,43.01037],[-83.6022,43.01037]]]}},{"type":"Feature","properties":{"name":"C-1 - Local Business","category":"Commercial","_color":"#d9534f","_fillOpacity":0.4,"_weight":1,"_popupRows":[["Category","Commercial"]]},"geometry":{"type":"Polygon","coordinates":[[[-83.60149,43.01037],[-83.60164,43.01037],[-83.60165,43.0107],[-83.60082,43.01072],[-83.60081,43.01038],[-83.60149,43.01037]]]}},{"type":"Feature","properties":{"name":"C-1 - Local Business","category":"Commercial","_color":"#d9534f","_fillOpacity":0.4,"_weight":1,"_popupRows":[["Category","Commercial"]]},"geometry":{"type":"Polygon","coordinates":[[[-83.60042,43.01039],[-83.60059,43.01038],[-83.6006,43.01072],[-83.59977,43.01074],[-83.59976,43.0104],[-83.60042,43.01039]]]}},{"type":"Feature","properties":{"name":"C-1 - Local Business","category":"Commercial","_color":"#d9534f","_fillOpacity":0.4,"_weight":1,"_popupRows":[["Category","Commercial"]]},"geometry":{"type":"Polygon","coordinates":[[[-83.59929,43.0104],[-83.59946,43.0104],[-83.59948,43.01074],[-83.5986,43.01076],[-83.59859,43.01041],[-83.59929,43.0104]]]}},{"type":"Feature","properties":{"name":"C-1 - Local Business","category":"Commercial","_color":"#d9534f","_fillOpacity":0.4,"_weight":1,"_popupRows":[["Category","Commercial"]]},"geometry":{"type":"Polygon","coordinates":[[[-83.59794,43.01042],[-83.59837,43.01042],[-83.59838,43.01076],[-83.59752,43.01078],[-83.59751,43.01042],[-83.59794,43.01042]]]}},{"type":"Feature","properties":{"name":"C-1 - Local Business","category":"Commercial","_color":"#d9534f","_fillOpacity":0.4,"_weight":1,"_popupRows":[["Category","Commercial"]]},"geometry":{"type":"Polygon","coordinates":[[[-83.59711,43.01045],[-83.59728,43.01045],[-83.59729,43.01078],[-83.59642,43.0108],[-83.59641,43.01046],[-83.59711,43.01045]]]}},{"type":"Feature","properties":{"name":"C-1 - Local Business","category":"Commercial","_color":"#d9534f","_fillOpacity":0.4,"_weight":1,"_popupRows":[["Category","Commercial"]]},"geometry":{"type":"Polygon","coordinates":[[[-83.59611,43.01047],[-83.59618,43.01047],[-83.59619,43.01081],[-83.59534,43.01082],[-83.59533,43.01051],[-83.59611,43.01047]]]}},{"type":"Feature","properties":{"name":"C-1 - Local Business","category":"Commercial","_color":"#d9534f","_fillOpacity":0.4,"_weight":1,"_popupRows":[["Category","Commercial"]]},"geometry":{"type":"Polygon","coordinates":[[[-83.61453,43.01068],[-83.61485,43.01067],[-83.61486,43.01103],[-83.61455,43.01104],[-83.61453,43.01068]]]}},{"type":"Feature","properties":{"name":"C-1 - Local Business","category":"Commercial","_color":"#d9534f","_fillOpacity":0.4,"_weight":1,"_popupRows":[["Category","Commercial"]]},"geometry":{"type":"Polygon","coordinates":[[[-83.61514,43.01064],[-83.61554,43.01063],[-83.61553,43.0114],[-83.61514,43.01139],[-83.61514,43.01064]]]}},{"type":"Feature","properties":{"name":"C-1 - Local Business","category":"Commercial","_color":"#d9534f","_fillOpacity":0.4,"_weight":1,"_popupRows":[["Category","Commercial"]]},"geometry":{"type":"Polygon","coordinates":[[[-83.58885,43.01123],[-83.58893,43.01123],[-83.58894,43.01152],[-83.5884,43.01153],[-83.58839,43.01125],[-83.58885,43.01123]]]}},{"type":"Feature","properties":{"name":"C-1 - Local Business","category":"Commercial","_color":"#d9534f","_fillOpacity":0.4,"_weight":1,"_popupRows":[["Category","Commercial"]]},"geometry":{"type":"Polygon","coordinates":[[[-83.59486,43.03195],[-83.5955,43.03194],[-83.59554,43.03348],[-83.59467,43.03348],[-83.59464,43.03265],[-83.59488,43.03265],[-83.59486,43.03195]]]}},{"type":"Feature","properties":{"name":"C-1 - Local Business","category":"Commercial","_color":"#d9534f","_fillOpacity":0.4,"_weight":1,"_popupRows":[["Category","Commercial"]]},"geometry":{"type":"Polygon","coordinates":[[[-83.59592,43.03303],[-83.59666,43.03301],[-83.59667,43.03354],[-83.59592,43.03356],[-83.59592,43.03303]]]}},{"type":"Feature","properties":{"name":"C-1 - Local Business","category":"Commercial","_color":"#d9534f","_fillOpacity":0.4,"_weight":1,"_popupRows":[["Category","Commercial"]]},"geometry":{"type":"Polygon","coordinates":[[[-83.59652,43.03383],[-83.59759,43.03379],[-83.59761,43.03405],[-83.59667,43.03485],[-83.59593,43.03486],[-83.5959,43.03385],[-83.59652,43.03383]]]}},{"type":"Feature","properties":{"name":"C-1 - Local Business","category":"Commercial","_color":"#d9534f","_fillOpacity":0.4,"_weight":1,"_popupRows":[["Category","Commercial"]]},"geometry":{"type":"Polygon","coordinates":[[[-83.63461,43.04218],[-83.63498,43.04218],[-83.63497,43.04257],[-83.63547,43.04257],[-83.63547,43.043],[-83.6346,43.043],[-83.63461,43.04218]]]}},{"type":"Feature","properties":{"name":"C-2 - General Business","category":"Commercial","_color":"#d9534f","_fillOpacity":0.4,"_weight":1,"_popupRows":[["Category","Commercial"]]},"geometry":{"type":"Polygon","coordinates":[[[-83.6688,42.96012],[-83.66904,42.96011],[-83.66904,42.96056],[-83.66881,42.96056],[-83.66886,42.9606],[-83.66856,42.96079],[-83.66782,42.96013],[-83.6688,42.96012]]]}},{"type":"Feature","properties":{"name":"C-2 - General Business","category":"Commercial","_color":"#d9534f","_fillOpacity":0.4,"_weight":1,"_popupRows":[["Category","Commercial"]]},"geometry":{"type":"Polygon","coordinates":[[[-83.69146,42.96054],[-83.69245,42.96052],[-83.69246,42.96096],[-83.69104,42.961],[-83.69146,42.96054]]]}},{"type":"Feature","properties":{"name":"C-2 - General Business","category":"Commercial","_color":"#d9534f","_fillOpacity":0.4,"_weight":1,"_popupRows":[["Category","Commercial"]]},"geometry":{"type":"Polygon","coordinates":[[[-83.66978,42.96148],[-83.67032,42.96146],[-83.67033,42.96182],[-83.67015,42.96183],[-83.67031,42.96208],[-83.6699,42.96218],[-83.66951,42.96166],[-83.66978,42.96148]]]}},{"type":"Feature","properties":{"name":"C-2 - General Business","category":"Commercial","_color":"#d9534f","_fillOpacity":0.4,"_weight":1,"_popupRows":[["Category","Commercial"]]},"geometry":{"type":"Polygon","coordinates":[[[-83.67002,42.96237],[-83.67038,42.96227],[-83.67071,42.96281],[-83.67035,42.96291],[-83.67002,42.96237]]]}},{"type":"Feature","properties":{"name":"C-2 - General Business","category":"Commercial","_color":"#d9534f","_fillOpacity":0.4,"_weight":1,"_popupRows":[["Category","Commercial"]]},"geometry":{"type":"Polygon","coordinates":[[[-83.66732,42.96052],[-83.66748,42.96026],[-83.66927,42.96189],[-83.66991,42.96291],[-83.66957,42.96303],[-83.66888,42.962],[-83.66732,42.96052]]]}},{"type":"Feature","properties":{"name":"C-2 - General Business","category":"Commercial","_color":"#d9534f","_fillOpacity":0.4,"_weight":1,"_popupRows":[["Category","Commercial"]]},"geometry":{"type":"Polygon","coordinates":[[[-83.67083,42.96302],[-83.67118,42.96355],[-83.67082,42.96366],[-83.67049,42.96312],[-83.67083,42.96302]]]}},{"type":"Feature","properties":{"name":"C-2 - General Business","category":"Commercial","_color":"#d9534f","_fillOpacity":0.4,"_weight":1,"_popupRows":[["Category","Commercial"]]},"geometry":{"type":"Polygon","coordinates":[[[-83.65269,42.96122],[-83.65273,42.96085],[-83.65373,42.9609],[-83.65381,42.96388],[-83.65276,42.9639],[-83.65269,42.96122]]]}},{"type":"Feature","properties":{"name":"C-2 - General Business","category":"Commercial","_color":"#d9534f","_fillOpacity":0.4,"_weight":1,"_popupRows":[["Category","Commercial"]]},"geometry":{"type":"Polygon","coordinates":[[[-83.67102,42.96399],[-83.67091,42.9638],[-83.67124,42.9637],[-83.67165,42.9637],[-83.67166,42.96398],[-83.67185,42.96397],[-83.67185,42.96425],[-83.67124,42.96436],[-83.67102,42.96399]]]}},{"type":"Feature","properties":{"name":"C-2 - General Business","category":"Commercial","_color":"#d9534f","_fillOpacity":0.4,"_weight":1,"_popupRows":[["Category","Commercial"]]},"geometry":{"type":"Polygon","coordinates":[[[-83.67057,42.96468],[-83.67049,42.96453],[-83.67011,42.96466],[-83.66997,42.96443],[-83.67035,42.9643],[-83.66966,42.96318],[-83.67001,42.96306],[-83.67113,42.96485],[-83.67075,42.96496],[-83.67057,42.96468]]]}},{"type":"Feature","properties":{"name":"C-2 - General Business","category":"Commercial","_color":"#d9534f","_fillOpacity":0.4,"_weight":1,"_popupRows":[["Category","Commercial"]]},"geometry":{"type":"Polygon","coordinates":[[[-83.67168,42.96526],[-83.67133,42.96451],[-83.67166,42.96441],[-83.67217,42.96526],[-83.67216,42.96567],[-83.6718,42.96567],[-83.67168,42.96526]]]}},{"type":"Feature","properties":{"name":"C-2 - General Business","category":"Commercial","_color":"#d9534f","_fillOpacity":0.4,"_weight":1,"_popupRows":[["Category","Commercial"]]},"geometry":{"type":"Polygon","coordinates":[[[-83.67067,42.96568],[-83.67067,42.9654],[-83.67049,42.9654],[-83.67049,42.96513],[-83.67123,42.965],[-83.67145,42.96567],[-83.67067,42.96568]]]}},{"type":"Feature","properties":{"name":"C-2 - General Business","category":"Commercial","_color":"#d9534f","_fillOpacity":0.4,"_weight":1,"_popupRows":[["Category","Commercial"]]},"geometry":{"type":"Polygon","coordinates":[[[-83.67182,42.96584],[-83.6722,42.96583],[-83.67227,42.96637],[-83.67189,42.96637],[-83.67182,42.96584]]]}},{"type":"Feature","properties":{"name":"C-2 - General Business","category":"Commercial","_color":"#d9534f","_fillOpacity":0.4,"_weight":1,"_popupRows":[["Category","Commercial"]]},"geometry":{"type":"Polygon","coordinates":[[[-83.67086,42.96639],[-83.67084,42.96585],[-83.67147,42.96584],[-83.67152,42.96638],[-83.67112,42.96638],[-83.67111,42.96621],[-83.67109,42.96638],[-83.67086,42.96639]]]}},{"type":"Feature","properties":{"name":"C-2 - General Business","category":"Commercial","_color":"#d9534f","_fillOpacity":0.4,"_weight":1,"_popupRows":[["Category","Commercial"]]},"geometry":{"type":"Polygon","coordinates":[[[-83.6912,42.96669],[-83.69261,42.96666],[-83.69261,42.96682],[-83.6912,42.96685],[-83.6912,42.96669]]]}},{"type":"Feature","properties":{"name":"C-2 - General Business","category":"Commercial","_color":"#d9534f","_fillOpacity":0.4,"_weight":1,"_popupRows":[["Category","Commercial"]]},"geometry":{"type":"Polygon","coordinates":[[[-83.67119,42.96655],[-83.67154,42.96655],[-83.67159,42.96707],[-83.67124,42.96708],[-83.67119,42.96655]]]}},{"type":"Feature","properties":{"name":"C-2 - General Business","category":"Commercial","_color":"#d9534f","_fillOpacity":0.4,"_weight":1,"_popupRows":[["Category","Commercial"]]},"geometry":{"type":"Polygon","coordinates":[[[-83.67191,42.96654],[-83.67228,42.96653],[-83.67235,42.96708],[-83.67198,42.96708],[-83.67191,42.96654]]]}},{"type":"Feature","properties":{"name":"C-2 - General Business","category":"Commercial","_color":"#d9534f","_fillOpacity":0.4,"_weight":1,"_popupRows":[["Category","Commercial"]]},"geometry":{"type":"Polygon","coordinates":[[[-83.65285,42.96687],[-83.65376,42.96687],[-83.65377,42.96732],[-83.65286,42.96734],[-83.65285,42.96687]]]}},{"type":"Feature","properties":{"name":"C-2 - General Business","category":"Commercial","_color":"#d9534f","_fillOpacity":0.4,"_weight":1,"_popupRows":[["Category","Commercial"]]},"geometry":{"type":"Polygon","coordinates":[[[-83.67203,42.96758],[-83.672,42.96729],[-83.67264,42.96729],[-83.67264,42.96756],[-83.67283,42.96756],[-83.67284,42.96782],[-83.67206,42.96782],[-83.67203,42.96758]]]}},{"type":"Feature","properties":{"name":"C-2 - General Business","category":"Commercial","_color":"#d9534f","_fillOpacity":0.4,"_weight":1,"_popupRows":[["Category","Commercial"]]},"geometry":{"type":"Polygon","coordinates":[[[-83.67125,42.96728],[-83.67163,42.96728],[-83.6717,42.96782],[-83.67097,42.96783],[-83.67097,42.96757],[-83.67125,42.96756],[-83.67125,42.96728]]]}},{"type":"Feature","properties":{"name":"C-2 - General Business","category":"Commercial","_color":"#d9534f","_fillOpacity":0.4,"_weight":1,"_popupRows":[["Category","Commercial"]]},"geometry":{"type":"Polygon","coordinates":[[[-83.69227,42.967],[-83.69262,42.96699],[-83.69262,42.96852],[-83.69187,42.96854],[-83.6919,42.96701],[-83.69227,42.967]]]}},{"type":"Feature","properties":{"name":"C-2 - General Business","category":"Commercial","_color":"#d9534f","_fillOpacity":0.4,"_weight":1,"_popupRows":[["Category","Commercial"]]},"geometry":{"type":"Polygon","coordinates":[[[-83.67211,42.96825],[-83.67208,42.96798],[-83.67273,42.96799],[-83.67273,42.96825],[-83.67291,42.96825],[-83.67291,42.96852],[-83.67214,42.96853],[-83.67211,42.96825]]]}},{"type":"Feature","properties":{"name":"C-2 - General Business","category":"Commercial","_color":"#d9534f","_fillOpacity":0.4,"_weight":1,"_popupRows":[["Category","Commercial"]]},"geometry":{"type":"Polygon","coordinates":[[[-83.67134,42.96799],[-83.67172,42.96798],[-83.67178,42.96855],[-83.6712,42.96855],[-83.67119,42.96828],[-83.67133,42.96828],[-83.67134,42.96799]]]}},{"type":"Feature","properties":{"name":"C-2 - General Business","category":"Commercial","_color":"#d9534f","_fillOpacity":0.4,"_weight":1,"_popupRows":[["Category","Commercial"]]},"geometry":{"type":"Polygon","coordinates":[[[-83.67223,42.96925],[-83.67217,42.9687],[-83.67281,42.9687],[-83.67284,42.96925],[-83.67223,42.96925]]]}},{"type":"Feature","properties":{"name":"C-2 - General Business","category":"Commercial","_color":"#d9534f","_fillOpacity":0.4,"_weight":1,"_popupRows":[["Category","Commercial"]]},"geometry":{"type":"Polygon","coordinates":[[[-83.67144,42.96926],[-83.67139,42.96926],[-83.67138,42.96872],[-83.6718,42.96871],[-83.67186,42.96925],[-83.67144,42.96926]]]}},{"type":"Feature","properties":{"name":"C-2 - General Business","category":"Commercial","_color":"#d9534f","_fillOpacity":0.4,"_weight":1,"_popupRows":[["Category","Commercial"]]},"geometry":{"type":"Polygon","coordinates":[[[-83.69188,42.9687],[-83.69262,42.96868],[-83.69262,42.9695],[-83.69162,42.96953],[-83.69162,42.96917],[-83.69188,42.96916],[-83.69188,42.9687]]]}},{"type":"Feature","properties":{"name":"C-2 - General Business","category":"Commercial","_color":"#d9534f","_fillOpacity":0.4,"_weight":1,"_popupRows":[["Category","Commercial"]]},"geometry":{"type":"Polygon","coordinates":[[[-83.67225,42.96944],[-83.67264,42.96942],[-83.6727,42.96997],[-83.67231,42.96999],[-83.67225,42.96944]]]}},{"type":"Feature","properties":{"name":"C-2 - General Business","category":"Commercial","_color":"#d9534f","_fillOpacity":0.4,"_weight":1,"_popupRows":[["Category","Commercial"]]},"geometry":{"type":"Polygon","coordinates":[[[-83.6715,42.96942],[-83.67188,42.96941],[-83.67195,42.97],[-83.67153,42.97],[-83.6715,42.96942]]]}},{"type":"Feature","properties":{"name":"C-2 - General Business","category":"Commercial","_color":"#d9534f","_fillOpacity":0.4,"_weight":1,"_popupRows":[["Category","Commercial"]]},"geometry":{"type":"Polygon","coordinates":[[[-83.67239,42.97069],[-83.67233,42.97015],[-83.67272,42.97014],[-83.67283,42.97068],[-83.67239,42.97069]]]}},{"type":"Feature","properties":{"name":"C-2 - General Business","category":"Commercial","_color":"#d9534f","_fillOpacity":0.4,"_weight":1,"_popupRows":[["Category","Commercial"]]},"geometry":{"type":"Polygon","coordinates":[[[-83.67158,42.97013],[-83.67196,42.97013],[-83.67203,42.97068],[-83.67136,42.97069],[-83.67134,42.97013],[-83.67158,42.97013]]]}},{"type":"Feature","properties":{"name":"C-2 - General Business","category":"Commercial","_color":"#d9534f","_fillOpacity":0.4,"_weight":1,"_popupRows":[["Category","Commercial"]]},"geometry":{"type":"Polygon","coordinates":[[[-83.67242,42.97094],[-83.67241,42.97085],[-83.67289,42.97085],[-83.67293,42.97117],[-83.67284,42.97117],[-83.67287,42.97139],[-83.67247,42.9714],[-83.67242,42.97094]]]}},{"type":"Feature","properties":{"name":"C-2 - General Business","category":"Commercial","_color":"#d9534f","_fillOpacity":0.4,"_weight":1,"_popupRows":[["Category","Commercial"]]},"geometry":{"type":"Polygon","coordinates":[[[-83.67165,42.97085],[-83.67205,42.97085],[-83.67211,42.97141],[-83.67172,42.97142],[-83.67165,42.97085]]]}},{"type":"Feature","properties":{"name":"C-2 - General Business","category":"Commercial","_color":"#d9534f","_fillOpacity":0.4,"_weight":1,"_popupRows":[["Category","Commercial"]]},"geometry":{"type":"Polygon","coordinates":[[[-83.67173,42.97158],[-83.67213,42.97157],[-83.67219,42.97212],[-83.67133,42.97212],[-83.67141,42.97158],[-83.67173,42.97158]]]}},{"type":"Feature","properties":{"name":"C-2 - General Business","category":"Commercial","_color":"#d9534f","_fillOpacity":0.4,"_weight":1,"_popupRows":[["Category","Commercial"]]},"geometry":{"type":"Polygon","coordinates":[[[-83.67185,42.97257],[-83.67181,42.97229],[-83.67221,42.97229],[-83.67227,42.97282],[-83.67188,42.97283],[-83.67185,42.97257]]]}},{"type":"Feature","properties":{"name":"C-2 - General Business","category":"Commercial","_color":"#d9534f","_fillOpacity":0.4,"_weight":1,"_popupRows":[["Category","Commercial"]]},"geometry":{"type":"Polygon","coordinates":[[[-83.67264,42.9727],[-83.67249,42.97156],[-83.67328,42.97156],[-83.67344,42.97286],[-83.67313,42.97285],[-83.6731,42.97267],[-83.67302,42.97268],[-83.67304,42.97285],[-83.67266,42.97286],[-83.67264,42.9727]]]}},{"type":"Feature","properties":{"name":"C-2 - General Business","category":"Commercial","_color":"#d9534f","_fillOpacity":0.4,"_weight":1,"_popupRows":[["Category","Commercial"]]},"geometry":{"type":"Polygon","coordinates":[[[-83.67194,42.97339],[-83.67194,42.97334],[-83.67128,42.97335],[-83.67127,42.973],[-83.67229,42.97299],[-83.67237,42.97362],[-83.67197,42.97362],[-83.67194,42.97339]]]}},{"type":"Feature","properties":{"name":"C-2 - General Business","category":"Commercial","_color":"#d9534f","_fillOpacity":0.4,"_weight":1,"_popupRows":[["Category","Commercial"]]},"geometry":{"type":"Polygon","coordinates":[[[-83.6875,42.97321],[-83.68746,42.97104],[-83.69263,42.97091],[-83.69262,42.97172],[-83.68994,42.97176],[-83.68996,42.97231],[-83.69098,42.97229],[-83.691,42.97293],[-83.69224,42.97291],[-83.69225,42.97226],[-83.69262,42.97226],[-83.69263,42.97387],[-83.69226,42.97387],[-83.69226,42.97394],[-83.68705,42.97407],[-83.68704,42.97322],[-83.6875,42.97321]]]}},{"type":"Feature","properties":{"name":"C-2 - General Business","category":"Commercial","_color":"#d9534f","_fillOpacity":0.4,"_weight":1,"_popupRows":[["Category","Commercial"]]},"geometry":{"type":"Polygon","coordinates":[[[-83.6829,42.97406],[-83.6827,42.97392],[-83.6827,42.97359],[-83.68353,42.97359],[-83.68353,42.97405],[-83.68384,42.97405],[-83.6829,42.97406]]]}},{"type":"Feature","properties":{"name":"C-2 - General Business","category":"Commercial","_color":"#d9534f","_fillOpacity":0.4,"_weight":1,"_popupRows":[["Category","Commercial"]]},"geometry":{"type":"Polygon","coordinates":[[[-83.67285,42.97434],[-83.67268,42.97295],[-83.67386,42.97293],[-83.6739,42.97374],[-83.6759,42.9737],[-83.67592,42.97422],[-83.67285,42.97434]]]}},{"type":"Feature","properties":{"name":"C-2 - General Business","category":"Commercial","_color":"#d9534f","_fillOpacity":0.4,"_weight":1,"_popupRows":[["Category","Commercial"]]},"geometry":{"type":"Polygon","coordinates":[[[-83.67199,42.97378],[-83.67238,42.97378],[-83.67242,42.97431],[-83.66934,42.97437],[-83.66933,42.97409],[-83.67132,42.97407],[-83.67132,42.9738],[-83.67199,42.97378]]]}},{"type":"Feature","properties":{"name":"C-2 - General Business","category":"Commercial","_color":"#d9534f","_fillOpacity":0.4,"_weight":1,"_popupRows":[["Category","Commercial"]]},"geometry":{"type":"Polygon","coordinates":[[[-83.66612,42.97441],[-83.66612,42.97414],[-83.66911,42.9741],[-83.66912,42.97437],[-83.66612,42.97441]]]}},{"type":"Feature","properties":{"name":"C-2 - General Business","category":"Commercial","_color":"#d9534f","_fillOpacity":0.4,"_weight":1,"_popupRows":[["Category","Commercial"]]},"geometry":{"type":"Polygon","coordinates":[[[-83.66574,42.97415],[-83.6659,42.97415],[-83.66591,42.97441],[-83.66337,42.97445],[-83.66336,42.97418],[-83.66574,42.97415]]]}},{"type":"Feature","properties":{"name":"C-2 - General Business","category":"Commercial","_color":"#d9534f","_fillOpacity":0.4,"_weight":1,"_popupRows":[["Category","Commercial"]]},"geometry":{"type":"Polygon","coordinates":[[[-83.66299,42.97418],[-83.66313,42.97418],[-83.66315,42.97445],[-83.66273,42.97445],[-83.66272,42.97419],[-83.66299,42.97418]]]}},{"type":"Feature","properties":{"name":"C-2 - General Business","category":"Commercial","_color":"#d9534f","_fillOpacity":0.4,"_weight":1,"_popupRows":[["Category","Commercial"]]},"geometry":{"type":"Polygon","coordinates":[[[-83.65145,42.97326],[-83.65264,42.97324],[-83.65269,42.97454],[-83.6509,42.97457],[-83.65086,42.97381],[-83.65147,42.9738],[-83.65145,42.97326]]]}},{"type":"Feature","properties":{"name":"C-2 - General Business","category":"Commercial","_color":"#d9534f","_fillOpacity":0.4,"_weight":1,"_popupRows":[["Category","Commercial"]]},"geometry":{"type":"Polygon","coordinates":[[[-83.66555,42.9746],[-83.66597,42.97459],[-83.66598,42.97487],[-83.66345,42.9749],[-83.66344,42.97463],[-83.66555,42.9746]]]}},{"type":"Feature","properties":{"name":"C-2 - General Business","category":"Commercial","_color":"#d9534f","_fillOpacity":0.4,"_weight":1,"_popupRows":[["Category","Commercial"]]},"geometry":{"type":"Polygon","coordinates":[[[-83.66671,42.97497],[-83.66671,42.97489],[-83.6662,42.97489],[-83.66619,42.97459],[-83.66917,42.97455],[-83.66917,42.97489],[-83.66671,42.97497]]]}},{"type":"Feature","properties":{"name":"C-2 - General Business","category":"Commercial","_color":"#d9534f","_fillOpacity":0.4,"_weight":1,"_popupRows":[["Category","Commercial"]]},"geometry":{"type":"Polygon","coordinates":[[[-83.66106,42.97467],[-83.66127,42.97466],[-83.66128,42.97496],[-83.66091,42.97497],[-83.6609,42.97467],[-83.66106,42.97467]]]}},{"type":"Feature","properties":{"name":"C-2 - General Business","category":"Commercial","_color":"#d9534f","_fillOpacity":0.4,"_weight":1,"_popupRows":[["Category","Commercial"]]},"geometry":{"type":"Polygon","coordinates":[[[-83.69125,42.9742],[-83.69149,42.97419],[-83.69152,42.97505],[-83.68771,42.97513],[-83.68768,42.97427],[-83.69125,42.9742]]]}},{"type":"Feature","properties":{"name":"C-2 - General Business","category":"Commercial","_color":"#d9534f","_fillOpacity":0.4,"_weight":1,"_popupRows":[["Category","Commercial"]]},"geometry":{"type":"Polygon","coordinates":[[[-83.63341,42.97313],[-83.63556,42.97309],[-83.63563,42.97397],[-83.63558,42.97483],[-83.63347,42.97487],[-83.63341,42.97313]]]}},{"type":"Feature","properties":{"name":"C-2 - General Business","category":"Commercial","_color":"#d9534f","_fillOpacity":0.4,"_weight":1,"_popupRows":[["Category","Commercial"]]},"geometry":{"type":"Polygon","coordinates":[[[-83.68715,42.97429],[-83.68741,42.97428],[-83.68744,42.97495],[-83.68668,42.97496],[-83.68668,42.97516],[-83.68646,42.97517],[-83.6851,42.97519],[-83.68489,42.97434],[-83.68715,42.97429]]]}},{"type":"Feature","properties":{"name":"C-2 - General Business","category":"Commercial","_color":"#d9534f","_fillOpacity":0.4,"_weight":1,"_popupRows":[["Category","Commercial"]]},"geometry":{"type":"Polygon","coordinates":[[[-83.6729,42.97449],[-83.6734,42.97449],[-83.67356,42.97512],[-83.67305,42.97512],[-83.6729,42.97449]]]}},{"type":"Feature","properties":{"name":"C-2 - General Business","category":"Commercial","_color":"#d9534f","_fillOpacity":0.4,"_weight":1,"_popupRows":[["Category","Commercial"]]},"geometry":{"type":"Polygon","coordinates":[[[-83.66189,42.97507],[-83.66188,42.97496],[-83.66151,42.97497],[-83.6615,42.97466],[-83.6632,42.97463],[-83.66322,42.9749],[-83.6628,42.97492],[-83.6628,42.97503],[-83.66189,42.97507]]]}},{"type":"Feature","properties":{"name":"C-2 - General Business","category":"Commercial","_color":"#d9534f","_fillOpacity":0.4,"_weight":1,"_popupRows":[["Category","Commercial"]]},"geometry":{"type":"Polygon","coordinates":[[[-83.6712,42.97486],[-83.66939,42.97489],[-83.66938,42.97454],[-83.67251,42.97451],[-83.67267,42.97514],[-83.6722,42.97515],[-83.6721,42.97487],[-83.6712,42.97486]]]}},{"type":"Feature","properties":{"name":"C-2 - General Business","category":"Commercial","_color":"#d9534f","_fillOpacity":0.4,"_weight":1,"_popupRows":[["Category","Commercial"]]},"geometry":{"type":"Polygon","coordinates":[[[-83.63079,42.97387],[-83.63076,42.97309],[-83.63175,42.97307],[-83.63163,42.96992],[-83.63298,42.9699],[-83.63309,42.97304],[-83.63182,42.97307],[-83.63185,42.97386],[-83.63305,42.97383],[-83.63309,42.97487],[-83.6289,42.97494],[-83.62887,42.9739],[-83.63079,42.97387]]]}},{"type":"Feature","properties":{"name":"C-2 - General Business","category":"Commercial","_color":"#d9534f","_fillOpacity":0.4,"_weight":1,"_popupRows":[["Category","Commercial"]]},"geometry":{"type":"Polygon","coordinates":[[[-83.62355,42.974],[-83.62653,42.97395],[-83.62657,42.97497],[-83.62358,42.97502],[-83.62355,42.974]]]}},{"type":"Feature","properties":{"name":"C-2 - General Business","category":"Commercial","_color":"#d9534f","_fillOpacity":0.4,"_weight":1,"_popupRows":[["Category","Commercial"]]},"geometry":{"type":"Polygon","coordinates":[[[-83.69225,42.97418],[-83.69264,42.97417],[-83.69268,42.9759],[-83.69178,42.97579],[-83.69176,42.97526],[-83.69198,42.97525],[-83.69196,42.97482],[-83.69218,42.97481],[-83.69215,42.97418],[-83.69225,42.97418]]]}},{"type":"Feature","properties":{"name":"C-2 - General Business","category":"Commercial","_color":"#d9534f","_fillOpacity":0.4,"_weight":1,"_popupRows":[["Category","Commercial"]]},"geometry":{"type":"Polygon","coordinates":[[[-83.67309,42.97529],[-83.67345,42.97529],[-83.67359,42.97583],[-83.67321,42.97583],[-83.67309,42.97529]]]}},{"type":"Feature","properties":{"name":"C-2 - General Business","category":"Commercial","_color":"#d9534f","_fillOpacity":0.4,"_weight":1,"_popupRows":[["Category","Commercial"]]},"geometry":{"type":"Polygon","coordinates":[[[-83.67209,42.97587],[-83.67206,42.97532],[-83.6727,42.97531],[-83.67282,42.97585],[-83.67209,42.97587]]]}},{"type":"Feature","properties":{"name":"C-2 - General Business","category":"Commercial","_color":"#d9534f","_fillOpacity":0.4,"_weight":1,"_popupRows":[["Category","Commercial"]]},"geometry":{"type":"Polygon","coordinates":[[[-83.59288,42.975],[-83.59362,42.97499],[-83.59364,42.97554],[-83.59289,42.97555],[-83.59288,42.975]]]}},{"type":"Feature","properties":{"name":"C-2 - General Business","category":"Commercial","_color":"#d9534f","_fillOpacity":0.4,"_weight":1,"_popupRows":[["Category","Commercial"]]},"geometry":{"type":"Polygon","coordinates":[[[-83.67325,42.976],[-83.67362,42.976],[-83.67375,42.97653],[-83.67337,42.97654],[-83.67325,42.976]]]}},{"type":"Feature","properties":{"name":"C-2 - General Business","category":"Commercial","_color":"#d9534f","_fillOpacity":0.4,"_weight":1,"_popupRows":[["Category","Commercial"]]},"geometry":{"type":"Polygon","coordinates":[[[-83.67226,42.97658],[-83.67225,42.97631],[-83.67214,42.97631],[-83.67214,42.97603],[-83.67282,42.97602],[-83.67297,42.97656],[-83.67226,42.97658]]]}},{"type":"Feature","properties":{"name":"C-2 - General Business","category":"Commercial","_color":"#d9534f","_fillOpacity":0.4,"_weight":1,"_popupRows":[["Category","Commercial"]]},"geometry":{"type":"Polygon","coordinates":[[[-83.69186,42.97637],[-83.69201,42.976],[-83.69268,42.97612],[-83.69269,42.97674],[-83.69228,42.97674],[-83.69226,42.97635],[-83.69186,42.97637]]]}},{"type":"Feature","properties":{"name":"C-2 - General Business","category":"Commercial","_color":"#d9534f","_fillOpacity":0.4,"_weight":1,"_popupRows":[["Category","Commercial"]]},"geometry":{"type":"Polygon","coordinates":[[[-83.67354,42.97726],[-83.67341,42.97671],[-83.67427,42.97669],[-83.67428,42.97697],[-83.67416,42.97698],[-83.67417,42.97725],[-83.67354,42.97726]]]}},{"type":"Feature","properties":{"name":"C-2 - General Business","category":"Commercial","_color":"#d9534f","_fillOpacity":0.4,"_weight":1,"_popupRows":[["Category","Commercial"]]},"geometry":{"type":"Polygon","coordinates":[[[-83.67358,42.97742],[-83.67395,42.97741],[-83.67408,42.97795],[-83.6737,42.97795],[-83.67358,42.97742]]]}},{"type":"Feature","properties":{"name":"C-2 - General Business","category":"Commercial","_color":"#d9534f","_fillOpacity":0.4,"_weight":1,"_popupRows":[["Category","Commercial"]]},"geometry":{"type":"Polygon","coordinates":[[[-83.68296,42.97795],[-83.68333,42.97794],[-83.68336,42.97853],[-83.68298,42.97854],[-83.68296,42.97795]]]}},{"type":"Feature","properties":{"name":"C-2 - General Business","category":"Commercial","_color":"#d9534f","_fillOpacity":0.4,"_weight":1,"_popupRows":[["Category","Commercial"]]},"geometry":{"type":"Polygon","coordinates":[[[-83.67374,42.97812],[-83.67411,42.97812],[-83.67423,42.9787],[-83.67388,42.97871],[-83.67374,42.97812]]]}},{"type":"Feature","properties":{"name":"C-2 - General Business","category":"Commercial","_color":"#d9534f","_fillOpacity":0.4,"_weight":1,"_popupRows":[["Category","Commercial"]]},"geometry":{"type":"Polygon","coordinates":[[[-83.68299,42.9787],[-83.68336,42.9787],[-83.68339,42.97925],[-83.68302,42.97926],[-83.68299,42.9787]]]}},{"type":"Feature","properties":{"name":"C-2 - General Business","category":"Commercial","_color":"#d9534f","_fillOpacity":0.4,"_weight":1,"_popupRows":[["Category","Commercial"]]},"geometry":{"type":"Polygon","coordinates":[[[-83.65323,42.97705],[-83.65408,42.97703],[-83.65419,42.97924],[-83.65329,42.97927],[-83.65323,42.97705]]]}},{"type":"Feature","properties":{"name":"C-2 - General Business","category":"Commercial","_color":"#d9534f","_fillOpacity":0.4,"_weight":1,"_popupRows":[["Category","Commercial"]]},"geometry":{"type":"Polygon","coordinates":[[[-83.67392,42.97887],[-83.67476,42.97886],[-83.67467,42.97941],[-83.67405,42.97943],[-83.67392,42.97887]]]}},{"type":"Feature","properties":{"name":"C-2 - General Business","category":"Commercial","_color":"#d9534f","_fillOpacity":0.4,"_weight":1,"_popupRows":[["Category","Commercial"]]},"geometry":{"type":"Polygon","coordinates":[[[-83.68302,42.97943],[-83.68339,42.97942],[-83.68342,42.97996],[-83.68305,42.97997],[-83.68302,42.97943]]]}},{"type":"Feature","properties":{"name":"C-2 - General Business","category":"Commercial","_color":"#d9534f","_fillOpacity":0.4,"_weight":1,"_popupRows":[["Category","Commercial"]]},"geometry":{"type":"Polygon","coordinates":[[[-83.67409,42.97959],[-83.67446,42.97958],[-83.67458,42.98012],[-83.67421,42.98013],[-83.67409,42.97959]]]}},{"type":"Feature","properties":{"name":"C-2 - General Business","category":"Commercial","_color":"#d9534f","_fillOpacity":0.4,"_weight":1,"_popupRows":[["Category","Commercial"]]},"geometry":{"type":"Polygon","coordinates":[[[-83.68305,42.98013],[-83.68342,42.98012],[-83.68345,42.98067],[-83.68308,42.98068],[-83.68305,42.98013]]]}},{"type":"Feature","properties":{"name":"C-2 - General Business","category":"Commercial","_color":"#d9534f","_fillOpacity":0.4,"_weight":1,"_popupRows":[["Category","Commercial"]]},"geometry":{"type":"Polygon","coordinates":[[[-83.67425,42.98029],[-83.67462,42.98029],[-83.67473,42.98082],[-83.67437,42.98083],[-83.67425,42.98029]]]}},{"type":"Feature","properties":{"name":"C-2 - General Business","category":"Commercial","_color":"#d9534f","_fillOpacity":0.4,"_weight":1,"_popupRows":[["Category","Commercial"]]},"geometry":{"type":"Polygon","coordinates":[[[-83.68755,42.98102],[-83.6877,42.98101],[-83.68771,42.98128],[-83.68539,42.98132],[-83.68538,42.98105],[-83.68755,42.98102]]]}},{"type":"Feature","properties":{"name":"C-2 - General Business","category":"Commercial","_color":"#d9534f","_fillOpacity":0.4,"_weight":1,"_popupRows":[["Category","Commercial"]]},"geometry":{"type":"Polygon","coordinates":[[[-83.68311,42.98138],[-83.68309,42.98085],[-83.68346,42.98084],[-83.68347,42.98111],[-83.68514,42.98107],[-83.68515,42.98133],[-83.68311,42.98138]]]}},{"type":"Feature","properties":{"name":"C-2 - General Business","category":"Commercial","_color":"#d9534f","_fillOpacity":0.4,"_weight":1,"_popupRows":[["Category","Commercial"]]},"geometry":{"type":"Polygon","coordinates":[[[-83.68132,42.98116],[-83.68146,42.98116],[-83.68147,42.98142],[-83.67949,42.98146],[-83.67948,42.98119],[-83.68132,42.98116]]]}},{"type":"Feature","properties":{"name":"C-2 - General Business","category":"Commercial","_color":"#d9534f","_fillOpacity":0.4,"_weight":1,"_popupRows":[["Category","Commercial"]]},"geometry":{"type":"Polygon","coordinates":[[[-83.67902,42.98119],[-83.67925,42.98119],[-83.67926,42.98146],[-83.67692,42.9815],[-83.67691,42.98123],[-83.67902,42.98119]]]}},{"type":"Feature","properties":{"name":"C-2 - General Business","category":"Commercial","_color":"#d9534f","_fillOpacity":0.4,"_weight":1,"_popupRows":[["Category","Commercial"]]},"geometry":{"type":"Polygon","coordinates":[[[-83.67659,42.98126],[-83.67669,42.98126],[-83.6767,42.98151],[-83.67659,42.98151],[-83.67499,42.98154],[-83.67494,42.98129],[-83.67659,42.98126]]]}},{"type":"Feature","properties":{"name":"C-2 - General Business","category":"Commercial","_color":"#d9534f","_fillOpacity":0.4,"_weight":1,"_popupRows":[["Category","Commercial"]]},"geometry":{"type":"Polygon","coordinates":[[[-83.67441,42.98099],[-83.67477,42.98099],[-83.67489,42.98154],[-83.67454,42.98155],[-83.67441,42.98099]]]}},{"type":"Feature","properties":{"name":"C-2 - General Business","category":"Commercial","_color":"#d9534f","_fillOpacity":0.4,"_weight":1,"_popupRows":[["Category","Commercial"]]},"geometry":{"type":"Polygon","coordinates":[[[-83.67277,42.97674],[-83.67306,42.97673],[-83.67416,42.9815],[-83.67192,42.98158],[-83.67101,42.97677],[-83.67277,42.97674]]]}},{"type":"Feature","properties":{"name":"C-2 - General Business","category":"Commercial","_color":"#d9534f","_fillOpacity":0.4,"_weight":1,"_popupRows":[["Category","Commercial"]]},"geometry":{"type":"Polygon","coordinates":[[[-83.6533,42.97944],[-83.65367,42.97943],[-83.65375,42.98177],[-83.65337,42.98178],[-83.6533,42.97944]]]}},{"type":"Feature","properties":{"name":"C-2 - General Business","category":"Commercial","_color":"#d9534f","_fillOpacity":0.4,"_weight":1,"_popupRows":[["Category","Commercial"]]},"geometry":{"type":"Polygon","coordinates":[[[-83.63663,42.98687],[-83.63663,42.98673],[-83.63639,42.98673],[-83.63615,42.98114],[-83.63579,42.98084],[-83.6355,42.98039],[-83.63555,42.97991],[-83.6349,42.97988],[-83.63463,42.97976],[-83.63471,42.97943],[-83.63573,42.97891],[-83.63546,42.97813],[-83.63508,42.97771],[-83.63473,42.97762],[-83.63464,42.97745],[-83.63476,42.97651],[-83.63576,42.9765],[-83.63581,42.97853],[-83.63727,42.97852],[-83.63735,42.98219],[-83.63835,42.98217],[-83.63857,42.98737],[-83.63804,42.98738],[-83.6381,42.98885],[-83.6367,42.98888],[-83.63663,42.98687]]]}},{"type":"Feature","properties":{"name":"C-2 - General Business","category":"Commercial","_color":"#d9534f","_fillOpacity":0.4,"_weight":1,"_popupRows":[["Category","Commercial"]]},"geometry":{"type":"Polygon","coordinates":[[[-83.65283,42.98204],[-83.65303,42.98204],[-83.65325,42.98899],[-83.65251,42.98905],[-83.65227,42.98205],[-83.65283,42.98204]]]}},{"type":"Feature","properties":{"name":"C-2 - General Business","category":"Commercial","_color":"#d9534f","_fillOpacity":0.4,"_weight":1,"_popupRows":[["Category","Commercial"]]},"geometry":{"type":"Polygon","coordinates":[[[-83.65188,42.98861],[-83.65226,42.9886],[-83.65228,42.98905],[-83.65152,42.98906],[-83.6515,42.98876],[-83.65188,42.98875],[-83.65188,42.98861]]]}},{"type":"Feature","properties":{"name":"C-2 - General Business","category":"Commercial","_color":"#d9534f","_fillOpacity":0.4,"_weight":1,"_popupRows":[["Category","Commercial"]]},"geometry":{"type":"Polygon","coordinates":[[[-83.65109,42.98877],[-83.65128,42.98876],[-83.65129,42.98907],[-83.65056,42.98908],[-83.65055,42.98878],[-83.65109,42.98877]]]}},{"type":"Feature","properties":{"name":"C-2 - General Business","category":"Commercial","_color":"#d9534f","_fillOpacity":0.4,"_weight":1,"_popupRows":[["Category","Commercial"]]},"geometry":{"type":"Polygon","coordinates":[[[-83.64983,42.98866],[-83.65033,42.98865],[-83.65034,42.98908],[-83.64984,42.98909],[-83.64983,42.98866]]]}},{"type":"Feature","properties":{"name":"C-2 - General Business","category":"Commercial","_color":"#d9534f","_fillOpacity":0.4,"_weight":1,"_popupRows":[["Category","Commercial"]]},"geometry":{"type":"Polygon","coordinates":[[[-83.63928,42.98864],[-83.63979,42.98862],[-83.63982,42.98929],[-83.63932,42.9893],[-83.63928,42.98864]]]}},{"type":"Feature","properties":{"name":"C-2 - General Business","category":"Commercial","_color":"#d9534f","_fillOpacity":0.4,"_weight":1,"_popupRows":[["Category","Commercial"]]},"geometry":{"type":"Polygon","coordinates":[[[-83.6289,42.98868],[-83.62843,42.97519],[-83.63312,42.97512],[-83.63326,42.98132],[-83.63028,42.98135],[-83.6291,42.98145],[-83.63322,42.98142],[-83.63366,42.9894],[-83.62894,42.98944],[-83.6289,42.98868]],[[-83.63123,42.9833],[-83.63118,42.9823],[-83.62912,42.98232],[-83.62916,42.98332],[-83.63123,42.9833]]]}},{"type":"Feature","properties":{"name":"C-2 - General Business","category":"Commercial","_color":"#d9534f","_fillOpacity":0.4,"_weight":1,"_popupRows":[["Category","Commercial"]]},"geometry":{"type":"Polygon","coordinates":[[[-83.63655,42.98955],[-83.63821,42.98951],[-83.6381,42.98968],[-83.63774,42.98985],[-83.63747,42.99014],[-83.63666,42.99029],[-83.63626,42.99056],[-83.63591,42.99028],[-83.63589,42.98961],[-83.63655,42.98955]]]}},{"type":"Feature","properties":{"name":"C-2 - General Business","category":"Commercial","_color":"#d9534f","_fillOpacity":0.4,"_weight":1,"_popupRows":[["Category","Commercial"]]},"geometry":{"type":"Polygon","coordinates":[[[-83.63393,42.98978],[-83.63392,42.98961],[-83.63565,42.98962],[-83.63573,42.99196],[-83.63402,42.992],[-83.63393,42.98978]]]}},{"type":"Feature","properties":{"name":"C-2 - General Business","category":"Commercial","_color":"#d9534f","_fillOpacity":0.4,"_weight":1,"_popupRows":[["Category","Commercial"]]},"geometry":{"type":"Polygon","coordinates":[[[-83.59515,42.99019],[-83.59696,42.99015],[-83.59707,42.99364],[-83.59473,42.99362],[-83.59454,42.9902],[-83.59515,42.99019]]]}},{"type":"Feature","properties":{"name":"C-2 - General Business","category":"Commercial","_color":"#d9534f","_fillOpacity":0.4,"_weight":1,"_popupRows":[["Category","Commercial"]]},"geometry":{"type":"Polygon","coordinates":[[[-83.63445,42.99365],[-83.63486,42.99364],[-83.63489,42.99406],[-83.6341,42.99411],[-83.63408,42.99365],[-83.63445,42.99365]]]}},{"type":"Feature","properties":{"name":"C-2 - General Business","category":"Commercial","_color":"#d9534f","_fillOpacity":0.4,"_weight":1,"_popupRows":[["Category","Commercial"]]},"geometry":{"type":"Polygon","coordinates":[[[-83.63523,42.99694],[-83.6352,42.9965],[-83.6342,42.99653],[-83.63418,42.99605],[-83.6361,42.99601],[-83.63616,42.99697],[-83.63524,42.99699],[-83.63523,42.99694]]]}},{"type":"Feature","properties":{"name":"C-2 - General Business","category":"Commercial","_color":"#d9534f","_fillOpacity":0.4,"_weight":1,"_popupRows":[["Category","Commercial"]]},"geometry":{"type":"Polygon","coordinates":[[[-83.6326,42.99686],[-83.63395,42.99685],[-83.63398,42.99736],[-83.63262,42.99737],[-83.6326,42.99686]]]}},{"type":"Feature","properties":{"name":"C-2 - General Business","category":"Commercial","_color":"#d9534f","_fillOpacity":0.4,"_weight":1,"_popupRows":[["Category","Commercial"]]},"geometry":{"type":"Polygon","coordinates":[[[-83.63264,42.99769],[-83.63399,42.99768],[-83.63405,42.99871],[-83.63203,42.99873],[-83.63206,42.99841],[-83.63268,42.99841],[-83.63264,42.99769]]]}},{"type":"Feature","properties":{"name":"C-2 - General Business","category":"Commercial","_color":"#d9534f","_fillOpacity":0.4,"_weight":1,"_popupRows":[["Category","Commercial"]]},"geometry":{"type":"Polygon","coordinates":[[[-83.63317,42.98967],[-83.6337,42.98966],[-83.63391,42.9958],[-83.6297,42.99582],[-83.62985,42.99964],[-83.62937,42.99965],[-83.62897,42.98969],[-83.63317,42.98967]]]}},{"type":"Feature","properties":{"name":"C-2 - General Business","category":"Commercial","_color":"#d9534f","_fillOpacity":0.4,"_weight":1,"_popupRows":[["Category","Commercial"]]},"geometry":{"type":"Polygon","coordinates":[[[-83.6344,42.99928],[-83.63439,42.9991],[-83.6343,42.9991],[-83.63426,42.99813],[-83.63529,42.99811],[-83.63532,42.99992],[-83.63444,42.99995],[-83.6344,42.99928]]]}},{"type":"Feature","properties":{"name":"C-2 - General Business","category":"Commercial","_color":"#d9534f","_fillOpacity":0.4,"_weight":1,"_popupRows":[["Category","Commercial"]]},"geometry":{"type":"Polygon","coordinates":[[[-83.62998,43.00227],[-83.6299,43.00055],[-83.63417,43.00054],[-83.63422,43.00141],[-83.63337,43.00141],[-83.63339,43.00176],[-83.63425,43.00176],[-83.63426,43.00199],[-83.63234,43.00199],[-83.63236,43.00228],[-83.62998,43.00227]]]}},{"type":"Feature","properties":{"name":"C-2 - General Business","category":"Commercial","_color":"#d9534f","_fillOpacity":0.4,"_weight":1,"_popupRows":[["Category","Commercial"]]},"geometry":{"type":"Polygon","coordinates":[[[-83.64275,43.00351],[-83.64345,43.00349],[-83.64343,43.00318],[-83.64412,43.00317],[-83.64415,43.00382],[-83.64277,43.00384],[-83.64275,43.00351]]]}},{"type":"Feature","properties":{"name":"C-2 - General Business","category":"Commercial","_color":"#d9534f","_fillOpacity":0.4,"_weight":1,"_popupRows":[["Category","Commercial"]]},"geometry":{"type":"Polygon","coordinates":[[[-83.63466,43.00351],[-83.63445,43.00011],[-83.63735,43.00002],[-83.63741,43.00069],[-83.63536,43.00075],[-83.63553,43.00348],[-83.6382,43.00342],[-83.63823,43.00395],[-83.63469,43.00402],[-83.63466,43.00351]]]}},{"type":"Feature","properties":{"name":"C-2 - General Business","category":"Commercial","_color":"#d9534f","_fillOpacity":0.4,"_weight":1,"_popupRows":[["Category","Commercial"]]},"geometry":{"type":"Polygon","coordinates":[[[-83.63202,43.00676],[-83.63188,43.00674],[-83.63182,43.00664],[-83.63178,43.00434],[-83.63435,43.0043],[-83.63434,43.00666],[-83.63327,43.00676],[-83.63202,43.00676]]]}},{"type":"Feature","properties":{"name":"C-2 - General Business","category":"Commercial","_color":"#d9534f","_fillOpacity":0.4,"_weight":1,"_popupRows":[["Category","Commercial"]]},"geometry":{"type":"Polygon","coordinates":[[[-83.63356,43.00753],[-83.63354,43.00697],[-83.63428,43.00699],[-83.63441,43.00708],[-83.63444,43.0075],[-83.63356,43.00753]]]}},{"type":"Feature","properties":{"name":"C-2 - General Business","category":"Commercial","_color":"#d9534f","_fillOpacity":0.4,"_weight":1,"_popupRows":[["Category","Commercial"]]},"geometry":{"type":"Polygon","coordinates":[[[-83.63401,43.00948],[-83.63456,43.00946],[-83.63457,43.00999],[-83.63403,43.01],[-83.63401,43.00948]]]}},{"type":"Feature","properties":{"name":"C-2 - General Business","category":"Commercial","_color":"#d9534f","_fillOpacity":0.4,"_weight":1,"_popupRows":[["Category","Commercial"]]},"geometry":{"type":"Polygon","coordinates":[[[-83.59448,43.00976],[-83.59492,43.00976],[-83.59495,43.01084],[-83.59315,43.01087],[-83.59312,43.00976],[-83.59448,43.00976]]]}},{"type":"Feature","properties":{"name":"C-2 - General Business","category":"Commercial","_color":"#d9534f","_fillOpacity":0.4,"_weight":1,"_popupRows":[["Category","Commercial"]]},"geometry":{"type":"Polygon","coordinates":[[[-83.63409,43.01028],[-83.63448,43.01027],[-83.63451,43.01143],[-83.63338,43.01142],[-83.63336,43.01029],[-83.63409,43.01028]]]}},{"type":"Feature","properties":{"name":"C-2 - General Business","category":"Commercial","_color":"#d9534f","_fillOpacity":0.4,"_weight":1,"_popupRows":[["Category","Commercial"]]},"geometry":{"type":"Polygon","coordinates":[[[-83.59595,43.01198],[-83.59594,43.01181],[-83.59537,43.01183],[-83.59535,43.0111],[-83.60121,43.01098],[-83.60125,43.01197],[-83.60016,43.01199],[-83.60015,43.01182],[-83.59595,43.01198]]]}},{"type":"Feature","properties":{"name":"C-2 - General Business","category":"Commercial","_color":"#d9534f","_fillOpacity":0.4,"_weight":1,"_popupRows":[["Category","Commercial"]]},"geometry":{"type":"Polygon","coordinates":[[[-83.58996,43.01121],[-83.59012,43.01121],[-83.59013,43.01174],[-83.58976,43.01174],[-83.58977,43.01199],[-83.58918,43.01199],[-83.58916,43.01151],[-83.58927,43.01151],[-83.58926,43.01123],[-83.58996,43.01121]]]}},{"type":"Feature","properties":{"name":"C-2 - General Business","category":"Commercial","_color":"#d9534f","_fillOpacity":0.4,"_weight":1,"_popupRows":[["Category","Commercial"]]},"geometry":{"type":"Polygon","coordinates":[[[-83.59538,43.01222],[-83.59729,43.01217],[-83.59736,43.01467],[-83.59716,43.01468],[-83.59718,43.0153],[-83.59547,43.01533],[-83.59538,43.01222]]]}},{"type":"Feature","properties":{"name":"C-2 - General Business","category":"Commercial","_color":"#d9534f","_fillOpacity":0.4,"_weight":1,"_popupRows":[["Category","Commercial"]]},"geometry":{"type":"Polygon","coordinates":[[[-83.59436,43.01112],[-83.59495,43.01111],[-83.5951,43.01618],[-83.59501,43.01618],[-83.59501,43.01636],[-83.59282,43.01638],[-83.5928,43.0155],[-83.5929,43.0155],[-83.59282,43.01115],[-83.59436,43.01112]]]}},{"type":"Feature","properties":{"name":"C-2 - General Business","category":"Commercial","_color":"#d9534f","_fillOpacity":0.4,"_weight":1,"_popupRows":[["Category","Commercial"]]},"geometry":{"type":"Polygon","coordinates":[[[-83.59289,43.01862],[-83.59283,43.01655],[-83.59283,43.01663],[-83.59502,43.01661],[-83.59492,43.01668],[-83.59488,43.01741],[-83.59452,43.01805],[-83.59385,43.01844],[-83.59288,43.01869],[-83.59289,43.01862]]]}},{"type":"Feature","properties":{"name":"C-2 - General Business","category":"Commercial","_color":"#d9534f","_fillOpacity":0.4,"_weight":1,"_popupRows":[["Category","Commercial"]]},"geometry":{"type":"Polygon","coordinates":[[[-83.59573,43.01688],[-83.59572,43.01659],[-83.59564,43.01659],[-83.59563,43.01611],[-83.59549,43.01611],[-83.59547,43.0155],[-83.59718,43.01546],[-83.5972,43.01608],[-83.60028,43.01601],[-83.60033,43.01765],[-83.59977,43.01766],[-83.5998,43.01875],[-83.60036,43.01885],[-83.59947,43.01886],[-83.59915,43.01877],[-83.59843,43.01838],[-83.59727,43.01761],[-83.59671,43.01744],[-83.59628,43.01743],[-83.59572,43.01712],[-83.59573,43.01688]]]}},{"type":"Feature","properties":{"name":"C-2 - General Business","category":"Commercial","_color":"#d9534f","_fillOpacity":0.4,"_weight":1,"_popupRows":[["Category","Commercial"]]},"geometry":{"type":"Polygon","coordinates":[[[-83.57578,43.019],[-83.57579,43.01858],[-83.57703,43.01905],[-83.57578,43.019]]]}},{"type":"Feature","properties":{"name":"C-2 - General Business","category":"Commercial","_color":"#d9534f","_fillOpacity":0.4,"_weight":1,"_popupRows":[["Category","Commercial"]]},"geometry":{"type":"Polygon","coordinates":[[[-83.6321,43.0209],[-83.63,43.02088],[-83.62993,43.01882],[-83.63472,43.01884],[-83.63479,43.02087],[-83.6321,43.0209]]]}},{"type":"Feature","properties":{"name":"C-2 - General Business","category":"Commercial","_color":"#d9534f","_fillOpacity":0.4,"_weight":1,"_popupRows":[["Category","Commercial"]]},"geometry":{"type":"Polygon","coordinates":[[[-83.59052,43.02158],[-83.5905,43.02063],[-83.59163,43.02124],[-83.59164,43.02156],[-83.59052,43.02158]]]}},{"type":"Feature","properties":{"name":"C-2 - General Business","category":"Commercial","_color":"#d9534f","_fillOpacity":0.4,"_weight":1,"_popupRows":[["Category","Commercial"]]},"geometry":{"type":"Polygon","coordinates":[[[-83.60533,43.02005],[-83.60778,43.02001],[-83.60783,43.0224],[-83.59661,43.02255],[-83.59725,43.02243],[-83.59773,43.0222],[-83.59816,43.02186],[-83.59874,43.02109],[-83.59915,43.02072],[-83.59952,43.02049],[-83.60022,43.02025],[-83.60095,43.02014],[-83.60533,43.02005]]]}},{"type":"Feature","properties":{"name":"C-2 - General Business","category":"Commercial","_color":"#d9534f","_fillOpacity":0.4,"_weight":1,"_popupRows":[["Category","Commercial"]]},"geometry":{"type":"Polygon","coordinates":[[[-83.61034,43.02238],[-83.61031,43.02057],[-83.61191,43.02054],[-83.61189,43.01951],[-83.61249,43.01935],[-83.61381,43.01933],[-83.61386,43.02232],[-83.61423,43.02233],[-83.61292,43.02233],[-83.61125,43.02268],[-83.61065,43.02273],[-83.61034,43.02271],[-83.61034,43.02238]]]}},{"type":"Feature","properties":{"name":"C-2 - General Business","category":"Commercial","_color":"#d9534f","_fillOpacity":0.4,"_weight":1,"_popupRows":[["Category","Commercial"]]},"geometry":{"type":"Polygon","coordinates":[[[-83.59303,43.02429],[-83.593,43.02338],[-83.59519,43.02336],[-83.59522,43.02426],[-83.59531,43.02426],[-83.59532,43.02462],[-83.59304,43.02465],[-83.59303,43.02429]]]}},{"type":"Feature","properties":{"name":"C-2 - General Business","category":"Commercial","_color":"#d9534f","_fillOpacity":0.4,"_weight":1,"_popupRows":[["Category","Commercial"]]},"geometry":{"type":"Polygon","coordinates":[[[-83.58085,43.0251],[-83.58065,43.02013],[-83.58346,43.02034],[-83.58863,43.02029],[-83.58951,43.02036],[-83.59023,43.02054],[-83.59025,43.02159],[-83.58477,43.02168],[-83.58487,43.02507],[-83.58085,43.0251]]]}},{"type":"Feature","properties":{"name":"C-2 - General Business","category":"Commercial","_color":"#d9534f","_fillOpacity":0.4,"_weight":1,"_popupRows":[["Category","Commercial"]]},"geometry":{"type":"Polygon","coordinates":[[[-83.63046,43.03294],[-83.63043,43.03219],[-83.63414,43.03221],[-83.63412,43.032],[-83.63525,43.032],[-83.63529,43.03297],[-83.63046,43.03294]]]}},{"type":"Feature","properties":{"name":"C-2 - General Business","category":"Commercial","_color":"#d9534f","_fillOpacity":0.4,"_weight":1,"_popupRows":[["Category","Commercial"]]},"geometry":{"type":"Polygon","coordinates":[[[-83.62577,43.03297],[-83.6257,43.0313],[-83.62731,43.0313],[-83.62733,43.03164],[-83.63019,43.03162],[-83.63024,43.03295],[-83.62577,43.03297]]]}},{"type":"Feature","properties":{"name":"C-2 - General Business","category":"Commercial","_color":"#d9534f","_fillOpacity":0.4,"_weight":1,"_popupRows":[["Category","Commercial"]]},"geometry":{"type":"Polygon","coordinates":[[[-83.61555,43.03056],[-83.61565,43.03292],[-83.61561,43.03292],[-83.61555,43.03056]]]}},{"type":"Feature","properties":{"name":"C-2 - General Business","category":"Commercial","_color":"#d9534f","_fillOpacity":0.4,"_weight":1,"_popupRows":[["Category","Commercial"]]},"geometry":{"type":"Polygon","coordinates":[[[-83.60225,43.03249],[-83.603,43.03248],[-83.60301,43.03334],[-83.60226,43.03336],[-83.60225,43.03249]]]}},{"type":"Feature","properties":{"name":"C-2 - General Business","category":"Commercial","_color":"#d9534f","_fillOpacity":0.4,"_weight":1,"_popupRows":[["Category","Commercial"]]},"geometry":{"type":"Polygon","coordinates":[[[-83.59442,43.03265],[-83.59464,43.03265],[-83.59467,43.03348],[-83.59328,43.03348],[-83.59327,43.03265],[-83.59442,43.03265]]]}},{"type":"Feature","properties":{"name":"C-2 - General Business","category":"Commercial","_color":"#d9534f","_fillOpacity":0.4,"_weight":1,"_popupRows":[["Category","Commercial"]]},"geometry":{"type":"Polygon","coordinates":[[[-83.59667,43.03354],[-83.59666,43.03301],[-83.59592,43.03303],[-83.59587,43.0313],[-83.59929,43.03128],[-83.59929,43.03202],[-83.60124,43.03198],[-83.60122,43.03339],[-83.59667,43.03354]]]}},{"type":"Feature","properties":{"name":"C-2 - General Business","category":"Commercial","_color":"#d9534f","_fillOpacity":0.4,"_weight":1,"_popupRows":[["Category","Commercial"]]},"geometry":{"type":"Polygon","coordinates":[[[-83.62311,43.0337],[-83.62309,43.03324],[-83.62534,43.03325],[-83.62535,43.03367],[-83.62311,43.0337]]]}},{"type":"Feature","properties":{"name":"C-2 - General Business","category":"Commercial","_color":"#d9534f","_fillOpacity":0.4,"_weight":1,"_popupRows":[["Category","Commercial"]]},"geometry":{"type":"Polygon","coordinates":[[[-83.62145,43.03372],[-83.62143,43.03323],[-83.62286,43.03324],[-83.62288,43.03372],[-83.62145,43.03372]]]}},{"type":"Feature","properties":{"name":"C-2 - General Business","category":"Commercial","_color":"#d9534f","_fillOpacity":0.4,"_weight":1,"_popupRows":[["Category","Commercial"]]},"geometry":{"type":"Polygon","coordinates":[[[-83.61902,43.034],[-83.61565,43.03397],[-83.61562,43.03319],[-83.62121,43.03323],[-83.62123,43.03395],[-83.62049,43.03395],[-83.62048,43.03372],[-83.61948,43.03372],[-83.61949,43.03394],[-83.61901,43.03395],[-83.61902,43.034]]]}},{"type":"Feature","properties":{"name":"C-2 - General Business","category":"Commercial","_color":"#d9534f","_fillOpacity":0.4,"_weight":1,"_popupRows":[["Category","Commercial"]]},"geometry":{"type":"Polygon","coordinates":[[[-83.63257,43.03377],[-83.63255,43.03326],[-83.63326,43.03326],[-83.63329,43.03411],[-83.63353,43.03411],[-83.63353,43.03427],[-83.63259,43.03426],[-83.63257,43.03377]]]}},{"type":"Feature","properties":{"name":"C-2 - General Business","category":"Commercial","_color":"#d9534f","_fillOpacity":0.4,"_weight":1,"_popupRows":[["Category","Commercial"]]},"geometry":{"type":"Polygon","coordinates":[[[-83.62653,43.03412],[-83.62653,43.03388],[-83.62573,43.03388],[-83.62571,43.03326],[-83.62802,43.03323],[-83.62805,43.03581],[-83.62656,43.0358],[-83.62653,43.03412]]]}},{"type":"Feature","properties":{"name":"C-2 - General Business","category":"Commercial","_color":"#d9534f","_fillOpacity":0.4,"_weight":1,"_popupRows":[["Category","Commercial"]]},"geometry":{"type":"Polygon","coordinates":[[[-83.63471,43.03677],[-83.63468,43.03477],[-83.63533,43.03478],[-83.6354,43.03678],[-83.63534,43.03677],[-83.63535,43.03691],[-83.63471,43.03692],[-83.63471,43.03677]]]}},{"type":"Feature","properties":{"name":"C-2 - General Business","category":"Commercial","_color":"#d9534f","_fillOpacity":0.4,"_weight":1,"_popupRows":[["Category","Commercial"]]},"geometry":{"type":"Polygon","coordinates":[[[-83.63497,43.04243],[-83.63498,43.04218],[-83.63391,43.04218],[-83.63395,43.03886],[-83.63438,43.03887],[-83.63438,43.03873],[-83.6354,43.03874],[-83.63547,43.04257],[-83.63497,43.04257],[-83.63497,43.04243]]]}},{"type":"Feature","properties":{"name":"C-2 - General Business","category":"Commercial","_color":"#d9534f","_fillOpacity":0.4,"_weight":1,"_popupRows":[["Category","Commercial"]]},"geometry":{"type":"Polygon","coordinates":[[[-83.63494,43.04395],[-83.63494,43.04387],[-83.63547,43.04388],[-83.63547,43.04395],[-83.63556,43.04395],[-83.63557,43.04736],[-83.63127,43.04741],[-83.6312,43.04395],[-83.63494,43.04395]]]}},{"type":"Feature","properties":{"name":"C-3 - Highway Oriented Business","category":"Commercial","_color":"#d9534f","_fillOpacity":0.4,"_weight":1,"_popupRows":[["Category","Commercial"]]},"geometry":{"type":"Polygon","coordinates":[[[-83.65373,42.9612],[-83.65373,42.9609],[-83.65273,42.96085],[-83.65272,42.96032],[-83.65434,42.9603],[-83.65442,42.96387],[-83.65381,42.96388],[-83.65373,42.9612]]]}},{"type":"Feature","properties":{"name":"C-3 - Highway Oriented Business","category":"Commercial","_color":"#d9534f","_fillOpacity":0.4,"_weight":1,"_popupRows":[["Category","Commercial"]]},"geometry":{"type":"Polygon","coordinates":[[[-83.69176,42.97526],[-83.69174,42.97504],[-83.69152,42.97505],[-83.69149,42.97419],[-83.69215,42.97418],[-83.69218,42.97481],[-83.69196,42.97482],[-83.69198,42.97525],[-83.69176,42.97526]]]}},{"type":"Feature","properties":{"name":"C-3 - Highway Oriented Business","category":"Commercial","_color":"#d9534f","_fillOpacity":0.4,"_weight":1,"_popupRows":[["Category","Commercial"]]},"geometry":{"type":"Polygon","coordinates":[[[-83.62653,42.97395],[-83.62644,42.97149],[-83.62827,42.97146],[-83.6284,42.97494],[-83.62657,42.97497],[-83.62653,42.97395]]]}},{"type":"Feature","properties":{"name":"C-3 - Highway Oriented Business","category":"Commercial","_color":"#d9534f","_fillOpacity":0.4,"_weight":1,"_popupRows":[["Category","Commercial"]]},"geometry":{"type":"Polygon","coordinates":[[[-83.62052,42.97382],[-83.62329,42.97378],[-83.62333,42.97506],[-83.61858,42.97511],[-83.61853,42.97385],[-83.62052,42.97382]]]}},{"type":"Feature","properties":{"name":"C-3 - Highway Oriented Business","category":"Commercial","_color":"#d9534f","_fillOpacity":0.4,"_weight":1,"_popupRows":[["Category","Commercial"]]},"geometry":{"type":"Polygon","coordinates":[[[-83.63401,42.97512],[-83.63573,42.9751],[-83.63576,42.9765],[-83.63348,42.97653],[-83.63345,42.97513],[-83.63401,42.97512]]]}},{"type":"Feature","properties":{"name":"C-3 - Highway Oriented Business","category":"Commercial","_color":"#d9534f","_fillOpacity":0.4,"_weight":1,"_popupRows":[["Category","Commercial"]]},"geometry":{"type":"Polygon","coordinates":[[[-83.63408,42.99365],[-83.63406,42.99321],[-83.63486,42.99364],[-83.63408,42.99365]]]}},{"type":"Feature","properties":{"name":"C-3 - Highway Oriented Business","category":"Commercial","_color":"#d9534f","_fillOpacity":0.4,"_weight":1,"_popupRows":[["Category","Commercial"]]},"geometry":{"type":"Polygon","coordinates":[[[-83.63341,43.00835],[-83.63452,43.00832],[-83.63456,43.00946],[-83.63401,43.00948],[-83.63403,43.01],[-83.63347,43.01001],[-83.63341,43.00835]]]}},{"type":"Feature","properties":{"name":"C-3 - Highway Oriented Business","category":"Commercial","_color":"#d9534f","_fillOpacity":0.4,"_weight":1,"_popupRows":[["Category","Commercial"]]},"geometry":{"type":"Polygon","coordinates":[[[-83.59538,43.01199],[-83.59537,43.01183],[-83.59594,43.01181],[-83.59595,43.01198],[-83.59728,43.01195],[-83.59729,43.01217],[-83.59538,43.01222],[-83.59538,43.01199]]]}},{"type":"Feature","properties":{"name":"C-3 - Highway Oriented Business","category":"Commercial","_color":"#d9534f","_fillOpacity":0.4,"_weight":1,"_popupRows":[["Category","Commercial"]]},"geometry":{"type":"Polygon","coordinates":[[[-83.59372,43.01637],[-83.59501,43.01636],[-83.59502,43.01661],[-83.59283,43.01663],[-83.59282,43.01638],[-83.59372,43.01637]]]}},{"type":"Feature","properties":{"name":"C-3 - Highway Oriented Business","category":"Commercial","_color":"#d9534f","_fillOpacity":0.4,"_weight":1,"_popupRows":[["Category","Commercial"]]},"geometry":{"type":"Polygon","coordinates":[[[-83.59602,43.02257],[-83.59661,43.02255],[-83.59663,43.02361],[-83.59579,43.02363],[-83.59576,43.02271],[-83.59602,43.02257]]]}},{"type":"Feature","properties":{"name":"C-3 - Highway Oriented Business","category":"Commercial","_color":"#d9534f","_fillOpacity":0.4,"_weight":1,"_popupRows":[["Category","Commercial"]]},"geometry":{"type":"Polygon","coordinates":[[[-83.61487,43.0326],[-83.61529,43.03259],[-83.6153,43.03287],[-83.61488,43.03287],[-83.61487,43.0326]]]}},{"type":"Feature","properties":{"name":"C-3 - Highway Oriented Business","category":"Commercial","_color":"#d9534f","_fillOpacity":0.4,"_weight":1,"_popupRows":[["Category","Commercial"]]},"geometry":{"type":"Polygon","coordinates":[[[-83.6156,43.03126],[-83.62539,43.0313],[-83.62539,43.03229],[-83.62477,43.03229],[-83.6248,43.03297],[-83.61565,43.03292],[-83.6156,43.03126]]]}},{"type":"Feature","properties":{"name":"C-3 - Highway Oriented Business","category":"Commercial","_color":"#d9534f","_fillOpacity":0.4,"_weight":1,"_popupRows":[["Category","Commercial"]]},"geometry":{"type":"Polygon","coordinates":[[[-83.63104,43.03674],[-83.62991,43.03673],[-83.62987,43.03324],[-83.63236,43.03326],[-83.63239,43.03426],[-83.63099,43.03425],[-83.63104,43.03674]]]}},{"type":"Feature","properties":{"name":"C-4 - Planned Shopping Center","category":"Commercial","_color":"#d9534f","_fillOpacity":0.4,"_weight":1,"_popupRows":[["Category","Commercial"]]},"geometry":{"type":"Polygon","coordinates":[[[-83.69192,42.96013],[-83.69243,42.96012],[-83.69245,42.96052],[-83.69146,42.96054],[-83.69183,42.96013],[-83.69192,42.96013]]]}},{"type":"Feature","properties":{"name":"C-4 - Planned Shopping Center","category":"Commercial","_color":"#d9534f","_fillOpacity":0.4,"_weight":1,"_popupRows":[["Category","Commercial"]]},"geometry":{"type":"Polygon","coordinates":[[[-83.68384,42.97407],[-83.68353,42.97405],[-83.68353,42.97359],[-83.6827,42.97359],[-83.68268,42.97245],[-83.68748,42.97243],[-83.6875,42.97321],[-83.68704,42.97322],[-83.68705,42.97407],[-83.68384,42.97407]]]}},{"type":"Feature","properties":{"name":"C-4 - Planned Shopping Center","category":"Commercial","_color":"#d9534f","_fillOpacity":0.4,"_weight":1,"_popupRows":[["Category","Commercial"]]},"geometry":{"type":"Polygon","coordinates":[[[-83.6796,42.97357],[-83.68009,42.97355],[-83.67989,42.97398],[-83.67989,42.97414],[-83.67915,42.97416],[-83.67914,42.97357],[-83.6796,42.97357]]]}},{"type":"Feature","properties":{"name":"C-4 - Planned Shopping Center","category":"Commercial","_color":"#d9534f","_fillOpacity":0.4,"_weight":1,"_popupRows":[["Category","Commercial"]]},"geometry":{"type":"Polygon","coordinates":[[[-83.67761,42.9736],[-83.67906,42.97357],[-83.67908,42.97416],[-83.67763,42.97419],[-83.67761,42.9736]]]}},{"type":"Feature","properties":{"name":"C-4 - Planned Shopping Center","category":"Commercial","_color":"#d9534f","_fillOpacity":0.4,"_weight":1,"_popupRows":[["Category","Commercial"]]},"geometry":{"type":"Polygon","coordinates":[[[-83.63408,42.99199],[-83.63482,42.99198],[-83.63485,42.99292],[-83.6341,42.99269],[-83.63408,42.99199]]]}},{"type":"Feature","properties":{"name":"C-4 - Planned Shopping Center","category":"Commercial","_color":"#d9534f","_fillOpacity":0.4,"_weight":1,"_popupRows":[["Category","Commercial"]]},"geometry":{"type":"Polygon","coordinates":[[[-83.63486,42.99651],[-83.6352,42.9965],[-83.63531,42.99795],[-83.63425,42.99796],[-83.6342,42.99653],[-83.63486,42.99651]]]}},{"type":"Feature","properties":{"name":"C-4 - Planned Shopping Center","category":"Commercial","_color":"#d9534f","_fillOpacity":0.4,"_weight":1,"_popupRows":[["Category","Commercial"]]},"geometry":{"type":"Polygon","coordinates":[[[-83.63036,43.00932],[-83.63034,43.00793],[-83.63216,43.00794],[-83.63213,43.00695],[-83.63354,43.00697],[-83.63356,43.00753],[-83.63449,43.0075],[-83.63452,43.00832],[-83.63218,43.00839],[-83.63222,43.01004],[-83.63037,43.01009],[-83.63036,43.00932]]]}},{"type":"Feature","properties":{"name":"C-4 - Planned Shopping Center","category":"Commercial","_color":"#d9534f","_fillOpacity":0.4,"_weight":1,"_popupRows":[["Category","Commercial"]]},"geometry":{"type":"Polygon","coordinates":[[[-83.60535,43.00948],[-83.60681,43.00946],[-83.60684,43.01059],[-83.60528,43.0106],[-83.60522,43.00958],[-83.60535,43.00948]]]}},{"type":"Feature","properties":{"name":"C-4 - Planned Shopping Center","category":"Commercial","_color":"#d9534f","_fillOpacity":0.4,"_weight":1,"_popupRows":[["Category","Commercial"]]},"geometry":{"type":"Polygon","coordinates":[[[-83.63339,43.01159],[-83.63455,43.01159],[-83.6343,43.01277],[-83.6338,43.01315],[-83.63338,43.01321],[-83.63339,43.01159]]]}},{"type":"Feature","properties":{"name":"C-4 - Planned Shopping Center","category":"Commercial","_color":"#d9534f","_fillOpacity":0.4,"_weight":1,"_popupRows":[["Category","Commercial"]]},"geometry":{"type":"Polygon","coordinates":[[[-83.62516,43.01862],[-83.62508,43.01476],[-83.62817,43.01444],[-83.63045,43.01455],[-83.63169,43.01498],[-83.63341,43.01583],[-83.6341,43.01582],[-83.63475,43.01634],[-83.63482,43.01865],[-83.62516,43.01862]]]}},{"type":"Feature","properties":{"name":"C-4 - Planned Shopping Center","category":"Commercial","_color":"#d9534f","_fillOpacity":0.4,"_weight":1,"_popupRows":[["Category","Commercial"]]},"geometry":{"type":"Polygon","coordinates":[[[-83.62361,43.01884],[-83.62403,43.01887],[-83.62406,43.01951],[-83.62362,43.01951],[-83.62361,43.01884]]]}},{"type":"Feature","properties":{"name":"C-4 - Planned Shopping Center","category":"Commercial","_color":"#d9534f","_fillOpacity":0.4,"_weight":1,"_popupRows":[["Category","Commercial"]]},"geometry":{"type":"Polygon","coordinates":[[[-83.62937,43.01882],[-83.62993,43.01882],[-83.62996,43.01984],[-83.62951,43.01953],[-83.62938,43.01931],[-83.62937,43.01882]]]}},{"type":"Feature","properties":{"name":"C-4 - Planned Shopping Center","category":"Commercial","_color":"#d9534f","_fillOpacity":0.4,"_weight":1,"_popupRows":[["Category","Commercial"]]},"geometry":{"type":"Polygon","coordinates":[[[-83.6266,43.02129],[-83.62633,43.02119],[-83.62596,43.02126],[-83.62555,43.02121],[-83.6255,43.02065],[-83.62538,43.02045],[-83.6252,43.02048],[-83.62515,43.01881],[-83.62906,43.01882],[-83.62908,43.01925],[-83.62929,43.0196],[-83.6296,43.01982],[-83.62974,43.02005],[-83.62979,43.0214],[-83.62674,43.02144],[-83.6266,43.02129]]]}},{"type":"Feature","properties":{"name":"C-4 - Planned Shopping Center","category":"Commercial","_color":"#d9534f","_fillOpacity":0.4,"_weight":1,"_popupRows":[["Category","Commercial"]]},"geometry":{"type":"Polygon","coordinates":[[[-83.5936,43.02338],[-83.59358,43.02257],[-83.59379,43.02266],[-83.59514,43.02264],[-83.59519,43.02336],[-83.5936,43.02338]]]}},{"type":"Feature","properties":{"name":"C-4 - Planned Shopping Center","category":"Commercial","_color":"#d9534f","_fillOpacity":0.4,"_weight":1,"_popupRows":[["Category","Commercial"]]},"geometry":{"type":"Polygon","coordinates":[[[-83.63397,43.03444],[-83.63396,43.03427],[-83.63353,43.03427],[-83.63353,43.03411],[-83.63329,43.03411],[-83.63326,43.03326],[-83.63528,43.03328],[-83.63533,43.03478],[-83.63397,43.03477],[-83.63397,43.03444]]]}},{"type":"Feature","properties":{"name":"HRM - High Rise / Multiple Family Residential","category":"Residential","_color":"#f2c84b","_fillOpacity":0.4,"_weight":1,"_popupRows":[["Category","Residential"]]},"geometry":{"type":"Polygon","coordinates":[[[-83.67973,42.96279],[-83.67969,42.96201],[-83.67858,42.96203],[-83.67857,42.96169],[-83.67848,42.96169],[-83.67847,42.96125],[-83.6818,42.96119],[-83.68182,42.96172],[-83.68192,42.96172],[-83.68199,42.9634],[-83.67863,42.96345],[-83.67861,42.96281],[-83.67973,42.96279]]]}},{"type":"Feature","properties":{"name":"HRM - High Rise / Multiple Family Residential","category":"Residential","_color":"#f2c84b","_fillOpacity":0.4,"_weight":1,"_popupRows":[["Category","Residential"]]},"geometry":{"type":"Polygon","coordinates":[[[-83.62657,42.99291],[-83.62646,42.9897],[-83.62897,42.98969],[-83.62913,42.99435],[-83.62662,42.99437],[-83.62657,42.99291]]]}},{"type":"Feature","properties":{"name":"HRM - High Rise / Multiple Family Residential","category":"Residential","_color":"#f2c84b","_fillOpacity":0.4,"_weight":1,"_popupRows":[["Category","Residential"]]},"geometry":{"type":"Polygon","coordinates":[[[-83.62981,42.99874],[-83.6297,42.99582],[-83.63391,42.9958],[-83.63395,42.99685],[-83.6326,42.99686],[-83.63262,42.99737],[-83.63398,42.99736],[-83.63399,42.99768],[-83.63264,42.99769],[-83.63268,42.99841],[-83.63206,42.99841],[-83.63203,42.99873],[-83.63405,42.99871],[-83.63411,42.99962],[-83.62985,42.99964],[-83.62981,42.99874]]]}},{"type":"Feature","properties":{"name":"HRM - High Rise / Multiple Family Residential","category":"Residential","_color":"#f2c84b","_fillOpacity":0.4,"_weight":1,"_popupRows":[["Category","Residential"]]},"geometry":{"type":"Polygon","coordinates":[[[-83.63536,43.00075],[-83.638,43.00067],[-83.6382,43.00342],[-83.63553,43.00348],[-83.63536,43.00075]]]}},{"type":"Feature","properties":{"name":"M-1 - Light Industrial","category":"Industrial","_color":"#9b6fb0","_fillOpacity":0.4,"_weight":1,"_popupRows":[["Category","Industrial"]]},"geometry":{"type":"Polygon","coordinates":[[[-83.66951,42.96166],[-83.66856,42.96079],[-83.66886,42.9606],[-83.66881,42.96056],[-83.66904,42.96056],[-83.66904,42.96011],[-83.67524,42.96001],[-83.6753,42.96156],[-83.67033,42.96166],[-83.67032,42.96146],[-83.66978,42.96148],[-83.66951,42.96166]]]}},{"type":"Feature","properties":{"name":"M-1 - Light Industrial","category":"Industrial","_color":"#9b6fb0","_fillOpacity":0.4,"_weight":1,"_popupRows":[["Category","Industrial"]]},"geometry":{"type":"Polygon","coordinates":[[[-83.65897,42.96798],[-83.65936,42.96798],[-83.65942,42.96948],[-83.65867,42.96949],[-83.65859,42.96798],[-83.65897,42.96798]]]}},{"type":"Feature","properties":{"name":"M-1 - Light Industrial","category":"Industrial","_color":"#9b6fb0","_fillOpacity":0.4,"_weight":1,"_popupRows":[["Category","Industrial"]]},"geometry":{"type":"Polygon","coordinates":[[[-83.64819,42.97081],[-83.6478,42.96037],[-83.65225,42.96033],[-83.6526,42.97078],[-83.64819,42.97081]]]}},{"type":"Feature","properties":{"name":"M-1 - Light Industrial","category":"Industrial","_color":"#9b6fb0","_fillOpacity":0.4,"_weight":1,"_popupRows":[["Category","Industrial"]]},"geometry":{"type":"Polygon","coordinates":[[[-83.65641,42.96968],[-83.65632,42.96751],[-83.65754,42.96749],[-83.65768,42.97098],[-83.65647,42.97098],[-83.65641,42.96968]]]}},{"type":"Feature","properties":{"name":"M-1 - Light Industrial","category":"Industrial","_color":"#9b6fb0","_fillOpacity":0.4,"_weight":1,"_popupRows":[["Category","Industrial"]]},"geometry":{"type":"Polygon","coordinates":[[[-83.67908,42.97416],[-83.67906,42.97357],[-83.67761,42.9736],[-83.6774,42.96713],[-83.68185,42.96709],[-83.68155,42.96991],[-83.68109,42.97199],[-83.68108,42.97398],[-83.6809,42.97412],[-83.68026,42.97413],[-83.68026,42.97396],[-83.68043,42.97362],[-83.68034,42.97362],[-83.68024,42.97097],[-83.68046,42.96845],[-83.68029,42.96825],[-83.68,42.96813],[-83.6789,42.96814],[-83.6787,42.96807],[-83.67852,42.96818],[-83.67854,42.96832],[-83.6787,42.9684],[-83.67892,42.96832],[-83.67995,42.96833],[-83.68014,42.96843],[-83.68022,42.96859],[-83.68004,42.97],[-83.67897,42.96997],[-83.67877,42.96989],[-83.67856,42.97002],[-83.6786,42.97014],[-83.67873,42.97021],[-83.67896,42.97016],[-83.67992,42.97023],[-83.68002,42.97031],[-83.68009,42.97355],[-83.67914,42.97357],[-83.67915,42.97416],[-83.67908,42.97416]]]}},{"type":"Feature","properties":{"name":"M-1 - Light Industrial","category":"Industrial","_color":"#9b6fb0","_fillOpacity":0.4,"_weight":1,"_popupRows":[["Category","Industrial"]]},"geometry":{"type":"Polygon","coordinates":[[[-83.65725,42.97451],[-83.65459,42.97192],[-83.65315,42.97028],[-83.65295,42.96995],[-83.65286,42.96751],[-83.65603,42.96751],[-83.65606,42.96832],[-83.65481,42.96834],[-83.65486,42.96972],[-83.65612,42.96969],[-83.65618,42.97098],[-83.65538,42.97099],[-83.65737,42.97281],[-83.65763,42.97317],[-83.65776,42.97317],[-83.65781,42.9745],[-83.65725,42.97451]]]}},{"type":"Feature","properties":{"name":"M-1 - Light Industrial","category":"Industrial","_color":"#9b6fb0","_fillOpacity":0.4,"_weight":1,"_popupRows":[["Category","Industrial"]]},"geometry":{"type":"Polygon","coordinates":[[[-83.65311,42.97456],[-83.65297,42.97065],[-83.65359,42.97138],[-83.65679,42.97451],[-83.65311,42.97456]]]}},{"type":"Feature","properties":{"name":"M-1 - Light Industrial","category":"Industrial","_color":"#9b6fb0","_fillOpacity":0.4,"_weight":1,"_popupRows":[["Category","Industrial"]]},"geometry":{"type":"Polygon","coordinates":[[[-83.65141,42.97237],[-83.65261,42.97234],[-83.65264,42.97324],[-83.65145,42.97326],[-83.65147,42.9738],[-83.65086,42.97381],[-83.6509,42.97457],[-83.64834,42.97461],[-83.64826,42.97242],[-83.65141,42.97237]]]}},{"type":"Feature","properties":{"name":"M-1 - Light Industrial","category":"Industrial","_color":"#9b6fb0","_fillOpacity":0.4,"_weight":1,"_popupRows":[["Category","Industrial"]]},"geometry":{"type":"Polygon","coordinates":[[[-83.63563,42.97397],[-83.63556,42.97309],[-83.63448,42.97311],[-83.63438,42.97092],[-83.6355,42.9709],[-83.63549,42.97074],[-83.63413,42.97077],[-83.63394,42.96516],[-83.63844,42.96512],[-83.63849,42.96667],[-83.6407,42.96638],[-83.64066,42.96509],[-83.64145,42.96508],[-83.64147,42.96586],[-83.64293,42.96584],[-83.64299,42.96958],[-83.64264,42.96957],[-83.64254,42.96946],[-83.64257,42.96934],[-83.64238,42.96926],[-83.64217,42.96966],[-83.6406,42.96968],[-83.64063,42.97476],[-83.63558,42.97483],[-83.63563,42.97397]]]}},{"type":"Feature","properties":{"name":"M-1 - Light Industrial","category":"Industrial","_color":"#9b6fb0","_fillOpacity":0.4,"_weight":1,"_popupRows":[["Category","Industrial"]]},"geometry":{"type":"Polygon","coordinates":[[[-83.66475,42.98168],[-83.66107,42.97813],[-83.66104,42.97749],[-83.66609,42.97742],[-83.6661,42.97755],[-83.6681,42.97752],[-83.66852,42.97733],[-83.66879,42.97689],[-83.66892,42.97681],[-83.67101,42.97677],[-83.67192,42.98158],[-83.66804,42.98163],[-83.66786,42.97849],[-83.66763,42.9785],[-83.66776,42.98097],[-83.66733,42.98098],[-83.66735,42.98164],[-83.66475,42.98168]]]}},{"type":"Feature","properties":{"name":"M-1 - Light Industrial","category":"Industrial","_color":"#9b6fb0","_fillOpacity":0.4,"_weight":1,"_popupRows":[["Category","Industrial"]]},"geometry":{"type":"Polygon","coordinates":[[[-83.65753,42.98174],[-83.65744,42.97933],[-83.65595,42.97935],[-83.65595,42.97921],[-83.65419,42.97924],[-83.65408,42.97703],[-83.65543,42.97701],[-83.65653,42.97724],[-83.66063,42.97929],[-83.66065,42.97969],[-83.65981,42.9797],[-83.65988,42.98172],[-83.65753,42.98174]]]}},{"type":"Feature","properties":{"name":"M-1 - Light Industrial","category":"Industrial","_color":"#9b6fb0","_fillOpacity":0.4,"_weight":1,"_popupRows":[["Category","Industrial"]]},"geometry":{"type":"Polygon","coordinates":[[[-83.63728,42.9788],[-83.63727,42.97852],[-83.63581,42.97853],[-83.63573,42.9751],[-83.64059,42.97504],[-83.64073,42.98201],[-83.6393,42.98203],[-83.6393,42.98214],[-83.63735,42.98219],[-83.63728,42.9788]]]}},{"type":"Feature","properties":{"name":"M-1 - Light Industrial","category":"Industrial","_color":"#9b6fb0","_fillOpacity":0.4,"_weight":1,"_popupRows":[["Category","Industrial"]]},"geometry":{"type":"Polygon","coordinates":[[[-83.64887,42.9891],[-83.64863,42.9821],[-83.64975,42.98209],[-83.64979,42.98534],[-83.6502,42.98533],[-83.65033,42.98865],[-83.64983,42.98866],[-83.64984,42.98909],[-83.64887,42.9891]]]}},{"type":"Feature","properties":{"name":"M-1 - Light Industrial","category":"Industrial","_color":"#9b6fb0","_fillOpacity":0.4,"_weight":1,"_popupRows":[["Category","Industrial"]]},"geometry":{"type":"Polygon","coordinates":[[[-83.6381,42.98885],[-83.63804,42.98738],[-83.63857,42.98737],[-83.63906,42.98852],[-83.63909,42.98928],[-83.63812,42.9893],[-83.6381,42.98885]]]}},{"type":"Feature","properties":{"name":"M-1 - Light Industrial","category":"Industrial","_color":"#9b6fb0","_fillOpacity":0.4,"_weight":1,"_popupRows":[["Category","Industrial"]]},"geometry":{"type":"Polygon","coordinates":[[[-83.63216,43.00794],[-83.63034,43.00793],[-83.63029,43.00431],[-83.6315,43.00435],[-83.63159,43.00667],[-83.63175,43.0069],[-83.63213,43.00695],[-83.63216,43.00794]]]}},{"type":"Feature","properties":{"name":"M-1 - Light Industrial","category":"Industrial","_color":"#9b6fb0","_fillOpacity":0.4,"_weight":1,"_popupRows":[["Category","Industrial"]]},"geometry":{"type":"Polygon","coordinates":[[[-83.63353,43.02399],[-83.63493,43.02333],[-83.63502,43.0259],[-83.63407,43.02592],[-83.63366,43.02569],[-83.63335,43.0254],[-83.63317,43.02506],[-83.63313,43.0247],[-83.63327,43.02433],[-83.63353,43.02399]]]}},{"type":"Feature","properties":{"name":"M-1 - Light Industrial","category":"Industrial","_color":"#9b6fb0","_fillOpacity":0.4,"_weight":1,"_popupRows":[["Category","Industrial"]]},"geometry":{"type":"Polygon","coordinates":[[[-83.63,43.02088],[-83.6321,43.0209],[-83.6321,43.02105],[-83.6348,43.02105],[-83.63485,43.02238],[-83.63336,43.02296],[-83.63076,43.02292],[-83.63076,43.02311],[-83.6334,43.02315],[-83.63486,43.02257],[-83.63487,43.02305],[-83.63308,43.02388],[-83.6312,43.02459],[-83.62887,43.02524],[-83.6257,43.02579],[-83.61542,43.02588],[-83.6154,43.02497],[-83.62837,43.02489],[-83.63013,43.0244],[-83.63,43.02088]]]}},{"type":"Feature","properties":{"name":"M-1 - Light Industrial","category":"Industrial","_color":"#9b6fb0","_fillOpacity":0.4,"_weight":1,"_popupRows":[["Category","Industrial"]]},"geometry":{"type":"Polygon","coordinates":[[[-83.63293,43.02426],[-83.63323,43.02414],[-83.633,43.02459],[-83.63302,43.02509],[-83.63326,43.02552],[-83.63381,43.02593],[-83.63381,43.02602],[-83.62712,43.02608],[-83.62694,43.02588],[-83.63007,43.02523],[-83.63293,43.02426]]]}},{"type":"Feature","properties":{"name":"M-1 - Light Industrial","category":"Industrial","_color":"#9b6fb0","_fillOpacity":0.4,"_weight":1,"_popupRows":[["Category","Industrial"]]},"geometry":{"type":"Polygon","coordinates":[[[-83.60302,43.02495],[-83.603,43.02477],[-83.59571,43.02482],[-83.5957,43.02412],[-83.59579,43.02411],[-83.59579,43.02363],[-83.59663,43.02361],[-83.59661,43.02255],[-83.61034,43.02238],[-83.61034,43.02271],[-83.61065,43.02273],[-83.61125,43.02268],[-83.61292,43.02233],[-83.61423,43.02233],[-83.61425,43.02358],[-83.615,43.02356],[-83.61506,43.02607],[-83.59574,43.0262],[-83.59572,43.02499],[-83.60302,43.02495]]]}},{"type":"Feature","properties":{"name":"M-1 - Light Industrial","category":"Industrial","_color":"#9b6fb0","_fillOpacity":0.4,"_weight":1,"_popupRows":[["Category","Industrial"]]},"geometry":{"type":"Polygon","coordinates":[[[-83.5849,43.02516],[-83.59533,43.02508],[-83.59536,43.02611],[-83.59283,43.0262],[-83.58227,43.02627],[-83.58018,43.02639],[-83.58018,43.02567],[-83.58085,43.02518],[-83.5849,43.02516]]]}},{"type":"Feature","properties":{"name":"M-1 - Light Industrial","category":"Industrial","_color":"#9b6fb0","_fillOpacity":0.4,"_weight":1,"_popupRows":[["Category","Industrial"]]},"geometry":{"type":"Polygon","coordinates":[[[-83.61371,43.0263],[-83.61507,43.02629],[-83.61509,43.02712],[-83.61372,43.02712],[-83.61371,43.0263]]]}},{"type":"Feature","properties":{"name":"M-1 - Light Industrial","category":"Industrial","_color":"#9b6fb0","_fillOpacity":0.4,"_weight":1,"_popupRows":[["Category","Industrial"]]},"geometry":{"type":"Polygon","coordinates":[[[-83.59342,43.02853],[-83.59341,43.02817],[-83.59279,43.02818],[-83.59275,43.02647],[-83.59537,43.02645],[-83.59542,43.02851],[-83.59342,43.02853]]]}},{"type":"Feature","properties":{"name":"M-1 - Light Industrial","category":"Industrial","_color":"#9b6fb0","_fillOpacity":0.4,"_weight":1,"_popupRows":[["Category","Industrial"]]},"geometry":{"type":"Polygon","coordinates":[[[-83.63413,43.03159],[-83.63524,43.03159],[-83.63525,43.032],[-83.63412,43.032],[-83.63413,43.03159]]]}},{"type":"Feature","properties":{"name":"M-1 - Light Industrial","category":"Industrial","_color":"#9b6fb0","_fillOpacity":0.4,"_weight":1,"_popupRows":[["Category","Industrial"]]},"geometry":{"type":"Polygon","coordinates":[[[-83.6287,43.03672],[-83.62791,43.03671],[-83.62789,43.03581],[-83.62805,43.03581],[-83.62802,43.03323],[-83.62987,43.03324],[-83.62991,43.03673],[-83.6287,43.03672]]]}},{"type":"Feature","properties":{"name":"M-2 - General Industrial","category":"Industrial","_color":"#9b6fb0","_fillOpacity":0.4,"_weight":1,"_popupRows":[["Category","Industrial"]]},"geometry":{"type":"Polygon","coordinates":[[[-83.65817,42.96799],[-83.65859,42.96798],[-83.65867,42.96949],[-83.65762,42.9695],[-83.65756,42.968],[-83.65817,42.96799]]]}},{"type":"Feature","properties":{"name":"M-2 - General Industrial","category":"Industrial","_color":"#9b6fb0","_fillOpacity":0.4,"_weight":1,"_popupRows":[["Category","Industrial"]]},"geometry":{"type":"Polygon","coordinates":[[[-83.65559,42.96833],[-83.65606,42.96832],[-83.65612,42.96969],[-83.65486,42.96972],[-83.65481,42.96834],[-83.65559,42.96833]]]}},{"type":"Feature","properties":{"name":"M-2 - General Industrial","category":"Industrial","_color":"#9b6fb0","_fillOpacity":0.4,"_weight":1,"_popupRows":[["Category","Industrial"]]},"geometry":{"type":"Polygon","coordinates":[[[-83.64861,42.9708],[-83.65248,42.97074],[-83.65255,42.97077],[-83.6526,42.97218],[-83.64825,42.97225],[-83.64819,42.97082],[-83.64861,42.9708]]]}},{"type":"Feature","properties":{"name":"M-2 - General Industrial","category":"Industrial","_color":"#9b6fb0","_fillOpacity":0.4,"_weight":1,"_popupRows":[["Category","Industrial"]]},"geometry":{"type":"Polygon","coordinates":[[[-83.64555,42.96955],[-83.64299,42.96958],[-83.64293,42.96584],[-83.64531,42.96582],[-83.64509,42.96039],[-83.64743,42.96037],[-83.64798,42.97464],[-83.64559,42.97467],[-83.64555,42.96955]]]}},{"type":"Feature","properties":{"name":"M-2 - General Industrial","category":"Industrial","_color":"#9b6fb0","_fillOpacity":0.4,"_weight":1,"_popupRows":[["Category","Industrial"]]},"geometry":{"type":"Polygon","coordinates":[[[-83.64457,42.96973],[-83.64514,42.96973],[-83.64532,42.96989],[-83.64537,42.97468],[-83.64238,42.97472],[-83.64236,42.96988],[-83.64254,42.96977],[-83.64457,42.96973]]]}},{"type":"Feature","properties":{"name":"M-2 - General Industrial","category":"Industrial","_color":"#9b6fb0","_fillOpacity":0.4,"_weight":1,"_popupRows":[["Category","Industrial"]]},"geometry":{"type":"Polygon","coordinates":[[[-83.6406,42.96968],[-83.64217,42.96966],[-83.64211,42.97009],[-83.64215,42.97473],[-83.64063,42.97476],[-83.6406,42.96968]]]}},{"type":"Feature","properties":{"name":"M-2 - General Industrial","category":"Industrial","_color":"#9b6fb0","_fillOpacity":0.4,"_weight":1,"_popupRows":[["Category","Industrial"]]},"geometry":{"type":"Polygon","coordinates":[[[-83.65675,42.97608],[-83.6532,42.97614],[-83.65315,42.9748],[-83.65708,42.97475],[-83.65882,42.9765],[-83.65782,42.9762],[-83.65675,42.97608]]]}},{"type":"Feature","properties":{"name":"M-2 - General Industrial","category":"Industrial","_color":"#9b6fb0","_fillOpacity":0.4,"_weight":1,"_popupRows":[["Category","Industrial"]]},"geometry":{"type":"Polygon","coordinates":[[[-83.65196,42.97482],[-83.65272,42.97481],[-83.65277,42.97617],[-83.65129,42.97622],[-83.65016,42.97651],[-83.64916,42.9771],[-83.64878,42.97748],[-83.64849,42.97791],[-83.64835,42.97489],[-83.65196,42.97482]]]}},{"type":"Feature","properties":{"name":"M-2 - General Industrial","category":"Industrial","_color":"#9b6fb0","_fillOpacity":0.4,"_weight":1,"_popupRows":[["Category","Industrial"]]},"geometry":{"type":"Polygon","coordinates":[[[-83.66038,42.97471],[-83.6609,42.9747],[-83.66107,42.97813],[-83.65757,42.97474],[-83.66038,42.97471]]]}},{"type":"Feature","properties":{"name":"M-2 - General Industrial","category":"Industrial","_color":"#9b6fb0","_fillOpacity":0.4,"_weight":1,"_popupRows":[["Category","Industrial"]]},"geometry":{"type":"Polygon","coordinates":[[[-83.6552,42.97678],[-83.65322,42.97683],[-83.65321,42.97642],[-83.65696,42.97637],[-83.65815,42.97656],[-83.65932,42.977],[-83.66111,42.97879],[-83.66114,42.97937],[-83.66041,42.97888],[-83.6571,42.97723],[-83.65618,42.97693],[-83.6552,42.97678]]]}},{"type":"Feature","properties":{"name":"M-2 - General Industrial","category":"Industrial","_color":"#9b6fb0","_fillOpacity":0.4,"_weight":1,"_popupRows":[["Category","Industrial"]]},"geometry":{"type":"Polygon","coordinates":[[[-83.64951,42.9772],[-83.65014,42.97683],[-83.65092,42.97657],[-83.65159,42.97647],[-83.65279,42.97644],[-83.65289,42.97927],[-83.65061,42.97927],[-83.65051,42.97761],[-83.65062,42.97736],[-83.65055,42.97725],[-83.6504,42.97721],[-83.65023,42.97726],[-83.65016,42.97738],[-83.65028,42.97761],[-83.65034,42.97926],[-83.64871,42.97932],[-83.64867,42.97832],[-83.64901,42.9777],[-83.64951,42.9772]]]}},{"type":"Feature","properties":{"name":"M-2 - General Industrial","category":"Industrial","_color":"#9b6fb0","_fillOpacity":0.4,"_weight":1,"_popupRows":[["Category","Industrial"]]},"geometry":{"type":"Polygon","coordinates":[[[-83.64602,42.97972],[-83.64622,42.97971],[-83.64624,42.98032],[-83.64571,42.98033],[-83.64568,42.97973],[-83.64602,42.97972]]]}},{"type":"Feature","properties":{"name":"M-2 - General Industrial","category":"Industrial","_color":"#9b6fb0","_fillOpacity":0.4,"_weight":1,"_popupRows":[["Category","Industrial"]]},"geometry":{"type":"Polygon","coordinates":[[[-83.64367,42.97978],[-83.64383,42.97978],[-83.64385,42.98007],[-83.64352,42.98008],[-83.64354,42.98039],[-83.64293,42.9804],[-83.6429,42.9798],[-83.64367,42.97978]]]}},{"type":"Feature","properties":{"name":"M-2 - General Industrial","category":"Industrial","_color":"#9b6fb0","_fillOpacity":0.4,"_weight":1,"_popupRows":[["Category","Industrial"]]},"geometry":{"type":"Polygon","coordinates":[[[-83.66734,42.98154],[-83.66733,42.98098],[-83.66776,42.98097],[-83.6678,42.98164],[-83.66735,42.98164],[-83.66734,42.98154]]]}},{"type":"Feature","properties":{"name":"M-2 - General Industrial","category":"Industrial","_color":"#9b6fb0","_fillOpacity":0.4,"_weight":1,"_popupRows":[["Category","Industrial"]]},"geometry":{"type":"Polygon","coordinates":[[[-83.65208,42.97946],[-83.65289,42.97944],[-83.65299,42.98182],[-83.64881,42.98188],[-83.64872,42.97951],[-83.65208,42.97946]]]}},{"type":"Feature","properties":{"name":"M-2 - General Industrial","category":"Industrial","_color":"#9b6fb0","_fillOpacity":0.4,"_weight":1,"_popupRows":[["Category","Industrial"]]},"geometry":{"type":"Polygon","coordinates":[[[-83.64643,42.97972],[-83.64642,42.97955],[-83.64064,42.97969],[-83.64059,42.97706],[-83.64067,42.97706],[-83.64059,42.97504],[-83.64799,42.97494],[-83.64811,42.97849],[-83.64794,42.97849],[-83.64806,42.9819],[-83.64653,42.98192],[-83.64643,42.97972]]]}},{"type":"Feature","properties":{"name":"M-2 - General Industrial","category":"Industrial","_color":"#9b6fb0","_fillOpacity":0.4,"_weight":1,"_popupRows":[["Category","Industrial"]]},"geometry":{"type":"Polygon","coordinates":[[[-83.64807,42.98213],[-83.64826,42.98213],[-83.64851,42.98911],[-83.64675,42.98913],[-83.64652,42.98215],[-83.64807,42.98213]]]}},{"type":"Feature","properties":{"name":"M-2 - General Industrial","category":"Industrial","_color":"#9b6fb0","_fillOpacity":0.4,"_weight":1,"_popupRows":[["Category","Industrial"]]},"geometry":{"type":"Polygon","coordinates":[[[-83.64609,42.98216],[-83.6463,42.98215],[-83.64653,42.98913],[-83.64322,42.98921],[-83.6435,42.98811],[-83.64331,42.98219],[-83.64609,42.98216]]]}},{"type":"Feature","properties":{"name":"M-2 - General Industrial","category":"Industrial","_color":"#9b6fb0","_fillOpacity":0.4,"_weight":1,"_popupRows":[["Category","Industrial"]]},"geometry":{"type":"Polygon","coordinates":[[[-83.62553,43.03297],[-83.6255,43.03229],[-83.62539,43.03229],[-83.62539,43.0313],[-83.6156,43.03126],[-83.61547,43.02635],[-83.63503,43.0262],[-83.63524,43.03159],[-83.63412,43.03159],[-83.63414,43.03221],[-83.63043,43.03219],[-83.63041,43.03162],[-83.62733,43.03164],[-83.62731,43.0313],[-83.6257,43.0313],[-83.62577,43.03297],[-83.62553,43.03297]]]}},{"type":"Feature","properties":{"name":"P-1 - Vehicle Parking","category":"Parking","_color":"#9e9e9e","_fillOpacity":0.4,"_weight":1,"_popupRows":[["Category","Parking"]]},"geometry":{"type":"Polygon","coordinates":[[[-83.69152,42.97505],[-83.69174,42.97504],[-83.69176,42.97534],[-83.69154,42.97535],[-83.69152,42.97505]]]}},{"type":"Feature","properties":{"name":"P-1 - Vehicle Parking","category":"Parking","_color":"#9e9e9e","_fillOpacity":0.4,"_weight":1,"_popupRows":[["Category","Parking"]]},"geometry":{"type":"Polygon","coordinates":[[[-83.59794,43.01023],[-83.59837,43.01023],[-83.59837,43.01042],[-83.59794,43.01042],[-83.59794,43.01023]]]}},{"type":"Feature","properties":{"name":"R-1A - Single Family Residential","category":"Residential","_color":"#f2c84b","_fillOpacity":0.4,"_weight":1,"_popupRows":[["Category","Residential"]]},"geometry":{"type":"Polygon","coordinates":[[[-83.59509,42.96119],[-83.59615,42.96117],[-83.59615,42.96159],[-83.59511,42.96166],[-83.59509,42.96119]]]}},{"type":"Feature","properties":{"name":"R-1A - Single Family Residential","category":"Residential","_color":"#f2c84b","_fillOpacity":0.4,"_weight":1,"_popupRows":[["Category","Residential"]]},"geometry":{"type":"Polygon","coordinates":[[[-83.57896,42.96334],[-83.57862,42.96295],[-83.57707,42.96183],[-83.57687,42.96148],[-83.57718,42.96148],[-83.57935,42.96302],[-83.57936,42.96357],[-83.57892,42.96358],[-83.579,42.96346],[-83.57896,42.96334]]]}},{"type":"Feature","properties":{"name":"R-1A - Single Family Residential","category":"Residential","_color":"#f2c84b","_fillOpacity":0.4,"_weight":1,"_popupRows":[["Category","Residential"]]},"geometry":{"type":"Polygon","coordinates":[[[-83.57587,42.96328],[-83.5758,42.9615],[-83.57662,42.96149],[-83.57686,42.96192],[-83.57788,42.96267],[-83.57746,42.96297],[-83.57712,42.96308],[-83.57678,42.96299],[-83.57666,42.96284],[-83.57667,42.96269],[-83.57654,42.9626],[-83.57628,42.96266],[-83.57628,42.96285],[-83.5767,42.96318],[-83.57709,42.96327],[-83.57756,42.96314],[-83.57805,42.9628],[-83.57855,42.96318],[-83.57863,42.96332],[-83.57856,42.96348],[-83.57867,42.96359],[-83.57588,42.96364],[-83.57587,42.96328]]]}},{"type":"Feature","properties":{"name":"R-1A - Single Family Residential","category":"Residential","_color":"#f2c84b","_fillOpacity":0.4,"_weight":1,"_popupRows":[["Category","Residential"]]},"geometry":{"type":"Polygon","coordinates":[[[-83.62417,42.9638],[-83.62415,42.96339],[-83.62318,42.96339],[-83.62308,42.96082],[-83.62536,42.96073],[-83.62551,42.9642],[-83.62417,42.96421],[-83.62417,42.9638]]]}},{"type":"Feature","properties":{"name":"R-1A - Single Family Residential","category":"Residential","_color":"#f2c84b","_fillOpacity":0.4,"_weight":1,"_popupRows":[["Category","Residential"]]},"geometry":{"type":"Polygon","coordinates":[[[-83.60223,42.96447],[-83.60224,42.96391],[-83.6026,42.96399],[-83.60279,42.96385],[-83.60276,42.96374],[-83.60263,42.96367],[-83.60225,42.96373],[-83.6024,42.96339],[-83.60271,42.96308],[-83.60331,42.96281],[-83.60372,42.96351],[-83.60372,42.96379],[-83.60362,42.96405],[-83.60253,42.9649],[-83.6023,42.96481],[-83.60223,42.96447]]]}},{"type":"Feature","properties":{"name":"R-1A - Single Family Residential","category":"Residential","_color":"#f2c84b","_fillOpacity":0.4,"_weight":1,"_popupRows":[["Category","Residential"]]},"geometry":{"type":"Polygon","coordinates":[[[-83.60371,42.96435],[-83.60387,42.96444],[-83.60383,42.96589],[-83.60223,42.96587],[-83.6023,42.9656],[-83.60269,42.96503],[-83.60371,42.96435]]]}},{"type":"Feature","properties":{"name":"R-1A - Single Family Residential","category":"Residential","_color":"#f2c84b","_fillOpacity":0.4,"_weight":1,"_popupRows":[["Category","Residential"]]},"geometry":{"type":"Polygon","coordinates":[[[-83.60414,42.96495],[-83.60412,42.96441],[-83.60385,42.96414],[-83.60397,42.9638],[-83.60396,42.96348],[-83.60348,42.96265],[-83.6034,42.96195],[-83.60395,42.96202],[-83.60409,42.96196],[-83.60413,42.96184],[-83.60395,42.9617],[-83.6034,42.96177],[-83.60343,42.96108],[-83.60618,42.96106],[-83.60628,42.96207],[-83.60647,42.96243],[-83.60676,42.96272],[-83.60646,42.96297],[-83.60631,42.96323],[-83.60635,42.96439],[-83.60654,42.96453],[-83.60678,42.96442],[-83.60677,42.96428],[-83.60659,42.9642],[-83.60655,42.96328],[-83.60667,42.96306],[-83.60693,42.96286],[-83.6071,42.963],[-83.60744,42.96346],[-83.60761,42.96396],[-83.60762,42.96462],[-83.60746,42.96547],[-83.60703,42.96554],[-83.60615,42.96585],[-83.60539,42.96591],[-83.60542,42.96526],[-83.60561,42.96515],[-83.60587,42.9652],[-83.60601,42.96509],[-83.60595,42.96494],[-83.60576,42.96489],[-83.60537,42.96504],[-83.60518,42.9652],[-83.60514,42.96591],[-83.60416,42.96591],[-83.60414,42.96495]]]}},{"type":"Feature","properties":{"name":"R-1A - Single Family Residential","category":"Residential","_color":"#f2c84b","_fillOpacity":0.4,"_weight":1,"_popupRows":[["Category","Residential"]]},"geometry":{"type":"Polygon","coordinates":[[[-83.59915,42.96504],[-83.59916,42.96405],[-83.59929,42.9639],[-83.59965,42.964],[-83.60082,42.96401],[-83.60082,42.96475],[-83.60025,42.96467],[-83.60005,42.96484],[-83.60026,42.96502],[-83.60081,42.96494],[-83.6008,42.96613],[-83.60052,42.96607],[-83.59931,42.96537],[-83.59918,42.96523],[-83.59915,42.96504]]]}},{"type":"Feature","properties":{"name":"R-1A - Single Family Residential","category":"Residential","_color":"#f2c84b","_fillOpacity":0.4,"_weight":1,"_popupRows":[["Category","Residential"]]},"geometry":{"type":"Polygon","coordinates":[[[-83.60756,42.96657],[-83.60769,42.96691],[-83.60774,42.96762],[-83.60591,42.96766],[-83.60569,42.96755],[-83.60566,42.96715],[-83.60576,42.96701],[-83.60655,42.9669],[-83.60756,42.96657]]]}},{"type":"Feature","properties":{"name":"R-1A - Single Family Residential","category":"Residential","_color":"#f2c84b","_fillOpacity":0.4,"_weight":1,"_popupRows":[["Category","Residential"]]},"geometry":{"type":"Polygon","coordinates":[[[-83.59659,42.97126],[-83.59707,42.97135],[-83.59723,42.97167],[-83.59712,42.97194],[-83.59657,42.97247],[-83.59484,42.97148],[-83.59545,42.97127],[-83.59659,42.97126]]]}},{"type":"Feature","properties":{"name":"R-1A - Single Family Residential","category":"Residential","_color":"#f2c84b","_fillOpacity":0.4,"_weight":1,"_popupRows":[["Category","Residential"]]},"geometry":{"type":"Polygon","coordinates":[[[-83.61362,42.96988],[-83.61838,42.96979],[-83.61848,42.97254],[-83.61372,42.9726],[-83.61362,42.96988]]]}},{"type":"Feature","properties":{"name":"R-1A - Single Family Residential","category":"Residential","_color":"#f2c84b","_fillOpacity":0.4,"_weight":1,"_popupRows":[["Category","Residential"]]},"geometry":{"type":"Polygon","coordinates":[[[-83.59753,42.97111],[-83.59724,42.97122],[-83.59682,42.97111],[-83.59546,42.97114],[-83.59453,42.9714],[-83.59453,42.97127],[-83.59378,42.97129],[-83.59376,42.97082],[-83.59861,42.97075],[-83.59838,42.9619],[-83.59802,42.9619],[-83.59788,42.96167],[-83.59788,42.96115],[-83.59836,42.96115],[-83.59837,42.96132],[-83.59904,42.96222],[-83.59904,42.96352],[-83.59914,42.96376],[-83.59894,42.96405],[-83.5989,42.96509],[-83.59896,42.96531],[-83.59915,42.96551],[-83.60035,42.96621],[-83.6008,42.96631],[-83.60081,42.96737],[-83.60064,42.96761],[-83.60031,42.96769],[-83.59958,42.96767],[-83.59932,42.96758],[-83.59917,42.96736],[-83.59917,42.96692],[-83.59933,42.96686],[-83.59939,42.96673],[-83.59919,42.96657],[-83.59893,42.9667],[-83.59894,42.96744],[-83.59909,42.96766],[-83.59938,42.96782],[-83.60033,42.96787],[-83.60081,42.96773],[-83.60099,42.96757],[-83.60105,42.9674],[-83.60101,42.96408],[-83.60107,42.96393],[-83.60089,42.96379],[-83.59961,42.96382],[-83.59927,42.96367],[-83.5992,42.96349],[-83.59918,42.96222],[-83.5988,42.96164],[-83.59874,42.96115],[-83.60313,42.96108],[-83.60318,42.96177],[-83.6024,42.96177],[-83.60218,42.9617],[-83.60199,42.96185],[-83.60204,42.96197],[-83.60219,42.96202],[-83.6024,42.96195],[-83.60318,42.96195],[-83.60323,42.96264],[-83.60236,42.96303],[-83.60211,42.9633],[-83.60197,42.96361],[-83.60197,42.96458],[-83.60227,42.96513],[-83.602,42.96578],[-83.60207,42.96855],[-83.60195,42.96901],[-83.60146,42.96972],[-83.60113,42.96985],[-83.60089,42.9698],[-83.60055,42.96955],[-83.60042,42.96909],[-83.6002,42.96891],[-83.59946,42.96887],[-83.59912,42.96901],[-83.59903,42.96921],[-83.59906,42.96982],[-83.59921,42.97013],[-83.59966,42.97069],[-83.59969,42.97122],[-83.59951,42.97147],[-83.59872,42.97188],[-83.59831,42.97266],[-83.59807,42.97287],[-83.59748,42.97293],[-83.59676,42.97258],[-83.59735,42.97202],[-83.59747,42.97177],[-83.59746,42.97147],[-83.59772,42.97133],[-83.5977,42.97118],[-83.59753,42.97111]]]}},{"type":"Feature","properties":{"name":"R-1A - Single Family Residential","category":"Residential","_color":"#f2c84b","_fillOpacity":0.4,"_weight":1,"_popupRows":[["Category","Residential"]]},"geometry":{"type":"Polygon","coordinates":[[[-83.59461,42.97378],[-83.59442,42.97383],[-83.59435,42.97396],[-83.59442,42.97408],[-83.59467,42.97419],[-83.59469,42.97488],[-83.59389,42.97488],[-83.59383,42.97285],[-83.59422,42.97285],[-83.59444,42.97291],[-83.59563,42.97363],[-83.59572,42.97385],[-83.59581,42.97497],[-83.59492,42.97493],[-83.59492,42.97423],[-83.59484,42.97392],[-83.59461,42.97378]]]}},{"type":"Feature","properties":{"name":"R-1A - Single Family Residential","category":"Residential","_color":"#f2c84b","_fillOpacity":0.4,"_weight":1,"_popupRows":[["Category","Residential"]]},"geometry":{"type":"Polygon","coordinates":[[[-83.59553,42.9733],[-83.59429,42.97263],[-83.59382,42.97262],[-83.59379,42.97155],[-83.59438,42.97155],[-83.59721,42.97302],[-83.59782,42.97323],[-83.59802,42.97321],[-83.59854,42.97279],[-83.59881,42.97223],[-83.59932,42.97237],[-83.59945,42.97221],[-83.59891,42.97209],[-83.59904,42.97196],[-83.59965,42.97167],[-83.59988,42.97143],[-83.60033,42.97151],[-83.60047,42.97133],[-83.59995,42.97125],[-83.59997,42.97093],[-83.5999,42.97064],[-83.59943,42.97005],[-83.5993,42.96978],[-83.59927,42.96921],[-83.59941,42.96907],[-83.59997,42.96904],[-83.60014,42.9691],[-83.60033,42.96964],[-83.60095,42.97001],[-83.60104,42.97031],[-83.601,42.97044],[-83.60111,42.97055],[-83.6029,42.97064],[-83.60309,42.97057],[-83.60311,42.97041],[-83.60293,42.97031],[-83.60261,42.97042],[-83.60156,42.97041],[-83.60132,42.97029],[-83.60121,42.97009],[-83.6012,42.97003],[-83.60151,42.96994],[-83.60181,42.9697],[-83.60226,42.9691],[-83.60349,42.96913],[-83.60348,42.96888],[-83.60232,42.96884],[-83.60234,42.96785],[-83.60296,42.96785],[-83.60317,42.96793],[-83.60337,42.96776],[-83.60318,42.9676],[-83.60296,42.96767],[-83.60234,42.96767],[-83.60233,42.96696],[-83.60296,42.96696],[-83.60317,42.96704],[-83.60331,42.96699],[-83.60337,42.96686],[-83.60318,42.96671],[-83.60296,42.96678],[-83.60233,42.96678],[-83.60232,42.96605],[-83.60585,42.96611],[-83.60747,42.96572],[-83.60753,42.96638],[-83.60646,42.96673],[-83.6056,42.96687],[-83.60542,42.96709],[-83.60543,42.96753],[-83.60557,42.96774],[-83.60583,42.96784],[-83.60775,42.9678],[-83.60776,42.96815],[-83.60801,42.96814],[-83.60798,42.9669],[-83.60773,42.96569],[-83.60787,42.96443],[-83.60782,42.96391],[-83.60764,42.96345],[-83.60776,42.96337],[-83.60779,42.96326],[-83.60764,42.96314],[-83.60743,42.96316],[-83.6066,42.96234],[-83.6071,42.96227],[-83.60747,42.96243],[-83.60762,42.96236],[-83.60766,42.96225],[-83.60746,42.96211],[-83.60691,42.9621],[-83.60652,42.96218],[-83.60642,42.96177],[-83.60642,42.96156],[-83.6065,42.96156],[-83.6065,42.96106],[-83.6082,42.961],[-83.60847,42.96813],[-83.61332,42.96804],[-83.61342,42.97076],[-83.60859,42.97084],[-83.60866,42.97258],[-83.60613,42.97262],[-83.60616,42.9738],[-83.6037,42.97383],[-83.60367,42.9731],[-83.5987,42.97319],[-83.59874,42.97428],[-83.60082,42.97538],[-83.59612,42.9755],[-83.59595,42.97376],[-83.5958,42.97351],[-83.59553,42.9733]]]}},{"type":"Feature","properties":{"name":"R-1A - Single Family Residential","category":"Residential","_color":"#f2c84b","_fillOpacity":0.4,"_weight":1,"_popupRows":[["Category","Residential"]]},"geometry":{"type":"Polygon","coordinates":[[[-83.59518,42.97552],[-83.59518,42.97515],[-83.59584,42.97519],[-83.59581,42.9755],[-83.59518,42.97552]]]}},{"type":"Feature","properties":{"name":"R-1A - Single Family Residential","category":"Residential","_color":"#f2c84b","_fillOpacity":0.4,"_weight":1,"_popupRows":[["Category","Residential"]]},"geometry":{"type":"Polygon","coordinates":[[[-83.58465,42.9748],[-83.58511,42.97479],[-83.58514,42.97564],[-83.58468,42.97564],[-83.58465,42.9748]]]}},{"type":"Feature","properties":{"name":"R-1A - Single Family Residential","category":"Residential","_color":"#f2c84b","_fillOpacity":0.4,"_weight":1,"_popupRows":[["Category","Residential"]]},"geometry":{"type":"Polygon","coordinates":[[[-83.61898,42.98526],[-83.61762,42.98454],[-83.61416,42.98458],[-83.61381,42.97534],[-83.62103,42.97527],[-83.62132,42.98239],[-83.61885,42.98242],[-83.61898,42.98526]]]}},{"type":"Feature","properties":{"name":"R-1A - Single Family Residential","category":"Residential","_color":"#f2c84b","_fillOpacity":0.4,"_weight":1,"_popupRows":[["Category","Residential"]]},"geometry":{"type":"Polygon","coordinates":[[[-83.60014,42.99007],[-83.60089,42.99005],[-83.60094,42.9907],[-83.59936,42.99075],[-83.59933,42.99009],[-83.60014,42.99007]]]}},{"type":"Feature","properties":{"name":"R-1A - Single Family Residential","category":"Residential","_color":"#f2c84b","_fillOpacity":0.4,"_weight":1,"_popupRows":[["Category","Residential"]]},"geometry":{"type":"Polygon","coordinates":[[[-83.60122,42.99005],[-83.60183,42.99003],[-83.60188,42.99097],[-83.60128,42.99099],[-83.60122,42.99005]]]}},{"type":"Feature","properties":{"name":"R-1A - Single Family Residential","category":"Residential","_color":"#f2c84b","_fillOpacity":0.4,"_weight":1,"_popupRows":[["Category","Residential"]]},"geometry":{"type":"Polygon","coordinates":[[[-83.62437,42.99165],[-83.62512,42.99164],[-83.62515,42.99247],[-83.6244,42.99248],[-83.62437,42.99165]]]}},{"type":"Feature","properties":{"name":"R-1A - Single Family Residential","category":"Residential","_color":"#f2c84b","_fillOpacity":0.4,"_weight":1,"_popupRows":[["Category","Residential"]]},"geometry":{"type":"Polygon","coordinates":[[[-83.5856,42.99521],[-83.58541,42.99167],[-83.58551,42.99161],[-83.58676,42.99159],[-83.58683,42.99166],[-83.58702,42.99515],[-83.58691,42.99522],[-83.58571,42.99528],[-83.5856,42.99521]]]}},{"type":"Feature","properties":{"name":"R-1A - Single Family Residential","category":"Residential","_color":"#f2c84b","_fillOpacity":0.4,"_weight":1,"_popupRows":[["Category","Residential"]]},"geometry":{"type":"Polygon","coordinates":[[[-83.62442,42.99292],[-83.62516,42.99291],[-83.62528,42.99614],[-83.62454,42.99615],[-83.62442,42.99292]]]}},{"type":"Feature","properties":{"name":"R-1A - Single Family Residential","category":"Residential","_color":"#f2c84b","_fillOpacity":0.4,"_weight":1,"_popupRows":[["Category","Residential"]]},"geometry":{"type":"Polygon","coordinates":[[[-83.61988,42.99771],[-83.61968,42.99763],[-83.61948,42.9977],[-83.61945,42.99688],[-83.62254,42.99688],[-83.62231,42.98976],[-83.62393,42.98975],[-83.62423,42.9977],[-83.61988,42.99771]]]}},{"type":"Feature","properties":{"name":"R-1A - Single Family Residential","category":"Residential","_color":"#f2c84b","_fillOpacity":0.4,"_weight":1,"_popupRows":[["Category","Residential"]]},"geometry":{"type":"Polygon","coordinates":[[[-83.57507,42.99041],[-83.57772,42.99041],[-83.57793,42.99738],[-83.57524,42.99741],[-83.57498,42.99047],[-83.57507,42.99041]]]}},{"type":"Feature","properties":{"name":"R-1A - Single Family Residential","category":"Residential","_color":"#f2c84b","_fillOpacity":0.4,"_weight":1,"_popupRows":[["Category","Residential"]]},"geometry":{"type":"Polygon","coordinates":[[[-83.62315,42.9989],[-83.62314,42.99869],[-83.61952,42.9987],[-83.61951,42.99792],[-83.62424,42.99786],[-83.6243,42.99952],[-83.62318,42.99952],[-83.62315,42.9989]]]}},{"type":"Feature","properties":{"name":"R-1A - Single Family Residential","category":"Residential","_color":"#f2c84b","_fillOpacity":0.4,"_weight":1,"_popupRows":[["Category","Residential"]]},"geometry":{"type":"Polygon","coordinates":[[[-83.59911,42.99731],[-83.59971,42.99729],[-83.59981,43.0004],[-83.59504,43.00058],[-83.59494,42.99745],[-83.59911,42.99731]]]}},{"type":"Feature","properties":{"name":"R-1A - Single Family Residential","category":"Residential","_color":"#f2c84b","_fillOpacity":0.4,"_weight":1,"_popupRows":[["Category","Residential"]]},"geometry":{"type":"Polygon","coordinates":[[[-83.57813,42.99606],[-83.57794,42.99042],[-83.58441,42.99037],[-83.5851,42.99043],[-83.58543,42.99605],[-83.58566,42.99604],[-83.58563,42.9955],[-83.58568,42.99544],[-83.58734,42.99536],[-83.58733,42.9952],[-83.58723,42.99514],[-83.58705,42.99165],[-83.58722,42.99157],[-83.58722,42.99141],[-83.58544,42.99143],[-83.5854,42.99042],[-83.59339,42.99026],[-83.59343,42.99095],[-83.59427,42.99094],[-83.59455,42.99648],[-83.58983,42.99564],[-83.5885,42.99567],[-83.58852,42.99594],[-83.58659,42.996],[-83.58661,42.9966],[-83.58471,42.99667],[-83.58475,42.99747],[-83.58,42.9975],[-83.58009,43.00112],[-83.57537,43.00113],[-83.57531,42.9976],[-83.57607,42.9976],[-83.57608,42.99748],[-83.57818,42.99748],[-83.57813,42.99606]]]}},{"type":"Feature","properties":{"name":"R-1A - Single Family Residential","category":"Residential","_color":"#f2c84b","_fillOpacity":0.4,"_weight":1,"_popupRows":[["Category","Residential"]]},"geometry":{"type":"Polygon","coordinates":[[[-83.6233,43.0007],[-83.62329,43.00053],[-83.62322,43.00053],[-83.62318,42.99969],[-83.62431,42.99969],[-83.62436,43.0015],[-83.62333,43.00153],[-83.62332,43.00117],[-83.62351,43.00117],[-83.6235,43.0009],[-83.62331,43.00088],[-83.6233,43.0007]]]}},{"type":"Feature","properties":{"name":"R-1A - Single Family Residential","category":"Residential","_color":"#f2c84b","_fillOpacity":0.4,"_weight":1,"_popupRows":[["Category","Residential"]]},"geometry":{"type":"Polygon","coordinates":[[[-83.61974,43.00401],[-83.61969,43.00294],[-83.6234,43.00295],[-83.62334,43.00169],[-83.62429,43.00169],[-83.62439,43.00175],[-83.62447,43.00404],[-83.61974,43.00401]]]}},{"type":"Feature","properties":{"name":"R-1A - Single Family Residential","category":"Residential","_color":"#f2c84b","_fillOpacity":0.4,"_weight":1,"_popupRows":[["Category","Residential"]]},"geometry":{"type":"Polygon","coordinates":[[[-83.61713,42.99697],[-83.61934,42.99697],[-83.6196,43.004],[-83.61738,43.004],[-83.61713,42.99697]]]}},{"type":"Feature","properties":{"name":"R-1A - Single Family Residential","category":"Residential","_color":"#f2c84b","_fillOpacity":0.4,"_weight":1,"_popupRows":[["Category","Residential"]]},"geometry":{"type":"Polygon","coordinates":[[[-83.61567,42.99697],[-83.61688,42.99697],[-83.61715,43.004],[-83.61493,43.00401],[-83.61467,42.99697],[-83.61567,42.99697]]]}},{"type":"Feature","properties":{"name":"R-1A - Single Family Residential","category":"Residential","_color":"#f2c84b","_fillOpacity":0.4,"_weight":1,"_popupRows":[["Category","Residential"]]},"geometry":{"type":"Polygon","coordinates":[[[-83.62607,43.00408],[-83.62606,43.00403],[-83.62484,43.00403],[-83.62459,42.99751],[-83.62606,42.99751],[-83.62619,43.00056],[-83.62941,43.00055],[-83.62959,43.00409],[-83.62607,43.00408]]]}},{"type":"Feature","properties":{"name":"R-1A - Single Family Residential","category":"Residential","_color":"#f2c84b","_fillOpacity":0.4,"_weight":1,"_popupRows":[["Category","Residential"]]},"geometry":{"type":"Polygon","coordinates":[[[-83.60473,43.0007],[-83.60445,42.99209],[-83.60318,42.99212],[-83.60315,42.99073],[-83.60258,42.99074],[-83.60256,42.99001],[-83.6142,42.98974],[-83.61468,43.00339],[-83.61462,43.00339],[-83.61464,43.00398],[-83.60112,43.00436],[-83.60099,43.00084],[-83.60473,43.0007]]]}},{"type":"Feature","properties":{"name":"R-1A - Single Family Residential","category":"Residential","_color":"#f2c84b","_fillOpacity":0.4,"_weight":1,"_popupRows":[["Category","Residential"]]},"geometry":{"type":"Polygon","coordinates":[[[-83.59983,43.00088],[-83.60043,43.00086],[-83.60055,43.00438],[-83.59933,43.00443],[-83.59919,43.00091],[-83.59983,43.00088]]]}},{"type":"Feature","properties":{"name":"R-1A - Single Family Residential","category":"Residential","_color":"#f2c84b","_fillOpacity":0.4,"_weight":1,"_popupRows":[["Category","Residential"]]},"geometry":{"type":"Polygon","coordinates":[[[-83.60518,43.00445],[-83.60883,43.0044],[-83.60891,43.00447],[-83.60893,43.00539],[-83.60879,43.00548],[-83.60517,43.00552],[-83.60507,43.00543],[-83.60505,43.00455],[-83.60518,43.00445]]]}},{"type":"Feature","properties":{"name":"R-1A - Single Family Residential","category":"Residential","_color":"#f2c84b","_fillOpacity":0.4,"_weight":1,"_popupRows":[["Category","Residential"]]},"geometry":{"type":"Polygon","coordinates":[[[-83.60819,43.00565],[-83.60882,43.00564],[-83.60893,43.0057],[-83.60897,43.00669],[-83.60889,43.00678],[-83.60524,43.00679],[-83.60512,43.00671],[-83.60509,43.00576],[-83.60516,43.00569],[-83.60819,43.00565]]]}},{"type":"Feature","properties":{"name":"R-1A - Single Family Residential","category":"Residential","_color":"#f2c84b","_fillOpacity":0.4,"_weight":1,"_popupRows":[["Category","Residential"]]},"geometry":{"type":"Polygon","coordinates":[[[-83.60822,43.00695],[-83.60896,43.007],[-83.609,43.00792],[-83.60892,43.00801],[-83.60529,43.00807],[-83.60516,43.00798],[-83.60513,43.00703],[-83.60521,43.00696],[-83.60822,43.00695]]]}},{"type":"Feature","properties":{"name":"R-1A - Single Family Residential","category":"Residential","_color":"#f2c84b","_fillOpacity":0.4,"_weight":1,"_popupRows":[["Category","Residential"]]},"geometry":{"type":"Polygon","coordinates":[[[-83.61987,43.00777],[-83.61983,43.00429],[-83.62107,43.00429],[-83.62113,43.00777],[-83.62851,43.00777],[-83.6285,43.00704],[-83.62972,43.00704],[-83.62973,43.00777],[-83.62957,43.00777],[-83.62959,43.00835],[-83.61992,43.00857],[-83.61987,43.00777]]]}},{"type":"Feature","properties":{"name":"R-1A - Single Family Residential","category":"Residential","_color":"#f2c84b","_fillOpacity":0.4,"_weight":1,"_popupRows":[["Category","Residential"]]},"geometry":{"type":"Polygon","coordinates":[[[-83.60886,43.00818],[-83.60901,43.00827],[-83.60903,43.00919],[-83.60894,43.00928],[-83.60535,43.00932],[-83.6052,43.00924],[-83.60517,43.00832],[-83.60526,43.00824],[-83.60886,43.00818]]]}},{"type":"Feature","properties":{"name":"R-1A - Single Family Residential","category":"Residential","_color":"#f2c84b","_fillOpacity":0.4,"_weight":1,"_popupRows":[["Category","Residential"]]},"geometry":{"type":"Polygon","coordinates":[[[-83.60888,43.00944],[-83.60903,43.00951],[-83.60904,43.00997],[-83.60683,43.01003],[-83.60681,43.00946],[-83.60888,43.00944]]]}},{"type":"Feature","properties":{"name":"R-1A - Single Family Residential","category":"Residential","_color":"#f2c84b","_fillOpacity":0.4,"_weight":1,"_popupRows":[["Category","Residential"]]},"geometry":{"type":"Polygon","coordinates":[[[-83.62923,43.00852],[-83.6296,43.00851],[-83.62967,43.01011],[-83.62497,43.01023],[-83.62494,43.00862],[-83.62923,43.00852]]]}},{"type":"Feature","properties":{"name":"R-1A - Single Family Residential","category":"Residential","_color":"#f2c84b","_fillOpacity":0.4,"_weight":1,"_popupRows":[["Category","Residential"]]},"geometry":{"type":"Polygon","coordinates":[[[-83.62417,43.00864],[-83.62468,43.00863],[-83.62471,43.01023],[-83.62002,43.01033],[-83.61993,43.00873],[-83.62417,43.00864]]]}},{"type":"Feature","properties":{"name":"R-1A - Single Family Residential","category":"Residential","_color":"#f2c84b","_fillOpacity":0.4,"_weight":1,"_popupRows":[["Category","Residential"]]},"geometry":{"type":"Polygon","coordinates":[[[-83.61911,43.00426],[-83.61961,43.00426],[-83.61966,43.00779],[-83.6198,43.01029],[-83.6179,43.01034],[-83.61786,43.00912],[-83.61759,43.00863],[-83.61751,43.0083],[-83.6174,43.00425],[-83.61911,43.00426]]]}},{"type":"Feature","properties":{"name":"R-1A - Single Family Residential","category":"Residential","_color":"#f2c84b","_fillOpacity":0.4,"_weight":1,"_popupRows":[["Category","Residential"]]},"geometry":{"type":"Polygon","coordinates":[[[-83.615,43.00504],[-83.61497,43.00424],[-83.61719,43.00425],[-83.61729,43.00823],[-83.61739,43.00872],[-83.61766,43.00917],[-83.6177,43.01034],[-83.61514,43.0104],[-83.615,43.00504]]]}},{"type":"Feature","properties":{"name":"R-1A - Single Family Residential","category":"Residential","_color":"#f2c84b","_fillOpacity":0.4,"_weight":1,"_popupRows":[["Category","Residential"]]},"geometry":{"type":"Polygon","coordinates":[[[-83.60926,43.00969],[-83.60916,43.00442],[-83.60988,43.00433],[-83.6147,43.00423],[-83.61483,43.00981],[-83.61432,43.00982],[-83.61435,43.01046],[-83.61307,43.01049],[-83.61303,43.00967],[-83.61287,43.00967],[-83.61291,43.01049],[-83.60928,43.01056],[-83.60926,43.00969]]]}},{"type":"Feature","properties":{"name":"R-1A - Single Family Residential","category":"Residential","_color":"#f2c84b","_fillOpacity":0.4,"_weight":1,"_popupRows":[["Category","Residential"]]},"geometry":{"type":"Polygon","coordinates":[[[-83.60789,43.01183],[-83.60788,43.01158],[-83.60512,43.01166],[-83.6051,43.01091],[-83.61039,43.01078],[-83.6104,43.01151],[-83.6111,43.0115],[-83.61108,43.01076],[-83.61453,43.01068],[-83.61455,43.01104],[-83.6148,43.01104],[-83.61483,43.01287],[-83.60795,43.01292],[-83.60789,43.01183]]]}},{"type":"Feature","properties":{"name":"R-1A - Single Family Residential","category":"Residential","_color":"#f2c84b","_fillOpacity":0.4,"_weight":1,"_popupRows":[["Category","Residential"]]},"geometry":{"type":"Polygon","coordinates":[[[-83.62505,43.01382],[-83.62497,43.01041],[-83.62968,43.01029],[-83.6297,43.0114],[-83.6298,43.0114],[-83.62985,43.0136],[-83.6272,43.01367],[-83.62505,43.01393],[-83.62505,43.01382]]]}},{"type":"Feature","properties":{"name":"R-1A - Single Family Residential","category":"Residential","_color":"#f2c84b","_fillOpacity":0.4,"_weight":1,"_popupRows":[["Category","Residential"]]},"geometry":{"type":"Polygon","coordinates":[[[-83.61355,43.01523],[-83.61353,43.01413],[-83.608,43.01418],[-83.60795,43.01309],[-83.61483,43.01304],[-83.61486,43.01523],[-83.61355,43.01523]]]}},{"type":"Feature","properties":{"name":"R-1A - Single Family Residential","category":"Residential","_color":"#f2c84b","_fillOpacity":0.4,"_weight":1,"_popupRows":[["Category","Residential"]]},"geometry":{"type":"Polygon","coordinates":[[[-83.61517,43.01391],[-83.61513,43.01139],[-83.61553,43.0114],[-83.61554,43.01063],[-83.61979,43.01053],[-83.61984,43.01141],[-83.62006,43.01141],[-83.62001,43.01053],[-83.62472,43.01041],[-83.62473,43.01365],[-83.6245,43.01365],[-83.62451,43.01383],[-83.62474,43.01383],[-83.62474,43.01399],[-83.62238,43.01461],[-83.61523,43.01725],[-83.61517,43.01391]]]}},{"type":"Feature","properties":{"name":"R-1A - Single Family Residential","category":"Residential","_color":"#f2c84b","_fillOpacity":0.4,"_weight":1,"_popupRows":[["Category","Residential"]]},"geometry":{"type":"Polygon","coordinates":[[[-83.61291,43.01707],[-83.6129,43.0169],[-83.61357,43.01701],[-83.61355,43.0154],[-83.61486,43.01539],[-83.61488,43.01657],[-83.61434,43.01665],[-83.61404,43.0168],[-83.6126,43.01781],[-83.61157,43.01828],[-83.6102,43.01862],[-83.60914,43.01864],[-83.60911,43.01727],[-83.60999,43.01726],[-83.60999,43.01712],[-83.61291,43.01707]]]}},{"type":"Feature","properties":{"name":"R-1A - Single Family Residential","category":"Residential","_color":"#f2c84b","_fillOpacity":0.4,"_weight":1,"_popupRows":[["Category","Residential"]]},"geometry":{"type":"Polygon","coordinates":[[[-83.57821,43.01146],[-83.57863,43.01145],[-83.57887,43.01849],[-83.57642,43.0176],[-83.57605,43.01733],[-83.57582,43.01698],[-83.57564,43.01151],[-83.57821,43.01146]]]}},{"type":"Feature","properties":{"name":"R-1A - Single Family Residential","category":"Residential","_color":"#f2c84b","_fillOpacity":0.4,"_weight":1,"_popupRows":[["Category","Residential"]]},"geometry":{"type":"Polygon","coordinates":[[[-83.58094,43.01891],[-83.5791,43.01856],[-83.57885,43.01145],[-83.58142,43.0114],[-83.5817,43.01899],[-83.58094,43.01891]]]}},{"type":"Feature","properties":{"name":"R-1A - Single Family Residential","category":"Residential","_color":"#f2c84b","_fillOpacity":0.4,"_weight":1,"_popupRows":[["Category","Residential"]]},"geometry":{"type":"Polygon","coordinates":[[[-83.61781,43.02084],[-83.61738,43.02075],[-83.61709,43.02049],[-83.61701,43.01935],[-83.61852,43.01937],[-83.61857,43.02088],[-83.61781,43.02084]]]}},{"type":"Feature","properties":{"name":"R-1A - Single Family Residential","category":"Residential","_color":"#f2c84b","_fillOpacity":0.4,"_weight":1,"_popupRows":[["Category","Residential"]]},"geometry":{"type":"Polygon","coordinates":[[[-83.61879,43.02087],[-83.61874,43.01937],[-83.61967,43.01938],[-83.61968,43.02002],[-83.62314,43.02003],[-83.62314,43.01951],[-83.62406,43.01951],[-83.62409,43.02052],[-83.62404,43.02058],[-83.62055,43.02058],[-83.6203,43.02075],[-83.62021,43.02116],[-83.62009,43.02132],[-83.61879,43.02087]]]}},{"type":"Feature","properties":{"name":"R-1A - Single Family Residential","category":"Residential","_color":"#f2c84b","_fillOpacity":0.4,"_weight":1,"_popupRows":[["Category","Residential"]]},"geometry":{"type":"Polygon","coordinates":[[[-83.62061,43.02073],[-83.62254,43.02075],[-83.62257,43.02181],[-83.62204,43.02225],[-83.62126,43.02175],[-83.62039,43.02144],[-83.62034,43.02136],[-83.62052,43.02079],[-83.62061,43.02073]]]}},{"type":"Feature","properties":{"name":"R-1A - Single Family Residential","category":"Residential","_color":"#f2c84b","_fillOpacity":0.4,"_weight":1,"_popupRows":[["Category","Residential"]]},"geometry":{"type":"Polygon","coordinates":[[[-83.62343,43.02074],[-83.6241,43.02079],[-83.62417,43.02307],[-83.62412,43.02313],[-83.62362,43.02311],[-83.62318,43.02298],[-83.62227,43.02239],[-83.6228,43.02181],[-83.62278,43.02077],[-83.62343,43.02074]]]}},{"type":"Feature","properties":{"name":"R-1A - Single Family Residential","category":"Residential","_color":"#f2c84b","_fillOpacity":0.4,"_weight":1,"_popupRows":[["Category","Residential"]]},"geometry":{"type":"Polygon","coordinates":[[[-83.6154,43.02497],[-83.6153,43.01935],[-83.61679,43.01935],[-83.61683,43.02046],[-83.61696,43.02069],[-83.61727,43.02091],[-83.61756,43.02099],[-83.61876,43.02105],[-83.62092,43.0218],[-83.62132,43.022],[-83.62307,43.02314],[-83.62352,43.02327],[-83.62408,43.0233],[-83.6243,43.02341],[-83.62446,43.02336],[-83.62453,43.02324],[-83.62441,43.02309],[-83.62428,43.01938],[-83.62517,43.01937],[-83.62534,43.02491],[-83.6154,43.02497]]]}},{"type":"Feature","properties":{"name":"R-1A - Single Family Residential","category":"Residential","_color":"#f2c84b","_fillOpacity":0.4,"_weight":1,"_popupRows":[["Category","Residential"]]},"geometry":{"type":"Polygon","coordinates":[[[-83.58487,43.02507],[-83.58477,43.02168],[-83.59025,43.02159],[-83.59023,43.02054],[-83.5905,43.02063],[-83.59052,43.02158],[-83.59164,43.02156],[-83.59163,43.02124],[-83.59358,43.02257],[-83.5936,43.02338],[-83.593,43.02338],[-83.59304,43.02465],[-83.59532,43.02462],[-83.59533,43.02499],[-83.58487,43.02507]]]}},{"type":"Feature","properties":{"name":"R-1A - Single Family Residential","category":"Residential","_color":"#f2c84b","_fillOpacity":0.4,"_weight":1,"_popupRows":[["Category","Residential"]]},"geometry":{"type":"Polygon","coordinates":[[[-83.61543,43.02635],[-83.61549,43.02712],[-83.61545,43.02712],[-83.61543,43.02635]]]}},{"type":"Feature","properties":{"name":"R-1A - Single Family Residential","category":"Residential","_color":"#f2c84b","_fillOpacity":0.4,"_weight":1,"_popupRows":[["Category","Residential"]]},"geometry":{"type":"Polygon","coordinates":[[[-83.59173,43.02819],[-83.59219,43.02818],[-83.59223,43.02992],[-83.5872,43.02999],[-83.58715,43.02826],[-83.59173,43.02819]]]}},{"type":"Feature","properties":{"name":"R-1A - Single Family Residential","category":"Residential","_color":"#f2c84b","_fillOpacity":0.4,"_weight":1,"_popupRows":[["Category","Residential"]]},"geometry":{"type":"Polygon","coordinates":[[[-83.61545,43.02728],[-83.61549,43.02728],[-83.61558,43.03037],[-83.61545,43.02728]]]}},{"type":"Feature","properties":{"name":"R-1A - Single Family Residential","category":"Residential","_color":"#f2c84b","_fillOpacity":0.4,"_weight":1,"_popupRows":[["Category","Residential"]]},"geometry":{"type":"Polygon","coordinates":[[[-83.6139,43.02729],[-83.61511,43.02729],[-83.61527,43.03194],[-83.61226,43.03204],[-83.61218,43.0273],[-83.6139,43.02729]]]}},{"type":"Feature","properties":{"name":"R-1A - Single Family Residential","category":"Residential","_color":"#f2c84b","_fillOpacity":0.4,"_weight":1,"_popupRows":[["Category","Residential"]]},"geometry":{"type":"Polygon","coordinates":[[[-83.61048,43.03203],[-83.61048,43.03193],[-83.60815,43.032],[-83.60808,43.02634],[-83.61371,43.0263],[-83.61372,43.02712],[-83.61194,43.02712],[-83.61201,43.032],[-83.61048,43.03203]]]}},{"type":"Feature","properties":{"name":"R-1A - Single Family Residential","category":"Residential","_color":"#f2c84b","_fillOpacity":0.4,"_weight":1,"_popupRows":[["Category","Residential"]]},"geometry":{"type":"Polygon","coordinates":[[[-83.60593,43.03161],[-83.60592,43.03125],[-83.60555,43.03125],[-83.6055,43.02635],[-83.60783,43.02634],[-83.6079,43.03201],[-83.60556,43.03207],[-83.60555,43.03162],[-83.60593,43.03161]]]}},{"type":"Feature","properties":{"name":"R-1A - Single Family Residential","category":"Residential","_color":"#f2c84b","_fillOpacity":0.4,"_weight":1,"_popupRows":[["Category","Residential"]]},"geometry":{"type":"Polygon","coordinates":[[[-83.58431,43.0296],[-83.58486,43.0296],[-83.5849,43.03269],[-83.58411,43.03227],[-83.58274,43.03074],[-83.58244,43.0306],[-83.58181,43.03052],[-83.58156,43.03041],[-83.58098,43.02964],[-83.58431,43.0296]]]}},{"type":"Feature","properties":{"name":"R-1A - Single Family Residential","category":"Residential","_color":"#f2c84b","_fillOpacity":0.4,"_weight":1,"_popupRows":[["Category","Residential"]]},"geometry":{"type":"Polygon","coordinates":[[[-83.59149,43.0301],[-83.59223,43.03008],[-83.59231,43.03302],[-83.58971,43.0327],[-83.58965,43.03012],[-83.59149,43.0301]]]}},{"type":"Feature","properties":{"name":"R-1A - Single Family Residential","category":"Residential","_color":"#f2c84b","_fillOpacity":0.4,"_weight":1,"_popupRows":[["Category","Residential"]]},"geometry":{"type":"Polygon","coordinates":[[[-83.58728,43.03319],[-83.5872,43.03016],[-83.58943,43.03013],[-83.58949,43.03266],[-83.5886,43.03263],[-83.58728,43.03319]]]}},{"type":"Feature","properties":{"name":"R-1A - Single Family Residential","category":"Residential","_color":"#f2c84b","_fillOpacity":0.4,"_weight":1,"_popupRows":[["Category","Residential"]]},"geometry":{"type":"Polygon","coordinates":[[[-83.59251,43.03198],[-83.59247,43.03008],[-83.59475,43.03005],[-83.59477,43.03059],[-83.59402,43.0306],[-83.59406,43.03196],[-83.59486,43.03195],[-83.59488,43.03265],[-83.59327,43.03265],[-83.59328,43.03348],[-83.59302,43.03348],[-83.59253,43.03313],[-83.59251,43.03198]]]}},{"type":"Feature","properties":{"name":"R-1A - Single Family Residential","category":"Residential","_color":"#f2c84b","_fillOpacity":0.4,"_weight":1,"_popupRows":[["Category","Residential"]]},"geometry":{"type":"Polygon","coordinates":[[[-83.58889,43.03279],[-83.59206,43.03318],[-83.59255,43.03341],[-83.59245,43.03348],[-83.58744,43.03347],[-83.58737,43.03341],[-83.58741,43.03335],[-83.58862,43.03284],[-83.58889,43.03279]]]}},{"type":"Feature","properties":{"name":"R-1A - Single Family Residential","category":"Residential","_color":"#f2c84b","_fillOpacity":0.4,"_weight":1,"_popupRows":[["Category","Residential"]]},"geometry":{"type":"Polygon","coordinates":[[[-83.57612,43.03341],[-83.57595,43.0269],[-83.58227,43.02656],[-83.59275,43.02647],[-83.59279,43.02818],[-83.59341,43.02817],[-83.59342,43.02853],[-83.59396,43.02853],[-83.59399,43.02935],[-83.59473,43.02934],[-83.59475,43.02989],[-83.59246,43.02992],[-83.59241,43.02802],[-83.58692,43.02809],[-83.58706,43.03329],[-83.58645,43.03343],[-83.58547,43.0334],[-83.58512,43.03283],[-83.5851,43.02943],[-83.58102,43.02945],[-83.58083,43.02953],[-83.58078,43.02969],[-83.58137,43.03048],[-83.58163,43.03064],[-83.58228,43.03073],[-83.58262,43.03088],[-83.58391,43.03234],[-83.58497,43.03296],[-83.58524,43.0334],[-83.57612,43.03341]]]}},{"type":"Feature","properties":{"name":"R-1A - Single Family Residential","category":"Residential","_color":"#f2c84b","_fillOpacity":0.4,"_weight":1,"_popupRows":[["Category","Residential"]]},"geometry":{"type":"Polygon","coordinates":[[[-83.59797,43.03475],[-83.59847,43.03505],[-83.59892,43.03552],[-83.59781,43.03605],[-83.59767,43.03594],[-83.59765,43.03513],[-83.59776,43.03489],[-83.59797,43.03475]]]}},{"type":"Feature","properties":{"name":"R-1A - Single Family Residential","category":"Residential","_color":"#f2c84b","_fillOpacity":0.4,"_weight":1,"_popupRows":[["Category","Residential"]]},"geometry":{"type":"Polygon","coordinates":[[[-83.61976,43.03653],[-83.61874,43.03653],[-83.61869,43.03604],[-83.61892,43.03552],[-83.61985,43.03565],[-83.62002,43.03552],[-83.61995,43.03535],[-83.61975,43.03531],[-83.61946,43.03542],[-83.61899,43.03533],[-83.61869,43.03517],[-83.6182,43.03472],[-83.61753,43.03442],[-83.61572,43.03443],[-83.61565,43.03397],[-83.61902,43.034],[-83.61904,43.03479],[-83.62052,43.03487],[-83.62062,43.0384],[-83.62006,43.03835],[-83.62,43.03672],[-83.61976,43.03653]]]}},{"type":"Feature","properties":{"name":"R-1A - Single Family Residential","category":"Residential","_color":"#f2c84b","_fillOpacity":0.4,"_weight":1,"_popupRows":[["Category","Residential"]]},"geometry":{"type":"Polygon","coordinates":[[[-83.59677,43.03476],[-83.59761,43.03405],[-83.59759,43.03379],[-83.59965,43.03372],[-83.59969,43.03469],[-83.59949,43.03513],[-83.5991,43.03544],[-83.59862,43.03493],[-83.59815,43.0346],[-83.59786,43.03459],[-83.5976,43.03478],[-83.59743,43.03516],[-83.59748,43.03764],[-83.59741,43.03798],[-83.59721,43.03829],[-83.59691,43.03853],[-83.59649,43.0387],[-83.59603,43.03876],[-83.59593,43.03486],[-83.59667,43.03485],[-83.59677,43.03476]]]}},{"type":"Feature","properties":{"name":"R-1A - Single Family Residential","category":"Residential","_color":"#f2c84b","_fillOpacity":0.4,"_weight":1,"_popupRows":[["Category","Residential"]]},"geometry":{"type":"Polygon","coordinates":[[[-83.61807,43.03491],[-83.61871,43.03542],[-83.61846,43.03607],[-83.61855,43.0388],[-83.61836,43.03912],[-83.61778,43.03941],[-83.61752,43.03912],[-83.61738,43.03867],[-83.61729,43.03587],[-83.6175,43.03532],[-83.61807,43.03491]]]}},{"type":"Feature","properties":{"name":"R-1A - Single Family Residential","category":"Residential","_color":"#f2c84b","_fillOpacity":0.4,"_weight":1,"_popupRows":[["Category","Residential"]]},"geometry":{"type":"Polygon","coordinates":[[[-83.61809,43.03968],[-83.61796,43.03964],[-83.61796,43.03954],[-83.61854,43.03923],[-83.61876,43.03888],[-83.61871,43.03674],[-83.61973,43.0367],[-83.61987,43.03963],[-83.61809,43.03968]]]}},{"type":"Feature","properties":{"name":"R-1A - Single Family Residential","category":"Residential","_color":"#f2c84b","_fillOpacity":0.4,"_weight":1,"_popupRows":[["Category","Residential"]]},"geometry":{"type":"Polygon","coordinates":[[[-83.6172,43.03456],[-83.61753,43.03459],[-83.61783,43.0348],[-83.61728,43.03528],[-83.61707,43.03584],[-83.61716,43.03866],[-83.61727,43.0391],[-83.61753,43.03952],[-83.61706,43.03969],[-83.61585,43.03974],[-83.61567,43.03465],[-83.6172,43.03456]]]}},{"type":"Feature","properties":{"name":"R-1A - Single Family Residential","category":"Residential","_color":"#f2c84b","_fillOpacity":0.4,"_weight":1,"_popupRows":[["Category","Residential"]]},"geometry":{"type":"Polygon","coordinates":[[[-83.61912,43.04025],[-83.61586,43.04021],[-83.61586,43.0399],[-83.61697,43.03987],[-83.61764,43.03969],[-83.61808,43.03984],[-83.61981,43.03984],[-83.61989,43.0399],[-83.6199,43.04026],[-83.61912,43.04025]]]}},{"type":"Feature","properties":{"name":"R-1A - Single Family Residential","category":"Residential","_color":"#f2c84b","_fillOpacity":0.4,"_weight":1,"_popupRows":[["Category","Residential"]]},"geometry":{"type":"Polygon","coordinates":[[[-83.62066,43.04027],[-83.62012,43.04026],[-83.62007,43.03863],[-83.62013,43.03857],[-83.62063,43.03857],[-83.62066,43.04027]]]}},{"type":"Feature","properties":{"name":"R-1A - Single Family Residential","category":"Residential","_color":"#f2c84b","_fillOpacity":0.4,"_weight":1,"_popupRows":[["Category","Residential"]]},"geometry":{"type":"Polygon","coordinates":[[[-83.59896,43.03992],[-83.59933,43.03936],[-83.60034,43.03887],[-83.60104,43.03815],[-83.60138,43.03809],[-83.60179,43.03817],[-83.60207,43.03833],[-83.60224,43.03856],[-83.6023,43.0398],[-83.60222,43.0399],[-83.60093,43.03998],[-83.60053,43.04017],[-83.59973,43.04085],[-83.59945,43.04092],[-83.59857,43.04093],[-83.59839,43.04089],[-83.59836,43.04076],[-83.59866,43.04043],[-83.59896,43.03992]]]}},{"type":"Feature","properties":{"name":"R-1A - Single Family Residential","category":"Residential","_color":"#f2c84b","_fillOpacity":0.4,"_weight":1,"_popupRows":[["Category","Residential"]]},"geometry":{"type":"Polygon","coordinates":[[[-83.62794,43.04213],[-83.62727,43.04213],[-83.62721,43.04013],[-83.6259,43.04012],[-83.62589,43.03995],[-83.6272,43.03996],[-83.62716,43.03884],[-83.62876,43.03886],[-83.62876,43.03868],[-83.63058,43.0387],[-83.63067,43.04215],[-83.62794,43.04213]]]}},{"type":"Feature","properties":{"name":"R-1A - Single Family Residential","category":"Residential","_color":"#f2c84b","_fillOpacity":0.4,"_weight":1,"_popupRows":[["Category","Residential"]]},"geometry":{"type":"Polygon","coordinates":[[[-83.57985,43.04167],[-83.58028,43.04171],[-83.58028,43.04274],[-83.57834,43.04274],[-83.57834,43.0417],[-83.57985,43.04167]]]}},{"type":"Feature","properties":{"name":"R-1A - Single Family Residential","category":"Residential","_color":"#f2c84b","_fillOpacity":0.4,"_weight":1,"_popupRows":[["Category","Residential"]]},"geometry":{"type":"Polygon","coordinates":[[[-83.61596,43.04314],[-83.6159,43.04314],[-83.61586,43.04203],[-83.61786,43.04205],[-83.61815,43.04269],[-83.61763,43.0431],[-83.61714,43.04329],[-83.61648,43.04338],[-83.61626,43.04321],[-83.61596,43.04314]]]}},{"type":"Feature","properties":{"name":"R-1A - Single Family Residential","category":"Residential","_color":"#f2c84b","_fillOpacity":0.4,"_weight":1,"_popupRows":[["Category","Residential"]]},"geometry":{"type":"Polygon","coordinates":[[[-83.58825,43.04261],[-83.58536,43.04262],[-83.58534,43.04166],[-83.58548,43.04158],[-83.58988,43.04158],[-83.59007,43.04177],[-83.59013,43.04337],[-83.58881,43.04339],[-83.58873,43.04284],[-83.58855,43.04269],[-83.58825,43.04261]]]}},{"type":"Feature","properties":{"name":"R-1A - Single Family Residential","category":"Residential","_color":"#f2c84b","_fillOpacity":0.4,"_weight":1,"_popupRows":[["Category","Residential"]]},"geometry":{"type":"Polygon","coordinates":[[[-83.61893,43.04265],[-83.61925,43.04279],[-83.6198,43.04399],[-83.61965,43.04413],[-83.61862,43.04437],[-83.61846,43.04427],[-83.61789,43.04317],[-83.61829,43.04282],[-83.61893,43.04265]]]}},{"type":"Feature","properties":{"name":"R-1A - Single Family Residential","category":"Residential","_color":"#f2c84b","_fillOpacity":0.4,"_weight":1,"_popupRows":[["Category","Residential"]]},"geometry":{"type":"Polygon","coordinates":[[[-83.62192,43.04083],[-83.62241,43.04083],[-83.62246,43.0444],[-83.62148,43.0444],[-83.62142,43.04084],[-83.62192,43.04083]]]}},{"type":"Feature","properties":{"name":"R-1A - Single Family Residential","category":"Residential","_color":"#f2c84b","_fillOpacity":0.4,"_weight":1,"_popupRows":[["Category","Residential"]]},"geometry":{"type":"Polygon","coordinates":[[[-83.61597,43.04487],[-83.6159,43.04331],[-83.6164,43.04362],[-83.6166,43.04407],[-83.61643,43.04454],[-83.61597,43.04487]]]}},{"type":"Feature","properties":{"name":"R-1A - Single Family Residential","category":"Residential","_color":"#f2c84b","_fillOpacity":0.4,"_weight":1,"_popupRows":[["Category","Residential"]]},"geometry":{"type":"Polygon","coordinates":[[[-83.58347,43.04584],[-83.58389,43.04526],[-83.58485,43.04465],[-83.58523,43.04425],[-83.58541,43.04373],[-83.58537,43.04279],[-83.58687,43.04278],[-83.58688,43.04471],[-83.58704,43.04499],[-83.58755,43.0454],[-83.58701,43.04564],[-83.58615,43.04566],[-83.58576,43.04551],[-83.58562,43.04559],[-83.58561,43.04572],[-83.58581,43.04583],[-83.58705,43.04581],[-83.58739,43.04572],[-83.58771,43.04552],[-83.58873,43.04632],[-83.58829,43.0466],[-83.58801,43.04667],[-83.58337,43.04676],[-83.58336,43.04624],[-83.58347,43.04584]]]}},{"type":"Feature","properties":{"name":"R-1A - Single Family Residential","category":"Residential","_color":"#f2c84b","_fillOpacity":0.4,"_weight":1,"_popupRows":[["Category","Residential"]]},"geometry":{"type":"Polygon","coordinates":[[[-83.58811,43.04558],[-83.58727,43.04492],[-83.58712,43.04471],[-83.58709,43.04277],[-83.58824,43.04277],[-83.58853,43.04291],[-83.58857,43.04365],[-83.5883,43.04428],[-83.58844,43.04444],[-83.58862,43.04444],[-83.58873,43.04434],[-83.58868,43.04413],[-83.5888,43.04357],[-83.59014,43.04354],[-83.59028,43.04528],[-83.58975,43.04521],[-83.58959,43.04527],[-83.58954,43.04539],[-83.58975,43.04555],[-83.59029,43.04545],[-83.59031,43.04634],[-83.59017,43.04662],[-83.5897,43.04687],[-83.58811,43.04558]]]}},{"type":"Feature","properties":{"name":"R-1A - Single Family Residential","category":"Residential","_color":"#f2c84b","_fillOpacity":0.4,"_weight":1,"_popupRows":[["Category","Residential"]]},"geometry":{"type":"Polygon","coordinates":[[[-83.62066,43.04027],[-83.62552,43.04031],[-83.62556,43.0414],[-83.62264,43.04139],[-83.62263,43.04066],[-83.62119,43.04067],[-83.62125,43.04457],[-83.62268,43.04455],[-83.62264,43.04156],[-83.62556,43.04157],[-83.62569,43.04747],[-83.61607,43.04757],[-83.61597,43.04516],[-83.61648,43.0448],[-83.61676,43.04439],[-83.6168,43.04397],[-83.6166,43.04353],[-83.61728,43.04343],[-83.61771,43.04327],[-83.61825,43.04432],[-83.61853,43.04452],[-83.61881,43.04452],[-83.61992,43.04419],[-83.62001,43.04389],[-83.61955,43.04292],[-83.62011,43.04286],[-83.62021,43.04275],[-83.62018,43.04262],[-83.6199,43.04254],[-83.61947,43.04275],[-83.61929,43.04257],[-83.61894,43.04248],[-83.61833,43.04262],[-83.61809,43.04205],[-83.6207,43.04206],[-83.62066,43.04027]]]}},{"type":"Feature","properties":{"name":"R-1A - Single Family Residential","category":"Residential","_color":"#f2c84b","_fillOpacity":0.4,"_weight":1,"_popupRows":[["Category","Residential"]]},"geometry":{"type":"Polygon","coordinates":[[[-83.59638,43.04773],[-83.59628,43.04528],[-83.60104,43.04522],[-83.60103,43.04506],[-83.59627,43.04511],[-83.59615,43.04241],[-83.60091,43.04234],[-83.6009,43.04218],[-83.59614,43.04224],[-83.59611,43.0413],[-83.59697,43.04127],[-83.59781,43.04111],[-83.59968,43.04104],[-83.6001,43.04086],[-83.60091,43.04017],[-83.60121,43.0401],[-83.60224,43.04007],[-83.60242,43.03998],[-83.60252,43.03984],[-83.60248,43.03861],[-83.60229,43.03829],[-83.60189,43.03802],[-83.60225,43.03753],[-83.60247,43.0374],[-83.6024,43.03724],[-83.60218,43.0372],[-83.60203,43.03729],[-83.60205,43.03746],[-83.60167,43.03797],[-83.60124,43.03793],[-83.60086,43.03801],[-83.60023,43.03872],[-83.59914,43.03927],[-83.59845,43.04036],[-83.5981,43.04069],[-83.59722,43.04106],[-83.59611,43.04113],[-83.59614,43.04055],[-83.59662,43.04023],[-83.59703,43.04014],[-83.5975,43.04038],[-83.59777,43.04018],[-83.59813,43.0393],[-83.59834,43.03846],[-83.59865,43.03802],[-83.5993,43.0378],[-83.59972,43.03751],[-83.59993,43.0375],[-83.60019,43.03766],[-83.60041,43.03765],[-83.60119,43.03693],[-83.60134,43.03653],[-83.60145,43.03644],[-83.60173,43.03643],[-83.6018,43.0365],[-83.60178,43.03663],[-83.60205,43.03675],[-83.60237,43.03664],[-83.60286,43.0363],[-83.60318,43.0363],[-83.60318,43.03621],[-83.603,43.03617],[-83.60264,43.03625],[-83.60239,43.03654],[-83.60214,43.03666],[-83.60194,43.03661],[-83.60178,43.03637],[-83.60145,43.03635],[-83.60124,43.03654],[-83.60109,43.03687],[-83.60038,43.03758],[-83.59989,43.03742],[-83.59966,43.03744],[-83.59921,43.03774],[-83.5986,43.03794],[-83.59845,43.03807],[-83.59819,43.03857],[-83.59768,43.04012],[-83.59746,43.04021],[-83.59705,43.04004],[-83.59674,43.04005],[-83.59615,43.04044],[-83.59603,43.03893],[-83.59686,43.03875],[-83.59723,43.03854],[-83.59749,43.03827],[-83.59769,43.03776],[-83.5977,43.03642],[-83.59936,43.0355],[-83.59967,43.03523],[-83.59991,43.03465],[-83.59987,43.03371],[-83.60186,43.03357],[-83.61523,43.03318],[-83.61561,43.04394],[-83.61572,43.04394],[-83.61588,43.04728],[-83.61579,43.04759],[-83.61489,43.0476],[-83.61467,43.04728],[-83.61468,43.04551],[-83.61472,43.04539],[-83.61507,43.04521],[-83.61484,43.0452],[-83.61458,43.04549],[-83.61446,43.04598],[-83.61458,43.04669],[-83.61443,43.04704],[-83.61466,43.0476],[-83.61387,43.04762],[-83.61373,43.04397],[-83.61352,43.04397],[-83.61365,43.04758],[-83.61142,43.0476],[-83.61129,43.044],[-83.61106,43.04401],[-83.61119,43.04761],[-83.60876,43.04764],[-83.60868,43.04404],[-83.60845,43.04405],[-83.60852,43.04764],[-83.59638,43.04773]]]}},{"type":"Feature","properties":{"name":"R-1A - Single Family Residential","category":"Residential","_color":"#f2c84b","_fillOpacity":0.4,"_weight":1,"_popupRows":[["Category","Residential"]]},"geometry":{"type":"Polygon","coordinates":[[[-83.59563,43.04246],[-83.59573,43.04252],[-83.596,43.04776],[-83.58989,43.04786],[-83.58979,43.04702],[-83.59035,43.04673],[-83.59055,43.04637],[-83.59051,43.04507],[-83.59039,43.04427],[-83.59034,43.04249],[-83.59563,43.04246]]]}},{"type":"Feature","properties":{"name":"R-1A - Single Family Residential","category":"Residential","_color":"#f2c84b","_fillOpacity":0.4,"_weight":1,"_popupRows":[["Category","Residential"]]},"geometry":{"type":"Polygon","coordinates":[[[-83.58857,43.04666],[-83.58888,43.04644],[-83.58951,43.04695],[-83.58966,43.04723],[-83.58967,43.04787],[-83.5834,43.04794],[-83.58337,43.04692],[-83.58778,43.04685],[-83.58825,43.04679],[-83.58857,43.04666]]]}},{"type":"Feature","properties":{"name":"R-1A - Single Family Residential","category":"Residential","_color":"#f2c84b","_fillOpacity":0.4,"_weight":1,"_popupRows":[["Category","Residential"]]},"geometry":{"type":"Polygon","coordinates":[[[-83.57665,43.04498],[-83.57662,43.04295],[-83.57881,43.04295],[-83.57881,43.04338],[-83.57832,43.0437],[-83.57835,43.04384],[-83.57852,43.04391],[-83.579,43.04344],[-83.57912,43.04294],[-83.58022,43.04291],[-83.58048,43.0428],[-83.58052,43.0418],[-83.58044,43.04159],[-83.58022,43.04149],[-83.57831,43.04152],[-83.57809,43.04173],[-83.57808,43.04276],[-83.57662,43.04281],[-83.57633,43.03383],[-83.58433,43.03383],[-83.58433,43.0339],[-83.58548,43.03391],[-83.5855,43.03378],[-83.59337,43.03381],[-83.59337,43.03419],[-83.59354,43.03419],[-83.59355,43.03381],[-83.59551,43.03382],[-83.59567,43.0399],[-83.59557,43.0399],[-83.5956,43.04084],[-83.59565,43.04115],[-83.5957,43.04115],[-83.59574,43.0423],[-83.59039,43.0423],[-83.59031,43.04225],[-83.59024,43.04164],[-83.59009,43.04149],[-83.58986,43.0414],[-83.58528,43.04145],[-83.58511,43.04171],[-83.58519,43.04363],[-83.58514,43.04394],[-83.58483,43.04442],[-83.58381,43.04508],[-83.5833,43.04571],[-83.58314,43.04629],[-83.58318,43.04794],[-83.58064,43.04798],[-83.58066,43.04507],[-83.58077,43.04491],[-83.58054,43.04477],[-83.58038,43.04483],[-83.58032,43.04495],[-83.58043,43.04509],[-83.58042,43.04798],[-83.578,43.04801],[-83.57799,43.04727],[-83.57845,43.04674],[-83.57892,43.04699],[-83.57909,43.04718],[-83.57929,43.04718],[-83.57941,43.04709],[-83.57934,43.04691],[-83.57906,43.04686],[-83.57858,43.0466],[-83.57885,43.04623],[-83.57892,43.04583],[-83.57915,43.04525],[-83.57949,43.04506],[-83.57945,43.0449],[-83.57926,43.04485],[-83.57906,43.04495],[-83.5786,43.0463],[-83.57782,43.04718],[-83.57777,43.04802],[-83.5767,43.04803],[-83.57665,43.04498]],[[-83.58256,43.04144],[-83.58259,43.04052],[-83.58198,43.04037],[-83.58235,43.03952],[-83.58232,43.03817],[-83.5825,43.03814],[-83.58261,43.038],[-83.58254,43.03784],[-83.58234,43.03779],[-83.58209,43.03796],[-83.58214,43.03935],[-83.58207,43.03971],[-83.58176,43.04032],[-83.58133,43.04022],[-83.58133,43.04039],[-83.58233,43.04066],[-83.58231,43.04163],[-83.58218,43.04181],[-83.58224,43.04194],[-83.58247,43.04201],[-83.58267,43.0419],[-83.58269,43.04178],[-83.58256,43.04163],[-83.58256,43.04144]]]}},{"type":"Feature","properties":{"name":"R-1B - Single Family Residential","category":"Residential","_color":"#f2c84b","_fillOpacity":0.4,"_weight":1,"_popupRows":[["Category","Residential"]]},"geometry":{"type":"Polygon","coordinates":[[[-83.68694,42.96247],[-83.68674,42.96247],[-83.68676,42.96205],[-83.68716,42.96165],[-83.68725,42.96143],[-83.68764,42.96157],[-83.68866,42.96217],[-83.68777,42.96271],[-83.68742,42.96252],[-83.68694,42.96247]]]}},{"type":"Feature","properties":{"name":"R-1B - Single Family Residential","category":"Residential","_color":"#f2c84b","_fillOpacity":0.4,"_weight":1,"_popupRows":[["Category","Residential"]]},"geometry":{"type":"Polygon","coordinates":[[[-83.58862,42.96229],[-83.58858,42.96134],[-83.59316,42.96126],[-83.59318,42.9622],[-83.58862,42.96229]]]}},{"type":"Feature","properties":{"name":"R-1B - Single Family Residential","category":"Residential","_color":"#f2c84b","_fillOpacity":0.4,"_weight":1,"_popupRows":[["Category","Residential"]]},"geometry":{"type":"Polygon","coordinates":[[[-83.59031,42.96316],[-83.59005,42.96324],[-83.58866,42.96323],[-83.58862,42.96247],[-83.59174,42.96243],[-83.59169,42.96412],[-83.59044,42.96416],[-83.59043,42.96352],[-83.59053,42.96332],[-83.59031,42.96316]]]}},{"type":"Feature","properties":{"name":"R-1B - Single Family Residential","category":"Residential","_color":"#f2c84b","_fillOpacity":0.4,"_weight":1,"_popupRows":[["Category","Residential"]]},"geometry":{"type":"Polygon","coordinates":[[[-83.58706,42.96354],[-83.58704,42.96251],[-83.58838,42.96247],[-83.58838,42.96314],[-83.58828,42.96333],[-83.58833,42.96343],[-83.58851,42.9635],[-83.58876,42.96343],[-83.59015,42.96343],[-83.59019,42.96416],[-83.58714,42.96423],[-83.58706,42.96354]]]}},{"type":"Feature","properties":{"name":"R-1B - Single Family Residential","category":"Residential","_color":"#f2c84b","_fillOpacity":0.4,"_weight":1,"_popupRows":[["Category","Residential"]]},"geometry":{"type":"Polygon","coordinates":[[[-83.64233,42.96183],[-83.64286,42.96183],[-83.64298,42.96489],[-83.64149,42.9649],[-83.64136,42.96184],[-83.64233,42.96183]]]}},{"type":"Feature","properties":{"name":"R-1B - Single Family Residential","category":"Residential","_color":"#f2c84b","_fillOpacity":0.4,"_weight":1,"_popupRows":[["Category","Residential"]]},"geometry":{"type":"Polygon","coordinates":[[[-83.64506,42.9648],[-83.64484,42.96488],[-83.64321,42.96489],[-83.64302,42.96046],[-83.6451,42.96045],[-83.64527,42.96493],[-83.64506,42.9648]]]}},{"type":"Feature","properties":{"name":"R-1B - Single Family Residential","category":"Residential","_color":"#f2c84b","_fillOpacity":0.4,"_weight":1,"_popupRows":[["Category","Residential"]]},"geometry":{"type":"Polygon","coordinates":[[[-83.64066,42.96509],[-83.64065,42.96491],[-83.63714,42.96496],[-83.63702,42.96054],[-83.64279,42.96046],[-83.64284,42.96166],[-83.64113,42.96168],[-83.64127,42.96509],[-83.64066,42.96509]]]}},{"type":"Feature","properties":{"name":"R-1B - Single Family Residential","category":"Residential","_color":"#f2c84b","_fillOpacity":0.4,"_weight":1,"_popupRows":[["Category","Residential"]]},"geometry":{"type":"Polygon","coordinates":[[[-83.63644,42.96055],[-83.6368,42.96054],[-83.63693,42.96513],[-83.63504,42.96515],[-83.63486,42.96057],[-83.63644,42.96055]]]}},{"type":"Feature","properties":{"name":"R-1B - Single Family Residential","category":"Residential","_color":"#f2c84b","_fillOpacity":0.4,"_weight":1,"_popupRows":[["Category","Residential"]]},"geometry":{"type":"Polygon","coordinates":[[[-83.68693,42.96263],[-83.68729,42.96266],[-83.68756,42.9628],[-83.68775,42.96304],[-83.68779,42.96332],[-83.68753,42.96409],[-83.68754,42.96516],[-83.68666,42.96533],[-83.68657,42.96549],[-83.68659,42.96612],[-83.68648,42.96611],[-83.68582,42.96589],[-83.68551,42.96565],[-83.68545,42.96549],[-83.68663,42.96384],[-83.68676,42.96338],[-83.68674,42.96263],[-83.68693,42.96263]]]}},{"type":"Feature","properties":{"name":"R-1B - Single Family Residential","category":"Residential","_color":"#f2c84b","_fillOpacity":0.4,"_weight":1,"_popupRows":[["Category","Residential"]]},"geometry":{"type":"Polygon","coordinates":[[[-83.64145,42.96508],[-83.64485,42.96505],[-83.64506,42.96513],[-83.64527,42.96499],[-83.64531,42.96582],[-83.64147,42.96586],[-83.64145,42.96508]]]}},{"type":"Feature","properties":{"name":"R-1B - Single Family Residential","category":"Residential","_color":"#f2c84b","_fillOpacity":0.4,"_weight":1,"_popupRows":[["Category","Residential"]]},"geometry":{"type":"Polygon","coordinates":[[[-83.58721,42.96542],[-83.5871,42.96509],[-83.58714,42.9644],[-83.59199,42.96435],[-83.59208,42.96421],[-83.59198,42.96403],[-83.59192,42.96241],[-83.59319,42.96236],[-83.59326,42.96474],[-83.59333,42.96474],[-83.59329,42.9658],[-83.59169,42.96591],[-83.59167,42.96537],[-83.59176,42.96518],[-83.59156,42.96504],[-83.5914,42.96507],[-83.59132,42.96518],[-83.59142,42.96537],[-83.59144,42.96592],[-83.58863,42.96597],[-83.58863,42.96557],[-83.58879,42.96538],[-83.58902,42.96531],[-83.58994,42.96529],[-83.59025,42.96536],[-83.5904,42.96519],[-83.59021,42.96504],[-83.58994,42.96511],[-83.58892,42.96514],[-83.58852,42.96529],[-83.58825,42.96511],[-83.58803,42.96513],[-83.58794,42.96523],[-83.58798,42.96536],[-83.58839,42.96549],[-83.58838,42.96597],[-83.58768,42.96582],[-83.58721,42.96542]]]}},{"type":"Feature","properties":{"name":"R-1B - Single Family Residential","category":"Residential","_color":"#f2c84b","_fillOpacity":0.4,"_weight":1,"_popupRows":[["Category","Residential"]]},"geometry":{"type":"Polygon","coordinates":[[[-83.62779,42.96597],[-83.62805,42.96597],[-83.62807,42.96637],[-83.62347,42.96645],[-83.62334,42.96636],[-83.62333,42.96603],[-83.62779,42.96597]]]}},{"type":"Feature","properties":{"name":"R-1B - Single Family Residential","category":"Residential","_color":"#f2c84b","_fillOpacity":0.4,"_weight":1,"_popupRows":[["Category","Residential"]]},"geometry":{"type":"Polygon","coordinates":[[[-83.68681,42.96623],[-83.68682,42.96545],[-83.68751,42.96538],[-83.68774,42.96519],[-83.6878,42.96386],[-83.68837,42.96384],[-83.68863,42.96397],[-83.68887,42.96383],[-83.68883,42.96368],[-83.68867,42.9636],[-83.68839,42.9637],[-83.68786,42.9637],[-83.68801,42.96322],[-83.68786,42.96286],[-83.68826,42.96265],[-83.68841,42.9628],[-83.68845,42.96299],[-83.68874,42.96305],[-83.68887,42.96294],[-83.68885,42.9628],[-83.68843,42.96255],[-83.6891,42.96206],[-83.68943,42.96196],[-83.69071,42.96193],[-83.69105,42.96183],[-83.69105,42.96164],[-83.69048,42.9618],[-83.68929,42.96181],[-83.68882,42.96204],[-83.68753,42.96132],[-83.68679,42.96127],[-83.68668,42.95982],[-83.68888,42.95979],[-83.68891,42.96058],[-83.68753,42.9606],[-83.68748,42.96076],[-83.68864,42.9615],[-83.68959,42.9614],[-83.69017,42.96119],[-83.69017,42.9609],[-83.69103,42.96089],[-83.69104,42.961],[-83.69246,42.96096],[-83.69261,42.96666],[-83.6912,42.96669],[-83.6912,42.96685],[-83.6898,42.96688],[-83.68976,42.96624],[-83.68966,42.96624],[-83.68969,42.96688],[-83.68685,42.96695],[-83.68681,42.96623]],[[-83.68951,42.96428],[-83.6895,42.96384],[-83.6895,42.96388],[-83.68951,42.96428]]]}},{"type":"Feature","properties":{"name":"R-1B - Single Family Residential","category":"Residential","_color":"#f2c84b","_fillOpacity":0.4,"_weight":1,"_popupRows":[["Category","Residential"]]},"geometry":{"type":"Polygon","coordinates":[[[-83.64066,42.96509],[-83.6407,42.96638],[-83.63849,42.96667],[-83.63844,42.96512],[-83.64066,42.96509]]]}},{"type":"Feature","properties":{"name":"R-1B - Single Family Residential","category":"Residential","_color":"#f2c84b","_fillOpacity":0.4,"_weight":1,"_popupRows":[["Category","Residential"]]},"geometry":{"type":"Polygon","coordinates":[[[-83.68624,42.96148],[-83.68614,42.96063],[-83.68655,42.96062],[-83.68655,42.96146],[-83.68703,42.96141],[-83.68696,42.96158],[-83.68662,42.96187],[-83.68652,42.96213],[-83.68651,42.96357],[-83.68637,42.96387],[-83.68527,42.96535],[-83.68521,42.96552],[-83.68534,42.96577],[-83.68571,42.96603],[-83.6861,42.9662],[-83.6866,42.96628],[-83.68662,42.967],[-83.68574,42.96702],[-83.68535,42.96662],[-83.68531,42.96643],[-83.68458,42.96616],[-83.68453,42.9661],[-83.68464,42.96586],[-83.68444,42.96576],[-83.68546,42.96449],[-83.68613,42.96315],[-83.68592,42.96211],[-83.68626,42.9616],[-83.68624,42.96148]]]}},{"type":"Feature","properties":{"name":"R-1B - Single Family Residential","category":"Residential","_color":"#f2c84b","_fillOpacity":0.4,"_weight":1,"_popupRows":[["Category","Residential"]]},"geometry":{"type":"Polygon","coordinates":[[[-83.62346,42.96661],[-83.6272,42.96655],[-83.6273,42.96663],[-83.62732,42.96722],[-83.62718,42.96729],[-83.62345,42.96736],[-83.62338,42.9673],[-83.62336,42.9667],[-83.62346,42.96661]]]}},{"type":"Feature","properties":{"name":"R-1B - Single Family Residential","category":"Residential","_color":"#f2c84b","_fillOpacity":0.4,"_weight":1,"_popupRows":[["Category","Residential"]]},"geometry":{"type":"Polygon","coordinates":[[[-83.62763,42.96654],[-83.62807,42.96653],[-83.62811,42.96781],[-83.6234,42.9679],[-83.62339,42.96761],[-83.62348,42.96753],[-83.62735,42.96743],[-83.62753,42.96729],[-83.62752,42.96661],[-83.62763,42.96654]]]}},{"type":"Feature","properties":{"name":"R-1B - Single Family Residential","category":"Residential","_color":"#f2c84b","_fillOpacity":0.4,"_weight":1,"_popupRows":[["Category","Residential"]]},"geometry":{"type":"Polygon","coordinates":[[[-83.59088,42.9661],[-83.59145,42.96609],[-83.59148,42.96786],[-83.59057,42.96785],[-83.59034,42.96739],[-83.59001,42.96711],[-83.59036,42.96665],[-83.59042,42.96612],[-83.59088,42.9661]]]}},{"type":"Feature","properties":{"name":"R-1B - Single Family Residential","category":"Residential","_color":"#f2c84b","_fillOpacity":0.4,"_weight":1,"_popupRows":[["Category","Residential"]]},"geometry":{"type":"Polygon","coordinates":[[[-83.58476,42.9685],[-83.58484,42.96773],[-83.58465,42.96681],[-83.58379,42.96619],[-83.58376,42.96491],[-83.58498,42.96489],[-83.58493,42.96308],[-83.58555,42.96307],[-83.58555,42.96285],[-83.58617,42.96283],[-83.58613,42.96138],[-83.58836,42.96134],[-83.58837,42.96229],[-83.58715,42.96231],[-83.58688,42.96224],[-83.58669,42.96235],[-83.58678,42.9626],[-83.58688,42.96521],[-83.58471,42.96527],[-83.58435,42.96549],[-83.58424,42.96574],[-83.58427,42.96585],[-83.58444,42.96593],[-83.58463,42.96589],[-83.58469,42.96576],[-83.58459,42.96556],[-83.58483,42.96544],[-83.58693,42.9654],[-83.58723,42.96578],[-83.58643,42.9664],[-83.58599,42.96663],[-83.58572,42.96666],[-83.58568,42.96683],[-83.58586,42.96693],[-83.58602,42.9669],[-83.58611,42.96678],[-83.58678,42.96643],[-83.58741,42.9659],[-83.5882,42.96614],[-83.59018,42.96612],[-83.59018,42.96638],[-83.59009,42.9667],[-83.58985,42.967],[-83.58894,42.96747],[-83.58748,42.96783],[-83.58606,42.9679],[-83.58577,42.96784],[-83.58561,42.96796],[-83.58567,42.96812],[-83.58585,42.96816],[-83.58606,42.96808],[-83.58756,42.968],[-83.58877,42.96773],[-83.58885,42.96804],[-83.5891,42.96811],[-83.58923,42.96804],[-83.58926,42.96792],[-83.589,42.96766],[-83.5899,42.96724],[-83.59014,42.96746],[-83.59026,42.96786],[-83.59042,42.968],[-83.5917,42.96811],[-83.59185,42.96795],[-83.59174,42.96778],[-83.59169,42.96608],[-83.5933,42.96615],[-83.59331,42.96652],[-83.59337,42.96652],[-83.59342,42.96837],[-83.58476,42.9685]],[[-83.5861,42.9658],[-83.58572,42.96563],[-83.58508,42.9662],[-83.58524,42.96656],[-83.5859,42.96646],[-83.58628,42.96588],[-83.5861,42.9658]],[[-83.58635,42.96727],[-83.58604,42.96714],[-83.58534,42.96734],[-83.58498,42.9671],[-83.58487,42.96717],[-83.58494,42.9677],[-83.58635,42.96727]],[[-83.5879,42.9668],[-83.58812,42.9672],[-83.58924,42.96668],[-83.58855,42.96674],[-83.58801,42.96658],[-83.5879,42.9668]]]}},{"type":"Feature","properties":{"name":"R-1B - Single Family Residential","category":"Residential","_color":"#f2c84b","_fillOpacity":0.4,"_weight":1,"_popupRows":[["Category","Residential"]]},"geometry":{"type":"Polygon","coordinates":[[[-83.69189,42.96772],[-83.69187,42.96854],[-83.68746,42.96863],[-83.68746,42.9688],[-83.69188,42.9687],[-83.69188,42.96916],[-83.69162,42.96917],[-83.69162,42.96953],[-83.68964,42.96958],[-83.68962,42.9705],[-83.68505,42.97061],[-83.68501,42.9686],[-83.68563,42.96795],[-83.68555,42.96737],[-83.68564,42.96737],[-83.68564,42.96718],[-83.6919,42.96701],[-83.69189,42.96772]]]}},{"type":"Feature","properties":{"name":"R-1B - Single Family Residential","category":"Residential","_color":"#f2c84b","_fillOpacity":0.4,"_weight":1,"_popupRows":[["Category","Residential"]]},"geometry":{"type":"Polygon","coordinates":[[[-83.60045,42.97317],[-83.60118,42.97316],[-83.60121,42.97465],[-83.60107,42.97465],[-83.60009,42.97412],[-83.59974,42.97377],[-83.59971,42.97317],[-83.60045,42.97317]]]}},{"type":"Feature","properties":{"name":"R-1B - Single Family Residential","category":"Residential","_color":"#f2c84b","_fillOpacity":0.4,"_weight":1,"_popupRows":[["Category","Residential"]]},"geometry":{"type":"Polygon","coordinates":[[[-83.5987,42.97319],[-83.59947,42.97318],[-83.59949,42.97367],[-83.59964,42.974],[-83.60125,42.97494],[-83.60129,42.97532],[-83.60074,42.97534],[-83.59874,42.97428],[-83.5987,42.97319]]]}},{"type":"Feature","properties":{"name":"R-1B - Single Family Residential","category":"Residential","_color":"#f2c84b","_fillOpacity":0.4,"_weight":1,"_popupRows":[["Category","Residential"]]},"geometry":{"type":"Polygon","coordinates":[[[-83.60141,42.97315],[-83.60218,42.97313],[-83.60229,42.97535],[-83.60152,42.97537],[-83.60141,42.97315]]]}},{"type":"Feature","properties":{"name":"R-1B - Single Family Residential","category":"Residential","_color":"#f2c84b","_fillOpacity":0.4,"_weight":1,"_popupRows":[["Category","Residential"]]},"geometry":{"type":"Polygon","coordinates":[[[-83.59003,42.97557],[-83.59003,42.97552],[-83.58961,42.97553],[-83.58959,42.97366],[-83.58936,42.97362],[-83.58938,42.97553],[-83.58888,42.97554],[-83.58872,42.97025],[-83.58637,42.97029],[-83.58634,42.96892],[-83.58813,42.96889],[-83.59352,42.97173],[-83.59362,42.97499],[-83.59288,42.975],[-83.59289,42.97555],[-83.59003,42.97557]]]}},{"type":"Feature","properties":{"name":"R-1B - Single Family Residential","category":"Residential","_color":"#f2c84b","_fillOpacity":0.4,"_weight":1,"_popupRows":[["Category","Residential"]]},"geometry":{"type":"Polygon","coordinates":[[[-83.58995,42.97622],[-83.58993,42.97577],[-83.59283,42.97574],[-83.59284,42.97605],[-83.59363,42.97604],[-83.59361,42.97763],[-83.59001,42.97766],[-83.58995,42.97622]]]}},{"type":"Feature","properties":{"name":"R-1B - Single Family Residential","category":"Residential","_color":"#f2c84b","_fillOpacity":0.4,"_weight":1,"_popupRows":[["Category","Residential"]]},"geometry":{"type":"Polygon","coordinates":[[[-83.58941,42.97577],[-83.5897,42.97577],[-83.58978,42.97766],[-83.58893,42.97767],[-83.58886,42.97578],[-83.58941,42.97577]]]}},{"type":"Feature","properties":{"name":"R-1B - Single Family Residential","category":"Residential","_color":"#f2c84b","_fillOpacity":0.4,"_weight":1,"_popupRows":[["Category","Residential"]]},"geometry":{"type":"Polygon","coordinates":[[[-83.59894,42.98095],[-83.59888,42.97912],[-83.60331,42.97903],[-83.60338,42.98085],[-83.59894,42.98095]]]}},{"type":"Feature","properties":{"name":"R-1B - Single Family Residential","category":"Residential","_color":"#f2c84b","_fillOpacity":0.4,"_weight":1,"_popupRows":[["Category","Residential"]]},"geometry":{"type":"Polygon","coordinates":[[[-83.59894,42.98095],[-83.59635,42.98103],[-83.59635,42.98101],[-83.59894,42.98095]]]}},{"type":"Feature","properties":{"name":"R-1B - Single Family Residential","category":"Residential","_color":"#f2c84b","_fillOpacity":0.4,"_weight":1,"_popupRows":[["Category","Residential"]]},"geometry":{"type":"Polygon","coordinates":[[[-83.59319,42.97778],[-83.59362,42.97778],[-83.59364,42.9785],[-83.59371,42.9785],[-83.5938,42.98114],[-83.59372,42.98115],[-83.59373,42.98195],[-83.58908,42.98197],[-83.58893,42.97781],[-83.59319,42.97778]]]}},{"type":"Feature","properties":{"name":"R-1B - Single Family Residential","category":"Residential","_color":"#f2c84b","_fillOpacity":0.4,"_weight":1,"_popupRows":[["Category","Residential"]]},"geometry":{"type":"Polygon","coordinates":[[[-83.62132,42.98239],[-83.62103,42.97531],[-83.62212,42.9753],[-83.62239,42.98155],[-83.62262,42.98155],[-83.62235,42.9753],[-83.62451,42.97525],[-83.62457,42.97641],[-83.62352,42.97644],[-83.62378,42.98236],[-83.62132,42.98239]]]}},{"type":"Feature","properties":{"name":"R-1B - Single Family Residential","category":"Residential","_color":"#f2c84b","_fillOpacity":0.4,"_weight":1,"_popupRows":[["Category","Residential"]]},"geometry":{"type":"Polygon","coordinates":[[[-83.60876,42.97794],[-83.61211,42.97789],[-83.61222,42.98083],[-83.61106,42.98085],[-83.61137,42.98102],[-83.61122,42.98117],[-83.61172,42.98144],[-83.61178,42.98242],[-83.61119,42.98243],[-83.61114,42.98164],[-83.60883,42.98036],[-83.60876,42.97794]]]}},{"type":"Feature","properties":{"name":"R-1B - Single Family Residential","category":"Residential","_color":"#f2c84b","_fillOpacity":0.4,"_weight":1,"_popupRows":[["Category","Residential"]]},"geometry":{"type":"Polygon","coordinates":[[[-83.60887,42.9811],[-83.60885,42.98071],[-83.60898,42.98069],[-83.60947,42.98096],[-83.60955,42.98246],[-83.60894,42.98247],[-83.60887,42.9811]]]}},{"type":"Feature","properties":{"name":"R-1B - Single Family Residential","category":"Residential","_color":"#f2c84b","_fillOpacity":0.4,"_weight":1,"_popupRows":[["Category","Residential"]]},"geometry":{"type":"Polygon","coordinates":[[[-83.60076,42.98326],[-83.60123,42.98324],[-83.60144,42.98637],[-83.60137,42.98658],[-83.60118,42.98675],[-83.60055,42.98683],[-83.60029,42.98335],[-83.60037,42.98328],[-83.60076,42.98326]]]}},{"type":"Feature","properties":{"name":"R-1B - Single Family Residential","category":"Residential","_color":"#f2c84b","_fillOpacity":0.4,"_weight":1,"_popupRows":[["Category","Residential"]]},"geometry":{"type":"Polygon","coordinates":[[[-83.63609,42.98673],[-83.63639,42.98673],[-83.6364,42.9871],[-83.63511,42.98712],[-83.63508,42.98675],[-83.63609,42.98673]]]}},{"type":"Feature","properties":{"name":"R-1B - Single Family Residential","category":"Residential","_color":"#f2c84b","_fillOpacity":0.4,"_weight":1,"_popupRows":[["Category","Residential"]]},"geometry":{"type":"Polygon","coordinates":[[[-83.60241,42.98739],[-83.60277,42.98716],[-83.60292,42.98683],[-83.60277,42.98468],[-83.60323,42.98468],[-83.60344,42.98748],[-83.60321,42.98735],[-83.60237,42.98789],[-83.60198,42.98772],[-83.60241,42.98739]]]}},{"type":"Feature","properties":{"name":"R-1B - Single Family Residential","category":"Residential","_color":"#f2c84b","_fillOpacity":0.4,"_weight":1,"_popupRows":[["Category","Residential"]]},"geometry":{"type":"Polygon","coordinates":[[[-83.60195,42.98321],[-83.60234,42.9832],[-83.60243,42.98327],[-83.60268,42.98681],[-83.60255,42.98706],[-83.60194,42.98744],[-83.60132,42.98817],[-83.60068,42.98779],[-83.60057,42.98701],[-83.60127,42.98692],[-83.6015,42.98677],[-83.60166,42.98652],[-83.60148,42.98323],[-83.60195,42.98321]]]}},{"type":"Feature","properties":{"name":"R-1B - Single Family Residential","category":"Residential","_color":"#f2c84b","_fillOpacity":0.4,"_weight":1,"_popupRows":[["Category","Residential"]]},"geometry":{"type":"Polygon","coordinates":[[[-83.62286,42.9873],[-83.62553,42.98871],[-83.6289,42.98868],[-83.62894,42.98944],[-83.62296,42.98953],[-83.62286,42.9873]]]}},{"type":"Feature","properties":{"name":"R-1B - Single Family Residential","category":"Residential","_color":"#f2c84b","_fillOpacity":0.4,"_weight":1,"_popupRows":[["Category","Residential"]]},"geometry":{"type":"Polygon","coordinates":[[[-83.61561,42.98953],[-83.61556,42.98871],[-83.61445,42.98872],[-83.61416,42.98458],[-83.61762,42.98454],[-83.62286,42.9873],[-83.62296,42.98953],[-83.62113,42.98954],[-83.62107,42.98868],[-83.62112,42.9895],[-83.61561,42.98953]],[[-83.62128,42.98827],[-83.62127,42.98807],[-83.61929,42.98809],[-83.61925,42.98734],[-83.62062,42.98738],[-83.62118,42.98686],[-83.62111,42.98671],[-83.62048,42.98643],[-83.61979,42.98636],[-83.6199,42.98609],[-83.61968,42.98596],[-83.61946,42.98609],[-83.61957,42.98636],[-83.61882,42.98635],[-83.61882,42.98651],[-83.62038,42.98657],[-83.62089,42.98684],[-83.62059,42.98712],[-83.62044,42.98718],[-83.61848,42.98718],[-83.61848,42.98734],[-83.61904,42.98734],[-83.61896,42.98809],[-83.61725,42.9881],[-83.61723,42.9883],[-83.62128,42.98827]]]}},{"type":"Feature","properties":{"name":"R-1B - Single Family Residential","category":"Residential","_color":"#f2c84b","_fillOpacity":0.4,"_weight":1,"_popupRows":[["Category","Residential"]]},"geometry":{"type":"Polygon","coordinates":[[[-83.61273,42.98264],[-83.61344,42.98262],[-83.61371,42.9828],[-83.61413,42.98953],[-83.61218,42.98958],[-83.6118,42.98265],[-83.61273,42.98264]]]}},{"type":"Feature","properties":{"name":"R-1B - Single Family Residential","category":"Residential","_color":"#f2c84b","_fillOpacity":0.4,"_weight":1,"_popupRows":[["Category","Residential"]]},"geometry":{"type":"Polygon","coordinates":[[[-83.60978,42.98269],[-83.6097,42.98122],[-83.60979,42.98114],[-83.61093,42.98174],[-83.61098,42.98267],[-83.61157,42.98266],[-83.61195,42.98958],[-83.61009,42.98962],[-83.6097,42.98269],[-83.60978,42.98269]]]}},{"type":"Feature","properties":{"name":"R-1B - Single Family Residential","category":"Residential","_color":"#f2c84b","_fillOpacity":0.4,"_weight":1,"_popupRows":[["Category","Residential"]]},"geometry":{"type":"Polygon","coordinates":[[[-83.60894,42.98259],[-83.60947,42.98258],[-83.60986,42.98963],[-83.60928,42.98965],[-83.60894,42.98259]]]}},{"type":"Feature","properties":{"name":"R-1B - Single Family Residential","category":"Residential","_color":"#f2c84b","_fillOpacity":0.4,"_weight":1,"_popupRows":[["Category","Residential"]]},"geometry":{"type":"Polygon","coordinates":[[[-83.60179,42.98795],[-83.60193,42.98779],[-83.60231,42.98796],[-83.60167,42.98877],[-83.60171,42.9898],[-83.60135,42.9898],[-83.6012,42.98922],[-83.6012,42.98875],[-83.60179,42.98795]]]}},{"type":"Feature","properties":{"name":"R-1B - Single Family Residential","category":"Residential","_color":"#f2c84b","_fillOpacity":0.4,"_weight":1,"_popupRows":[["Category","Residential"]]},"geometry":{"type":"Polygon","coordinates":[[[-83.60005,42.98988],[-83.59898,42.98987],[-83.59887,42.98789],[-83.59904,42.98661],[-83.59883,42.98353],[-83.5987,42.9834],[-83.59849,42.98333],[-83.59668,42.98338],[-83.59655,42.98332],[-83.59644,42.98117],[-83.60228,42.98104],[-83.60233,42.9827],[-83.60308,42.98269],[-83.60322,42.9845],[-83.60276,42.9845],[-83.60268,42.98327],[-83.60249,42.98306],[-83.60035,42.98308],[-83.60007,42.98325],[-83.60037,42.98767],[-83.6006,42.98803],[-83.60119,42.98832],[-83.60097,42.9886],[-83.60092,42.98885],[-83.60063,42.98879],[-83.60046,42.98894],[-83.60062,42.98911],[-83.60095,42.98904],[-83.60111,42.98986],[-83.60005,42.98988]]]}},{"type":"Feature","properties":{"name":"R-1B - Single Family Residential","category":"Residential","_color":"#f2c84b","_fillOpacity":0.4,"_weight":1,"_popupRows":[["Category","Residential"]]},"geometry":{"type":"Polygon","coordinates":[[[-83.59564,42.98945],[-83.59563,42.98926],[-83.59451,42.98929],[-83.59406,42.98122],[-83.59622,42.98117],[-83.59629,42.98327],[-83.59637,42.98341],[-83.59667,42.98354],[-83.59846,42.98349],[-83.59863,42.98361],[-83.59882,42.98665],[-83.59864,42.98789],[-83.59866,42.98987],[-83.59567,42.98994],[-83.59564,42.98945]]]}},{"type":"Feature","properties":{"name":"R-1B - Single Family Residential","category":"Residential","_color":"#f2c84b","_fillOpacity":0.4,"_weight":1,"_popupRows":[["Category","Residential"]]},"geometry":{"type":"Polygon","coordinates":[[[-83.58924,42.98599],[-83.58909,42.9821],[-83.59374,42.9821],[-83.59375,42.98289],[-83.59386,42.98289],[-83.59387,42.98465],[-83.59394,42.98465],[-83.59399,42.98553],[-83.59392,42.98553],[-83.59395,42.98597],[-83.59401,42.98597],[-83.59421,42.98949],[-83.59338,42.98949],[-83.59341,42.99003],[-83.5894,42.9901],[-83.58924,42.98599]]]}},{"type":"Feature","properties":{"name":"R-1B - Single Family Residential","category":"Residential","_color":"#f2c84b","_fillOpacity":0.4,"_weight":1,"_popupRows":[["Category","Residential"]]},"geometry":{"type":"Polygon","coordinates":[[[-83.58726,42.99014],[-83.58724,42.98956],[-83.58688,42.98956],[-83.58677,42.98651],[-83.58435,42.98654],[-83.58433,42.98597],[-83.5772,42.98607],[-83.57709,42.98285],[-83.57477,42.98287],[-83.57474,42.98202],[-83.58421,42.98196],[-83.58418,42.98114],[-83.57939,42.98117],[-83.57919,42.97596],[-83.58605,42.97586],[-83.58608,42.97646],[-83.58645,42.97645],[-83.58667,42.98294],[-83.58778,42.98293],[-83.58807,42.99013],[-83.58726,42.99014]]]}},{"type":"Feature","properties":{"name":"R-1B - Single Family Residential","category":"Residential","_color":"#f2c84b","_fillOpacity":0.4,"_weight":1,"_popupRows":[["Category","Residential"]]},"geometry":{"type":"Polygon","coordinates":[[[-83.5786,42.98662],[-83.57967,42.9866],[-83.57975,42.99015],[-83.57869,42.99015],[-83.5786,42.98662]]]}},{"type":"Feature","properties":{"name":"R-1B - Single Family Residential","category":"Residential","_color":"#f2c84b","_fillOpacity":0.4,"_weight":1,"_popupRows":[["Category","Residential"]]},"geometry":{"type":"Polygon","coordinates":[[[-83.5773,42.98663],[-83.57836,42.98662],[-83.57846,42.99015],[-83.57739,42.99015],[-83.5773,42.98663]]]}},{"type":"Feature","properties":{"name":"R-1B - Single Family Residential","category":"Residential","_color":"#f2c84b","_fillOpacity":0.4,"_weight":1,"_popupRows":[["Category","Residential"]]},"geometry":{"type":"Polygon","coordinates":[[[-83.57612,42.98665],[-83.57707,42.98664],[-83.57716,42.99015],[-83.575,42.99019],[-83.57489,42.98666],[-83.57612,42.98665]]]}},{"type":"Feature","properties":{"name":"R-1B - Single Family Residential","category":"Residential","_color":"#f2c84b","_fillOpacity":0.4,"_weight":1,"_popupRows":[["Category","Residential"]]},"geometry":{"type":"Polygon","coordinates":[[[-83.6202,42.98976],[-83.6215,42.98976],[-83.62155,42.99076],[-83.61935,42.99077],[-83.61934,42.98977],[-83.6202,42.98976]]]}},{"type":"Feature","properties":{"name":"R-1B - Single Family Residential","category":"Residential","_color":"#f2c84b","_fillOpacity":0.4,"_weight":1,"_popupRows":[["Category","Residential"]]},"geometry":{"type":"Polygon","coordinates":[[[-83.6146,42.99149],[-83.61456,42.98978],[-83.61911,42.98977],[-83.61912,42.99077],[-83.61849,42.99088],[-83.6181,42.99113],[-83.61791,42.99108],[-83.6177,42.99113],[-83.61759,42.99128],[-83.61768,42.99146],[-83.61716,42.99182],[-83.61676,42.9919],[-83.61461,42.99189],[-83.6146,42.99149]]]}},{"type":"Feature","properties":{"name":"R-1B - Single Family Residential","category":"Residential","_color":"#f2c84b","_fillOpacity":0.4,"_weight":1,"_popupRows":[["Category","Residential"]]},"geometry":{"type":"Polygon","coordinates":[[[-83.61626,42.99206],[-83.61687,42.99206],[-83.61734,42.99193],[-83.61844,42.9911],[-83.61879,42.99096],[-83.62156,42.99092],[-83.6216,42.99186],[-83.6194,42.99191],[-83.61881,42.99207],[-83.61849,42.99165],[-83.61842,42.99186],[-83.61865,42.99216],[-83.61808,42.99263],[-83.61739,42.99292],[-83.61627,42.993],[-83.61626,42.99206]]]}},{"type":"Feature","properties":{"name":"R-1B - Single Family Residential","category":"Residential","_color":"#f2c84b","_fillOpacity":0.4,"_weight":1,"_popupRows":[["Category","Residential"]]},"geometry":{"type":"Polygon","coordinates":[[[-83.61467,42.99435],[-83.61461,42.99207],[-83.61603,42.99206],[-83.61605,42.99362],[-83.61615,42.99387],[-83.61639,42.99409],[-83.61664,42.99418],[-83.61764,42.99408],[-83.61804,42.99418],[-83.61845,42.99458],[-83.6182,42.99469],[-83.6178,42.99464],[-83.6177,42.99473],[-83.61771,42.99486],[-83.61796,42.99495],[-83.61858,42.99471],[-83.61894,42.99514],[-83.61898,42.99556],[-83.61608,42.99559],[-83.61604,42.99456],[-83.61614,42.99434],[-83.61605,42.99422],[-83.61591,42.99419],[-83.61574,42.99425],[-83.61569,42.99436],[-83.61581,42.99456],[-83.61586,42.99559],[-83.6147,42.99561],[-83.61467,42.99435]]]}},{"type":"Feature","properties":{"name":"R-1B - Single Family Residential","category":"Residential","_color":"#f2c84b","_fillOpacity":0.4,"_weight":1,"_popupRows":[["Category","Residential"]]},"geometry":{"type":"Polygon","coordinates":[[[-83.61473,42.99689],[-83.6147,42.99577],[-83.61587,42.99576],[-83.61589,42.99633],[-83.6158,42.99651],[-83.61596,42.99663],[-83.61624,42.99655],[-83.61799,42.99655],[-83.61807,42.99637],[-83.61788,42.99626],[-83.61757,42.99636],[-83.61611,42.99638],[-83.61609,42.99575],[-83.61764,42.9957],[-83.61862,42.99571],[-83.61872,42.99619],[-83.61888,42.99639],[-83.61911,42.99651],[-83.62049,42.99652],[-83.62073,42.9966],[-83.62093,42.99653],[-83.62095,42.99638],[-83.62079,42.99627],[-83.62046,42.99636],[-83.61927,42.99636],[-83.61906,42.99629],[-83.61888,42.99604],[-83.61885,42.99571],[-83.62037,42.9957],[-83.6202,42.99554],[-83.61918,42.99555],[-83.61917,42.99523],[-83.61907,42.995],[-83.61807,42.99403],[-83.61762,42.99393],[-83.61678,42.99406],[-83.61652,42.994],[-83.61629,42.99373],[-83.61627,42.99316],[-83.61715,42.99314],[-83.61779,42.99298],[-83.6183,42.99271],[-83.61882,42.99227],[-83.61924,42.9921],[-83.62161,42.99202],[-83.62161,42.99291],[-83.6201,42.99295],[-83.61965,42.99307],[-83.61978,42.99322],[-83.62012,42.99313],[-83.62161,42.99309],[-83.62167,42.99449],[-83.62191,42.99448],[-83.62172,42.98976],[-83.62231,42.98976],[-83.62254,42.99688],[-83.61473,42.99689]]]}},{"type":"Feature","properties":{"name":"R-1B - Single Family Residential","category":"Residential","_color":"#f2c84b","_fillOpacity":0.4,"_weight":1,"_popupRows":[["Category","Residential"]]},"geometry":{"type":"Polygon","coordinates":[[[-83.59843,42.99301],[-83.59869,42.99282],[-83.59889,42.99308],[-83.59892,42.99391],[-83.59884,42.9942],[-83.5974,42.99562],[-83.59729,42.99585],[-83.59726,42.9963],[-83.59712,42.99654],[-83.59678,42.99676],[-83.59634,42.99683],[-83.5963,42.99573],[-83.59638,42.99542],[-83.59762,42.99421],[-83.5978,42.99394],[-83.59797,42.99339],[-83.59843,42.99301]]]}},{"type":"Feature","properties":{"name":"R-1B - Single Family Residential","category":"Residential","_color":"#f2c84b","_fillOpacity":0.4,"_weight":1,"_popupRows":[["Category","Residential"]]},"geometry":{"type":"Polygon","coordinates":[[[-83.59501,42.99634],[-83.59478,42.99362],[-83.59707,42.99364],[-83.59697,42.99021],[-83.59743,42.99072],[-83.5975,42.99253],[-83.59762,42.99282],[-83.59786,42.99307],[-83.59762,42.99335],[-83.59743,42.99396],[-83.59716,42.99426],[-83.59681,42.99408],[-83.59647,42.99402],[-83.5959,42.99405],[-83.59539,42.99425],[-83.59541,42.9944],[-83.59558,42.99447],[-83.59577,42.99442],[-83.59583,42.99427],[-83.59611,42.99419],[-83.59662,42.99421],[-83.59699,42.9944],[-83.59622,42.99513],[-83.59602,42.99561],[-83.59569,42.99562],[-83.59555,42.99573],[-83.59565,42.99592],[-83.59604,42.99595],[-83.59609,42.99683],[-83.59506,42.99686],[-83.59501,42.99634]]]}},{"type":"Feature","properties":{"name":"R-1B - Single Family Residential","category":"Residential","_color":"#f2c84b","_fillOpacity":0.4,"_weight":1,"_popupRows":[["Category","Residential"]]},"geometry":{"type":"Polygon","coordinates":[[[-83.59412,42.99708],[-83.59457,42.99708],[-83.59467,42.99992],[-83.59422,42.99992],[-83.59412,42.99708]]]}},{"type":"Feature","properties":{"name":"R-1B - Single Family Residential","category":"Residential","_color":"#f2c84b","_fillOpacity":0.4,"_weight":1,"_popupRows":[["Category","Residential"]]},"geometry":{"type":"Polygon","coordinates":[[[-83.593,42.99702],[-83.59302,42.99695],[-83.59387,42.9971],[-83.59404,43.00003],[-83.59348,43.00037],[-83.59312,43.00046],[-83.593,42.99702]]]}},{"type":"Feature","properties":{"name":"R-1B - Single Family Residential","category":"Residential","_color":"#f2c84b","_fillOpacity":0.4,"_weight":1,"_popupRows":[["Category","Residential"]]},"geometry":{"type":"Polygon","coordinates":[[[-83.59196,42.99674],[-83.59285,42.99693],[-83.59288,43.00046],[-83.59198,43.00048],[-83.59191,42.99689],[-83.59196,42.99674]]]}},{"type":"Feature","properties":{"name":"R-1B - Single Family Residential","category":"Residential","_color":"#f2c84b","_fillOpacity":0.4,"_weight":1,"_popupRows":[["Category","Residential"]]},"geometry":{"type":"Polygon","coordinates":[[[-83.59454,43.00013],[-83.59466,43.00012],[-83.59471,43.00104],[-83.59294,43.00105],[-83.59289,43.00064],[-83.59345,43.0006],[-83.5942,43.00016],[-83.59454,43.00013]]]}},{"type":"Feature","properties":{"name":"R-1B - Single Family Residential","category":"Residential","_color":"#f2c84b","_fillOpacity":0.4,"_weight":1,"_popupRows":[["Category","Residential"]]},"geometry":{"type":"Polygon","coordinates":[[[-83.59289,43.00064],[-83.59294,43.00105],[-83.58009,43.00112],[-83.58,42.9975],[-83.58475,42.99747],[-83.58471,42.99667],[-83.58661,42.9966],[-83.58659,42.996],[-83.58852,42.99594],[-83.5885,42.99567],[-83.58983,42.99564],[-83.59455,42.99648],[-83.59456,42.9969],[-83.59335,42.99682],[-83.59215,42.99658],[-83.59123,42.9963],[-83.59111,42.99652],[-83.59166,42.99668],[-83.59158,42.9969],[-83.59173,43.00049],[-83.59128,43.0005],[-83.59107,43.00067],[-83.59289,43.00064]],[[-83.59311,42.99643],[-83.59317,42.99644],[-83.59287,42.99638],[-83.59311,42.99643]]]}},{"type":"Feature","properties":{"name":"R-1B - Single Family Residential","category":"Residential","_color":"#f2c84b","_fillOpacity":0.4,"_weight":1,"_popupRows":[["Category","Residential"]]},"geometry":{"type":"Polygon","coordinates":[[[-83.62274,43.00053],[-83.62272,42.99974],[-83.62318,42.99969],[-83.62322,43.00053],[-83.62329,43.00053],[-83.62331,43.00088],[-83.6235,43.0009],[-83.62351,43.00117],[-83.62332,43.00117],[-83.62333,43.00153],[-83.62278,43.00148],[-83.62274,43.00053]]]}},{"type":"Feature","properties":{"name":"R-1B - Single Family Residential","category":"Residential","_color":"#f2c84b","_fillOpacity":0.4,"_weight":1,"_popupRows":[["Category","Residential"]]},"geometry":{"type":"Polygon","coordinates":[[[-83.62196,42.99923],[-83.62246,42.99928],[-83.62257,43.00216],[-83.62251,43.00236],[-83.62159,43.00232],[-83.62147,42.9993],[-83.62159,42.99923],[-83.62196,42.99923]]]}},{"type":"Feature","properties":{"name":"R-1B - Single Family Residential","category":"Residential","_color":"#f2c84b","_fillOpacity":0.4,"_weight":1,"_popupRows":[["Category","Residential"]]},"geometry":{"type":"Polygon","coordinates":[[[-83.62125,43.00237],[-83.62049,43.00236],[-83.62038,43.00229],[-83.62027,42.99931],[-83.62034,42.99923],[-83.62123,42.99927],[-83.62136,43.0023],[-83.62125,43.00237]]]}},{"type":"Feature","properties":{"name":"R-1B - Single Family Residential","category":"Residential","_color":"#f2c84b","_fillOpacity":0.4,"_weight":1,"_popupRows":[["Category","Residential"]]},"geometry":{"type":"Polygon","coordinates":[[[-83.61969,43.00294],[-83.61952,42.9987],[-83.62314,42.99869],[-83.62318,42.99952],[-83.62273,42.9995],[-83.62264,42.99918],[-83.62237,42.99907],[-83.62036,42.99907],[-83.62011,42.99917],[-83.62004,42.99937],[-83.62016,43.00229],[-83.62024,43.00244],[-83.62045,43.00252],[-83.62253,43.00253],[-83.62278,43.00235],[-83.62279,43.00174],[-83.62334,43.00169],[-83.6234,43.00295],[-83.61969,43.00294]]]}},{"type":"Feature","properties":{"name":"R-1B - Single Family Residential","category":"Residential","_color":"#f2c84b","_fillOpacity":0.4,"_weight":1,"_popupRows":[["Category","Residential"]]},"geometry":{"type":"Polygon","coordinates":[[[-83.60055,43.00438],[-83.60043,43.00086],[-83.59506,43.00106],[-83.59504,43.00058],[-83.59981,43.0004],[-83.59971,42.99729],[-83.59509,42.99744],[-83.59507,42.9971],[-83.59663,42.99704],[-83.59725,42.99679],[-83.59745,42.99699],[-83.59772,42.99696],[-83.59778,42.99685],[-83.59774,42.99675],[-83.59741,42.99664],[-83.59757,42.99633],[-83.5976,42.99578],[-83.59869,42.99471],[-83.59899,42.99509],[-83.59906,42.99636],[-83.59897,42.99663],[-83.59877,42.9967],[-83.59872,42.99685],[-83.59886,42.99696],[-83.59907,42.99694],[-83.59927,42.99654],[-83.59923,42.99507],[-83.5991,42.9948],[-83.59884,42.99458],[-83.59907,42.9943],[-83.59918,42.99399],[-83.59914,42.99309],[-83.59886,42.99269],[-83.59909,42.99239],[-83.5991,42.99184],[-83.5992,42.99166],[-83.59902,42.99154],[-83.59879,42.99161],[-83.59876,42.99173],[-83.59885,42.99184],[-83.59879,42.99239],[-83.59802,42.99295],[-83.59782,42.99274],[-83.59772,42.99249],[-83.59766,42.99068],[-83.59727,42.99029],[-83.59721,42.99014],[-83.59933,42.99009],[-83.59936,42.99075],[-83.60094,42.9907],[-83.60089,42.99005],[-83.60122,42.99005],[-83.60128,42.99099],[-83.60188,42.99097],[-83.60183,42.99003],[-83.60256,42.99001],[-83.60258,42.99074],[-83.60315,42.99073],[-83.60318,42.99212],[-83.60445,42.99209],[-83.60473,43.0007],[-83.60099,43.00084],[-83.60112,43.00436],[-83.60055,43.00438]]]}},{"type":"Feature","properties":{"name":"R-1B - Single Family Residential","category":"Residential","_color":"#f2c84b","_fillOpacity":0.4,"_weight":1,"_popupRows":[["Category","Residential"]]},"geometry":{"type":"Polygon","coordinates":[[[-83.62113,43.00777],[-83.62107,43.00429],[-83.62715,43.00429],[-83.62725,43.00777],[-83.62113,43.00777]]]}},{"type":"Feature","properties":{"name":"R-1B - Single Family Residential","category":"Residential","_color":"#f2c84b","_fillOpacity":0.4,"_weight":1,"_popupRows":[["Category","Residential"]]},"geometry":{"type":"Polygon","coordinates":[[[-83.58801,43.01125],[-83.58816,43.01125],[-83.58822,43.01318],[-83.58747,43.01319],[-83.58742,43.01126],[-83.58801,43.01125]]]}},{"type":"Feature","properties":{"name":"R-1B - Single Family Residential","category":"Residential","_color":"#f2c84b","_fillOpacity":0.4,"_weight":1,"_popupRows":[["Category","Residential"]]},"geometry":{"type":"Polygon","coordinates":[[[-83.58705,43.01127],[-83.5872,43.01127],[-83.58725,43.0132],[-83.58651,43.0132],[-83.58645,43.01128],[-83.58705,43.01127]]]}},{"type":"Feature","properties":{"name":"R-1B - Single Family Residential","category":"Residential","_color":"#f2c84b","_fillOpacity":0.4,"_weight":1,"_popupRows":[["Category","Residential"]]},"geometry":{"type":"Polygon","coordinates":[[[-83.58607,43.01129],[-83.58622,43.01129],[-83.58628,43.01321],[-83.58549,43.01321],[-83.58544,43.01131],[-83.58607,43.01129]]]}},{"type":"Feature","properties":{"name":"R-1B - Single Family Residential","category":"Residential","_color":"#f2c84b","_fillOpacity":0.4,"_weight":1,"_popupRows":[["Category","Residential"]]},"geometry":{"type":"Polygon","coordinates":[[[-83.60978,43.015],[-83.60804,43.01501],[-83.608,43.01418],[-83.61353,43.01413],[-83.61355,43.01523],[-83.6112,43.01525],[-83.60978,43.015]]]}},{"type":"Feature","properties":{"name":"R-1B - Single Family Residential","category":"Residential","_color":"#f2c84b","_fillOpacity":0.4,"_weight":1,"_popupRows":[["Category","Residential"]]},"geometry":{"type":"Polygon","coordinates":[[[-83.58848,43.01442],[-83.58845,43.01335],[-83.5885,43.01335],[-83.5884,43.01153],[-83.58894,43.01152],[-83.58893,43.01123],[-83.58926,43.01123],[-83.58927,43.01151],[-83.58916,43.01151],[-83.58918,43.01199],[-83.58977,43.01199],[-83.58976,43.01174],[-83.59013,43.01174],[-83.59022,43.01515],[-83.58947,43.01516],[-83.58946,43.01441],[-83.58924,43.01441],[-83.58925,43.01516],[-83.5885,43.01518],[-83.58848,43.01442]]]}},{"type":"Feature","properties":{"name":"R-1B - Single Family Residential","category":"Residential","_color":"#f2c84b","_fillOpacity":0.4,"_weight":1,"_popupRows":[["Category","Residential"]]},"geometry":{"type":"Polygon","coordinates":[[[-83.58784,43.01335],[-83.58821,43.01335],[-83.58826,43.01518],[-83.58752,43.01519],[-83.58748,43.01335],[-83.58784,43.01335]]]}},{"type":"Feature","properties":{"name":"R-1B - Single Family Residential","category":"Residential","_color":"#f2c84b","_fillOpacity":0.4,"_weight":1,"_popupRows":[["Category","Residential"]]},"geometry":{"type":"Polygon","coordinates":[[[-83.58687,43.01337],[-83.58725,43.01336],[-83.5873,43.01519],[-83.58655,43.01521],[-83.58651,43.01337],[-83.58687,43.01337]]]}},{"type":"Feature","properties":{"name":"R-1B - Single Family Residential","category":"Residential","_color":"#f2c84b","_fillOpacity":0.4,"_weight":1,"_popupRows":[["Category","Residential"]]},"geometry":{"type":"Polygon","coordinates":[[[-83.58589,43.01338],[-83.58629,43.01337],[-83.58633,43.01521],[-83.58555,43.01522],[-83.5855,43.01338],[-83.58589,43.01338]]]}},{"type":"Feature","properties":{"name":"R-1B - Single Family Residential","category":"Residential","_color":"#f2c84b","_fillOpacity":0.4,"_weight":1,"_popupRows":[["Category","Residential"]]},"geometry":{"type":"Polygon","coordinates":[[[-83.58984,43.01532],[-83.59023,43.01531],[-83.59027,43.01696],[-83.58952,43.01697],[-83.58947,43.01532],[-83.58984,43.01532]]]}},{"type":"Feature","properties":{"name":"R-1B - Single Family Residential","category":"Residential","_color":"#f2c84b","_fillOpacity":0.4,"_weight":1,"_popupRows":[["Category","Residential"]]},"geometry":{"type":"Polygon","coordinates":[[[-83.58902,43.01533],[-83.58925,43.01533],[-83.58929,43.01697],[-83.58855,43.01698],[-83.58851,43.01534],[-83.58902,43.01533]]]}},{"type":"Feature","properties":{"name":"R-1B - Single Family Residential","category":"Residential","_color":"#f2c84b","_fillOpacity":0.4,"_weight":1,"_popupRows":[["Category","Residential"]]},"geometry":{"type":"Polygon","coordinates":[[[-83.5879,43.01535],[-83.58827,43.01535],[-83.58831,43.01699],[-83.58756,43.017],[-83.58753,43.01536],[-83.5879,43.01535]]]}},{"type":"Feature","properties":{"name":"R-1B - Single Family Residential","category":"Residential","_color":"#f2c84b","_fillOpacity":0.4,"_weight":1,"_popupRows":[["Category","Residential"]]},"geometry":{"type":"Polygon","coordinates":[[[-83.5856,43.01704],[-83.58555,43.01539],[-83.58634,43.01538],[-83.58636,43.01658],[-83.58658,43.01658],[-83.58655,43.01538],[-83.58731,43.01536],[-83.58734,43.017],[-83.5866,43.01702],[-83.58659,43.0168],[-83.58648,43.0168],[-83.58648,43.01702],[-83.5856,43.01704]]]}},{"type":"Feature","properties":{"name":"R-1B - Single Family Residential","category":"Residential","_color":"#f2c84b","_fillOpacity":0.4,"_weight":1,"_popupRows":[["Category","Residential"]]},"geometry":{"type":"Polygon","coordinates":[[[-83.60908,43.01688],[-83.60889,43.01621],[-83.60818,43.0153],[-83.60824,43.01519],[-83.60993,43.01517],[-83.6112,43.01541],[-83.61355,43.0154],[-83.61357,43.01701],[-83.6129,43.0169],[-83.61291,43.01707],[-83.60999,43.01712],[-83.60999,43.01726],[-83.60911,43.01727],[-83.60908,43.01688]]]}},{"type":"Feature","properties":{"name":"R-1B - Single Family Residential","category":"Residential","_color":"#f2c84b","_fillOpacity":0.4,"_weight":1,"_popupRows":[["Category","Residential"]]},"geometry":{"type":"Polygon","coordinates":[[[-83.60398,43.01173],[-83.60396,43.01093],[-83.6051,43.01091],[-83.60512,43.01166],[-83.60766,43.01159],[-83.60784,43.01506],[-83.60795,43.01533],[-83.6086,43.01609],[-83.60878,43.0165],[-83.60887,43.01702],[-83.60891,43.01865],[-83.60415,43.01876],[-83.60398,43.01173]]]}},{"type":"Feature","properties":{"name":"R-1B - Single Family Residential","category":"Residential","_color":"#f2c84b","_fillOpacity":0.4,"_weight":1,"_popupRows":[["Category","Residential"]]},"geometry":{"type":"Polygon","coordinates":[[[-83.6035,43.01094],[-83.60374,43.01094],[-83.60395,43.01877],[-83.60168,43.01882],[-83.60147,43.01098],[-83.6035,43.01094]]]}},{"type":"Feature","properties":{"name":"R-1B - Single Family Residential","category":"Residential","_color":"#f2c84b","_fillOpacity":0.4,"_weight":1,"_popupRows":[["Category","Residential"]]},"geometry":{"type":"Polygon","coordinates":[[[-83.60028,43.0161],[-83.60028,43.01601],[-83.5972,43.01608],[-83.59718,43.01546],[-83.59987,43.0154],[-83.6001,43.01549],[-83.60026,43.01542],[-83.60025,43.0152],[-83.60006,43.01514],[-83.59985,43.01524],[-83.59718,43.0153],[-83.59716,43.01468],[-83.60023,43.01462],[-83.60016,43.01199],[-83.60125,43.01197],[-83.60147,43.01883],[-83.60036,43.01885],[-83.5998,43.01875],[-83.59977,43.01766],[-83.60033,43.01765],[-83.60028,43.0161]]]}},{"type":"Feature","properties":{"name":"R-1B - Single Family Residential","category":"Residential","_color":"#f2c84b","_fillOpacity":0.4,"_weight":1,"_popupRows":[["Category","Residential"]]},"geometry":{"type":"Polygon","coordinates":[[[-83.59055,43.0157],[-83.59055,43.01552],[-83.59048,43.01552],[-83.59036,43.0112],[-83.5926,43.01116],[-83.59269,43.0155],[-83.5928,43.0155],[-83.59288,43.01869],[-83.59169,43.019],[-83.59064,43.01901],[-83.59055,43.0157]]]}},{"type":"Feature","properties":{"name":"R-1B - Single Family Residential","category":"Residential","_color":"#f2c84b","_fillOpacity":0.4,"_weight":1,"_popupRows":[["Category","Residential"]]},"geometry":{"type":"Polygon","coordinates":[[[-83.58861,43.01909],[-83.58857,43.01716],[-83.59028,43.01713],[-83.59033,43.01907],[-83.58861,43.01909]]]}},{"type":"Feature","properties":{"name":"R-1B - Single Family Residential","category":"Residential","_color":"#f2c84b","_fillOpacity":0.4,"_weight":1,"_popupRows":[["Category","Residential"]]},"geometry":{"type":"Polygon","coordinates":[[[-83.58186,43.0114],[-83.58224,43.01139],[-83.58233,43.01147],[-83.58262,43.019],[-83.58252,43.01907],[-83.5819,43.01906],[-83.5817,43.01899],[-83.58142,43.0114],[-83.58186,43.0114]]]}},{"type":"Feature","properties":{"name":"R-1B - Single Family Residential","category":"Residential","_color":"#f2c84b","_fillOpacity":0.4,"_weight":1,"_popupRows":[["Category","Residential"]]},"geometry":{"type":"Polygon","coordinates":[[[-83.58762,43.0191],[-83.58758,43.01717],[-83.58832,43.01716],[-83.58837,43.0191],[-83.58762,43.0191]]]}},{"type":"Feature","properties":{"name":"R-1B - Single Family Residential","category":"Residential","_color":"#f2c84b","_fillOpacity":0.4,"_weight":1,"_popupRows":[["Category","Residential"]]},"geometry":{"type":"Polygon","coordinates":[[[-83.58566,43.01913],[-83.58561,43.01721],[-83.58638,43.0172],[-83.58642,43.01884],[-83.58665,43.01884],[-83.58661,43.01719],[-83.58736,43.01718],[-83.5874,43.01911],[-83.58566,43.01913]]]}},{"type":"Feature","properties":{"name":"R-1B - Single Family Residential","category":"Residential","_color":"#f2c84b","_fillOpacity":0.4,"_weight":1,"_popupRows":[["Category","Residential"]]},"geometry":{"type":"Polygon","coordinates":[[[-83.58333,43.01913],[-83.58332,43.01907],[-83.58292,43.01907],[-83.58285,43.019],[-83.58256,43.01144],[-83.58263,43.01138],[-83.58531,43.01132],[-83.58553,43.01914],[-83.58333,43.01913]]]}},{"type":"Feature","properties":{"name":"R-1B - Single Family Residential","category":"Residential","_color":"#f2c84b","_fillOpacity":0.4,"_weight":1,"_popupRows":[["Category","Residential"]]},"geometry":{"type":"Polygon","coordinates":[[[-83.61423,43.02233],[-83.61386,43.02232],[-83.61381,43.0196],[-83.61437,43.01959],[-83.61467,43.01976],[-83.61495,43.02006],[-83.615,43.02356],[-83.61425,43.02358],[-83.61423,43.02233]]]}},{"type":"Feature","properties":{"name":"R-1B - Single Family Residential","category":"Residential","_color":"#f2c84b","_fillOpacity":0.4,"_weight":1,"_popupRows":[["Category","Residential"]]},"geometry":{"type":"Polygon","coordinates":[[[-83.60423,43.02693],[-83.60476,43.02698],[-83.60474,43.02917],[-83.60385,43.02918],[-83.60375,43.02913],[-83.60373,43.02698],[-83.60423,43.02693]]]}},{"type":"Feature","properties":{"name":"R-1B - Single Family Residential","category":"Residential","_color":"#f2c84b","_fillOpacity":0.4,"_weight":1,"_popupRows":[["Category","Residential"]]},"geometry":{"type":"Polygon","coordinates":[[[-83.60426,43.02935],[-83.60479,43.0294],[-83.60482,43.03201],[-83.60475,43.03209],[-83.60405,43.03205],[-83.60379,43.03178],[-83.60375,43.02941],[-83.60381,43.02935],[-83.60426,43.02935]]]}},{"type":"Feature","properties":{"name":"R-1B - Single Family Residential","category":"Residential","_color":"#f2c84b","_fillOpacity":0.4,"_weight":1,"_popupRows":[["Category","Residential"]]},"geometry":{"type":"Polygon","coordinates":[[[-83.62539,43.03229],[-83.6255,43.03229],[-83.62553,43.03297],[-83.6248,43.03297],[-83.62477,43.03229],[-83.62539,43.03229]]]}},{"type":"Feature","properties":{"name":"R-1B - Single Family Residential","category":"Residential","_color":"#f2c84b","_fillOpacity":0.4,"_weight":1,"_popupRows":[["Category","Residential"]]},"geometry":{"type":"Polygon","coordinates":[[[-83.60123,43.03262],[-83.60124,43.03198],[-83.59929,43.03202],[-83.59929,43.03128],[-83.5968,43.03128],[-83.59679,43.0307],[-83.60298,43.03057],[-83.60293,43.02636],[-83.6055,43.02635],[-83.60555,43.03125],[-83.60592,43.03125],[-83.60593,43.03161],[-83.60555,43.03162],[-83.60558,43.03306],[-83.60505,43.03308],[-83.605,43.02697],[-83.60475,43.02677],[-83.60375,43.02678],[-83.6035,43.02696],[-83.60355,43.03156],[-83.60361,43.03193],[-83.60386,43.03216],[-83.60416,43.03225],[-83.6048,43.03228],[-83.60483,43.03309],[-83.60301,43.03315],[-83.603,43.03248],[-83.60225,43.03249],[-83.60226,43.03336],[-83.60122,43.03339],[-83.60123,43.03262]]]}},{"type":"Feature","properties":{"name":"R-1B - Single Family Residential","category":"Residential","_color":"#f2c84b","_fillOpacity":0.4,"_weight":1,"_popupRows":[["Category","Residential"]]},"geometry":{"type":"Polygon","coordinates":[[[-83.62417,43.03605],[-83.62328,43.03604],[-83.62319,43.03597],[-83.62311,43.03372],[-83.62535,43.03367],[-83.62541,43.03605],[-83.62417,43.03605]]]}},{"type":"Feature","properties":{"name":"R-1B - Single Family Residential","category":"Residential","_color":"#f2c84b","_fillOpacity":0.4,"_weight":1,"_popupRows":[["Category","Residential"]]},"geometry":{"type":"Polygon","coordinates":[[[-83.62155,43.03721],[-83.62145,43.03372],[-83.62288,43.03372],[-83.62295,43.03594],[-83.62308,43.03613],[-83.62325,43.0362],[-83.62542,43.03622],[-83.62543,43.03723],[-83.62155,43.03721]]]}},{"type":"Feature","properties":{"name":"R-1B - Single Family Residential","category":"Residential","_color":"#f2c84b","_fillOpacity":0.4,"_weight":1,"_popupRows":[["Category","Residential"]]},"geometry":{"type":"Polygon","coordinates":[[[-83.62581,43.03686],[-83.62573,43.03388],[-83.62653,43.03388],[-83.62656,43.0358],[-83.62789,43.03581],[-83.62791,43.03671],[-83.63104,43.03674],[-83.63099,43.03425],[-83.63239,43.03426],[-83.63248,43.03675],[-83.63268,43.03675],[-83.63259,43.03426],[-83.63396,43.03427],[-83.63404,43.03677],[-83.63471,43.03677],[-83.63471,43.03692],[-83.63535,43.03691],[-83.63536,43.03748],[-83.62582,43.0374],[-83.62581,43.03686]]]}},{"type":"Feature","properties":{"name":"R-1B - Single Family Residential","category":"Residential","_color":"#f2c84b","_fillOpacity":0.4,"_weight":1,"_popupRows":[["Category","Residential"]]},"geometry":{"type":"Polygon","coordinates":[[[-83.62583,43.03786],[-83.62583,43.03757],[-83.63537,43.03764],[-83.63539,43.03826],[-83.62584,43.03818],[-83.62583,43.03786]]]}},{"type":"Feature","properties":{"name":"R-1B - Single Family Residential","category":"Residential","_color":"#f2c84b","_fillOpacity":0.4,"_weight":1,"_popupRows":[["Category","Residential"]]},"geometry":{"type":"Polygon","coordinates":[[[-83.62052,43.03487],[-83.62051,43.03469],[-83.62062,43.03469],[-83.6206,43.03395],[-83.62123,43.03395],[-83.62133,43.03666],[-83.6213,43.0384],[-83.62062,43.0384],[-83.62052,43.03487]]]}},{"type":"Feature","properties":{"name":"R-1B - Single Family Residential","category":"Residential","_color":"#f2c84b","_fillOpacity":0.4,"_weight":1,"_popupRows":[["Category","Residential"]]},"geometry":{"type":"Polygon","coordinates":[[[-83.62152,43.03842],[-83.62155,43.03738],[-83.62544,43.0374],[-83.62547,43.03844],[-83.62152,43.03842]]]}},{"type":"Feature","properties":{"name":"R-1B - Single Family Residential","category":"Residential","_color":"#f2c84b","_fillOpacity":0.4,"_weight":1,"_popupRows":[["Category","Residential"]]},"geometry":{"type":"Polygon","coordinates":[[[-83.62506,43.03962],[-83.62159,43.03959],[-83.6215,43.03952],[-83.62152,43.03859],[-83.62547,43.03861],[-83.62551,43.03962],[-83.62506,43.03962]]]}},{"type":"Feature","properties":{"name":"R-1B - Single Family Residential","category":"Residential","_color":"#f2c84b","_fillOpacity":0.4,"_weight":1,"_popupRows":[["Category","Residential"]]},"geometry":{"type":"Polygon","coordinates":[[[-83.62066,43.04027],[-83.62063,43.03857],[-83.6213,43.03857],[-83.62128,43.03952],[-83.62115,43.03967],[-83.62131,43.03983],[-83.62158,43.03976],[-83.62551,43.03979],[-83.62552,43.04031],[-83.62066,43.04027]]]}},{"type":"Feature","properties":{"name":"R-1B - Single Family Residential","category":"Residential","_color":"#f2c84b","_fillOpacity":0.4,"_weight":1,"_popupRows":[["Category","Residential"]]},"geometry":{"type":"Polygon","coordinates":[[[-83.61588,43.04059],[-83.61586,43.04021],[-83.6199,43.04026],[-83.61992,43.04061],[-83.61588,43.04059]]]}},{"type":"Feature","properties":{"name":"R-1B - Single Family Residential","category":"Residential","_color":"#f2c84b","_fillOpacity":0.4,"_weight":1,"_popupRows":[["Category","Residential"]]},"geometry":{"type":"Polygon","coordinates":[[[-83.63208,43.04071],[-83.63198,43.04065],[-83.63195,43.03931],[-83.63312,43.03931],[-83.63311,43.04069],[-83.63208,43.04071]]]}},{"type":"Feature","properties":{"name":"R-1B - Single Family Residential","category":"Residential","_color":"#f2c84b","_fillOpacity":0.4,"_weight":1,"_popupRows":[["Category","Residential"]]},"geometry":{"type":"Polygon","coordinates":[[[-83.61981,43.04152],[-83.6175,43.04149],[-83.61744,43.04143],[-83.61746,43.04077],[-83.61992,43.04079],[-83.61994,43.04144],[-83.61981,43.04152]]]}},{"type":"Feature","properties":{"name":"R-1B - Single Family Residential","category":"Residential","_color":"#f2c84b","_fillOpacity":0.4,"_weight":1,"_popupRows":[["Category","Residential"]]},"geometry":{"type":"Polygon","coordinates":[[[-83.62066,43.04027],[-83.6207,43.04206],[-83.61809,43.04205],[-83.61809,43.04168],[-83.61985,43.04169],[-83.62005,43.04163],[-83.62016,43.04144],[-83.62012,43.04026],[-83.62066,43.04027]]]}},{"type":"Feature","properties":{"name":"R-1B - Single Family Residential","category":"Residential","_color":"#f2c84b","_fillOpacity":0.4,"_weight":1,"_popupRows":[["Category","Residential"]]},"geometry":{"type":"Polygon","coordinates":[[[-83.61586,43.04179],[-83.61585,43.04156],[-83.61592,43.04156],[-83.61589,43.04076],[-83.61723,43.04077],[-83.61725,43.04152],[-83.61743,43.04165],[-83.61786,43.04167],[-83.61786,43.04205],[-83.61586,43.04203],[-83.61586,43.04179]]]}},{"type":"Feature","properties":{"name":"R-1B - Single Family Residential","category":"Residential","_color":"#f2c84b","_fillOpacity":0.4,"_weight":1,"_popupRows":[["Category","Residential"]]},"geometry":{"type":"Polygon","coordinates":[[[-83.63317,43.04299],[-83.62598,43.04294],[-83.6259,43.04012],[-83.62721,43.04013],[-83.62727,43.04213],[-83.63067,43.04215],[-83.63058,43.0387],[-83.62876,43.03868],[-83.62876,43.03886],[-83.62716,43.03884],[-83.6272,43.03996],[-83.62589,43.03995],[-83.62584,43.03834],[-83.63242,43.0384],[-83.63242,43.03911],[-83.63195,43.03912],[-83.63173,43.03929],[-83.63175,43.04065],[-83.63187,43.04083],[-83.63205,43.04088],[-83.6331,43.04088],[-83.63326,43.04082],[-83.63334,43.04069],[-83.63335,43.03912],[-83.63264,43.03911],[-83.63265,43.03841],[-83.63539,43.03843],[-83.6354,43.03874],[-83.63438,43.03873],[-83.63438,43.03887],[-83.63395,43.03886],[-83.63391,43.04218],[-83.63461,43.04218],[-83.6346,43.043],[-83.63317,43.04299]]]}},{"type":"Feature","properties":{"name":"R-1B - Single Family Residential","category":"Residential","_color":"#f2c84b","_fillOpacity":0.4,"_weight":1,"_popupRows":[["Category","Residential"]]},"geometry":{"type":"Polygon","coordinates":[[[-83.62737,43.04471],[-83.62781,43.0447],[-83.62787,43.04736],[-83.62608,43.04739],[-83.62602,43.04473],[-83.62737,43.04471]]]}},{"type":"Feature","properties":{"name":"R-1B - Single Family Residential","category":"Residential","_color":"#f2c84b","_fillOpacity":0.4,"_weight":1,"_popupRows":[["Category","Residential"]]},"geometry":{"type":"Polygon","coordinates":[[[-83.62995,43.04466],[-83.62994,43.04451],[-83.62602,43.04456],[-83.62599,43.04312],[-83.63547,43.04316],[-83.63547,43.04388],[-83.63494,43.04387],[-83.63494,43.04395],[-83.6312,43.04395],[-83.63127,43.04741],[-83.63,43.04742],[-83.62995,43.04466]]]}},{"type":"Feature","properties":{"name":"R-1B - Single Family Residential","category":"Residential","_color":"#f2c84b","_fillOpacity":0.4,"_weight":1,"_popupRows":[["Category","Residential"]]},"geometry":{"type":"Polygon","coordinates":[[[-83.62908,43.04468],[-83.62972,43.04467],[-83.62978,43.04742],[-83.62809,43.04743],[-83.62804,43.04469],[-83.62908,43.04468]]]}},{"type":"Feature","properties":{"name":"R-1C - Single Family Residential","category":"Residential","_color":"#f2c84b","_fillOpacity":0.4,"_weight":1,"_popupRows":[["Category","Residential"]]},"geometry":{"type":"Polygon","coordinates":[[[-83.66311,42.96074],[-83.66309,42.96019],[-83.66711,42.96009],[-83.6672,42.96016],[-83.66687,42.96064],[-83.66311,42.96074]]]}},{"type":"Feature","properties":{"name":"R-1C - Single Family Residential","category":"Residential","_color":"#f2c84b","_fillOpacity":0.4,"_weight":1,"_popupRows":[["Category","Residential"]]},"geometry":{"type":"Polygon","coordinates":[[[-83.66312,42.96146],[-83.66311,42.9609],[-83.66666,42.96082],[-83.66674,42.96089],[-83.66641,42.96138],[-83.66312,42.96146]]]}},{"type":"Feature","properties":{"name":"R-1C - Single Family Residential","category":"Residential","_color":"#f2c84b","_fillOpacity":0.4,"_weight":1,"_popupRows":[["Category","Residential"]]},"geometry":{"type":"Polygon","coordinates":[[[-83.67542,42.962],[-83.67541,42.96173],[-83.6753,42.96173],[-83.67524,42.96001],[-83.67606,42.96],[-83.67607,42.96042],[-83.67696,42.9604],[-83.67694,42.95998],[-83.68204,42.9599],[-83.6821,42.96172],[-83.68182,42.96172],[-83.6818,42.96119],[-83.67847,42.96125],[-83.67848,42.96167],[-83.67835,42.96167],[-83.67837,42.96195],[-83.67542,42.962]]]}},{"type":"Feature","properties":{"name":"R-1C - Single Family Residential","category":"Residential","_color":"#f2c84b","_fillOpacity":0.4,"_weight":1,"_popupRows":[["Category","Residential"]]},"geometry":{"type":"Polygon","coordinates":[[[-83.67363,42.96159],[-83.67517,42.96156],[-83.67518,42.962],[-83.67279,42.96204],[-83.67278,42.96161],[-83.67363,42.96159]]]}},{"type":"Feature","properties":{"name":"R-1C - Single Family Residential","category":"Residential","_color":"#f2c84b","_fillOpacity":0.4,"_weight":1,"_popupRows":[["Category","Residential"]]},"geometry":{"type":"Polygon","coordinates":[[[-83.67033,42.96166],[-83.67257,42.96161],[-83.67259,42.96204],[-83.67031,42.96208],[-83.67015,42.96183],[-83.67033,42.96182],[-83.67033,42.96166]]]}},{"type":"Feature","properties":{"name":"R-1C - Single Family Residential","category":"Residential","_color":"#f2c84b","_fillOpacity":0.4,"_weight":1,"_popupRows":[["Category","Residential"]]},"geometry":{"type":"Polygon","coordinates":[[[-83.66313,42.96216],[-83.66312,42.96162],[-83.66619,42.96155],[-83.66629,42.96162],[-83.66596,42.96211],[-83.66313,42.96216]]]}},{"type":"Feature","properties":{"name":"R-1C - Single Family Residential","category":"Residential","_color":"#f2c84b","_fillOpacity":0.4,"_weight":1,"_popupRows":[["Category","Residential"]]},"geometry":{"type":"Polygon","coordinates":[[[-83.67817,42.96211],[-83.67836,42.96211],[-83.67839,42.96268],[-83.67544,42.96272],[-83.67542,42.96216],[-83.67817,42.96211]]]}},{"type":"Feature","properties":{"name":"R-1C - Single Family Residential","category":"Residential","_color":"#f2c84b","_fillOpacity":0.4,"_weight":1,"_popupRows":[["Category","Residential"]]},"geometry":{"type":"Polygon","coordinates":[[[-83.67499,42.96216],[-83.67518,42.96216],[-83.67521,42.96273],[-83.67281,42.96277],[-83.6728,42.9622],[-83.67499,42.96216]]]}},{"type":"Feature","properties":{"name":"R-1C - Single Family Residential","category":"Residential","_color":"#f2c84b","_fillOpacity":0.4,"_weight":1,"_popupRows":[["Category","Residential"]]},"geometry":{"type":"Polygon","coordinates":[[[-83.67858,42.96203],[-83.67969,42.96201],[-83.67973,42.96279],[-83.67861,42.96281],[-83.67858,42.96203]]]}},{"type":"Feature","properties":{"name":"R-1C - Single Family Residential","category":"Residential","_color":"#f2c84b","_fillOpacity":0.4,"_weight":1,"_popupRows":[["Category","Residential"]]},"geometry":{"type":"Polygon","coordinates":[[[-83.67237,42.96221],[-83.67259,42.96221],[-83.67261,42.96277],[-83.67077,42.9628],[-83.67043,42.96224],[-83.67237,42.96221]]]}},{"type":"Feature","properties":{"name":"R-1C - Single Family Residential","category":"Residential","_color":"#f2c84b","_fillOpacity":0.4,"_weight":1,"_popupRows":[["Category","Residential"]]},"geometry":{"type":"Polygon","coordinates":[[[-83.66571,42.96228],[-83.66583,42.96237],[-83.66558,42.96282],[-83.66313,42.96287],[-83.66312,42.96233],[-83.66571,42.96228]]]}},{"type":"Feature","properties":{"name":"R-1C - Single Family Residential","category":"Residential","_color":"#f2c84b","_fillOpacity":0.4,"_weight":1,"_popupRows":[["Category","Residential"]]},"geometry":{"type":"Polygon","coordinates":[[[-83.66728,42.96059],[-83.66888,42.962],[-83.66957,42.96303],[-83.6692,42.96316],[-83.6686,42.96226],[-83.66714,42.9609],[-83.66728,42.96059]]]}},{"type":"Feature","properties":{"name":"R-1C - Single Family Residential","category":"Residential","_color":"#f2c84b","_fillOpacity":0.4,"_weight":1,"_popupRows":[["Category","Residential"]]},"geometry":{"type":"Polygon","coordinates":[[[-83.6782,42.96288],[-83.67839,42.96288],[-83.67841,42.96341],[-83.67545,42.96347],[-83.67544,42.96294],[-83.6782,42.96288]]]}},{"type":"Feature","properties":{"name":"R-1C - Single Family Residential","category":"Residential","_color":"#f2c84b","_fillOpacity":0.4,"_weight":1,"_popupRows":[["Category","Residential"]]},"geometry":{"type":"Polygon","coordinates":[[[-83.67501,42.96294],[-83.67521,42.96294],[-83.67523,42.96347],[-83.67284,42.96352],[-83.67282,42.96298],[-83.67501,42.96294]]]}},{"type":"Feature","properties":{"name":"R-1C - Single Family Residential","category":"Residential","_color":"#f2c84b","_fillOpacity":0.4,"_weight":1,"_popupRows":[["Category","Residential"]]},"geometry":{"type":"Polygon","coordinates":[[[-83.66588,42.96352],[-83.66586,42.96299],[-83.66597,42.9627],[-83.66701,42.9611],[-83.66835,42.96228],[-83.66899,42.96322],[-83.66812,42.9635],[-83.66588,42.96352]]]}},{"type":"Feature","properties":{"name":"R-1C - Single Family Residential","category":"Residential","_color":"#f2c84b","_fillOpacity":0.4,"_weight":1,"_popupRows":[["Category","Residential"]]},"geometry":{"type":"Polygon","coordinates":[[[-83.67239,42.96298],[-83.67261,42.96298],[-83.67262,42.96323],[-83.67263,42.96352],[-83.67241,42.96352],[-83.67118,42.96355],[-83.67086,42.96301],[-83.67239,42.96298]]]}},{"type":"Feature","properties":{"name":"R-1C - Single Family Residential","category":"Residential","_color":"#f2c84b","_fillOpacity":0.4,"_weight":1,"_popupRows":[["Category","Residential"]]},"geometry":{"type":"Polygon","coordinates":[[[-83.6795,42.96344],[-83.68199,42.9634],[-83.68202,42.96408],[-83.67865,42.96413],[-83.67863,42.96345],[-83.6795,42.96344]]]}},{"type":"Feature","properties":{"name":"R-1C - Single Family Residential","category":"Residential","_color":"#f2c84b","_fillOpacity":0.4,"_weight":1,"_popupRows":[["Category","Residential"]]},"geometry":{"type":"Polygon","coordinates":[[[-83.67819,42.96359],[-83.67841,42.96358],[-83.67843,42.96414],[-83.67547,42.96419],[-83.67546,42.96363],[-83.67819,42.96359]]]}},{"type":"Feature","properties":{"name":"R-1C - Single Family Residential","category":"Residential","_color":"#f2c84b","_fillOpacity":0.4,"_weight":1,"_popupRows":[["Category","Residential"]]},"geometry":{"type":"Polygon","coordinates":[[[-83.67504,42.96364],[-83.67523,42.96364],[-83.67525,42.96419],[-83.67286,42.96423],[-83.67284,42.96368],[-83.67504,42.96364]]]}},{"type":"Feature","properties":{"name":"R-1C - Single Family Residential","category":"Residential","_color":"#f2c84b","_fillOpacity":0.4,"_weight":1,"_popupRows":[["Category","Residential"]]},"geometry":{"type":"Polygon","coordinates":[[[-83.67185,42.96425],[-83.67185,42.96397],[-83.67166,42.96398],[-83.67165,42.9637],[-83.67263,42.96368],[-83.67265,42.96424],[-83.67185,42.96425]]]}},{"type":"Feature","properties":{"name":"R-1C - Single Family Residential","category":"Residential","_color":"#f2c84b","_fillOpacity":0.4,"_weight":1,"_popupRows":[["Category","Residential"]]},"geometry":{"type":"Polygon","coordinates":[[[-83.6659,42.96429],[-83.66588,42.96367],[-83.66774,42.96365],[-83.6681,42.96365],[-83.66848,42.96427],[-83.6659,42.96429]]]}},{"type":"Feature","properties":{"name":"R-1C - Single Family Residential","category":"Residential","_color":"#f2c84b","_fillOpacity":0.4,"_weight":1,"_popupRows":[["Category","Residential"]]},"geometry":{"type":"Polygon","coordinates":[[[-83.66315,42.9637],[-83.66314,42.96305],[-83.66558,42.963],[-83.66559,42.96352],[-83.66469,42.96352],[-83.66463,42.96369],[-83.66559,42.96368],[-83.66561,42.9643],[-83.66317,42.96432],[-83.66315,42.9637]]]}},{"type":"Feature","properties":{"name":"R-1C - Single Family Residential","category":"Residential","_color":"#f2c84b","_fillOpacity":0.4,"_weight":1,"_popupRows":[["Category","Residential"]]},"geometry":{"type":"Polygon","coordinates":[[[-83.66963,42.96319],[-83.67035,42.9643],[-83.66997,42.96443],[-83.66928,42.9633],[-83.66963,42.96319]]]}},{"type":"Feature","properties":{"name":"R-1C - Single Family Residential","category":"Residential","_color":"#f2c84b","_fillOpacity":0.4,"_weight":1,"_popupRows":[["Category","Residential"]]},"geometry":{"type":"Polygon","coordinates":[[[-83.68179,42.96424],[-83.68202,42.96423],[-83.68204,42.9648],[-83.67867,42.96485],[-83.67865,42.9643],[-83.68179,42.96424]]]}},{"type":"Feature","properties":{"name":"R-1C - Single Family Residential","category":"Residential","_color":"#f2c84b","_fillOpacity":0.4,"_weight":1,"_popupRows":[["Category","Residential"]]},"geometry":{"type":"Polygon","coordinates":[[[-83.67822,42.9643],[-83.67843,42.9643],[-83.67845,42.96485],[-83.67551,42.9649],[-83.67548,42.96435],[-83.67822,42.9643]]]}},{"type":"Feature","properties":{"name":"R-1C - Single Family Residential","category":"Residential","_color":"#f2c84b","_fillOpacity":0.4,"_weight":1,"_popupRows":[["Category","Residential"]]},"geometry":{"type":"Polygon","coordinates":[[[-83.67191,42.96469],[-83.67174,42.96441],[-83.67265,42.9644],[-83.67266,42.96468],[-83.67287,42.96468],[-83.67286,42.9644],[-83.67526,42.96436],[-83.67528,42.9649],[-83.67245,42.96494],[-83.67244,42.96468],[-83.67225,42.96469],[-83.67225,42.96495],[-83.67206,42.96495],[-83.67191,42.96469]]]}},{"type":"Feature","properties":{"name":"R-1C - Single Family Residential","category":"Residential","_color":"#f2c84b","_fillOpacity":0.4,"_weight":1,"_popupRows":[["Category","Residential"]]},"geometry":{"type":"Polygon","coordinates":[[[-83.67045,42.96455],[-83.67075,42.96496],[-83.67029,42.96497],[-83.67011,42.96466],[-83.67045,42.96455]]]}},{"type":"Feature","properties":{"name":"R-1C - Single Family Residential","category":"Residential","_color":"#f2c84b","_fillOpacity":0.4,"_weight":1,"_popupRows":[["Category","Residential"]]},"geometry":{"type":"Polygon","coordinates":[[[-83.66871,42.9635],[-83.66908,42.96337],[-83.67006,42.96497],[-83.66913,42.96498],[-83.66833,42.96363],[-83.66871,42.9635]]]}},{"type":"Feature","properties":{"name":"R-1C - Single Family Residential","category":"Residential","_color":"#f2c84b","_fillOpacity":0.4,"_weight":1,"_popupRows":[["Category","Residential"]]},"geometry":{"type":"Polygon","coordinates":[[[-83.66591,42.96501],[-83.6659,42.96446],[-83.66773,42.96444],[-83.66858,42.96444],[-83.6689,42.96498],[-83.66591,42.96501]]]}},{"type":"Feature","properties":{"name":"R-1C - Single Family Residential","category":"Residential","_color":"#f2c84b","_fillOpacity":0.4,"_weight":1,"_popupRows":[["Category","Residential"]]},"geometry":{"type":"Polygon","coordinates":[[[-83.66318,42.96504],[-83.66317,42.96449],[-83.6656,42.96446],[-83.66562,42.96502],[-83.66318,42.96504]]]}},{"type":"Feature","properties":{"name":"R-1C - Single Family Residential","category":"Residential","_color":"#f2c84b","_fillOpacity":0.4,"_weight":1,"_popupRows":[["Category","Residential"]]},"geometry":{"type":"Polygon","coordinates":[[[-83.68143,42.96498],[-83.68205,42.96497],[-83.68202,42.96553],[-83.67869,42.96558],[-83.67867,42.96502],[-83.68143,42.96498]]]}},{"type":"Feature","properties":{"name":"R-1C - Single Family Residential","category":"Residential","_color":"#f2c84b","_fillOpacity":0.4,"_weight":1,"_popupRows":[["Category","Residential"]]},"geometry":{"type":"Polygon","coordinates":[[[-83.67825,42.96502],[-83.67846,42.96502],[-83.67847,42.96558],[-83.67555,42.96562],[-83.67552,42.96507],[-83.67825,42.96502]]]}},{"type":"Feature","properties":{"name":"R-1C - Single Family Residential","category":"Residential","_color":"#f2c84b","_fillOpacity":0.4,"_weight":1,"_popupRows":[["Category","Residential"]]},"geometry":{"type":"Polygon","coordinates":[[[-83.67216,42.96516],[-83.67529,42.96507],[-83.67532,42.96563],[-83.67229,42.96567],[-83.67224,42.96527],[-83.67217,42.96526],[-83.67216,42.96516]]]}},{"type":"Feature","properties":{"name":"R-1C - Single Family Residential","category":"Residential","_color":"#f2c84b","_fillOpacity":0.4,"_weight":1,"_popupRows":[["Category","Residential"]]},"geometry":{"type":"Polygon","coordinates":[[[-83.66914,42.96541],[-83.66913,42.96515],[-83.67049,42.96513],[-83.67049,42.9654],[-83.67067,42.9654],[-83.67067,42.96568],[-83.66914,42.9657],[-83.66914,42.96541]]]}},{"type":"Feature","properties":{"name":"R-1C - Single Family Residential","category":"Residential","_color":"#f2c84b","_fillOpacity":0.4,"_weight":1,"_popupRows":[["Category","Residential"]]},"geometry":{"type":"Polygon","coordinates":[[[-83.66871,42.96515],[-83.66891,42.96515],[-83.66892,42.9657],[-83.66593,42.96573],[-83.66591,42.96518],[-83.66871,42.96515]]]}},{"type":"Feature","properties":{"name":"R-1C - Single Family Residential","category":"Residential","_color":"#f2c84b","_fillOpacity":0.4,"_weight":1,"_popupRows":[["Category","Residential"]]},"geometry":{"type":"Polygon","coordinates":[[[-83.6643,42.96519],[-83.66562,42.96518],[-83.66563,42.96573],[-83.6632,42.96576],[-83.66318,42.9652],[-83.6643,42.96519]]]}},{"type":"Feature","properties":{"name":"R-1C - Single Family Residential","category":"Residential","_color":"#f2c84b","_fillOpacity":0.4,"_weight":1,"_popupRows":[["Category","Residential"]]},"geometry":{"type":"Polygon","coordinates":[[[-83.67824,42.96574],[-83.67848,42.96574],[-83.6785,42.9663],[-83.67563,42.96633],[-83.67556,42.96578],[-83.67824,42.96574]]]}},{"type":"Feature","properties":{"name":"R-1C - Single Family Residential","category":"Residential","_color":"#f2c84b","_fillOpacity":0.4,"_weight":1,"_popupRows":[["Category","Residential"]]},"geometry":{"type":"Polygon","coordinates":[[[-83.67515,42.96579],[-83.67534,42.96578],[-83.6754,42.96633],[-83.6752,42.96634],[-83.67237,42.96637],[-83.67231,42.96583],[-83.67515,42.96579]]]}},{"type":"Feature","properties":{"name":"R-1C - Single Family Residential","category":"Residential","_color":"#f2c84b","_fillOpacity":0.4,"_weight":1,"_popupRows":[["Category","Residential"]]},"geometry":{"type":"Polygon","coordinates":[[[-83.67069,42.96585],[-83.67084,42.96585],[-83.67086,42.96639],[-83.66915,42.96641],[-83.66914,42.96586],[-83.67069,42.96585]]]}},{"type":"Feature","properties":{"name":"R-1C - Single Family Residential","category":"Residential","_color":"#f2c84b","_fillOpacity":0.4,"_weight":1,"_popupRows":[["Category","Residential"]]},"geometry":{"type":"Polygon","coordinates":[[[-83.66594,42.96644],[-83.66593,42.9659],[-83.66892,42.96587],[-83.66893,42.96641],[-83.66594,42.96644]]]}},{"type":"Feature","properties":{"name":"R-1C - Single Family Residential","category":"Residential","_color":"#f2c84b","_fillOpacity":0.4,"_weight":1,"_popupRows":[["Category","Residential"]]},"geometry":{"type":"Polygon","coordinates":[[[-83.66527,42.96591],[-83.66564,42.96591],[-83.66565,42.96644],[-83.66321,42.96647],[-83.6632,42.96593],[-83.66527,42.96591]]]}},{"type":"Feature","properties":{"name":"R-1C - Single Family Residential","category":"Residential","_color":"#f2c84b","_fillOpacity":0.4,"_weight":1,"_popupRows":[["Category","Residential"]]},"geometry":{"type":"Polygon","coordinates":[[[-83.68171,42.96643],[-83.68171,42.96626],[-83.67871,42.96629],[-83.67869,42.96574],[-83.68201,42.96569],[-83.68187,42.96697],[-83.67873,42.96701],[-83.67871,42.96647],[-83.68171,42.96643]]]}},{"type":"Feature","properties":{"name":"R-1C - Single Family Residential","category":"Residential","_color":"#f2c84b","_fillOpacity":0.4,"_weight":1,"_popupRows":[["Category","Residential"]]},"geometry":{"type":"Polygon","coordinates":[[[-83.67831,42.96647],[-83.6785,42.96647],[-83.67852,42.96701],[-83.67638,42.96704],[-83.67571,42.96704],[-83.67565,42.9665],[-83.67831,42.96647]]]}},{"type":"Feature","properties":{"name":"R-1C - Single Family Residential","category":"Residential","_color":"#f2c84b","_fillOpacity":0.4,"_weight":1,"_popupRows":[["Category","Residential"]]},"geometry":{"type":"Polygon","coordinates":[[[-83.67523,42.96651],[-83.67542,42.9665],[-83.67548,42.96705],[-83.67289,42.96708],[-83.67245,42.96708],[-83.67239,42.96654],[-83.67523,42.96651]]]}},{"type":"Feature","properties":{"name":"R-1C - Single Family Residential","category":"Residential","_color":"#f2c84b","_fillOpacity":0.4,"_weight":1,"_popupRows":[["Category","Residential"]]},"geometry":{"type":"Polygon","coordinates":[[[-83.67017,42.96656],[-83.67112,42.96655],[-83.67117,42.96708],[-83.66916,42.9671],[-83.66915,42.96657],[-83.67017,42.96656]]]}},{"type":"Feature","properties":{"name":"R-1C - Single Family Residential","category":"Residential","_color":"#f2c84b","_fillOpacity":0.4,"_weight":1,"_popupRows":[["Category","Residential"]]},"geometry":{"type":"Polygon","coordinates":[[[-83.66722,42.96659],[-83.66893,42.96657],[-83.66894,42.9671],[-83.66596,42.96713],[-83.66595,42.96661],[-83.66722,42.96659]]]}},{"type":"Feature","properties":{"name":"R-1C - Single Family Residential","category":"Residential","_color":"#f2c84b","_fillOpacity":0.4,"_weight":1,"_popupRows":[["Category","Residential"]]},"geometry":{"type":"Polygon","coordinates":[[[-83.66544,42.96661],[-83.66565,42.96661],[-83.66567,42.96713],[-83.66322,42.96715],[-83.66321,42.96663],[-83.66544,42.96661]]]}},{"type":"Feature","properties":{"name":"R-1C - Single Family Residential","category":"Residential","_color":"#f2c84b","_fillOpacity":0.4,"_weight":1,"_popupRows":[["Category","Residential"]]},"geometry":{"type":"Polygon","coordinates":[[[-83.65377,42.96732],[-83.65376,42.96687],[-83.65285,42.96687],[-83.65276,42.9639],[-83.65442,42.96387],[-83.65434,42.9603],[-83.66288,42.96019],[-83.66289,42.96074],[-83.66228,42.96076],[-83.66228,42.96092],[-83.66289,42.9609],[-83.6629,42.96146],[-83.6623,42.96148],[-83.66231,42.96164],[-83.6629,42.96163],[-83.66291,42.96217],[-83.66233,42.96218],[-83.66233,42.96234],[-83.66292,42.96233],[-83.66293,42.96288],[-83.66235,42.96289],[-83.66236,42.96306],[-83.66293,42.96305],[-83.66293,42.96354],[-83.66237,42.96355],[-83.66238,42.96371],[-83.66294,42.9637],[-83.66294,42.96432],[-83.6624,42.96432],[-83.66241,42.96449],[-83.66294,42.96449],[-83.66295,42.96504],[-83.66242,42.96505],[-83.66243,42.96521],[-83.66295,42.96521],[-83.66296,42.96576],[-83.66244,42.96576],[-83.66245,42.96594],[-83.66296,42.96593],[-83.66297,42.96647],[-83.66246,42.96647],[-83.66247,42.96665],[-83.66298,42.96664],[-83.66298,42.96719],[-83.65377,42.96732]]]}},{"type":"Feature","properties":{"name":"R-1C - Single Family Residential","category":"Residential","_color":"#f2c84b","_fillOpacity":0.4,"_weight":1,"_popupRows":[["Category","Residential"]]},"geometry":{"type":"Polygon","coordinates":[[[-83.67714,42.96724],[-83.6774,42.96724],[-83.67742,42.96777],[-83.6758,42.96779],[-83.67574,42.96726],[-83.67714,42.96724]]]}},{"type":"Feature","properties":{"name":"R-1C - Single Family Residential","category":"Residential","_color":"#f2c84b","_fillOpacity":0.4,"_weight":1,"_popupRows":[["Category","Residential"]]},"geometry":{"type":"Polygon","coordinates":[[[-83.67284,42.96782],[-83.67283,42.96756],[-83.67264,42.96756],[-83.67264,42.96729],[-83.67283,42.96729],[-83.67551,42.96726],[-83.67557,42.96779],[-83.67284,42.96782]]]}},{"type":"Feature","properties":{"name":"R-1C - Single Family Residential","category":"Residential","_color":"#f2c84b","_fillOpacity":0.4,"_weight":1,"_popupRows":[["Category","Residential"]]},"geometry":{"type":"Polygon","coordinates":[[[-83.66918,42.96785],[-83.66917,42.9673],[-83.67122,42.96728],[-83.67125,42.96756],[-83.67097,42.96757],[-83.67097,42.96783],[-83.66918,42.96785]]]}},{"type":"Feature","properties":{"name":"R-1C - Single Family Residential","category":"Residential","_color":"#f2c84b","_fillOpacity":0.4,"_weight":1,"_popupRows":[["Category","Residential"]]},"geometry":{"type":"Polygon","coordinates":[[[-83.66669,42.96733],[-83.66894,42.9673],[-83.66896,42.96785],[-83.66597,42.96789],[-83.66595,42.96734],[-83.66669,42.96733]]]}},{"type":"Feature","properties":{"name":"R-1C - Single Family Residential","category":"Residential","_color":"#f2c84b","_fillOpacity":0.4,"_weight":1,"_popupRows":[["Category","Residential"]]},"geometry":{"type":"Polygon","coordinates":[[[-83.66557,42.96734],[-83.66573,42.96734],[-83.66575,42.96789],[-83.66324,42.96791],[-83.66323,42.96737],[-83.66557,42.96734]]]}},{"type":"Feature","properties":{"name":"R-1C - Single Family Residential","category":"Residential","_color":"#f2c84b","_fillOpacity":0.4,"_weight":1,"_popupRows":[["Category","Residential"]]},"geometry":{"type":"Polygon","coordinates":[[[-83.67581,42.96795],[-83.67742,42.96793],[-83.67744,42.96848],[-83.67588,42.96849],[-83.67581,42.96795]]]}},{"type":"Feature","properties":{"name":"R-1C - Single Family Residential","category":"Residential","_color":"#f2c84b","_fillOpacity":0.4,"_weight":1,"_popupRows":[["Category","Residential"]]},"geometry":{"type":"Polygon","coordinates":[[[-83.67291,42.96852],[-83.67291,42.96825],[-83.67273,42.96825],[-83.67273,42.96799],[-83.6749,42.96796],[-83.67558,42.96795],[-83.67565,42.96849],[-83.67291,42.96852]]]}},{"type":"Feature","properties":{"name":"R-1C - Single Family Residential","category":"Residential","_color":"#f2c84b","_fillOpacity":0.4,"_weight":1,"_popupRows":[["Category","Residential"]]},"geometry":{"type":"Polygon","coordinates":[[[-83.67126,42.96799],[-83.67133,42.96828],[-83.67119,42.96828],[-83.6712,42.96855],[-83.66919,42.96857],[-83.66918,42.96801],[-83.67126,42.96799]]]}},{"type":"Feature","properties":{"name":"R-1C - Single Family Residential","category":"Residential","_color":"#f2c84b","_fillOpacity":0.4,"_weight":1,"_popupRows":[["Category","Residential"]]},"geometry":{"type":"Polygon","coordinates":[[[-83.66599,42.9686],[-83.66597,42.96805],[-83.66897,42.96802],[-83.66897,42.96858],[-83.66599,42.9686]]]}},{"type":"Feature","properties":{"name":"R-1C - Single Family Residential","category":"Residential","_color":"#f2c84b","_fillOpacity":0.4,"_weight":1,"_popupRows":[["Category","Residential"]]},"geometry":{"type":"Polygon","coordinates":[[[-83.66326,42.96863],[-83.66324,42.96808],[-83.66575,42.96805],[-83.66576,42.96861],[-83.66326,42.96863]]]}},{"type":"Feature","properties":{"name":"R-1C - Single Family Residential","category":"Residential","_color":"#f2c84b","_fillOpacity":0.4,"_weight":1,"_popupRows":[["Category","Residential"]]},"geometry":{"type":"Polygon","coordinates":[[[-83.67723,42.96865],[-83.67745,42.96864],[-83.67747,42.96918],[-83.67597,42.9692],[-83.6759,42.96866],[-83.67723,42.96865]]]}},{"type":"Feature","properties":{"name":"R-1C - Single Family Residential","category":"Residential","_color":"#f2c84b","_fillOpacity":0.4,"_weight":1,"_popupRows":[["Category","Residential"]]},"geometry":{"type":"Polygon","coordinates":[[[-83.67549,42.96867],[-83.67567,42.96867],[-83.67574,42.9692],[-83.67284,42.96925],[-83.67281,42.9687],[-83.67549,42.96867]]]}},{"type":"Feature","properties":{"name":"R-1C - Single Family Residential","category":"Residential","_color":"#f2c84b","_fillOpacity":0.4,"_weight":1,"_popupRows":[["Category","Residential"]]},"geometry":{"type":"Polygon","coordinates":[[[-83.66921,42.96927],[-83.6692,42.96873],[-83.67134,42.96872],[-83.67139,42.96926],[-83.66921,42.96927]]]}},{"type":"Feature","properties":{"name":"R-1C - Single Family Residential","category":"Residential","_color":"#f2c84b","_fillOpacity":0.4,"_weight":1,"_popupRows":[["Category","Residential"]]},"geometry":{"type":"Polygon","coordinates":[[[-83.66601,42.9693],[-83.666,42.96877],[-83.66899,42.96874],[-83.66899,42.96927],[-83.66601,42.9693]]]}},{"type":"Feature","properties":{"name":"R-1C - Single Family Residential","category":"Residential","_color":"#f2c84b","_fillOpacity":0.4,"_weight":1,"_popupRows":[["Category","Residential"]]},"geometry":{"type":"Polygon","coordinates":[[[-83.66512,42.96878],[-83.66576,42.96877],[-83.66578,42.9693],[-83.66327,42.96932],[-83.66325,42.9688],[-83.66512,42.96878]]]}},{"type":"Feature","properties":{"name":"R-1C - Single Family Residential","category":"Residential","_color":"#f2c84b","_fillOpacity":0.4,"_weight":1,"_popupRows":[["Category","Residential"]]},"geometry":{"type":"Polygon","coordinates":[[[-83.6756,42.96937],[-83.67576,42.96937],[-83.67583,42.96992],[-83.67459,42.96995],[-83.67279,42.96997],[-83.67272,42.96942],[-83.6756,42.96937]]]}},{"type":"Feature","properties":{"name":"R-1C - Single Family Residential","category":"Residential","_color":"#f2c84b","_fillOpacity":0.4,"_weight":1,"_popupRows":[["Category","Residential"]]},"geometry":{"type":"Polygon","coordinates":[[[-83.66923,42.97001],[-83.66922,42.96945],[-83.67146,42.96942],[-83.67153,42.97],[-83.66923,42.97001]]]}},{"type":"Feature","properties":{"name":"R-1C - Single Family Residential","category":"Residential","_color":"#f2c84b","_fillOpacity":0.4,"_weight":1,"_popupRows":[["Category","Residential"]]},"geometry":{"type":"Polygon","coordinates":[[[-83.66602,42.97004],[-83.66601,42.96949],[-83.669,42.96945],[-83.66902,42.97002],[-83.66602,42.97004]]]}},{"type":"Feature","properties":{"name":"R-1C - Single Family Residential","category":"Residential","_color":"#f2c84b","_fillOpacity":0.4,"_weight":1,"_popupRows":[["Category","Residential"]]},"geometry":{"type":"Polygon","coordinates":[[[-83.66328,42.97006],[-83.66327,42.96952],[-83.66578,42.96949],[-83.66579,42.97004],[-83.66328,42.97006]]]}},{"type":"Feature","properties":{"name":"R-1C - Single Family Residential","category":"Residential","_color":"#f2c84b","_fillOpacity":0.4,"_weight":1,"_popupRows":[["Category","Residential"]]},"geometry":{"type":"Polygon","coordinates":[[[-83.67727,42.96934],[-83.67747,42.96934],[-83.67752,42.97062],[-83.67614,42.97064],[-83.67599,42.96937],[-83.67727,42.96934]]]}},{"type":"Feature","properties":{"name":"R-1C - Single Family Residential","category":"Residential","_color":"#f2c84b","_fillOpacity":0.4,"_weight":1,"_popupRows":[["Category","Residential"]]},"geometry":{"type":"Polygon","coordinates":[[[-83.67413,42.97011],[-83.67584,42.97008],[-83.67591,42.97064],[-83.67283,42.97068],[-83.6728,42.97014],[-83.67413,42.97011]]]}},{"type":"Feature","properties":{"name":"R-1C - Single Family Residential","category":"Residential","_color":"#f2c84b","_fillOpacity":0.4,"_weight":1,"_popupRows":[["Category","Residential"]]},"geometry":{"type":"Polygon","coordinates":[[[-83.6712,42.97013],[-83.67134,42.97013],[-83.67136,42.97069],[-83.66925,42.97071],[-83.66923,42.97016],[-83.6712,42.97013]]]}},{"type":"Feature","properties":{"name":"R-1C - Single Family Residential","category":"Residential","_color":"#f2c84b","_fillOpacity":0.4,"_weight":1,"_popupRows":[["Category","Residential"]]},"geometry":{"type":"Polygon","coordinates":[[[-83.66887,42.97016],[-83.66902,42.97016],[-83.66903,42.97071],[-83.66603,42.97074],[-83.66602,42.9702],[-83.66887,42.97016]]]}},{"type":"Feature","properties":{"name":"R-1C - Single Family Residential","category":"Residential","_color":"#f2c84b","_fillOpacity":0.4,"_weight":1,"_popupRows":[["Category","Residential"]]},"geometry":{"type":"Polygon","coordinates":[[[-83.66564,42.9702],[-83.66581,42.9702],[-83.66582,42.97074],[-83.6633,42.97077],[-83.66328,42.97023],[-83.66564,42.9702]]]}},{"type":"Feature","properties":{"name":"R-1C - Single Family Residential","category":"Residential","_color":"#f2c84b","_fillOpacity":0.4,"_weight":1,"_popupRows":[["Category","Residential"]]},"geometry":{"type":"Polygon","coordinates":[[[-83.67624,42.9714],[-83.67616,42.9708],[-83.67753,42.97078],[-83.67755,42.97136],[-83.67624,42.9714]]]}},{"type":"Feature","properties":{"name":"R-1C - Single Family Residential","category":"Residential","_color":"#f2c84b","_fillOpacity":0.4,"_weight":1,"_popupRows":[["Category","Residential"]]},"geometry":{"type":"Polygon","coordinates":[[[-83.6757,42.97081],[-83.67593,42.97081],[-83.676,42.97138],[-83.67295,42.9714],[-83.67289,42.97085],[-83.6757,42.97081]]]}},{"type":"Feature","properties":{"name":"R-1C - Single Family Residential","category":"Residential","_color":"#f2c84b","_fillOpacity":0.4,"_weight":1,"_popupRows":[["Category","Residential"]]},"geometry":{"type":"Polygon","coordinates":[[[-83.66927,42.97145],[-83.66926,42.97087],[-83.67165,42.97085],[-83.67172,42.97142],[-83.66927,42.97145]]]}},{"type":"Feature","properties":{"name":"R-1C - Single Family Residential","category":"Residential","_color":"#f2c84b","_fillOpacity":0.4,"_weight":1,"_popupRows":[["Category","Residential"]]},"geometry":{"type":"Polygon","coordinates":[[[-83.66605,42.97148],[-83.66604,42.9709],[-83.66904,42.97087],[-83.66905,42.97145],[-83.66605,42.97148]]]}},{"type":"Feature","properties":{"name":"R-1C - Single Family Residential","category":"Residential","_color":"#f2c84b","_fillOpacity":0.4,"_weight":1,"_popupRows":[["Category","Residential"]]},"geometry":{"type":"Polygon","coordinates":[[[-83.66567,42.97091],[-83.66582,42.97091],[-83.66584,42.97149],[-83.66332,42.97153],[-83.6633,42.97093],[-83.66567,42.97091]]]}},{"type":"Feature","properties":{"name":"R-1C - Single Family Residential","category":"Residential","_color":"#f2c84b","_fillOpacity":0.4,"_weight":1,"_popupRows":[["Category","Residential"]]},"geometry":{"type":"Polygon","coordinates":[[[-83.67738,42.97152],[-83.67755,42.97152],[-83.67756,42.97206],[-83.67638,42.97209],[-83.67635,42.97204],[-83.67626,42.97157],[-83.67738,42.97152]]]}},{"type":"Feature","properties":{"name":"R-1C - Single Family Residential","category":"Residential","_color":"#f2c84b","_fillOpacity":0.4,"_weight":1,"_popupRows":[["Category","Residential"]]},"geometry":{"type":"Polygon","coordinates":[[[-83.67125,42.97158],[-83.67141,42.97158],[-83.67133,42.97212],[-83.66929,42.97215],[-83.66927,42.97161],[-83.67125,42.97158]]]}},{"type":"Feature","properties":{"name":"R-1C - Single Family Residential","category":"Residential","_color":"#f2c84b","_fillOpacity":0.4,"_weight":1,"_popupRows":[["Category","Residential"]]},"geometry":{"type":"Polygon","coordinates":[[[-83.66694,42.97164],[-83.66906,42.97161],[-83.66906,42.97215],[-83.66607,42.9722],[-83.66606,42.97165],[-83.66694,42.97164]]]}},{"type":"Feature","properties":{"name":"R-1C - Single Family Residential","category":"Residential","_color":"#f2c84b","_fillOpacity":0.4,"_weight":1,"_popupRows":[["Category","Residential"]]},"geometry":{"type":"Polygon","coordinates":[[[-83.66569,42.97166],[-83.66585,42.97166],[-83.66586,42.9722],[-83.66333,42.97223],[-83.66332,42.97169],[-83.66569,42.97166]]]}},{"type":"Feature","properties":{"name":"R-1C - Single Family Residential","category":"Residential","_color":"#f2c84b","_fillOpacity":0.4,"_weight":1,"_popupRows":[["Category","Residential"]]},"geometry":{"type":"Polygon","coordinates":[[[-83.6774,42.97223],[-83.67757,42.97223],[-83.67758,42.97279],[-83.67672,42.97283],[-83.67661,42.97227],[-83.6774,42.97223]]]}},{"type":"Feature","properties":{"name":"R-1C - Single Family Residential","category":"Residential","_color":"#f2c84b","_fillOpacity":0.4,"_weight":1,"_popupRows":[["Category","Residential"]]},"geometry":{"type":"Polygon","coordinates":[[[-83.67584,42.97155],[-83.67602,42.97155],[-83.67609,42.9721],[-83.67424,42.97218],[-83.67391,42.97237],[-83.67375,42.97276],[-83.6736,42.97285],[-83.67345,42.97156],[-83.67584,42.97155]]]}},{"type":"Feature","properties":{"name":"R-1C - Single Family Residential","category":"Residential","_color":"#f2c84b","_fillOpacity":0.4,"_weight":1,"_popupRows":[["Category","Residential"]]},"geometry":{"type":"Polygon","coordinates":[[[-83.6693,42.97287],[-83.66929,42.97232],[-83.67181,42.97229],[-83.67188,42.97283],[-83.6693,42.97287]]]}},{"type":"Feature","properties":{"name":"R-1C - Single Family Residential","category":"Residential","_color":"#f2c84b","_fillOpacity":0.4,"_weight":1,"_popupRows":[["Category","Residential"]]},"geometry":{"type":"Polygon","coordinates":[[[-83.66891,42.97233],[-83.66907,42.97233],[-83.66909,42.97288],[-83.66609,42.97292],[-83.66608,42.97236],[-83.66891,42.97233]]]}},{"type":"Feature","properties":{"name":"R-1C - Single Family Residential","category":"Residential","_color":"#f2c84b","_fillOpacity":0.4,"_weight":1,"_popupRows":[["Category","Residential"]]},"geometry":{"type":"Polygon","coordinates":[[[-83.66334,42.97296],[-83.66333,42.9724],[-83.66586,42.97236],[-83.66587,42.97292],[-83.66334,42.97296]]]}},{"type":"Feature","properties":{"name":"R-1C - Single Family Residential","category":"Residential","_color":"#f2c84b","_fillOpacity":0.4,"_weight":1,"_popupRows":[["Category","Residential"]]},"geometry":{"type":"Polygon","coordinates":[[[-83.66931,42.97336],[-83.6693,42.97303],[-83.67127,42.973],[-83.67128,42.97335],[-83.67185,42.97334],[-83.67188,42.97362],[-83.66932,42.97366],[-83.66931,42.97336]]]}},{"type":"Feature","properties":{"name":"R-1C - Single Family Residential","category":"Residential","_color":"#f2c84b","_fillOpacity":0.4,"_weight":1,"_popupRows":[["Category","Residential"]]},"geometry":{"type":"Polygon","coordinates":[[[-83.66611,42.9737],[-83.66609,42.97308],[-83.66909,42.97303],[-83.6691,42.97366],[-83.66611,42.9737]]]}},{"type":"Feature","properties":{"name":"R-1C - Single Family Residential","category":"Residential","_color":"#f2c84b","_fillOpacity":0.4,"_weight":1,"_popupRows":[["Category","Residential"]]},"geometry":{"type":"Polygon","coordinates":[[[-83.66335,42.97373],[-83.66334,42.97312],[-83.66587,42.97308],[-83.66589,42.9737],[-83.66335,42.97373]]]}},{"type":"Feature","properties":{"name":"R-1C - Single Family Residential","category":"Residential","_color":"#f2c84b","_fillOpacity":0.4,"_weight":1,"_popupRows":[["Category","Residential"]]},"geometry":{"type":"Polygon","coordinates":[[[-83.65917,42.97322],[-83.65955,42.97322],[-83.65957,42.97378],[-83.65778,42.97384],[-83.65776,42.97325],[-83.65917,42.97322]]]}},{"type":"Feature","properties":{"name":"R-1C - Single Family Residential","category":"Residential","_color":"#f2c84b","_fillOpacity":0.4,"_weight":1,"_popupRows":[["Category","Residential"]]},"geometry":{"type":"Polygon","coordinates":[[[-83.67118,42.9738],[-83.67132,42.9738],[-83.67132,42.97407],[-83.66933,42.97409],[-83.66932,42.97383],[-83.67118,42.9738]]]}},{"type":"Feature","properties":{"name":"R-1C - Single Family Residential","category":"Residential","_color":"#f2c84b","_fillOpacity":0.4,"_weight":1,"_popupRows":[["Category","Residential"]]},"geometry":{"type":"Polygon","coordinates":[[[-83.6688,42.97383],[-83.66911,42.97383],[-83.66911,42.9741],[-83.66612,42.97414],[-83.66612,42.97387],[-83.6688,42.97383]]]}},{"type":"Feature","properties":{"name":"R-1C - Single Family Residential","category":"Residential","_color":"#f2c84b","_fillOpacity":0.4,"_weight":1,"_popupRows":[["Category","Residential"]]},"geometry":{"type":"Polygon","coordinates":[[[-83.67592,42.97422],[-83.6759,42.9737],[-83.6739,42.97374],[-83.67386,42.97293],[-83.67414,42.97243],[-83.67443,42.9723],[-83.67614,42.97227],[-83.67641,42.97245],[-83.67648,42.9729],[-83.67758,42.97288],[-83.67763,42.97419],[-83.67592,42.97422]]]}},{"type":"Feature","properties":{"name":"R-1C - Single Family Residential","category":"Residential","_color":"#f2c84b","_fillOpacity":0.4,"_weight":1,"_popupRows":[["Category","Residential"]]},"geometry":{"type":"Polygon","coordinates":[[[-83.66574,42.97387],[-83.66589,42.97387],[-83.6659,42.97415],[-83.66336,42.97418],[-83.66335,42.97391],[-83.66574,42.97387]]]}},{"type":"Feature","properties":{"name":"R-1C - Single Family Residential","category":"Residential","_color":"#f2c84b","_fillOpacity":0.4,"_weight":1,"_popupRows":[["Category","Residential"]]},"geometry":{"type":"Polygon","coordinates":[[[-83.65776,42.97317],[-83.65763,42.97317],[-83.65737,42.97281],[-83.65538,42.97099],[-83.65768,42.97098],[-83.65762,42.96939],[-83.65762,42.9695],[-83.65942,42.96948],[-83.65933,42.96741],[-83.663,42.96737],[-83.66301,42.96792],[-83.66189,42.96793],[-83.6619,42.96809],[-83.66302,42.96808],[-83.66302,42.96863],[-83.66192,42.96864],[-83.66192,42.96881],[-83.66303,42.9688],[-83.66304,42.96933],[-83.66194,42.96933],[-83.66195,42.96953],[-83.66304,42.96952],[-83.66305,42.97006],[-83.66196,42.97007],[-83.66197,42.97024],[-83.66306,42.97023],[-83.66306,42.97077],[-83.66199,42.97078],[-83.66199,42.97095],[-83.66307,42.97093],[-83.66308,42.97153],[-83.66263,42.97153],[-83.66264,42.97169],[-83.66309,42.97169],[-83.66311,42.97296],[-83.66268,42.97297],[-83.66269,42.97313],[-83.66311,42.97312],[-83.66313,42.97374],[-83.66271,42.97374],[-83.66271,42.97391],[-83.66313,42.97391],[-83.66313,42.97418],[-83.66272,42.97419],[-83.66273,42.97445],[-83.6598,42.97448],[-83.65979,42.97393],[-83.66063,42.97393],[-83.66063,42.97376],[-83.65978,42.97377],[-83.65977,42.97321],[-83.66061,42.97319],[-83.6606,42.97302],[-83.65977,42.97304],[-83.65975,42.97251],[-83.66059,42.9725],[-83.66058,42.97234],[-83.65974,42.97235],[-83.65973,42.9718],[-83.66056,42.97179],[-83.66056,42.97163],[-83.65973,42.97163],[-83.65972,42.97146],[-83.65951,42.97146],[-83.65951,42.97164],[-83.6577,42.97165],[-83.65771,42.97181],[-83.65952,42.9718],[-83.65953,42.97235],[-83.65773,42.97238],[-83.65774,42.97255],[-83.65954,42.97251],[-83.65955,42.97304],[-83.65776,42.97309],[-83.65776,42.97317]]]}},{"type":"Feature","properties":{"name":"R-1C - Single Family Residential","category":"Residential","_color":"#f2c84b","_fillOpacity":0.4,"_weight":1,"_popupRows":[["Category","Residential"]]},"geometry":{"type":"Polygon","coordinates":[[[-83.65938,42.97395],[-83.65957,42.97394],[-83.65958,42.97448],[-83.65781,42.9745],[-83.65779,42.97397],[-83.65938,42.97395]]]}},{"type":"Feature","properties":{"name":"R-1C - Single Family Residential","category":"Residential","_color":"#f2c84b","_fillOpacity":0.4,"_weight":1,"_popupRows":[["Category","Residential"]]},"geometry":{"type":"Polygon","coordinates":[[[-83.68108,42.97467],[-83.68125,42.97467],[-83.68125,42.97497],[-83.67918,42.975],[-83.67916,42.97471],[-83.68108,42.97467]]]}},{"type":"Feature","properties":{"name":"R-1C - Single Family Residential","category":"Residential","_color":"#f2c84b","_fillOpacity":0.4,"_weight":1,"_popupRows":[["Category","Residential"]]},"geometry":{"type":"Polygon","coordinates":[[[-83.67811,42.97473],[-83.67895,42.97471],[-83.67896,42.97501],[-83.6766,42.97505],[-83.67659,42.97476],[-83.67811,42.97473]]]}},{"type":"Feature","properties":{"name":"R-1C - Single Family Residential","category":"Residential","_color":"#f2c84b","_fillOpacity":0.4,"_weight":1,"_popupRows":[["Category","Residential"]]},"geometry":{"type":"Polygon","coordinates":[[[-83.67621,42.97477],[-83.67637,42.97476],[-83.67638,42.97506],[-83.6736,42.97512],[-83.67348,42.97481],[-83.67621,42.97477]]]}},{"type":"Feature","properties":{"name":"R-1C - Single Family Residential","category":"Residential","_color":"#f2c84b","_fillOpacity":0.4,"_weight":1,"_popupRows":[["Category","Residential"]]},"geometry":{"type":"Polygon","coordinates":[[[-83.67103,42.97486],[-83.6721,42.97487],[-83.6722,42.97515],[-83.6694,42.97519],[-83.66939,42.97489],[-83.67103,42.97486]]]}},{"type":"Feature","properties":{"name":"R-1C - Single Family Residential","category":"Residential","_color":"#f2c84b","_fillOpacity":0.4,"_weight":1,"_popupRows":[["Category","Residential"]]},"geometry":{"type":"Polygon","coordinates":[[[-83.66108,42.97496],[-83.66128,42.97496],[-83.6613,42.97539],[-83.66093,42.9754],[-83.66091,42.97497],[-83.66108,42.97496]]]}},{"type":"Feature","properties":{"name":"R-1C - Single Family Residential","category":"Residential","_color":"#f2c84b","_fillOpacity":0.4,"_weight":1,"_popupRows":[["Category","Residential"]]},"geometry":{"type":"Polygon","coordinates":[[[-83.66325,42.97545],[-83.66282,42.97536],[-83.66153,42.97539],[-83.66151,42.97497],[-83.66188,42.97496],[-83.66189,42.97507],[-83.6628,42.97503],[-83.6628,42.97492],[-83.66322,42.9749],[-83.66325,42.97545]]]}},{"type":"Feature","properties":{"name":"R-1C - Single Family Residential","category":"Residential","_color":"#f2c84b","_fillOpacity":0.4,"_weight":1,"_popupRows":[["Category","Residential"]]},"geometry":{"type":"Polygon","coordinates":[[[-83.6811,42.97512],[-83.68125,42.97512],[-83.68128,42.97569],[-83.67921,42.97572],[-83.67918,42.97516],[-83.6811,42.97512]]]}},{"type":"Feature","properties":{"name":"R-1C - Single Family Residential","category":"Residential","_color":"#f2c84b","_fillOpacity":0.4,"_weight":1,"_popupRows":[["Category","Residential"]]},"geometry":{"type":"Polygon","coordinates":[[[-83.67882,42.97517],[-83.67897,42.97517],[-83.67899,42.97572],[-83.67664,42.97577],[-83.67661,42.97522],[-83.67882,42.97517]]]}},{"type":"Feature","properties":{"name":"R-1C - Single Family Residential","category":"Residential","_color":"#f2c84b","_fillOpacity":0.4,"_weight":1,"_popupRows":[["Category","Residential"]]},"geometry":{"type":"Polygon","coordinates":[[[-83.67622,42.97522],[-83.67639,42.97522],[-83.67641,42.9755],[-83.67642,42.97578],[-83.67625,42.97578],[-83.67368,42.97583],[-83.67355,42.97528],[-83.67622,42.97522]]]}},{"type":"Feature","properties":{"name":"R-1C - Single Family Residential","category":"Residential","_color":"#f2c84b","_fillOpacity":0.4,"_weight":1,"_popupRows":[["Category","Residential"]]},"geometry":{"type":"Polygon","coordinates":[[[-83.68773,42.97592],[-83.68771,42.97513],[-83.69152,42.97505],[-83.69154,42.97535],[-83.69176,42.97534],[-83.69178,42.97579],[-83.68986,42.97571],[-83.68773,42.97592]]]}},{"type":"Feature","properties":{"name":"R-1C - Single Family Residential","category":"Residential","_color":"#f2c84b","_fillOpacity":0.4,"_weight":1,"_popupRows":[["Category","Residential"]]},"geometry":{"type":"Polygon","coordinates":[[[-83.66941,42.97563],[-83.6694,42.97536],[-83.67206,42.97532],[-83.67209,42.97587],[-83.66942,42.97591],[-83.66941,42.97563]]]}},{"type":"Feature","properties":{"name":"R-1C - Single Family Residential","category":"Residential","_color":"#f2c84b","_fillOpacity":0.4,"_weight":1,"_popupRows":[["Category","Residential"]]},"geometry":{"type":"Polygon","coordinates":[[[-83.66555,42.97487],[-83.66598,42.97487],[-83.66603,42.97612],[-83.66351,42.97615],[-83.66345,42.9749],[-83.66555,42.97487]]]}},{"type":"Feature","properties":{"name":"R-1C - Single Family Residential","category":"Residential","_color":"#f2c84b","_fillOpacity":0.4,"_weight":1,"_popupRows":[["Category","Residential"]]},"geometry":{"type":"Polygon","coordinates":[[[-83.66623,42.97543],[-83.6662,42.97489],[-83.66671,42.97489],[-83.66671,42.97497],[-83.66917,42.97489],[-83.66918,42.9752],[-83.66672,42.97524],[-83.66672,42.97541],[-83.66918,42.97537],[-83.66919,42.97591],[-83.66871,42.97595],[-83.66804,42.97622],[-83.66626,42.97613],[-83.66623,42.97543]]]}},{"type":"Feature","properties":{"name":"R-1C - Single Family Residential","category":"Residential","_color":"#f2c84b","_fillOpacity":0.4,"_weight":1,"_popupRows":[["Category","Residential"]]},"geometry":{"type":"Polygon","coordinates":[[[-83.66269,42.97553],[-83.66325,42.97561],[-83.66328,42.97616],[-83.66158,42.97619],[-83.66154,42.97556],[-83.66269,42.97553]]]}},{"type":"Feature","properties":{"name":"R-1C - Single Family Residential","category":"Residential","_color":"#f2c84b","_fillOpacity":0.4,"_weight":1,"_popupRows":[["Category","Residential"]]},"geometry":{"type":"Polygon","coordinates":[[[-83.66094,42.97558],[-83.66131,42.97557],[-83.66133,42.97619],[-83.66097,42.9762],[-83.66094,42.97558]]]}},{"type":"Feature","properties":{"name":"R-1C - Single Family Residential","category":"Residential","_color":"#f2c84b","_fillOpacity":0.4,"_weight":1,"_popupRows":[["Category","Residential"]]},"geometry":{"type":"Polygon","coordinates":[[[-83.68113,42.97585],[-83.68128,42.97584],[-83.68129,42.97639],[-83.67924,42.97643],[-83.67922,42.97588],[-83.68113,42.97585]]]}},{"type":"Feature","properties":{"name":"R-1C - Single Family Residential","category":"Residential","_color":"#f2c84b","_fillOpacity":0.4,"_weight":1,"_popupRows":[["Category","Residential"]]},"geometry":{"type":"Polygon","coordinates":[[[-83.67884,42.97589],[-83.679,42.97589],[-83.67902,42.97644],[-83.67668,42.97648],[-83.67665,42.97594],[-83.67884,42.97589]]]}},{"type":"Feature","properties":{"name":"R-1C - Single Family Residential","category":"Residential","_color":"#f2c84b","_fillOpacity":0.4,"_weight":1,"_popupRows":[["Category","Residential"]]},"geometry":{"type":"Polygon","coordinates":[[[-83.67625,42.97595],[-83.67642,42.97594],[-83.67645,42.97649],[-83.67383,42.97654],[-83.67372,42.976],[-83.67625,42.97595]]]}},{"type":"Feature","properties":{"name":"R-1C - Single Family Residential","category":"Residential","_color":"#f2c84b","_fillOpacity":0.4,"_weight":1,"_popupRows":[["Category","Residential"]]},"geometry":{"type":"Polygon","coordinates":[[[-83.66943,42.97635],[-83.66943,42.97608],[-83.67214,42.97603],[-83.67214,42.97631],[-83.67225,42.97631],[-83.67226,42.97658],[-83.66944,42.97663],[-83.66943,42.97635]]]}},{"type":"Feature","properties":{"name":"R-1C - Single Family Residential","category":"Residential","_color":"#f2c84b","_fillOpacity":0.4,"_weight":1,"_popupRows":[["Category","Residential"]]},"geometry":{"type":"Polygon","coordinates":[[[-83.66901,42.97609],[-83.6692,42.97608],[-83.66921,42.97664],[-83.66868,42.97662],[-83.66832,42.97639],[-83.66835,42.97628],[-83.66861,42.97616],[-83.66901,42.97609]]]}},{"type":"Feature","properties":{"name":"R-1C - Single Family Residential","category":"Residential","_color":"#f2c84b","_fillOpacity":0.4,"_weight":1,"_popupRows":[["Category","Residential"]]},"geometry":{"type":"Polygon","coordinates":[[[-83.66305,42.97633],[-83.66329,42.97632],[-83.66332,42.97694],[-83.66162,42.97697],[-83.66158,42.97635],[-83.66305,42.97633]]]}},{"type":"Feature","properties":{"name":"R-1C - Single Family Residential","category":"Residential","_color":"#f2c84b","_fillOpacity":0.4,"_weight":1,"_popupRows":[["Category","Residential"]]},"geometry":{"type":"Polygon","coordinates":[[[-83.68115,42.97656],[-83.6813,42.97656],[-83.68131,42.97711],[-83.67928,42.97715],[-83.67925,42.9766],[-83.68115,42.97656]]]}},{"type":"Feature","properties":{"name":"R-1C - Single Family Residential","category":"Residential","_color":"#f2c84b","_fillOpacity":0.4,"_weight":1,"_popupRows":[["Category","Residential"]]},"geometry":{"type":"Polygon","coordinates":[[[-83.67888,42.97661],[-83.67903,42.9766],[-83.67906,42.97715],[-83.67671,42.9772],[-83.67669,42.97665],[-83.67888,42.97661]]]}},{"type":"Feature","properties":{"name":"R-1C - Single Family Residential","category":"Residential","_color":"#f2c84b","_fillOpacity":0.4,"_weight":1,"_popupRows":[["Category","Residential"]]},"geometry":{"type":"Polygon","coordinates":[[[-83.67629,42.97666],[-83.67646,42.97665],[-83.67649,42.9772],[-83.67417,42.97725],[-83.67416,42.97698],[-83.67428,42.97697],[-83.67427,42.97669],[-83.67629,42.97666]]]}},{"type":"Feature","properties":{"name":"R-1C - Single Family Residential","category":"Residential","_color":"#f2c84b","_fillOpacity":0.4,"_weight":1,"_popupRows":[["Category","Residential"]]},"geometry":{"type":"Polygon","coordinates":[[[-83.66757,42.97657],[-83.66757,42.97638],[-83.66786,42.9764],[-83.66854,42.97679],[-83.66855,42.97688],[-83.66828,42.97726],[-83.6676,42.97737],[-83.66757,42.97657]]]}},{"type":"Feature","properties":{"name":"R-1C - Single Family Residential","category":"Residential","_color":"#f2c84b","_fillOpacity":0.4,"_weight":1,"_popupRows":[["Category","Residential"]]},"geometry":{"type":"Polygon","coordinates":[[[-83.66627,42.97653],[-83.66626,42.97629],[-83.66736,42.97637],[-83.66739,42.97737],[-83.66631,42.97738],[-83.66627,42.97653]]]}},{"type":"Feature","properties":{"name":"R-1C - Single Family Residential","category":"Residential","_color":"#f2c84b","_fillOpacity":0.4,"_weight":1,"_popupRows":[["Category","Residential"]]},"geometry":{"type":"Polygon","coordinates":[[[-83.66561,42.97628],[-83.66604,42.97628],[-83.66609,42.97742],[-83.66357,42.97745],[-83.66352,42.97632],[-83.66561,42.97628]]]}},{"type":"Feature","properties":{"name":"R-1C - Single Family Residential","category":"Residential","_color":"#f2c84b","_fillOpacity":0.4,"_weight":1,"_popupRows":[["Category","Residential"]]},"geometry":{"type":"Polygon","coordinates":[[[-83.66102,42.97715],[-83.66098,42.97636],[-83.66134,42.97635],[-83.66137,42.97714],[-83.66333,42.97711],[-83.66335,42.97746],[-83.66104,42.97749],[-83.66102,42.97715]]]}},{"type":"Feature","properties":{"name":"R-1C - Single Family Residential","category":"Residential","_color":"#f2c84b","_fillOpacity":0.4,"_weight":1,"_popupRows":[["Category","Residential"]]},"geometry":{"type":"Polygon","coordinates":[[[-83.68773,42.97651],[-83.68771,42.97613],[-83.68846,42.97601],[-83.69022,42.9759],[-83.69201,42.976],[-83.69186,42.97637],[-83.69058,42.97635],[-83.69042,42.97679],[-83.69045,42.9777],[-83.68778,42.97776],[-83.68773,42.97651]]]}},{"type":"Feature","properties":{"name":"R-1C - Single Family Residential","category":"Residential","_color":"#f2c84b","_fillOpacity":0.4,"_weight":1,"_popupRows":[["Category","Residential"]]},"geometry":{"type":"Polygon","coordinates":[[[-83.68289,42.97634],[-83.68284,42.97446],[-83.68291,42.97439],[-83.68489,42.97434],[-83.6851,42.97519],[-83.68668,42.97516],[-83.68668,42.97496],[-83.68744,42.97495],[-83.68755,42.97768],[-83.68296,42.97778],[-83.68289,42.97634]],[[-83.68569,42.97598],[-83.68538,42.97588],[-83.68553,42.97593],[-83.68569,42.97598]],[[-83.68667,42.97614],[-83.68632,42.97611],[-83.68649,42.97613],[-83.68667,42.97614]]]}},{"type":"Feature","properties":{"name":"R-1C - Single Family Residential","category":"Residential","_color":"#f2c84b","_fillOpacity":0.4,"_weight":1,"_popupRows":[["Category","Residential"]]},"geometry":{"type":"Polygon","coordinates":[[[-83.68118,42.97727],[-83.68132,42.97727],[-83.68134,42.97781],[-83.67932,42.97785],[-83.67929,42.9773],[-83.68118,42.97727]]]}},{"type":"Feature","properties":{"name":"R-1C - Single Family Residential","category":"Residential","_color":"#f2c84b","_fillOpacity":0.4,"_weight":1,"_popupRows":[["Category","Residential"]]},"geometry":{"type":"Polygon","coordinates":[[[-83.67893,42.97731],[-83.67907,42.97731],[-83.67909,42.97785],[-83.67675,42.9779],[-83.67672,42.97736],[-83.67893,42.97731]]]}},{"type":"Feature","properties":{"name":"R-1C - Single Family Residential","category":"Residential","_color":"#f2c84b","_fillOpacity":0.4,"_weight":1,"_popupRows":[["Category","Residential"]]},"geometry":{"type":"Polygon","coordinates":[[[-83.67633,42.97736],[-83.6765,42.97736],[-83.67652,42.9779],[-83.67416,42.97795],[-83.67404,42.9774],[-83.67633,42.97736]]]}},{"type":"Feature","properties":{"name":"R-1C - Single Family Residential","category":"Residential","_color":"#f2c84b","_fillOpacity":0.4,"_weight":1,"_popupRows":[["Category","Residential"]]},"geometry":{"type":"Polygon","coordinates":[[[-83.68739,42.97785],[-83.68755,42.97785],[-83.68757,42.97845],[-83.68524,42.97848],[-83.68521,42.9779],[-83.68739,42.97785]]]}},{"type":"Feature","properties":{"name":"R-1C - Single Family Residential","category":"Residential","_color":"#f2c84b","_fillOpacity":0.4,"_weight":1,"_popupRows":[["Category","Residential"]]},"geometry":{"type":"Polygon","coordinates":[[[-83.68486,42.97791],[-83.68499,42.97791],[-83.68503,42.9785],[-83.68336,42.97853],[-83.68333,42.97794],[-83.68486,42.97791]]]}},{"type":"Feature","properties":{"name":"R-1C - Single Family Residential","category":"Residential","_color":"#f2c84b","_fillOpacity":0.4,"_weight":1,"_popupRows":[["Category","Residential"]]},"geometry":{"type":"Polygon","coordinates":[[[-83.6812,42.97798],[-83.68135,42.97798],[-83.68137,42.97857],[-83.67935,42.97861],[-83.67933,42.97802],[-83.6812,42.97798]]]}},{"type":"Feature","properties":{"name":"R-1C - Single Family Residential","category":"Residential","_color":"#f2c84b","_fillOpacity":0.4,"_weight":1,"_popupRows":[["Category","Residential"]]},"geometry":{"type":"Polygon","coordinates":[[[-83.6774,42.97805],[-83.6791,42.97802],[-83.67912,42.97861],[-83.67678,42.97866],[-83.67675,42.97807],[-83.6774,42.97805]]]}},{"type":"Feature","properties":{"name":"R-1C - Single Family Residential","category":"Residential","_color":"#f2c84b","_fillOpacity":0.4,"_weight":1,"_popupRows":[["Category","Residential"]]},"geometry":{"type":"Polygon","coordinates":[[[-83.67637,42.97808],[-83.67653,42.97807],[-83.67656,42.97866],[-83.67434,42.9787],[-83.6742,42.97812],[-83.67637,42.97808]]]}},{"type":"Feature","properties":{"name":"R-1C - Single Family Residential","category":"Residential","_color":"#f2c84b","_fillOpacity":0.4,"_weight":1,"_popupRows":[["Category","Residential"]]},"geometry":{"type":"Polygon","coordinates":[[[-83.68742,42.97861],[-83.68758,42.97861],[-83.68761,42.97915],[-83.68527,42.97919],[-83.68524,42.97864],[-83.68742,42.97861]]]}},{"type":"Feature","properties":{"name":"R-1C - Single Family Residential","category":"Residential","_color":"#f2c84b","_fillOpacity":0.4,"_weight":1,"_popupRows":[["Category","Residential"]]},"geometry":{"type":"Polygon","coordinates":[[[-83.68489,42.97867],[-83.68503,42.97866],[-83.68506,42.97921],[-83.68339,42.97925],[-83.68336,42.9787],[-83.68489,42.97867]]]}},{"type":"Feature","properties":{"name":"R-1C - Single Family Residential","category":"Residential","_color":"#f2c84b","_fillOpacity":0.4,"_weight":1,"_popupRows":[["Category","Residential"]]},"geometry":{"type":"Polygon","coordinates":[[[-83.68123,42.97873],[-83.68138,42.97873],[-83.68139,42.97929],[-83.67939,42.97933],[-83.67936,42.97877],[-83.68123,42.97873]]]}},{"type":"Feature","properties":{"name":"R-1C - Single Family Residential","category":"Residential","_color":"#f2c84b","_fillOpacity":0.4,"_weight":1,"_popupRows":[["Category","Residential"]]},"geometry":{"type":"Polygon","coordinates":[[[-83.67892,42.97878],[-83.67913,42.97878],[-83.67915,42.97933],[-83.67682,42.97937],[-83.67679,42.97882],[-83.67892,42.97878]]]}},{"type":"Feature","properties":{"name":"R-1C - Single Family Residential","category":"Residential","_color":"#f2c84b","_fillOpacity":0.4,"_weight":1,"_popupRows":[["Category","Residential"]]},"geometry":{"type":"Polygon","coordinates":[[[-83.6764,42.97883],[-83.67656,42.97882],[-83.67659,42.97937],[-83.67467,42.97941],[-83.67476,42.97886],[-83.6764,42.97883]]]}},{"type":"Feature","properties":{"name":"R-1C - Single Family Residential","category":"Residential","_color":"#f2c84b","_fillOpacity":0.4,"_weight":1,"_popupRows":[["Category","Residential"]]},"geometry":{"type":"Polygon","coordinates":[[[-83.68746,42.97931],[-83.68762,42.9793],[-83.68765,42.97987],[-83.68532,42.9799],[-83.68528,42.97935],[-83.68746,42.97931]]]}},{"type":"Feature","properties":{"name":"R-1C - Single Family Residential","category":"Residential","_color":"#f2c84b","_fillOpacity":0.4,"_weight":1,"_popupRows":[["Category","Residential"]]},"geometry":{"type":"Polygon","coordinates":[[[-83.68492,42.97938],[-83.68507,42.97937],[-83.68509,42.97993],[-83.68342,42.97996],[-83.68339,42.97942],[-83.68492,42.97938]]]}},{"type":"Feature","properties":{"name":"R-1C - Single Family Residential","category":"Residential","_color":"#f2c84b","_fillOpacity":0.4,"_weight":1,"_popupRows":[["Category","Residential"]]},"geometry":{"type":"Polygon","coordinates":[[[-83.68126,42.97946],[-83.6814,42.97946],[-83.68142,42.98],[-83.67942,42.98003],[-83.6794,42.97949],[-83.68126,42.97946]]]}},{"type":"Feature","properties":{"name":"R-1C - Single Family Residential","category":"Residential","_color":"#f2c84b","_fillOpacity":0.4,"_weight":1,"_popupRows":[["Category","Residential"]]},"geometry":{"type":"Polygon","coordinates":[[[-83.67895,42.9795],[-83.67916,42.97949],[-83.67919,42.98004],[-83.67685,42.98007],[-83.67682,42.97954],[-83.67895,42.9795]]]}},{"type":"Feature","properties":{"name":"R-1C - Single Family Residential","category":"Residential","_color":"#f2c84b","_fillOpacity":0.4,"_weight":1,"_popupRows":[["Category","Residential"]]},"geometry":{"type":"Polygon","coordinates":[[[-83.67643,42.97954],[-83.6766,42.97954],[-83.67662,42.98008],[-83.67467,42.98012],[-83.67455,42.97958],[-83.67643,42.97954]]]}},{"type":"Feature","properties":{"name":"R-1C - Single Family Residential","category":"Residential","_color":"#f2c84b","_fillOpacity":0.4,"_weight":1,"_popupRows":[["Category","Residential"]]},"geometry":{"type":"Polygon","coordinates":[[[-83.68748,42.98004],[-83.68765,42.98004],[-83.68768,42.98057],[-83.68536,42.98061],[-83.68533,42.98007],[-83.68748,42.98004]]]}},{"type":"Feature","properties":{"name":"R-1C - Single Family Residential","category":"Residential","_color":"#f2c84b","_fillOpacity":0.4,"_weight":1,"_popupRows":[["Category","Residential"]]},"geometry":{"type":"Polygon","coordinates":[[[-83.64551,42.97973],[-83.64568,42.97973],[-83.64571,42.98033],[-83.64354,42.98039],[-83.64352,42.98008],[-83.64385,42.98007],[-83.64383,42.97978],[-83.64551,42.97973]]]}},{"type":"Feature","properties":{"name":"R-1C - Single Family Residential","category":"Residential","_color":"#f2c84b","_fillOpacity":0.4,"_weight":1,"_popupRows":[["Category","Residential"]]},"geometry":{"type":"Polygon","coordinates":[[[-83.64282,42.9798],[-83.6429,42.9798],[-83.64293,42.9804],[-83.64217,42.98042],[-83.64215,42.97982],[-83.64282,42.9798]]]}},{"type":"Feature","properties":{"name":"R-1C - Single Family Residential","category":"Residential","_color":"#f2c84b","_fillOpacity":0.4,"_weight":1,"_popupRows":[["Category","Residential"]]},"geometry":{"type":"Polygon","coordinates":[[[-83.68495,42.98009],[-83.6851,42.98009],[-83.68512,42.98062],[-83.68345,42.98067],[-83.68342,42.98012],[-83.68495,42.98009]]]}},{"type":"Feature","properties":{"name":"R-1C - Single Family Residential","category":"Residential","_color":"#f2c84b","_fillOpacity":0.4,"_weight":1,"_popupRows":[["Category","Residential"]]},"geometry":{"type":"Polygon","coordinates":[[[-83.64172,42.97983],[-83.64191,42.97982],[-83.64193,42.98042],[-83.64067,42.98045],[-83.64064,42.97986],[-83.64172,42.97983]]]}},{"type":"Feature","properties":{"name":"R-1C - Single Family Residential","category":"Residential","_color":"#f2c84b","_fillOpacity":0.4,"_weight":1,"_popupRows":[["Category","Residential"]]},"geometry":{"type":"Polygon","coordinates":[[[-83.68129,42.98016],[-83.68143,42.98016],[-83.68144,42.98071],[-83.67946,42.98074],[-83.67943,42.98019],[-83.68129,42.98016]]]}},{"type":"Feature","properties":{"name":"R-1C - Single Family Residential","category":"Residential","_color":"#f2c84b","_fillOpacity":0.4,"_weight":1,"_popupRows":[["Category","Residential"]]},"geometry":{"type":"Polygon","coordinates":[[[-83.67899,42.9802],[-83.6792,42.9802],[-83.67923,42.98075],[-83.67688,42.98078],[-83.67686,42.98024],[-83.67899,42.9802]]]}},{"type":"Feature","properties":{"name":"R-1C - Single Family Residential","category":"Residential","_color":"#f2c84b","_fillOpacity":0.4,"_weight":1,"_popupRows":[["Category","Residential"]]},"geometry":{"type":"Polygon","coordinates":[[[-83.67646,42.98025],[-83.67663,42.98024],[-83.67666,42.98079],[-83.67648,42.98079],[-83.67483,42.98082],[-83.67471,42.98028],[-83.67646,42.98025]]]}},{"type":"Feature","properties":{"name":"R-1C - Single Family Residential","category":"Residential","_color":"#f2c84b","_fillOpacity":0.4,"_weight":1,"_popupRows":[["Category","Residential"]]},"geometry":{"type":"Polygon","coordinates":[[[-83.68753,42.98074],[-83.68769,42.98074],[-83.6877,42.98101],[-83.68538,42.98105],[-83.68537,42.98078],[-83.68753,42.98074]]]}},{"type":"Feature","properties":{"name":"R-1C - Single Family Residential","category":"Residential","_color":"#f2c84b","_fillOpacity":0.4,"_weight":1,"_popupRows":[["Category","Residential"]]},"geometry":{"type":"Polygon","coordinates":[[[-83.68498,42.9808],[-83.68513,42.9808],[-83.68514,42.98107],[-83.68347,42.98111],[-83.68346,42.98084],[-83.68498,42.9808]]]}},{"type":"Feature","properties":{"name":"R-1C - Single Family Residential","category":"Residential","_color":"#f2c84b","_fillOpacity":0.4,"_weight":1,"_popupRows":[["Category","Residential"]]},"geometry":{"type":"Polygon","coordinates":[[[-83.68131,42.98088],[-83.68145,42.98088],[-83.68146,42.98116],[-83.67948,42.98119],[-83.67946,42.98091],[-83.68131,42.98088]]]}},{"type":"Feature","properties":{"name":"R-1C - Single Family Residential","category":"Residential","_color":"#f2c84b","_fillOpacity":0.4,"_weight":1,"_popupRows":[["Category","Residential"]]},"geometry":{"type":"Polygon","coordinates":[[[-83.67902,42.98092],[-83.67924,42.98092],[-83.67925,42.98119],[-83.67691,42.98123],[-83.67689,42.98095],[-83.67902,42.98092]]]}},{"type":"Feature","properties":{"name":"R-1C - Single Family Residential","category":"Residential","_color":"#f2c84b","_fillOpacity":0.4,"_weight":1,"_popupRows":[["Category","Residential"]]},"geometry":{"type":"Polygon","coordinates":[[[-83.6765,42.98096],[-83.67667,42.98096],[-83.67668,42.98121],[-83.67493,42.98125],[-83.67486,42.98099],[-83.6765,42.98096]]]}},{"type":"Feature","properties":{"name":"R-1C - Single Family Residential","category":"Residential","_color":"#f2c84b","_fillOpacity":0.4,"_weight":1,"_popupRows":[["Category","Residential"]]},"geometry":{"type":"Polygon","coordinates":[[[-83.64605,42.98049],[-83.64625,42.98049],[-83.64627,42.98108],[-83.6422,42.98118],[-83.64217,42.98058],[-83.64605,42.98049]]]}},{"type":"Feature","properties":{"name":"R-1C - Single Family Residential","category":"Residential","_color":"#f2c84b","_fillOpacity":0.4,"_weight":1,"_popupRows":[["Category","Residential"]]},"geometry":{"type":"Polygon","coordinates":[[[-83.64175,42.98059],[-83.64194,42.98059],[-83.64197,42.98119],[-83.6407,42.98123],[-83.64067,42.98062],[-83.64175,42.98059]]]}},{"type":"Feature","properties":{"name":"R-1C - Single Family Residential","category":"Residential","_color":"#f2c84b","_fillOpacity":0.4,"_weight":1,"_popupRows":[["Category","Residential"]]},"geometry":{"type":"Polygon","coordinates":[[[-83.66111,42.97879],[-83.6611,42.97864],[-83.66413,42.98166],[-83.66349,42.98169],[-83.66114,42.97937],[-83.66111,42.97879]]]}},{"type":"Feature","properties":{"name":"R-1C - Single Family Residential","category":"Residential","_color":"#f2c84b","_fillOpacity":0.4,"_weight":1,"_popupRows":[["Category","Residential"]]},"geometry":{"type":"Polygon","coordinates":[[[-83.66206,42.98072],[-83.66299,42.98156],[-83.66298,42.98166],[-83.66198,42.9817],[-83.66195,42.9808],[-83.66206,42.98072]]]}},{"type":"Feature","properties":{"name":"R-1C - Single Family Residential","category":"Residential","_color":"#f2c84b","_fillOpacity":0.4,"_weight":1,"_popupRows":[["Category","Residential"]]},"geometry":{"type":"Polygon","coordinates":[[[-83.66109,42.97978],[-83.66175,42.98036],[-83.66179,42.9817],[-83.66103,42.98171],[-83.66097,42.97986],[-83.66109,42.97978]]]}},{"type":"Feature","properties":{"name":"R-1C - Single Family Residential","category":"Residential","_color":"#f2c84b","_fillOpacity":0.4,"_weight":1,"_popupRows":[["Category","Residential"]]},"geometry":{"type":"Polygon","coordinates":[[[-83.65981,42.9797],[-83.66065,42.97969],[-83.66072,42.98172],[-83.65988,42.98172],[-83.65981,42.9797]]]}},{"type":"Feature","properties":{"name":"R-1C - Single Family Residential","category":"Residential","_color":"#f2c84b","_fillOpacity":0.4,"_weight":1,"_popupRows":[["Category","Residential"]]},"geometry":{"type":"Polygon","coordinates":[[[-83.65595,42.97935],[-83.65744,42.97933],[-83.65753,42.98174],[-83.65561,42.98176],[-83.65552,42.97938],[-83.65595,42.97935]]]}},{"type":"Feature","properties":{"name":"R-1C - Single Family Residential","category":"Residential","_color":"#f2c84b","_fillOpacity":0.4,"_weight":1,"_popupRows":[["Category","Residential"]]},"geometry":{"type":"Polygon","coordinates":[[[-83.65486,42.97939],[-83.65529,42.97938],[-83.65538,42.98176],[-83.65453,42.98177],[-83.65441,42.9794],[-83.65486,42.97939]]]}},{"type":"Feature","properties":{"name":"R-1C - Single Family Residential","category":"Residential","_color":"#f2c84b","_fillOpacity":0.4,"_weight":1,"_popupRows":[["Category","Residential"]]},"geometry":{"type":"Polygon","coordinates":[[[-83.65374,42.97942],[-83.65419,42.97941],[-83.6543,42.98177],[-83.65382,42.98178],[-83.65374,42.97942]]]}},{"type":"Feature","properties":{"name":"R-1C - Single Family Residential","category":"Residential","_color":"#f2c84b","_fillOpacity":0.4,"_weight":1,"_popupRows":[["Category","Residential"]]},"geometry":{"type":"Polygon","coordinates":[[[-83.64609,42.98126],[-83.64628,42.98126],[-83.64631,42.98193],[-83.64222,42.98199],[-83.6422,42.98135],[-83.64609,42.98126]]]}},{"type":"Feature","properties":{"name":"R-1C - Single Family Residential","category":"Residential","_color":"#f2c84b","_fillOpacity":0.4,"_weight":1,"_popupRows":[["Category","Residential"]]},"geometry":{"type":"Polygon","coordinates":[[[-83.64178,42.98136],[-83.64197,42.98136],[-83.642,42.98199],[-83.64073,42.98201],[-83.64071,42.98139],[-83.64178,42.98136]]]}},{"type":"Feature","properties":{"name":"R-1C - Single Family Residential","category":"Residential","_color":"#f2c84b","_fillOpacity":0.4,"_weight":1,"_popupRows":[["Category","Residential"]]},"geometry":{"type":"Polygon","coordinates":[[[-83.64319,42.98219],[-83.64331,42.98219],[-83.64335,42.98355],[-83.64229,42.98357],[-83.64223,42.98221],[-83.64319,42.98219]]]}},{"type":"Feature","properties":{"name":"R-1C - Single Family Residential","category":"Residential","_color":"#f2c84b","_fillOpacity":0.4,"_weight":1,"_popupRows":[["Category","Residential"]]},"geometry":{"type":"Polygon","coordinates":[[[-83.64156,42.98222],[-83.64201,42.98221],[-83.64206,42.98358],[-83.63961,42.98363],[-83.63954,42.98225],[-83.64156,42.98222]]]}},{"type":"Feature","properties":{"name":"R-1C - Single Family Residential","category":"Residential","_color":"#f2c84b","_fillOpacity":0.4,"_weight":1,"_popupRows":[["Category","Residential"]]},"geometry":{"type":"Polygon","coordinates":[[[-83.64164,42.98375],[-83.64207,42.98374],[-83.6421,42.98435],[-83.63964,42.98441],[-83.63961,42.9838],[-83.64164,42.98375]]]}},{"type":"Feature","properties":{"name":"R-1C - Single Family Residential","category":"Residential","_color":"#f2c84b","_fillOpacity":0.4,"_weight":1,"_popupRows":[["Category","Residential"]]},"geometry":{"type":"Polygon","coordinates":[[[-83.64168,42.98453],[-83.64211,42.98452],[-83.64214,42.98517],[-83.63969,42.98524],[-83.63966,42.98459],[-83.64168,42.98453]]]}},{"type":"Feature","properties":{"name":"R-1C - Single Family Residential","category":"Residential","_color":"#f2c84b","_fillOpacity":0.4,"_weight":1,"_popupRows":[["Category","Residential"]]},"geometry":{"type":"Polygon","coordinates":[[[-83.64992,42.98208],[-83.65008,42.98208],[-83.6502,42.98533],[-83.64979,42.98534],[-83.64975,42.98209],[-83.64992,42.98208]]]}},{"type":"Feature","properties":{"name":"R-1C - Single Family Residential","category":"Residential","_color":"#f2c84b","_fillOpacity":0.4,"_weight":1,"_popupRows":[["Category","Residential"]]},"geometry":{"type":"Polygon","coordinates":[[[-83.64171,42.98534],[-83.64215,42.98532],[-83.64218,42.98596],[-83.63972,42.98604],[-83.63969,42.9854],[-83.64171,42.98534]]]}},{"type":"Feature","properties":{"name":"R-1C - Single Family Residential","category":"Residential","_color":"#f2c84b","_fillOpacity":0.4,"_weight":1,"_popupRows":[["Category","Residential"]]},"geometry":{"type":"Polygon","coordinates":[[[-83.63859,42.98554],[-83.63856,42.9847],[-83.63845,42.9847],[-83.63841,42.98374],[-83.63852,42.98374],[-83.63846,42.98227],[-83.63931,42.98226],[-83.63949,42.98604],[-83.63862,42.98607],[-83.63859,42.98554]]]}},{"type":"Feature","properties":{"name":"R-1C - Single Family Residential","category":"Residential","_color":"#f2c84b","_fillOpacity":0.4,"_weight":1,"_popupRows":[["Category","Residential"]]},"geometry":{"type":"Polygon","coordinates":[[[-83.65185,42.98206],[-83.65205,42.98205],[-83.6522,42.98666],[-83.65144,42.98667],[-83.6513,42.98206],[-83.65185,42.98206]]]}},{"type":"Feature","properties":{"name":"R-1C - Single Family Residential","category":"Residential","_color":"#f2c84b","_fillOpacity":0.4,"_weight":1,"_popupRows":[["Category","Residential"]]},"geometry":{"type":"Polygon","coordinates":[[[-83.65089,42.98207],[-83.65106,42.98207],[-83.65121,42.98668],[-83.65047,42.98669],[-83.65031,42.98208],[-83.65089,42.98207]]]}},{"type":"Feature","properties":{"name":"R-1C - Single Family Residential","category":"Residential","_color":"#f2c84b","_fillOpacity":0.4,"_weight":1,"_popupRows":[["Category","Residential"]]},"geometry":{"type":"Polygon","coordinates":[[[-83.64176,42.98614],[-83.6422,42.98612],[-83.64215,42.98675],[-83.63976,42.98681],[-83.63973,42.9862],[-83.64176,42.98614]]]}},{"type":"Feature","properties":{"name":"R-1C - Single Family Residential","category":"Residential","_color":"#f2c84b","_fillOpacity":0.4,"_weight":1,"_popupRows":[["Category","Residential"]]},"geometry":{"type":"Polygon","coordinates":[[[-83.64325,42.98371],[-83.64336,42.98371],[-83.64348,42.98756],[-83.6423,42.98758],[-83.64241,42.98611],[-83.6423,42.98373],[-83.64325,42.98371]]]}},{"type":"Feature","properties":{"name":"R-1C - Single Family Residential","category":"Residential","_color":"#f2c84b","_fillOpacity":0.4,"_weight":1,"_popupRows":[["Category","Residential"]]},"geometry":{"type":"Polygon","coordinates":[[[-83.64169,42.98692],[-83.64214,42.98691],[-83.64209,42.98758],[-83.6399,42.98763],[-83.63976,42.98697],[-83.64169,42.98692]]]}},{"type":"Feature","properties":{"name":"R-1C - Single Family Residential","category":"Residential","_color":"#f2c84b","_fillOpacity":0.4,"_weight":1,"_popupRows":[["Category","Residential"]]},"geometry":{"type":"Polygon","coordinates":[[[-83.63906,42.98622],[-83.6395,42.98621],[-83.63954,42.98698],[-83.63968,42.98763],[-83.63891,42.98765],[-83.63865,42.987],[-83.63862,42.98624],[-83.63906,42.98622]]]}},{"type":"Feature","properties":{"name":"R-1C - Single Family Residential","category":"Residential","_color":"#f2c84b","_fillOpacity":0.4,"_weight":1,"_popupRows":[["Category","Residential"]]},"geometry":{"type":"Polygon","coordinates":[[[-83.64341,42.98773],[-83.64349,42.98773],[-83.64344,42.98835],[-83.64233,42.98838],[-83.6423,42.98774],[-83.64341,42.98773]]]}},{"type":"Feature","properties":{"name":"R-1C - Single Family Residential","category":"Residential","_color":"#f2c84b","_fillOpacity":0.4,"_weight":1,"_popupRows":[["Category","Residential"]]},"geometry":{"type":"Polygon","coordinates":[[[-83.64163,42.98776],[-83.64208,42.98775],[-83.64211,42.98839],[-83.63924,42.98847],[-83.63899,42.98782],[-83.64163,42.98776]]]}},{"type":"Feature","properties":{"name":"R-1C - Single Family Residential","category":"Residential","_color":"#f2c84b","_fillOpacity":0.4,"_weight":1,"_popupRows":[["Category","Residential"]]},"geometry":{"type":"Polygon","coordinates":[[[-83.65181,42.98683],[-83.6522,42.98682],[-83.65226,42.9886],[-83.65188,42.98861],[-83.65188,42.98875],[-83.6515,42.98876],[-83.65145,42.98684],[-83.65181,42.98683]]]}},{"type":"Feature","properties":{"name":"R-1C - Single Family Residential","category":"Residential","_color":"#f2c84b","_fillOpacity":0.4,"_weight":1,"_popupRows":[["Category","Residential"]]},"geometry":{"type":"Polygon","coordinates":[[[-83.65084,42.98685],[-83.65121,42.98684],[-83.65128,42.98876],[-83.65055,42.98878],[-83.65048,42.98686],[-83.65084,42.98685]]]}},{"type":"Feature","properties":{"name":"R-1C - Single Family Residential","category":"Residential","_color":"#f2c84b","_fillOpacity":0.4,"_weight":1,"_popupRows":[["Category","Residential"]]},"geometry":{"type":"Polygon","coordinates":[[[-83.64316,42.98853],[-83.6434,42.98853],[-83.64322,42.98921],[-83.64236,42.98923],[-83.64233,42.98855],[-83.64316,42.98853]]]}},{"type":"Feature","properties":{"name":"R-1C - Single Family Residential","category":"Residential","_color":"#f2c84b","_fillOpacity":0.4,"_weight":1,"_popupRows":[["Category","Residential"]]},"geometry":{"type":"Polygon","coordinates":[[[-83.64167,42.98857],[-83.64211,42.98856],[-83.64213,42.98889],[-83.64167,42.98891],[-83.64168,42.98925],[-83.63982,42.98929],[-83.63979,42.98862],[-83.64167,42.98857]]]}},{"type":"Feature","properties":{"name":"R-1C - Single Family Residential","category":"Residential","_color":"#f2c84b","_fillOpacity":0.4,"_weight":1,"_popupRows":[["Category","Residential"]]},"geometry":{"type":"Polygon","coordinates":[[[-83.63601,42.99065],[-83.63726,42.9914],[-83.63704,42.99156],[-83.63595,42.99158],[-83.63592,42.99071],[-83.63601,42.99065]]]}},{"type":"Feature","properties":{"name":"R-1C - Single Family Residential","category":"Residential","_color":"#f2c84b","_fillOpacity":0.4,"_weight":1,"_popupRows":[["Category","Residential"]]},"geometry":{"type":"Polygon","coordinates":[[[-83.64336,42.98939],[-83.64353,42.98939],[-83.64375,42.99392],[-83.64243,42.99394],[-83.64239,42.98941],[-83.64336,42.98939]]]}},{"type":"Feature","properties":{"name":"R-1C - Single Family Residential","category":"Residential","_color":"#f2c84b","_fillOpacity":0.4,"_weight":1,"_popupRows":[["Category","Residential"]]},"geometry":{"type":"Polygon","coordinates":[[[-83.64253,42.99887],[-83.64243,42.99407],[-83.64375,42.99406],[-83.64398,42.99911],[-83.64255,42.99914],[-83.64253,42.99887]]]}},{"type":"Feature","properties":{"name":"R-1C - Single Family Residential","category":"Residential","_color":"#f2c84b","_fillOpacity":0.4,"_weight":1,"_popupRows":[["Category","Residential"]]},"geometry":{"type":"Polygon","coordinates":[[[-83.64016,42.99643],[-83.63993,42.99631],[-83.64,42.99786],[-83.63579,42.99794],[-83.63572,42.99698],[-83.63616,42.99697],[-83.6361,42.99601],[-83.6389,42.99596],[-83.63889,42.99579],[-83.63613,42.99585],[-83.63607,42.99487],[-83.63615,42.99487],[-83.63614,42.99435],[-83.63588,42.99435],[-83.63573,42.99196],[-83.63596,42.99195],[-83.63595,42.99171],[-83.63711,42.99168],[-83.63729,42.99162],[-83.63741,42.99147],[-83.63786,42.99164],[-83.638,42.99192],[-83.63824,42.99191],[-83.63805,42.99154],[-83.63713,42.99113],[-83.63626,42.99056],[-83.63666,42.99029],[-83.63747,42.99014],[-83.63774,42.98985],[-83.6381,42.98968],[-83.63821,42.98951],[-83.64218,42.98942],[-83.64227,42.99757],[-83.64237,42.9997],[-83.64032,42.99977],[-83.64016,42.99643]],[[-83.64071,42.99397],[-83.6407,42.99386],[-83.63989,42.99387],[-83.63983,42.99231],[-83.63877,42.99233],[-83.63877,42.99244],[-83.63961,42.99243],[-83.6397,42.99472],[-83.63992,42.99472],[-83.63989,42.99399],[-83.64071,42.99397]]]}},{"type":"Feature","properties":{"name":"R-1C - Single Family Residential","category":"Residential","_color":"#f2c84b","_fillOpacity":0.4,"_weight":1,"_popupRows":[["Category","Residential"]]},"geometry":{"type":"Polygon","coordinates":[[[-83.63534,42.99908],[-83.63529,42.99811],[-83.64001,42.99803],[-83.64009,42.99977],[-83.6388,42.99982],[-83.63874,42.999],[-83.63853,42.99903],[-83.63858,42.99982],[-83.63532,42.99992],[-83.63527,42.99909],[-83.63534,42.99908]]]}},{"type":"Feature","properties":{"name":"R-1C - Single Family Residential","category":"Residential","_color":"#f2c84b","_fillOpacity":0.4,"_weight":1,"_popupRows":[["Category","Residential"]]},"geometry":{"type":"Polygon","coordinates":[[[-83.58596,43.00174],[-83.59243,43.00173],[-83.59245,43.00275],[-83.58594,43.00277],[-83.58589,43.0018],[-83.58596,43.00174]]]}},{"type":"Feature","properties":{"name":"R-1C - Single Family Residential","category":"Residential","_color":"#f2c84b","_fillOpacity":0.4,"_weight":1,"_popupRows":[["Category","Residential"]]},"geometry":{"type":"Polygon","coordinates":[[[-83.59582,43.00103],[-83.59654,43.00101],[-83.59656,43.00284],[-83.59516,43.00287],[-83.5951,43.00106],[-83.59582,43.00103]]]}},{"type":"Feature","properties":{"name":"R-1C - Single Family Residential","category":"Residential","_color":"#f2c84b","_fillOpacity":0.4,"_weight":1,"_popupRows":[["Category","Residential"]]},"geometry":{"type":"Polygon","coordinates":[[[-83.64381,42.99925],[-83.64398,42.99925],[-83.64412,43.00317],[-83.64343,43.00318],[-83.64345,43.00349],[-83.64275,43.00351],[-83.64255,42.99928],[-83.64381,42.99925]]]}},{"type":"Feature","properties":{"name":"R-1C - Single Family Residential","category":"Residential","_color":"#f2c84b","_fillOpacity":0.4,"_weight":1,"_popupRows":[["Category","Residential"]]},"geometry":{"type":"Polygon","coordinates":[[[-83.64171,42.99989],[-83.64238,42.99987],[-83.64254,43.00385],[-83.64051,43.0039],[-83.64033,42.99993],[-83.64171,42.99989]]]}},{"type":"Feature","properties":{"name":"R-1C - Single Family Residential","category":"Residential","_color":"#f2c84b","_fillOpacity":0.4,"_weight":1,"_popupRows":[["Category","Residential"]]},"geometry":{"type":"Polygon","coordinates":[[[-83.63946,42.99996],[-83.64009,42.99994],[-83.64028,43.0039],[-83.63902,43.00393],[-83.6388,42.99998],[-83.63946,42.99996]]]}},{"type":"Feature","properties":{"name":"R-1C - Single Family Residential","category":"Residential","_color":"#f2c84b","_fillOpacity":0.4,"_weight":1,"_popupRows":[["Category","Residential"]]},"geometry":{"type":"Polygon","coordinates":[[[-83.63801,43.00075],[-83.638,43.00067],[-83.63741,43.00069],[-83.63735,43.00002],[-83.63859,42.99999],[-83.63879,43.00394],[-83.63823,43.00395],[-83.63801,43.00075]]]}},{"type":"Feature","properties":{"name":"R-1C - Single Family Residential","category":"Residential","_color":"#f2c84b","_fillOpacity":0.4,"_weight":1,"_popupRows":[["Category","Residential"]]},"geometry":{"type":"Polygon","coordinates":[[[-83.59411,43.00173],[-83.59473,43.00173],[-83.5948,43.0039],[-83.59267,43.00391],[-83.59265,43.00173],[-83.59411,43.00173]]]}},{"type":"Feature","properties":{"name":"R-1C - Single Family Residential","category":"Residential","_color":"#f2c84b","_fillOpacity":0.4,"_weight":1,"_popupRows":[["Category","Residential"]]},"geometry":{"type":"Polygon","coordinates":[[[-83.58678,43.00293],[-83.59245,43.00291],[-83.59247,43.00391],[-83.58607,43.00392],[-83.586,43.00386],[-83.58595,43.00294],[-83.58678,43.00293]]]}},{"type":"Feature","properties":{"name":"R-1C - Single Family Residential","category":"Residential","_color":"#f2c84b","_fillOpacity":0.4,"_weight":1,"_popupRows":[["Category","Residential"]]},"geometry":{"type":"Polygon","coordinates":[[[-83.59796,43.00095],[-83.59919,43.00091],[-83.59933,43.00443],[-83.59515,43.00462],[-83.59517,43.00303],[-83.59681,43.00299],[-83.59677,43.001],[-83.59796,43.00095]]]}},{"type":"Feature","properties":{"name":"R-1C - Single Family Residential","category":"Residential","_color":"#f2c84b","_fillOpacity":0.4,"_weight":1,"_popupRows":[["Category","Residential"]]},"geometry":{"type":"Polygon","coordinates":[[[-83.60349,43.00451],[-83.60364,43.0045],[-83.60368,43.0064],[-83.60285,43.00641],[-83.60281,43.00454],[-83.60349,43.00451]]]}},{"type":"Feature","properties":{"name":"R-1C - Single Family Residential","category":"Residential","_color":"#f2c84b","_fillOpacity":0.4,"_weight":1,"_popupRows":[["Category","Residential"]]},"geometry":{"type":"Polygon","coordinates":[[[-83.60226,43.00456],[-83.60258,43.00455],[-83.60262,43.00642],[-83.6018,43.00643],[-83.60177,43.00458],[-83.60226,43.00456]]]}},{"type":"Feature","properties":{"name":"R-1C - Single Family Residential","category":"Residential","_color":"#f2c84b","_fillOpacity":0.4,"_weight":1,"_popupRows":[["Category","Residential"]]},"geometry":{"type":"Polygon","coordinates":[[[-83.60137,43.00459],[-83.60153,43.00459],[-83.60156,43.00643],[-83.60073,43.00644],[-83.6007,43.00462],[-83.60137,43.00459]]]}},{"type":"Feature","properties":{"name":"R-1C - Single Family Residential","category":"Residential","_color":"#f2c84b","_fillOpacity":0.4,"_weight":1,"_popupRows":[["Category","Residential"]]},"geometry":{"type":"Polygon","coordinates":[[[-83.60031,43.00463],[-83.60047,43.00463],[-83.6005,43.00645],[-83.59968,43.00646],[-83.59965,43.00466],[-83.60031,43.00463]]]}},{"type":"Feature","properties":{"name":"R-1C - Single Family Residential","category":"Residential","_color":"#f2c84b","_fillOpacity":0.4,"_weight":1,"_popupRows":[["Category","Residential"]]},"geometry":{"type":"Polygon","coordinates":[[[-83.59892,43.00469],[-83.59935,43.00467],[-83.59938,43.00646],[-83.5985,43.00647],[-83.59847,43.00471],[-83.59892,43.00469]]]}},{"type":"Feature","properties":{"name":"R-1C - Single Family Residential","category":"Residential","_color":"#f2c84b","_fillOpacity":0.4,"_weight":1,"_popupRows":[["Category","Residential"]]},"geometry":{"type":"Polygon","coordinates":[[[-83.59807,43.00473],[-83.59825,43.00472],[-83.59829,43.00648],[-83.59742,43.00649],[-83.59739,43.00475],[-83.59807,43.00473]]]}},{"type":"Feature","properties":{"name":"R-1C - Single Family Residential","category":"Residential","_color":"#f2c84b","_fillOpacity":0.4,"_weight":1,"_popupRows":[["Category","Residential"]]},"geometry":{"type":"Polygon","coordinates":[[[-83.59669,43.00478],[-83.59717,43.00476],[-83.5972,43.00649],[-83.59633,43.0065],[-83.59629,43.0048],[-83.59669,43.00478]]]}},{"type":"Feature","properties":{"name":"R-1C - Single Family Residential","category":"Residential","_color":"#f2c84b","_fillOpacity":0.4,"_weight":1,"_popupRows":[["Category","Residential"]]},"geometry":{"type":"Polygon","coordinates":[[[-83.59566,43.00482],[-83.59606,43.00481],[-83.5961,43.0065],[-83.59525,43.00651],[-83.59521,43.00483],[-83.59566,43.00482]]]}},{"type":"Feature","properties":{"name":"R-1C - Single Family Residential","category":"Residential","_color":"#f2c84b","_fillOpacity":0.4,"_weight":1,"_popupRows":[["Category","Residential"]]},"geometry":{"type":"Polygon","coordinates":[[[-83.60434,43.00648],[-83.60434,43.00639],[-83.6039,43.0064],[-83.60386,43.00449],[-83.60473,43.00446],[-83.60475,43.00485],[-83.60431,43.00485],[-83.60475,43.00488],[-83.60487,43.00847],[-83.60395,43.00848],[-83.60391,43.00657],[-83.60434,43.00657],[-83.60434,43.00648]]]}},{"type":"Feature","properties":{"name":"R-1C - Single Family Residential","category":"Residential","_color":"#f2c84b","_fillOpacity":0.4,"_weight":1,"_popupRows":[["Category","Residential"]]},"geometry":{"type":"Polygon","coordinates":[[[-83.60327,43.00658],[-83.60369,43.00657],[-83.60373,43.00848],[-83.60289,43.0085],[-83.60285,43.00659],[-83.60327,43.00658]]]}},{"type":"Feature","properties":{"name":"R-1C - Single Family Residential","category":"Residential","_color":"#f2c84b","_fillOpacity":0.4,"_weight":1,"_popupRows":[["Category","Residential"]]},"geometry":{"type":"Polygon","coordinates":[[[-83.60222,43.00659],[-83.60262,43.00659],[-83.60267,43.0085],[-83.60184,43.00851],[-83.6018,43.0066],[-83.60222,43.00659]]]}},{"type":"Feature","properties":{"name":"R-1C - Single Family Residential","category":"Residential","_color":"#f2c84b","_fillOpacity":0.4,"_weight":1,"_popupRows":[["Category","Residential"]]},"geometry":{"type":"Polygon","coordinates":[[[-83.60115,43.00661],[-83.60157,43.0066],[-83.60161,43.00851],[-83.60077,43.00853],[-83.60074,43.00661],[-83.60115,43.00661]]]}},{"type":"Feature","properties":{"name":"R-1C - Single Family Residential","category":"Residential","_color":"#f2c84b","_fillOpacity":0.4,"_weight":1,"_popupRows":[["Category","Residential"]]},"geometry":{"type":"Polygon","coordinates":[[[-83.6001,43.00662],[-83.60051,43.00661],[-83.60055,43.00853],[-83.59972,43.00854],[-83.59968,43.00663],[-83.6001,43.00662]]]}},{"type":"Feature","properties":{"name":"R-1C - Single Family Residential","category":"Residential","_color":"#f2c84b","_fillOpacity":0.4,"_weight":1,"_popupRows":[["Category","Residential"]]},"geometry":{"type":"Polygon","coordinates":[[[-83.59896,43.00664],[-83.59938,43.00663],[-83.59942,43.00854],[-83.59855,43.00856],[-83.59851,43.00664],[-83.59896,43.00664]]]}},{"type":"Feature","properties":{"name":"R-1C - Single Family Residential","category":"Residential","_color":"#f2c84b","_fillOpacity":0.4,"_weight":1,"_popupRows":[["Category","Residential"]]},"geometry":{"type":"Polygon","coordinates":[[[-83.59787,43.00665],[-83.59829,43.00664],[-83.59833,43.00856],[-83.59747,43.00857],[-83.59743,43.00666],[-83.59787,43.00665]]]}},{"type":"Feature","properties":{"name":"R-1C - Single Family Residential","category":"Residential","_color":"#f2c84b","_fillOpacity":0.4,"_weight":1,"_popupRows":[["Category","Residential"]]},"geometry":{"type":"Polygon","coordinates":[[[-83.59677,43.00667],[-83.59721,43.00666],[-83.59724,43.00857],[-83.59637,43.00858],[-83.59633,43.00668],[-83.59677,43.00667]]]}},{"type":"Feature","properties":{"name":"R-1C - Single Family Residential","category":"Residential","_color":"#f2c84b","_fillOpacity":0.4,"_weight":1,"_popupRows":[["Category","Residential"]]},"geometry":{"type":"Polygon","coordinates":[[[-83.59568,43.00668],[-83.5961,43.00668],[-83.59614,43.00858],[-83.59529,43.00859],[-83.59525,43.00668],[-83.59568,43.00668]]]}},{"type":"Feature","properties":{"name":"R-1C - Single Family Residential","category":"Residential","_color":"#f2c84b","_fillOpacity":0.4,"_weight":1,"_popupRows":[["Category","Residential"]]},"geometry":{"type":"Polygon","coordinates":[[[-83.58834,43.00535],[-83.58926,43.00534],[-83.58934,43.0054],[-83.58942,43.00862],[-83.58835,43.00864],[-83.58825,43.00543],[-83.58834,43.00535]]]}},{"type":"Feature","properties":{"name":"R-1C - Single Family Residential","category":"Residential","_color":"#f2c84b","_fillOpacity":0.4,"_weight":1,"_popupRows":[["Category","Residential"]]},"geometry":{"type":"Polygon","coordinates":[[[-83.58776,43.00537],[-83.58804,43.00543],[-83.58813,43.00864],[-83.58703,43.00866],[-83.58694,43.00544],[-83.58702,43.00538],[-83.58776,43.00537]]]}},{"type":"Feature","properties":{"name":"R-1C - Single Family Residential","category":"Residential","_color":"#f2c84b","_fillOpacity":0.4,"_weight":1,"_popupRows":[["Category","Residential"]]},"geometry":{"type":"Polygon","coordinates":[[[-83.58644,43.00539],[-83.58672,43.00545],[-83.5868,43.00867],[-83.58571,43.00869],[-83.58563,43.0054],[-83.58644,43.00539]]]}},{"type":"Feature","properties":{"name":"R-1C - Single Family Residential","category":"Residential","_color":"#f2c84b","_fillOpacity":0.4,"_weight":1,"_popupRows":[["Category","Residential"]]},"geometry":{"type":"Polygon","coordinates":[[[-83.58512,43.00541],[-83.58541,43.00541],[-83.58549,43.0087],[-83.58468,43.00871],[-83.58438,43.00807],[-83.58431,43.00543],[-83.58512,43.00541]]]}},{"type":"Feature","properties":{"name":"R-1C - Single Family Residential","category":"Residential","_color":"#f2c84b","_fillOpacity":0.4,"_weight":1,"_popupRows":[["Category","Residential"]]},"geometry":{"type":"Polygon","coordinates":[[[-83.59315,43.00876],[-83.5949,43.00876],[-83.59491,43.00931],[-83.59261,43.00932],[-83.59259,43.00877],[-83.59315,43.00876]]]}},{"type":"Feature","properties":{"name":"R-1C - Single Family Residential","category":"Residential","_color":"#f2c84b","_fillOpacity":0.4,"_weight":1,"_popupRows":[["Category","Residential"]]},"geometry":{"type":"Polygon","coordinates":[[[-83.60439,43.00865],[-83.60488,43.00864],[-83.60494,43.01031],[-83.60399,43.01033],[-83.60395,43.00865],[-83.60439,43.00865]]]}},{"type":"Feature","properties":{"name":"R-1C - Single Family Residential","category":"Residential","_color":"#f2c84b","_fillOpacity":0.4,"_weight":1,"_popupRows":[["Category","Residential"]]},"geometry":{"type":"Polygon","coordinates":[[[-83.60332,43.00866],[-83.60373,43.00865],[-83.60377,43.01033],[-83.60293,43.01034],[-83.6029,43.00866],[-83.60332,43.00866]]]}},{"type":"Feature","properties":{"name":"R-1C - Single Family Residential","category":"Residential","_color":"#f2c84b","_fillOpacity":0.4,"_weight":1,"_popupRows":[["Category","Residential"]]},"geometry":{"type":"Polygon","coordinates":[[[-83.60189,43.01037],[-83.60185,43.00868],[-83.60267,43.00867],[-83.60271,43.01036],[-83.60189,43.01037]]]}},{"type":"Feature","properties":{"name":"R-1C - Single Family Residential","category":"Residential","_color":"#f2c84b","_fillOpacity":0.4,"_weight":1,"_popupRows":[["Category","Residential"]]},"geometry":{"type":"Polygon","coordinates":[[[-83.60119,43.00868],[-83.60161,43.00868],[-83.60164,43.01037],[-83.60081,43.01038],[-83.60078,43.00869],[-83.60119,43.00868]]]}},{"type":"Feature","properties":{"name":"R-1C - Single Family Residential","category":"Residential","_color":"#f2c84b","_fillOpacity":0.4,"_weight":1,"_popupRows":[["Category","Residential"]]},"geometry":{"type":"Polygon","coordinates":[[[-83.60014,43.0087],[-83.60055,43.00869],[-83.60059,43.01038],[-83.59976,43.0104],[-83.59973,43.0087],[-83.60014,43.0087]]]}},{"type":"Feature","properties":{"name":"R-1C - Single Family Residential","category":"Residential","_color":"#f2c84b","_fillOpacity":0.4,"_weight":1,"_popupRows":[["Category","Residential"]]},"geometry":{"type":"Polygon","coordinates":[[[-83.599,43.00871],[-83.59943,43.00871],[-83.59946,43.0104],[-83.59859,43.01041],[-83.59855,43.00872],[-83.599,43.00871]]]}},{"type":"Feature","properties":{"name":"R-1C - Single Family Residential","category":"Residential","_color":"#f2c84b","_fillOpacity":0.4,"_weight":1,"_popupRows":[["Category","Residential"]]},"geometry":{"type":"Polygon","coordinates":[[[-83.59791,43.00872],[-83.59833,43.00872],[-83.59837,43.01023],[-83.59794,43.01023],[-83.59794,43.01042],[-83.59751,43.01042],[-83.59747,43.00873],[-83.59791,43.00872]]]}},{"type":"Feature","properties":{"name":"R-1C - Single Family Residential","category":"Residential","_color":"#f2c84b","_fillOpacity":0.4,"_weight":1,"_popupRows":[["Category","Residential"]]},"geometry":{"type":"Polygon","coordinates":[[[-83.59681,43.00874],[-83.59725,43.00873],[-83.59728,43.01045],[-83.59641,43.01046],[-83.59638,43.00874],[-83.59681,43.00874]]]}},{"type":"Feature","properties":{"name":"R-1C - Single Family Residential","category":"Residential","_color":"#f2c84b","_fillOpacity":0.4,"_weight":1,"_popupRows":[["Category","Residential"]]},"geometry":{"type":"Polygon","coordinates":[[[-83.5953,43.00875],[-83.59615,43.00875],[-83.59618,43.01047],[-83.59533,43.01051],[-83.5953,43.00875]]]}},{"type":"Feature","properties":{"name":"R-1C - Single Family Residential","category":"Residential","_color":"#f2c84b","_fillOpacity":0.4,"_weight":1,"_popupRows":[["Category","Residential"]]},"geometry":{"type":"Polygon","coordinates":[[[-83.58836,43.00953],[-83.58835,43.00881],[-83.59238,43.00877],[-83.59238,43.00932],[-83.5902,43.00934],[-83.5902,43.0095],[-83.59491,43.00947],[-83.59492,43.00976],[-83.59312,43.00976],[-83.59315,43.01087],[-83.58839,43.01097],[-83.58836,43.00953]]]}},{"type":"Feature","properties":{"name":"R-1C - Single Family Residential","category":"Residential","_color":"#f2c84b","_fillOpacity":0.4,"_weight":1,"_popupRows":[["Category","Residential"]]},"geometry":{"type":"Polygon","coordinates":[[[-83.58756,43.00883],[-83.58812,43.00882],[-83.58817,43.01098],[-83.58646,43.01102],[-83.58642,43.00885],[-83.58756,43.00883]]]}},{"type":"Feature","properties":{"name":"R-1C - Single Family Residential","category":"Residential","_color":"#f2c84b","_fillOpacity":0.4,"_weight":1,"_popupRows":[["Category","Residential"]]},"geometry":{"type":"Polygon","coordinates":[[[-83.58549,43.00886],[-83.58619,43.00885],[-83.58623,43.01103],[-83.58473,43.01106],[-83.58469,43.00887],[-83.58549,43.00886]]]}},{"type":"Feature","properties":{"name":"R-1C - Single Family Residential","category":"Residential","_color":"#f2c84b","_fillOpacity":0.4,"_weight":1,"_popupRows":[["Category","Residential"]]},"geometry":{"type":"Polygon","coordinates":[[[-83.57554,43.01044],[-83.57533,43.00494],[-83.57531,43.00113],[-83.59471,43.00104],[-83.59472,43.00156],[-83.58595,43.00158],[-83.58575,43.00167],[-83.58567,43.00183],[-83.58578,43.00388],[-83.58598,43.00408],[-83.59481,43.00407],[-83.59489,43.00859],[-83.59258,43.00859],[-83.59258,43.00832],[-83.59236,43.00832],[-83.59237,43.00859],[-83.58965,43.00861],[-83.58955,43.00516],[-83.58408,43.00527],[-83.58416,43.00805],[-83.58446,43.00872],[-83.58451,43.01107],[-83.57557,43.01124],[-83.57554,43.01044]],[[-83.57794,43.009],[-83.58358,43.00889],[-83.58357,43.00873],[-83.57774,43.00885],[-83.57706,43.01035],[-83.5772,43.0104],[-83.57778,43.0091],[-83.57794,43.009]],[[-83.58512,43.00434],[-83.58505,43.00281],[-83.58513,43.00462],[-83.58512,43.00434]],[[-83.5848,43.00477],[-83.58345,43.00478],[-83.58456,43.00478],[-83.5848,43.00477]],[[-83.58503,43.00232],[-83.58502,43.00216],[-83.58504,43.00265],[-83.58503,43.00232]]]}},{"type":"Feature","properties":{"name":"RM - Multiple Family Residential","category":"Residential","_color":"#f2c84b","_fillOpacity":0.4,"_weight":1,"_popupRows":[["Category","Residential"]]},"geometry":{"type":"Polygon","coordinates":[[[-83.67665,42.95999],[-83.67694,42.95998],[-83.67696,42.9604],[-83.67607,42.96042],[-83.67606,42.96],[-83.67665,42.95999]]]}},{"type":"Feature","properties":{"name":"RM - Multiple Family Residential","category":"Residential","_color":"#f2c84b","_fillOpacity":0.4,"_weight":1,"_popupRows":[["Category","Residential"]]},"geometry":{"type":"Polygon","coordinates":[[[-83.68636,42.95983],[-83.68647,42.95983],[-83.6865,42.96062],[-83.68614,42.96063],[-83.68626,42.9616],[-83.68606,42.9619],[-83.68333,42.96195],[-83.6832,42.95988],[-83.68636,42.95983]]]}},{"type":"Feature","properties":{"name":"RM - Multiple Family Residential","category":"Residential","_color":"#f2c84b","_fillOpacity":0.4,"_weight":1,"_popupRows":[["Category","Residential"]]},"geometry":{"type":"Polygon","coordinates":[[[-83.59615,42.96117],[-83.59788,42.96115],[-83.59788,42.96167],[-83.59802,42.9619],[-83.59838,42.9619],[-83.59845,42.96464],[-83.59521,42.9647],[-83.59511,42.96166],[-83.59615,42.96159],[-83.59615,42.96117]]]}},{"type":"Feature","properties":{"name":"RM - Multiple Family Residential","category":"Residential","_color":"#f2c84b","_fillOpacity":0.4,"_weight":1,"_popupRows":[["Category","Residential"]]},"geometry":{"type":"Polygon","coordinates":[[[-83.63304,42.97304],[-83.63309,42.97304],[-83.63312,42.97383],[-83.63185,42.97386],[-83.63182,42.97307],[-83.63304,42.97304]]]}},{"type":"Feature","properties":{"name":"RM - Multiple Family Residential","category":"Residential","_color":"#f2c84b","_fillOpacity":0.4,"_weight":1,"_popupRows":[["Category","Residential"]]},"geometry":{"type":"Polygon","coordinates":[[[-83.62986,42.96995],[-83.63163,42.96992],[-83.63175,42.97307],[-83.63076,42.97309],[-83.63079,42.97387],[-83.62887,42.9739],[-83.62876,42.97079],[-83.62988,42.97078],[-83.62986,42.96995]]]}},{"type":"Feature","properties":{"name":"RM - Multiple Family Residential","category":"Residential","_color":"#f2c84b","_fillOpacity":0.4,"_weight":1,"_popupRows":[["Category","Residential"]]},"geometry":{"type":"Polygon","coordinates":[[[-83.69045,42.9777],[-83.69058,42.98124],[-83.68795,42.98128],[-83.68778,42.97776],[-83.69045,42.9777]]]}},{"type":"Feature","properties":{"name":"RM - Multiple Family Residential","category":"Residential","_color":"#f2c84b","_fillOpacity":0.4,"_weight":1,"_popupRows":[["Category","Residential"]]},"geometry":{"type":"Polygon","coordinates":[[[-83.62912,42.98232],[-83.63118,42.9823],[-83.63123,42.9833],[-83.62916,42.98332],[-83.62912,42.98232]]]}},{"type":"Feature","properties":{"name":"RM - Multiple Family Residential","category":"Residential","_color":"#f2c84b","_fillOpacity":0.4,"_weight":1,"_popupRows":[["Category","Residential"]]},"geometry":{"type":"Polygon","coordinates":[[[-83.62378,42.98236],[-83.62863,42.98233],[-83.6289,42.98868],[-83.62553,42.98871],[-83.61898,42.98527],[-83.61885,42.98242],[-83.62378,42.98236]]]}},{"type":"Feature","properties":{"name":"RM - Multiple Family Residential","category":"Residential","_color":"#f2c84b","_fillOpacity":0.4,"_weight":1,"_popupRows":[["Category","Residential"]]},"geometry":{"type":"Polygon","coordinates":[[[-83.62607,42.99779],[-83.62606,42.99751],[-83.62459,42.99751],[-83.62454,42.99615],[-83.62528,42.99614],[-83.62524,42.99502],[-83.62516,42.99291],[-83.62442,42.99292],[-83.6244,42.99248],[-83.62515,42.99247],[-83.62512,42.99164],[-83.62437,42.99165],[-83.6243,42.9897],[-83.62646,42.9897],[-83.62662,42.99437],[-83.62913,42.99435],[-83.62941,43.00055],[-83.62619,43.00056],[-83.62607,42.99779]],[[-83.62507,42.99078],[-83.62506,42.99031],[-83.62506,42.99061],[-83.62507,42.99078]]]}},{"type":"Feature","properties":{"name":"RM - Multiple Family Residential","category":"Residential","_color":"#f2c84b","_fillOpacity":0.4,"_weight":1,"_popupRows":[["Category","Residential"]]},"geometry":{"type":"Polygon","coordinates":[[[-83.62985,43.0136],[-83.62977,43.01029],[-83.63036,43.01028],[-83.63039,43.01142],[-83.63124,43.01142],[-83.63124,43.01159],[-83.63339,43.01159],[-83.63338,43.01321],[-83.6309,43.01354],[-83.62985,43.0136]]]}},{"type":"Feature","properties":{"name":"RM - Multiple Family Residential","category":"Residential","_color":"#f2c84b","_fillOpacity":0.4,"_weight":1,"_popupRows":[["Category","Residential"]]},"geometry":{"type":"Polygon","coordinates":[[[-83.62524,43.02156],[-83.6252,43.02048],[-83.62538,43.02045],[-83.6255,43.02065],[-83.62555,43.02121],[-83.62596,43.02126],[-83.62633,43.02119],[-83.6266,43.02129],[-83.62674,43.02144],[-83.63002,43.02139],[-83.63013,43.0244],[-83.62837,43.02489],[-83.62534,43.02491],[-83.62524,43.02156]]]}},{"type":"Feature","properties":{"name":"RM - Multiple Family Residential","category":"Residential","_color":"#f2c84b","_fillOpacity":0.4,"_weight":1,"_popupRows":[["Category","Residential"]]},"geometry":{"type":"Polygon","coordinates":[[[-83.59673,43.02827],[-83.59673,43.02799],[-83.59579,43.028],[-83.59575,43.0264],[-83.60293,43.02636],[-83.60298,43.03057],[-83.59679,43.0307],[-83.59673,43.02827]]]}},{"type":"Feature","properties":{"name":"RMH - Mobile Home Park","category":"Residential","_color":"#f2c84b","_fillOpacity":0.4,"_weight":1,"_popupRows":[["Category","Residential"]]},"geometry":{"type":"Polygon","coordinates":[[[-83.6878,42.96095],[-83.68748,42.96076],[-83.68753,42.9606],[-83.68891,42.96058],[-83.68888,42.95979],[-83.69191,42.95974],[-83.69192,42.96013],[-83.69183,42.96013],[-83.69104,42.961],[-83.69103,42.96089],[-83.69017,42.9609],[-83.69017,42.96119],[-83.68959,42.9614],[-83.68864,42.9615],[-83.6878,42.96095]]]}},{"type":"Feature","properties":{"name":"RMH - Mobile Home Park","category":"Residential","_color":"#f2c84b","_fillOpacity":0.4,"_weight":1,"_popupRows":[["Category","Residential"]]},"geometry":{"type":"Polygon","coordinates":[[[-83.69187,42.96952],[-83.69262,42.9695],[-83.69263,42.97034],[-83.69159,42.97037],[-83.69159,42.97045],[-83.68962,42.9705],[-83.68964,42.96958],[-83.69187,42.96952]]]}},{"type":"Feature","properties":{"name":"RMH - Mobile Home Park","category":"Residential","_color":"#f2c84b","_fillOpacity":0.4,"_weight":1,"_popupRows":[["Category","Residential"]]},"geometry":{"type":"Polygon","coordinates":[[[-83.68265,42.97109],[-83.68275,42.96863],[-83.68324,42.96468],[-83.68334,42.96243],[-83.68352,42.96243],[-83.68352,42.96231],[-83.68334,42.96231],[-83.68333,42.96195],[-83.68566,42.96191],[-83.68553,42.96289],[-83.68581,42.96341],[-83.68505,42.96491],[-83.68412,42.96564],[-83.68444,42.96576],[-83.68458,42.96616],[-83.68531,42.96643],[-83.68542,42.96718],[-83.68564,42.96718],[-83.68565,42.96725],[-83.68564,42.96737],[-83.68555,42.96737],[-83.68563,42.96795],[-83.68501,42.9686],[-83.68505,42.97061],[-83.68746,42.97055],[-83.68746,42.97064],[-83.69263,42.97051],[-83.69263,42.97091],[-83.68746,42.97104],[-83.68748,42.97243],[-83.68268,42.97245],[-83.68265,42.97109]]]}},{"type":"Feature","properties":{"name":"RMH - Mobile Home Park","category":"Residential","_color":"#f2c84b","_fillOpacity":0.4,"_weight":1,"_popupRows":[["Category","Residential"]]},"geometry":{"type":"Polygon","coordinates":[[[-83.691,42.97293],[-83.69098,42.97229],[-83.68996,42.97231],[-83.68994,42.97176],[-83.69262,42.97172],[-83.69262,42.97226],[-83.69225,42.97226],[-83.69224,42.97291],[-83.691,42.97293]]]}},{"type":"Feature","properties":{"name":"RMH - Mobile Home Park","category":"Residential","_color":"#f2c84b","_fillOpacity":0.4,"_weight":1,"_popupRows":[["Category","Residential"]]},"geometry":{"type":"Polygon","coordinates":[[[-83.62451,42.97525],[-83.62843,42.97519],[-83.62863,42.98233],[-83.62378,42.98236],[-83.62352,42.97644],[-83.62457,42.97641],[-83.62451,42.97525]]]}},{"type":"Feature","properties":{"name":"RMH - Mobile Home Park","category":"Residential","_color":"#f2c84b","_fillOpacity":0.4,"_weight":1,"_popupRows":[["Category","Residential"]]},"geometry":{"type":"Polygon","coordinates":[[[-83.57582,43.0193],[-83.57698,43.01929],[-83.5794,43.01989],[-83.58065,43.02013],[-83.58085,43.0251],[-83.58002,43.02553],[-83.57587,43.02624],[-83.57563,43.0193],[-83.57582,43.0193]]]}},{"type":"Feature","properties":{"name":"RMH - Mobile Home Park","category":"Residential","_color":"#f2c84b","_fillOpacity":0.4,"_weight":1,"_popupRows":[["Category","Residential"]]},"geometry":{"type":"Polygon","coordinates":[[[-83.57587,43.02635],[-83.58018,43.02567],[-83.58018,43.02639],[-83.57593,43.02662],[-83.57587,43.02635]]]}},{"type":"Feature","properties":{"name":"RMH - Mobile Home Park","category":"Residential","_color":"#f2c84b","_fillOpacity":0.4,"_weight":1,"_popupRows":[["Category","Residential"]]},"geometry":{"type":"Polygon","coordinates":[[[-83.61904,43.03479],[-83.61901,43.03395],[-83.61949,43.03394],[-83.61948,43.03372],[-83.62048,43.03372],[-83.62049,43.03395],[-83.6206,43.03395],[-83.62062,43.03469],[-83.62051,43.03469],[-83.62052,43.03487],[-83.61904,43.03479]]]}},{"type":"Feature","properties":{"name":"RO - Restricted Office","category":"Office","_color":"#4a78b5","_fillOpacity":0.4,"_weight":1,"_popupRows":[["Category","Office"]]},"geometry":{"type":"Polygon","coordinates":[[[-83.63184,42.96132],[-83.63266,42.9613],[-83.63283,42.96592],[-83.62805,42.96597],[-83.62802,42.96417],[-83.62878,42.96416],[-83.62872,42.96274],[-83.63061,42.96271],[-83.63056,42.96135],[-83.63184,42.96132]]]}},{"type":"Feature","properties":{"name":"RO - Restricted Office","category":"Office","_color":"#4a78b5","_fillOpacity":0.4,"_weight":1,"_popupRows":[["Category","Office"]]},"geometry":{"type":"Polygon","coordinates":[[[-83.62806,42.96618],[-83.62871,42.96618],[-83.62807,42.96637],[-83.62806,42.96618]]]}},{"type":"Feature","properties":{"name":"RO - Restricted Office","category":"Office","_color":"#4a78b5","_fillOpacity":0.4,"_weight":1,"_popupRows":[["Category","Office"]]},"geometry":{"type":"Polygon","coordinates":[[[-83.65895,42.96742],[-83.65933,42.96741],[-83.65936,42.96798],[-83.65756,42.968],[-83.65753,42.96743],[-83.65895,42.96742]]]}},{"type":"Feature","properties":{"name":"RO - Restricted Office","category":"Office","_color":"#4a78b5","_fillOpacity":0.4,"_weight":1,"_popupRows":[["Category","Office"]]},"geometry":{"type":"Polygon","coordinates":[[[-83.63299,42.96152],[-83.63489,42.9615],[-83.63504,42.96515],[-83.63394,42.96516],[-83.63413,42.97077],[-83.63334,42.97078],[-83.63299,42.96152]]]}},{"type":"Feature","properties":{"name":"RO - Restricted Office","category":"Office","_color":"#4a78b5","_fillOpacity":0.4,"_weight":1,"_popupRows":[["Category","Office"]]},"geometry":{"type":"Polygon","coordinates":[[[-83.63336,42.97167],[-83.63334,42.97094],[-83.63438,42.97092],[-83.63448,42.97311],[-83.63341,42.97313],[-83.63336,42.97167]]]}},{"type":"Feature","properties":{"name":"RO - Restricted Office","category":"Office","_color":"#4a78b5","_fillOpacity":0.4,"_weight":1,"_popupRows":[["Category","Office"]]},"geometry":{"type":"Polygon","coordinates":[[[-83.62815,42.96807],[-83.62807,42.96653],[-83.62843,42.96649],[-83.62901,42.96623],[-83.62949,42.96614],[-83.63284,42.96608],[-83.63298,42.9699],[-83.62986,42.96995],[-83.62988,42.97078],[-83.62876,42.97079],[-83.6289,42.97494],[-83.6284,42.97494],[-83.62815,42.96807]]]}},{"type":"Feature","properties":{"name":"RO - Restricted Office","category":"Office","_color":"#4a78b5","_fillOpacity":0.4,"_weight":1,"_popupRows":[["Category","Office"]]},"geometry":{"type":"Polygon","coordinates":[[[-83.63756,42.98886],[-83.6381,42.98885],[-83.63812,42.98933],[-83.63672,42.98936],[-83.6367,42.98888],[-83.63756,42.98886]]]}},{"type":"Feature","properties":{"name":"RO - Restricted Office","category":"Office","_color":"#4a78b5","_fillOpacity":0.4,"_weight":1,"_popupRows":[["Category","Office"]]},"geometry":{"type":"Polygon","coordinates":[[[-83.63379,42.98714],[-83.63357,42.98228],[-83.63348,42.97653],[-83.63476,42.97651],[-83.63464,42.97745],[-83.63473,42.97762],[-83.63508,42.97771],[-83.63546,42.97813],[-83.63573,42.97891],[-83.63471,42.97943],[-83.63463,42.97976],[-83.6349,42.97988],[-83.63555,42.97991],[-83.6355,42.98039],[-83.63579,42.98084],[-83.63615,42.98114],[-83.63625,42.98244],[-83.63639,42.98673],[-83.63508,42.98675],[-83.63511,42.98712],[-83.6364,42.9871],[-83.63649,42.98936],[-83.63389,42.98943],[-83.63379,42.98714]]]}},{"type":"Feature","properties":{"name":"RO - Restricted Office","category":"Office","_color":"#4a78b5","_fillOpacity":0.4,"_weight":1,"_popupRows":[["Category","Office"]]},"geometry":{"type":"Polygon","coordinates":[[[-83.61519,42.98871],[-83.61556,42.98871],[-83.61561,42.98953],[-83.61449,42.98954],[-83.61445,42.98872],[-83.61519,42.98871]]]}},{"type":"Feature","properties":{"name":"RO - Restricted Office","category":"Office","_color":"#4a78b5","_fillOpacity":0.4,"_weight":1,"_popupRows":[["Category","Office"]]},"geometry":{"type":"Polygon","coordinates":[[[-83.63411,42.99439],[-83.6341,42.99411],[-83.63489,42.99406],[-83.63486,42.99364],[-83.63406,42.99321],[-83.63405,42.99267],[-83.63485,42.99292],[-83.63482,42.99198],[-83.63573,42.99196],[-83.63588,42.99435],[-83.63614,42.99435],[-83.63615,42.99487],[-83.63607,42.99487],[-83.63613,42.99585],[-83.63417,42.99589],[-83.63411,42.99439]]]}},{"type":"Feature","properties":{"name":"RO - Restricted Office","category":"Office","_color":"#4a78b5","_fillOpacity":0.4,"_weight":1,"_popupRows":[["Category","Office"]]},"geometry":{"type":"Polygon","coordinates":[[[-83.63524,42.99699],[-83.63572,42.99698],[-83.63579,42.99794],[-83.63531,42.99795],[-83.63524,42.99699]]]}},{"type":"Feature","properties":{"name":"RO - Restricted Office","category":"Office","_color":"#4a78b5","_fillOpacity":0.4,"_weight":1,"_popupRows":[["Category","Office"]]},"geometry":{"type":"Polygon","coordinates":[[[-83.63337,43.00141],[-83.63422,43.00141],[-83.63425,43.00176],[-83.63339,43.00176],[-83.63337,43.00141]]]}},{"type":"Feature","properties":{"name":"RO - Restricted Office","category":"Office","_color":"#4a78b5","_fillOpacity":0.4,"_weight":1,"_popupRows":[["Category","Office"]]},"geometry":{"type":"Polygon","coordinates":[[[-83.62959,43.00409],[-83.62937,42.99965],[-83.63411,42.99962],[-83.63417,43.00054],[-83.6299,43.00055],[-83.62998,43.00227],[-83.63236,43.00228],[-83.63234,43.00199],[-83.63426,43.00199],[-83.63439,43.00409],[-83.62959,43.00409]]]}},{"type":"Feature","properties":{"name":"RO - Restricted Office","category":"Office","_color":"#4a78b5","_fillOpacity":0.4,"_weight":1,"_popupRows":[["Category","Office"]]},"geometry":{"type":"Polygon","coordinates":[[[-83.63218,43.00839],[-83.63341,43.00835],[-83.63347,43.01001],[-83.63222,43.01004],[-83.63218,43.00839]]]}},{"type":"Feature","properties":{"name":"RO - Restricted Office","category":"Office","_color":"#4a78b5","_fillOpacity":0.4,"_weight":1,"_popupRows":[["Category","Office"]]},"geometry":{"type":"Polygon","coordinates":[[[-83.62973,43.00777],[-83.62972,43.00704],[-83.6285,43.00704],[-83.62851,43.00777],[-83.62725,43.00777],[-83.62715,43.00429],[-83.63029,43.00429],[-83.63037,43.01009],[-83.62977,43.0101],[-83.62973,43.00777]]]}},{"type":"Feature","properties":{"name":"RO - Restricted Office","category":"Office","_color":"#4a78b5","_fillOpacity":0.4,"_weight":1,"_popupRows":[["Category","Office"]]},"geometry":{"type":"Polygon","coordinates":[[[-83.63039,43.01142],[-83.63036,43.01035],[-83.63336,43.01029],[-83.63338,43.01142],[-83.63039,43.01142]]]}},{"type":"Feature","properties":{"name":"RO - Restricted Office","category":"Office","_color":"#4a78b5","_fillOpacity":0.4,"_weight":1,"_popupRows":[["Category","Office"]]},"geometry":{"type":"Polygon","coordinates":[[[-83.61105,43.01076],[-83.6111,43.0115],[-83.6104,43.01151],[-83.61039,43.01078],[-83.61105,43.01076]]]}},{"type":"Feature","properties":{"name":"RO - Restricted Office","category":"Office","_color":"#4a78b5","_fillOpacity":0.4,"_weight":1,"_popupRows":[["Category","Office"]]},"geometry":{"type":"Polygon","coordinates":[[[-83.59988,43.01182],[-83.60015,43.01182],[-83.60023,43.01462],[-83.59736,43.01467],[-83.59728,43.01188],[-83.59988,43.01182]]]}},{"type":"Feature","properties":{"name":"RO - Restricted Office","category":"Office","_color":"#4a78b5","_fillOpacity":0.4,"_weight":1,"_popupRows":[["Category","Office"]]},"geometry":{"type":"Polygon","coordinates":[[[-83.61525,43.01857],[-83.61525,43.01819],[-83.62328,43.01519],[-83.62328,43.01527],[-83.62454,43.01494],[-83.62455,43.01526],[-83.62477,43.01526],[-83.62485,43.01862],[-83.61525,43.01857]]]}},{"type":"Feature","properties":{"name":"RO - Restricted Office","category":"Office","_color":"#4a78b5","_fillOpacity":0.4,"_weight":1,"_popupRows":[["Category","Office"]]},"geometry":{"type":"Polygon","coordinates":[[[-83.62432,43.01884],[-83.62515,43.01884],[-83.62517,43.01937],[-83.62428,43.01938],[-83.62426,43.01888],[-83.62432,43.01884]]]}},{"type":"Feature","properties":{"name":"RO - Restricted Office","category":"Office","_color":"#4a78b5","_fillOpacity":0.4,"_weight":1,"_popupRows":[["Category","Office"]]},"geometry":{"type":"Polygon","coordinates":[[[-83.61814,43.01936],[-83.61701,43.01935],[-83.61701,43.01881],[-83.61851,43.01881],[-83.61852,43.01937],[-83.61814,43.01936]]]}},{"type":"Feature","properties":{"name":"RO - Restricted Office","category":"Office","_color":"#4a78b5","_fillOpacity":0.4,"_weight":1,"_popupRows":[["Category","Office"]]},"geometry":{"type":"Polygon","coordinates":[[[-83.6153,43.01935],[-83.61529,43.01881],[-83.61678,43.01881],[-83.61679,43.01935],[-83.6153,43.01935]]]}},{"type":"Feature","properties":{"name":"RO - Restricted Office","category":"Office","_color":"#4a78b5","_fillOpacity":0.4,"_weight":1,"_popupRows":[["Category","Office"]]},"geometry":{"type":"Polygon","coordinates":[[[-83.61968,43.02002],[-83.61967,43.01938],[-83.61874,43.01937],[-83.61872,43.01881],[-83.62361,43.01884],[-83.62362,43.01951],[-83.62314,43.01951],[-83.62314,43.02003],[-83.61968,43.02002]]]}},{"type":"Feature","properties":{"name":"RO - Restricted Office","category":"Office","_color":"#4a78b5","_fillOpacity":0.4,"_weight":1,"_popupRows":[["Category","Office"]]},"geometry":{"type":"Polygon","coordinates":[[[-83.61467,43.01976],[-83.61437,43.01959],[-83.61381,43.0196],[-83.61381,43.01933],[-83.61249,43.01935],[-83.61402,43.01893],[-83.61493,43.01881],[-83.61495,43.02006],[-83.61467,43.01976]]]}},{"type":"Feature","properties":{"name":"RO - Restricted Office","category":"Office","_color":"#4a78b5","_fillOpacity":0.4,"_weight":1,"_popupRows":[["Category","Office"]]},"geometry":{"type":"Polygon","coordinates":[[[-83.60783,43.0224],[-83.60778,43.02001],[-83.60842,43.01998],[-83.60844,43.02078],[-83.60837,43.02105],[-83.60844,43.02132],[-83.60829,43.0216],[-83.60864,43.0216],[-83.60867,43.01996],[-83.6103,43.01982],[-83.61189,43.01951],[-83.61191,43.02054],[-83.61031,43.02057],[-83.61034,43.02238],[-83.60783,43.0224]]]}},{"type":"Feature","properties":{"name":"RO - Restricted Office","category":"Office","_color":"#4a78b5","_fillOpacity":0.4,"_weight":1,"_popupRows":[["Category","Office"]]},"geometry":{"type":"Polygon","coordinates":[[[-83.59579,43.028],[-83.59673,43.02799],[-83.59676,43.02936],[-83.59582,43.02938],[-83.59579,43.028]]]}},{"type":"Feature","properties":{"name":"RO - Restricted Office","category":"Office","_color":"#4a78b5","_fillOpacity":0.4,"_weight":1,"_popupRows":[["Category","Office"]]},"geometry":{"type":"Polygon","coordinates":[[[-83.59475,43.02989],[-83.59473,43.02934],[-83.59399,43.02935],[-83.59396,43.02853],[-83.59542,43.02851],[-83.59545,43.02988],[-83.59475,43.02989]]]}},{"type":"Feature","properties":{"name":"RO - Restricted Office","category":"Office","_color":"#4a78b5","_fillOpacity":0.4,"_weight":1,"_popupRows":[["Category","Office"]]},"geometry":{"type":"Polygon","coordinates":[[[-83.59583,43.02965],[-83.59676,43.02963],[-83.5968,43.03128],[-83.59587,43.0313],[-83.59583,43.02965]]]}},{"type":"Feature","properties":{"name":"RO - Restricted Office","category":"Office","_color":"#4a78b5","_fillOpacity":0.4,"_weight":1,"_popupRows":[["Category","Office"]]},"geometry":{"type":"Polygon","coordinates":[[[-83.59475,43.03005],[-83.59546,43.03004],[-83.5955,43.03194],[-83.59406,43.03196],[-83.59402,43.0306],[-83.59477,43.03059],[-83.59475,43.03005]]]}},{"type":"Feature","properties":{"name":"RO - Restricted Office","category":"Office","_color":"#4a78b5","_fillOpacity":0.4,"_weight":1,"_popupRows":[["Category","Office"]]},"geometry":{"type":"Polygon","coordinates":[[[-83.61457,43.03197],[-83.61527,43.03194],[-83.61529,43.03259],[-83.61487,43.0326],[-83.61488,43.03287],[-83.61227,43.03294],[-83.61226,43.03204],[-83.61457,43.03197]]]}},{"type":"Feature","properties":{"name":"RO - Restricted Office","category":"Office","_color":"#4a78b5","_fillOpacity":0.4,"_weight":1,"_popupRows":[["Category","Office"]]},"geometry":{"type":"Polygon","coordinates":[[[-83.60815,43.0325],[-83.60815,43.032],[-83.61048,43.03193],[-83.61048,43.03203],[-83.61201,43.032],[-83.61203,43.03295],[-83.60816,43.03305],[-83.60815,43.0325]]]}},{"type":"Feature","properties":{"name":"RO - Restricted Office","category":"Office","_color":"#4a78b5","_fillOpacity":0.4,"_weight":1,"_popupRows":[["Category","Office"]]},"geometry":{"type":"Polygon","coordinates":[[[-83.60744,43.03202],[-83.6079,43.03201],[-83.60791,43.03305],[-83.60558,43.03312],[-83.60556,43.03207],[-83.60744,43.03202]]]}},{"type":"Feature","properties":{"name":"RO - Restricted Office","category":"Office","_color":"#4a78b5","_fillOpacity":0.4,"_weight":1,"_popupRows":[["Category","Office"]]},"geometry":{"type":"Polygon","coordinates":[[[-83.59337,43.03381],[-83.59355,43.03381],[-83.59354,43.03419],[-83.59337,43.03419],[-83.59337,43.03381]]]}},{"type":"Feature","properties":{"name":"SE - Suburban Estate Residential","category":"Residential","_color":"#f2c84b","_fillOpacity":0.4,"_weight":1,"_popupRows":[["Category","Residential"]]},"geometry":{"type":"Polygon","coordinates":[[[-83.62321,42.96422],[-83.62318,42.96339],[-83.62415,42.96339],[-83.62417,42.96421],[-83.62551,42.9642],[-83.62536,42.96073],[-83.63146,42.96059],[-83.63149,42.96133],[-83.63056,42.96135],[-83.63061,42.96271],[-83.62872,42.96274],[-83.62878,42.96416],[-83.62802,42.96417],[-83.62805,42.96597],[-83.62328,42.96603],[-83.62321,42.96422]]]}},{"type":"Feature","properties":{"name":"SE - Suburban Estate Residential","category":"Residential","_color":"#f2c84b","_fillOpacity":0.4,"_weight":1,"_popupRows":[["Category","Residential"]]},"geometry":{"type":"Polygon","coordinates":[[[-83.6082,42.961],[-83.61297,42.96093],[-83.61332,42.96804],[-83.60847,42.96813],[-83.6082,42.961]]]}},{"type":"Feature","properties":{"name":"SE - Suburban Estate Residential","category":"Residential","_color":"#f2c84b","_fillOpacity":0.4,"_weight":1,"_popupRows":[["Category","Residential"]]},"geometry":{"type":"Polygon","coordinates":[[[-83.59359,42.96473],[-83.59348,42.9612],[-83.59509,42.96119],[-83.59521,42.9647],[-83.59845,42.96464],[-83.59861,42.97075],[-83.59376,42.97082],[-83.59359,42.96473]]]}},{"type":"Feature","properties":{"name":"SE - Suburban Estate Residential","category":"Residential","_color":"#f2c84b","_fillOpacity":0.4,"_weight":1,"_popupRows":[["Category","Residential"]]},"geometry":{"type":"Polygon","coordinates":[[[-83.58869,42.96918],[-83.58813,42.96889],[-83.58634,42.96892],[-83.58632,42.96848],[-83.59342,42.96837],[-83.59352,42.97173],[-83.58869,42.96918]]]}},{"type":"Feature","properties":{"name":"SE - Suburban Estate Residential","category":"Residential","_color":"#f2c84b","_fillOpacity":0.4,"_weight":1,"_popupRows":[["Category","Residential"]]},"geometry":{"type":"Polygon","coordinates":[[[-83.62811,42.96781],[-83.62827,42.97146],[-83.62644,42.97149],[-83.62653,42.97395],[-83.62355,42.974],[-83.62335,42.9679],[-83.62811,42.96781]]]}},{"type":"Feature","properties":{"name":"SE - Suburban Estate Residential","category":"Residential","_color":"#f2c84b","_fillOpacity":0.4,"_weight":1,"_popupRows":[["Category","Residential"]]},"geometry":{"type":"Polygon","coordinates":[[[-83.6184,42.97043],[-83.61838,42.96979],[-83.61362,42.96988],[-83.61322,42.96093],[-83.62283,42.96078],[-83.62329,42.97378],[-83.61853,42.97385],[-83.61858,42.97511],[-83.61382,42.97518],[-83.61372,42.9726],[-83.61848,42.97254],[-83.6184,42.97043]]]}},{"type":"Feature","properties":{"name":"SE - Suburban Estate Residential","category":"Residential","_color":"#f2c84b","_fillOpacity":0.4,"_weight":1,"_popupRows":[["Category","Residential"]]},"geometry":{"type":"Polygon","coordinates":[[[-83.60222,42.97398],[-83.60218,42.97313],[-83.60367,42.9731],[-83.6037,42.97383],[-83.60616,42.9738],[-83.60613,42.97262],[-83.60866,42.97258],[-83.60859,42.97084],[-83.61342,42.97076],[-83.61355,42.97516],[-83.60229,42.97535],[-83.60222,42.97398]]]}},{"type":"Feature","properties":{"name":"SE - Suburban Estate Residential","category":"Residential","_color":"#f2c84b","_fillOpacity":0.4,"_weight":1,"_popupRows":[["Category","Residential"]]},"geometry":{"type":"Polygon","coordinates":[[[-83.58637,42.97029],[-83.58872,42.97025],[-83.58888,42.97559],[-83.58653,42.97562],[-83.58637,42.97029]]]}},{"type":"Feature","properties":{"name":"SE - Suburban Estate Residential","category":"Residential","_color":"#f2c84b","_fillOpacity":0.4,"_weight":1,"_popupRows":[["Category","Residential"]]},"geometry":{"type":"Polygon","coordinates":[[[-83.5745,42.97527],[-83.57416,42.96863],[-83.57422,42.96863],[-83.57422,42.96849],[-83.57415,42.9662],[-83.57713,42.96615],[-83.5772,42.96844],[-83.57701,42.96845],[-83.57701,42.96858],[-83.57896,42.96854],[-83.57895,42.96841],[-83.57744,42.96844],[-83.57736,42.96615],[-83.58235,42.96607],[-83.58273,42.96618],[-83.58259,42.96589],[-83.57736,42.96599],[-83.57733,42.96502],[-83.5771,42.96502],[-83.57712,42.966],[-83.57414,42.96605],[-83.57391,42.96154],[-83.5758,42.9615],[-83.57588,42.96364],[-83.57936,42.96357],[-83.57935,42.96302],[-83.57718,42.96148],[-83.58613,42.96134],[-83.58617,42.96283],[-83.58555,42.96285],[-83.58555,42.96307],[-83.58493,42.96308],[-83.58498,42.96489],[-83.58376,42.96491],[-83.58379,42.96619],[-83.58465,42.96681],[-83.58484,42.96773],[-83.58476,42.9685],[-83.58608,42.96849],[-83.58629,42.97562],[-83.58514,42.97564],[-83.58511,42.97479],[-83.58465,42.9748],[-83.58468,42.97564],[-83.57452,42.97575],[-83.5745,42.97527]]]}},{"type":"Feature","properties":{"name":"SE - Suburban Estate Residential","category":"Residential","_color":"#f2c84b","_fillOpacity":0.4,"_weight":1,"_popupRows":[["Category","Residential"]]},"geometry":{"type":"Polygon","coordinates":[[[-83.57471,42.9812],[-83.57453,42.97697],[-83.57461,42.97697],[-83.57457,42.97598],[-83.57918,42.97591],[-83.57939,42.98117],[-83.58418,42.98114],[-83.58421,42.98196],[-83.57474,42.98202],[-83.57471,42.9812]]]}},{"type":"Feature","properties":{"name":"SE - Suburban Estate Residential","category":"Residential","_color":"#f2c84b","_fillOpacity":0.4,"_weight":1,"_popupRows":[["Category","Residential"]]},"geometry":{"type":"Polygon","coordinates":[[[-83.60231,42.98796],[-83.60193,42.98779],[-83.60198,42.98772],[-83.60237,42.98789],[-83.60321,42.98735],[-83.60344,42.98748],[-83.60308,42.98269],[-83.60233,42.9827],[-83.60228,42.98104],[-83.60391,42.98101],[-83.6039,42.98084],[-83.60338,42.98085],[-83.60331,42.97903],[-83.59888,42.97912],[-83.59894,42.98095],[-83.59404,42.98107],[-83.59389,42.97573],[-83.61353,42.97535],[-83.61375,42.98253],[-83.61346,42.98238],[-83.61178,42.98242],[-83.61172,42.98144],[-83.61122,42.98117],[-83.61137,42.98102],[-83.61106,42.98085],[-83.61222,42.98083],[-83.61211,42.97789],[-83.60876,42.97794],[-83.60928,42.98965],[-83.60171,42.98985],[-83.60167,42.98877],[-83.60231,42.98796]]]}},{"type":"Feature","properties":{"name":"SE - Suburban Estate Residential","category":"Residential","_color":"#f2c84b","_fillOpacity":0.4,"_weight":1,"_popupRows":[["Category","Residential"]]},"geometry":{"type":"Polygon","coordinates":[[[-83.58807,42.99013],[-83.58778,42.98293],[-83.58667,42.98294],[-83.58645,42.97645],[-83.58608,42.97646],[-83.58605,42.97586],[-83.58643,42.97581],[-83.58886,42.97578],[-83.5894,42.9901],[-83.58807,42.99013]]]}},{"type":"Feature","properties":{"name":"SE - Suburban Estate Residential","category":"Residential","_color":"#f2c84b","_fillOpacity":0.4,"_weight":1,"_popupRows":[["Category","Residential"]]},"geometry":{"type":"Polygon","coordinates":[[[-83.57975,42.99015],[-83.57967,42.9866],[-83.57489,42.98666],[-83.57477,42.98287],[-83.57709,42.98285],[-83.5772,42.98607],[-83.58433,42.98597],[-83.58435,42.98654],[-83.58677,42.98651],[-83.58688,42.98956],[-83.58724,42.98956],[-83.58726,42.99014],[-83.57975,42.99015]]]}},{"type":"Feature","properties":{"name":"C-2 - General Business","category":"Commercial","_color":"#d9534f","_fillOpacity":0.4,"_weight":1,"_popupRows":[["Category","Commercial"]]},"geometry":{"type":"Polygon","coordinates":[[[-83.63468,43.03477],[-83.63471,43.03677],[-83.63404,43.03677],[-83.63397,43.03477],[-83.63468,43.03477]]]}}]}
